소규모학교_KEDI,소규모학교명,소규모학교_행정구,소규모학교_학생수_20251001,후보학교_KEDI,후보학교명,후보학교_행정구,후보학교_학생수_20251001,후보학교_학급당학생수_20251001,후보학교_소규모여부_정책2026,학교간직선거리_km,후보생성기준,거리순위_3km내
215021199,대사초등학교,강서구,10,215021217,대저초등학교,강서구,29,4.833333333333333,True,1.599811,학교점 간 직선거리 3km 이하,1
215021208,대상초등학교,강서구,30,215021136,구남초등학교,북구,410,18.636363636363637,False,1.956277,학교점 간 직선거리 3km 이하,1
215021208,대상초등학교,강서구,30,215021145,구포초등학교,북구,545,17.580645161290324,False,2.251327,학교점 간 직선거리 3km 이하,2
215021208,대상초등학교,강서구,30,215021217,대저초등학교,강서구,29,4.833333333333333,True,2.282718,학교점 간 직선거리 3km 이하,3
215021208,대상초등학교,강서구,30,215021280,덕천초등학교,북구,81,11.571428571428571,True,2.496968,학교점 간 직선거리 3km 이하,4
215021208,대상초등학교,강서구,30,215021271,덕성초등학교,북구,327,17.210526315789473,False,2.528444,학교점 간 직선거리 3km 이하,5
215021208,대상초등학교,강서구,30,215021352,모라초등학교,사상구,121,12.1,True,2.730564,학교점 간 직선거리 3km 이하,6
215021208,대상초등학교,강서구,30,215021879,화정초등학교,북구,699,21.84375,False,2.739757,학교점 간 직선거리 3km 이하,7
215021208,대상초등학교,강서구,30,215021465,신천초등학교,북구,161,13.416666666666666,True,2.999112,학교점 간 직선거리 3km 이하,8
215021217,대저초등학교,강서구,29,215021199,대사초등학교,강서구,10,1.4285714285714286,True,1.599811,학교점 간 직선거리 3km 이하,1
215021217,대저초등학교,강서구,29,215021208,대상초등학교,강서구,30,4.285714285714286,True,2.282718,학교점 간 직선거리 3km 이하,2
215021253,덕두초등학교,강서구,201,215021415,삼덕초등학교,사상구,104,13.0,True,2.073414,학교점 간 직선거리 3km 이하,1
215021253,덕두초등학교,강서구,201,215021519,창진초등학교,사상구,413,20.65,False,2.261005,학교점 간 직선거리 3km 이하,2
215021253,덕두초등학교,강서구,201,215021397,사상초등학교,사상구,333,17.526315789473685,False,2.61509,학교점 간 직선거리 3km 이하,3
215021253,덕두초등학교,강서구,201,215021289,덕포초등학교,사상구,134,13.4,True,2.754886,학교점 간 직선거리 3km 이하,4
215021253,덕두초등학교,강서구,201,215021370,배영초등학교,강서구,39,5.571428571428571,True,2.983114,학교점 간 직선거리 3km 이하,5
215021370,배영초등학교,강서구,39,215021828,대저중앙초등학교,강서구,842,22.756756756756758,False,2.790024,학교점 간 직선거리 3km 이하,1
215021370,배영초등학교,강서구,39,215021253,덕두초등학교,강서구,201,15.461538461538462,True,2.983114,학교점 간 직선거리 3km 이하,2
214021185,금샘초등학교,금정구,151,214021505,청룡초등학교,금정구,389,18.523809523809526,False,0.827062,학교점 간 직선거리 3km 이하,1
214021185,금샘초등학교,금정구,151,214021208,남산초등학교,금정구,358,19.88888888888889,False,0.906501,학교점 간 직선거리 3km 이하,2
214021185,금샘초등학교,금정구,151,214021401,구서초등학교,금정구,467,20.304347826086957,False,1.675404,학교점 간 직선거리 3km 이하,3
214021185,금샘초등학교,금정구,151,214021543,두실초등학교,금정구,759,23.71875,False,1.834892,학교점 간 직선거리 3km 이하,4
214021185,금샘초등학교,금정구,151,214021478,장서초등학교,금정구,571,21.96153846153846,False,2.336336,학교점 간 직선거리 3km 이하,5
214021181,금성초등학교,금정구,43,214021487,장전초등학교,금정구,428,19.454545454545453,False,2.529966,학교점 간 직선거리 3km 이하,1
214021181,금성초등학교,금정구,43,214021478,장서초등학교,금정구,571,21.96153846153846,False,2.576479,학교점 간 직선거리 3km 이하,2
214021181,금성초등학교,금정구,43,214021401,구서초등학교,금정구,467,20.304347826086957,False,2.739159,학교점 간 직선거리 3km 이하,3
214021181,금성초등학교,금정구,43,214021543,두실초등학교,금정구,759,23.71875,False,2.929592,학교점 간 직선거리 3km 이하,4
214021253,동상초등학교,금정구,100,214021271,명동초등학교,동래구,454,19.73913043478261,False,0.417023,학교점 간 직선거리 3km 이하,1
214021253,동상초등학교,금정구,100,214021289,명서초등학교,동래구,94,13.428571428571429,True,0.559899,학교점 간 직선거리 3km 이하,2
214021253,동상초등학교,금정구,100,216021569,삼어초등학교,해운대구,272,17.0,False,0.861124,학교점 간 직선거리 3km 이하,3
214021253,동상초등학교,금정구,100,214021172,금사초등학교,금정구,268,16.75,False,0.87853,학교점 간 직선거리 3km 이하,4
214021253,동상초등학교,금정구,100,214021298,명장초등학교,동래구,339,18.833333333333332,False,1.007637,학교점 간 직선거리 3km 이하,5
214021253,동상초등학교,금정구,100,214021379,안락초등학교,동래구,187,15.583333333333334,True,1.081821,학교점 간 직선거리 3km 이하,6
214021253,동상초등학교,금정구,100,216021021,반안초등학교,해운대구,516,20.64,False,1.090758,학교점 간 직선거리 3km 이하,7
214021253,동상초등학교,금정구,100,214021352,서명초등학교,금정구,36,5.142857142857143,True,1.201153,학교점 간 직선거리 3km 이하,8
214021253,동상초등학교,금정구,100,214021024,서동초등학교,금정구,62,8.857142857142858,True,1.262305,학교점 간 직선거리 3km 이하,9
214021253,동상초등학교,금정구,100,214021514,충렬초등학교,동래구,94,13.428571428571429,True,1.283191,학교점 간 직선거리 3km 이하,10
214021253,동상초등학교,금정구,100,214021145,교동초등학교,동래구,862,23.2972972972973,False,1.422745,학교점 간 직선거리 3km 이하,11
214021253,동상초등학교,금정구,100,216021238,반석초등학교,해운대구,62,8.857142857142858,True,1.6426,학교점 간 직선거리 3km 이하,12
214021253,동상초등학교,금정구,100,216021412,장산초등학교,해운대구,701,22.612903225806452,False,1.703223,학교점 간 직선거리 3km 이하,13
214021253,동상초등학교,금정구,100,214021226,내성초등학교,동래구,107,11.88888888888889,True,1.73037,학교점 간 직선거리 3km 이하,14
214021253,동상초등학교,금정구,100,214021262,동현초등학교,금정구,289,18.0625,False,1.757038,학교점 간 직선거리 3km 이하,15
214021253,동상초등학교,금정구,100,216021396,인지초등학교,해운대구,502,20.916666666666668,False,1.900611,학교점 간 직선거리 3km 이하,16
214021253,동상초등학교,금정구,100,214021532,현곡초등학교,금정구,86,12.285714285714286,True,1.966734,학교점 간 직선거리 3km 이하,17
214021253,동상초등학교,금정구,100,214021542,안진초등학교,동래구,394,21.88888888888889,False,1.968672,학교점 간 직선거리 3km 이하,18
214021253,동상초등학교,금정구,100,216021200,무정초등학교,해운대구,504,21.0,False,2.11632,학교점 간 직선거리 3km 이하,19
214021253,동상초등학교,금정구,100,214021199,낙민초등학교,동래구,589,21.035714285714285,False,2.147329,학교점 간 직선거리 3km 이하,20
214021253,동상초등학교,금정구,100,214021370,안남초등학교,동래구,732,22.875,False,2.17637,학교점 간 직선거리 3km 이하,21
214021253,동상초등학교,금정구,100,214021280,명륜초등학교,동래구,1110,25.227272727272727,False,2.187495,학교점 간 직선거리 3km 이하,22
214021253,동상초등학교,금정구,100,214021384,안민초등학교,동래구,615,21.964285714285715,False,2.261154,학교점 간 직선거리 3km 이하,23
214021253,동상초등학교,금정구,100,216021256,반여초등학교,해운대구,161,12.384615384615385,True,2.261371,학교점 간 직선거리 3km 이하,24
214021253,동상초등학교,금정구,100,214021471,연신초등학교,연제구,578,20.642857142857142,False,2.437543,학교점 간 직선거리 3km 이하,25
214021253,동상초등학교,금정구,100,216021328,신재초등학교,해운대구,303,17.823529411764707,False,2.603389,학교점 간 직선거리 3km 이하,26
214021253,동상초등학교,금정구,100,216021570,송수초등학교,해운대구,850,22.36842105263158,False,2.628368,학교점 간 직선거리 3km 이하,27
214021253,동상초등학교,금정구,100,214021361,수안초등학교,동래구,166,13.833333333333334,True,2.698613,학교점 간 직선거리 3km 이하,28
214021253,동상초등학교,금정구,100,214021190,금정초등학교,금정구,1298,24.037037037037038,False,2.735269,학교점 간 직선거리 3km 이하,29
214021253,동상초등학교,금정구,100,214021159,과정초등학교,연제구,425,20.238095238095237,False,2.744561,학교점 간 직선거리 3km 이하,30
214021253,동상초등학교,금정구,100,214021217,내산초등학교,동래구,215,16.53846153846154,True,2.796112,학교점 간 직선거리 3km 이하,31
214021253,동상초등학교,금정구,100,214021316,부곡초등학교,금정구,445,21.19047619047619,False,2.822755,학교점 간 직선거리 3km 이하,32
214021253,동상초등학교,금정구,100,214021481,연천초등학교,연제구,583,21.59259259259259,False,2.845358,학교점 간 직선거리 3km 이하,33
214021253,동상초등학교,금정구,100,216021232,반산초등학교,해운대구,291,15.31578947368421,False,2.863494,학교점 간 직선거리 3km 이하,34
214021253,동상초등학교,금정구,100,214021470,연서초등학교,연제구,591,19.7,False,2.921915,학교점 간 직선거리 3km 이하,35
214021024,서동초등학교,금정구,62,214021352,서명초등학교,금정구,36,5.142857142857143,True,0.483798,학교점 간 직선거리 3km 이하,1
214021024,서동초등학교,금정구,62,214021262,동현초등학교,금정구,289,18.0625,False,0.495127,학교점 간 직선거리 3km 이하,2
214021024,서동초등학교,금정구,62,214021145,교동초등학교,동래구,862,23.2972972972973,False,0.59018,학교점 간 직선거리 3km 이하,3
214021024,서동초등학교,금정구,62,214021289,명서초등학교,동래구,94,13.428571428571429,True,0.861772,학교점 간 직선거리 3km 이하,4
214021024,서동초등학교,금정구,62,214021532,현곡초등학교,금정구,86,12.285714285714286,True,0.866099,학교점 간 직선거리 3km 이하,5
214021024,서동초등학교,금정구,62,214021172,금사초등학교,금정구,268,16.75,False,1.154421,학교점 간 직선거리 3km 이하,6
214021024,서동초등학교,금정구,62,214021298,명장초등학교,동래구,339,18.833333333333332,False,1.212826,학교점 간 직선거리 3km 이하,7
214021024,서동초등학교,금정구,62,214021253,동상초등학교,금정구,100,14.285714285714286,True,1.262305,학교점 간 직선거리 3km 이하,8
214021024,서동초등학교,금정구,62,214021190,금정초등학교,금정구,1298,24.037037037037038,False,1.473111,학교점 간 직선거리 3km 이하,9
214021024,서동초등학교,금정구,62,214021271,명동초등학교,동래구,454,19.73913043478261,False,1.536223,학교점 간 직선거리 3km 이하,10
214021024,서동초등학교,금정구,62,214021316,부곡초등학교,금정구,445,21.19047619047619,False,1.69725,학교점 간 직선거리 3km 이하,11
214021024,서동초등학교,금정구,62,214021226,내성초등학교,동래구,107,11.88888888888889,True,1.733974,학교점 간 직선거리 3km 이하,12
214021024,서동초등학교,금정구,62,214021280,명륜초등학교,동래구,1110,25.227272727272727,False,1.746302,학교점 간 직선거리 3km 이하,13
214021024,서동초등학교,금정구,62,214021180,금빛초등학교,금정구,693,21.65625,False,1.797743,학교점 간 직선거리 3km 이하,14
214021024,서동초등학교,금정구,62,214021379,안락초등학교,동래구,187,15.583333333333334,True,1.972467,학교점 간 직선거리 3km 이하,15
214021024,서동초등학교,금정구,62,216021569,삼어초등학교,해운대구,272,17.0,False,2.079485,학교점 간 직선거리 3km 이하,16
214021024,서동초등학교,금정구,62,214021469,온천초등학교,동래구,1064,23.130434782608695,False,2.235483,학교점 간 직선거리 3km 이하,17
214021024,서동초등학교,금정구,62,214021217,내산초등학교,동래구,215,16.53846153846154,True,2.259172,학교점 간 직선거리 3km 이하,18
214021024,서동초등학교,금정구,62,214021199,낙민초등학교,동래구,589,21.035714285714285,False,2.319568,학교점 간 직선거리 3km 이하,19
214021024,서동초등학교,금정구,62,216021021,반안초등학교,해운대구,516,20.64,False,2.333113,학교점 간 직선거리 3km 이하,20
214021024,서동초등학교,금정구,62,214021514,충렬초등학교,동래구,94,13.428571428571429,True,2.475726,학교점 간 직선거리 3km 이하,21
214021024,서동초등학교,금정구,62,214021195,금양초등학교,금정구,658,19.939393939393938,False,2.495048,학교점 간 직선거리 3km 이하,22
214021024,서동초등학교,금정구,62,214021361,수안초등학교,동래구,166,13.833333333333334,True,2.554494,학교점 간 직선거리 3km 이하,23
214021024,서동초등학교,금정구,62,216021238,반석초등학교,해운대구,62,8.857142857142858,True,2.699035,학교점 간 직선거리 3km 이하,24
214021024,서동초등학교,금정구,62,214021542,안진초등학교,동래구,394,21.88888888888889,False,2.712794,학교점 간 직선거리 3km 이하,25
214021024,서동초등학교,금정구,62,214021214,미남초등학교,동래구,266,17.733333333333334,False,2.780056,학교점 간 직선거리 3km 이하,26
214021024,서동초등학교,금정구,62,214021619,온샘초등학교,동래구,1380,24.210526315789473,False,2.782891,학교점 간 직선거리 3km 이하,27
214021024,서동초등학교,금정구,62,214021487,장전초등학교,금정구,428,19.454545454545453,False,2.785445,학교점 간 직선거리 3km 이하,28
214021024,서동초등학교,금정구,62,214021384,안민초등학교,동래구,615,21.964285714285715,False,2.798478,학교점 간 직선거리 3km 이하,29
214021024,서동초등학교,금정구,62,216021412,장산초등학교,해운대구,701,22.612903225806452,False,2.963934,학교점 간 직선거리 3km 이하,30
214021024,서동초등학교,금정구,62,214021471,연신초등학교,연제구,578,20.642857142857142,False,2.97534,학교점 간 직선거리 3km 이하,31
214021352,서명초등학교,금정구,36,214021145,교동초등학교,동래구,862,23.2972972972973,False,0.226209,학교점 간 직선거리 3km 이하,1
214021352,서명초등학교,금정구,36,214021024,서동초등학교,금정구,62,8.857142857142858,True,0.483798,학교점 간 직선거리 3km 이하,2
214021352,서명초등학교,금정구,36,214021289,명서초등학교,동래구,94,13.428571428571429,True,0.664047,학교점 간 직선거리 3km 이하,3
214021352,서명초등학교,금정구,36,214021262,동현초등학교,금정구,289,18.0625,False,0.780098,학교점 간 직선거리 3km 이하,4
214021352,서명초등학교,금정구,36,214021298,명장초등학교,동래구,339,18.833333333333332,False,0.793733,학교점 간 직선거리 3km 이하,5
214021352,서명초등학교,금정구,36,214021253,동상초등학교,금정구,100,14.285714285714286,True,1.201153,학교점 간 직선거리 3km 이하,6
214021352,서명초등학교,금정구,36,214021226,내성초등학교,동래구,107,11.88888888888889,True,1.251197,학교점 간 직선거리 3km 이하,7
214021352,서명초등학교,금정구,36,214021280,명륜초등학교,동래구,1110,25.227272727272727,False,1.30304,학교점 간 직선거리 3km 이하,8
214021352,서명초등학교,금정구,36,214021532,현곡초등학교,금정구,86,12.285714285714286,True,1.318485,학교점 간 직선거리 3km 이하,9
214021352,서명초등학교,금정구,36,214021271,명동초등학교,동래구,454,19.73913043478261,False,1.349542,학교점 간 직선거리 3km 이하,10
214021352,서명초등학교,금정구,36,214021172,금사초등학교,금정구,268,16.75,False,1.421522,학교점 간 직선거리 3km 이하,11
214021352,서명초등학교,금정구,36,214021379,안락초등학교,동래구,187,15.583333333333334,True,1.642853,학교점 간 직선거리 3km 이하,12
214021352,서명초등학교,금정구,36,214021190,금정초등학교,금정구,1298,24.037037037037038,False,1.680723,학교점 간 직선거리 3km 이하,13
214021352,서명초등학교,금정구,36,214021199,낙민초등학교,동래구,589,21.035714285714285,False,1.838518,학교점 간 직선거리 3km 이하,14
214021352,서명초등학교,금정구,36,214021217,내산초등학교,동래구,215,16.53846153846154,True,1.854455,학교점 간 직선거리 3km 이하,15
214021352,서명초등학교,금정구,36,214021180,금빛초등학교,금정구,693,21.65625,False,1.926801,학교점 간 직선거리 3km 이하,16
214021352,서명초등학교,금정구,36,214021469,온천초등학교,동래구,1064,23.130434782608695,False,1.930808,학교점 간 직선거리 3km 이하,17
214021352,서명초등학교,금정구,36,216021569,삼어초등학교,해운대구,272,17.0,False,2.062145,학교점 간 직선거리 3km 이하,18
214021352,서명초등학교,금정구,36,214021361,수안초등학교,동래구,166,13.833333333333334,True,2.08145,학교점 간 직선거리 3km 이하,19
214021352,서명초등학교,금정구,36,214021316,부곡초등학교,금정구,445,21.19047619047619,False,2.106848,학교점 간 직선거리 3km 이하,20
214021352,서명초등학교,금정구,36,216021021,반안초등학교,해운대구,516,20.64,False,2.170908,학교점 간 직선거리 3km 이하,21
214021352,서명초등학교,금정구,36,214021514,충렬초등학교,동래구,94,13.428571428571429,True,2.257606,학교점 간 직선거리 3km 이하,22
214021352,서명초등학교,금정구,36,214021542,안진초등학교,동래구,394,21.88888888888889,False,2.303987,학교점 간 직선거리 3km 이하,23
214021352,서명초등학교,금정구,36,214021384,안민초등학교,동래구,615,21.964285714285715,False,2.347171,학교점 간 직선거리 3km 이하,24
214021352,서명초등학교,금정구,36,214021214,미남초등학교,동래구,266,17.733333333333334,False,2.359004,학교점 간 직선거리 3km 이하,25
214021352,서명초등학교,금정구,36,214021619,온샘초등학교,동래구,1380,24.210526315789473,False,2.447636,학교점 간 직선거리 3km 이하,26
214021352,서명초등학교,금정구,36,214021471,연신초등학교,연제구,578,20.642857142857142,False,2.521179,학교점 간 직선거리 3km 이하,27
214021352,서명초등학교,금정구,36,214021158,거학초등학교,연제구,543,21.72,False,2.545442,학교점 간 직선거리 3km 이하,28
214021352,서명초등학교,금정구,36,214021470,연서초등학교,연제구,591,19.7,False,2.785156,학교점 간 직선거리 3km 이하,29
214021352,서명초등학교,금정구,36,216021238,반석초등학교,해운대구,62,8.857142857142858,True,2.79586,학교점 간 직선거리 3km 이하,30
214021352,서명초등학교,금정구,36,216021412,장산초등학교,해운대구,701,22.612903225806452,False,2.83067,학교점 간 직선거리 3km 이하,31
214021352,서명초등학교,금정구,36,214021370,안남초등학교,동래구,732,22.875,False,2.864496,학교점 간 직선거리 3km 이하,32
214021352,서명초등학교,금정구,36,214021195,금양초등학교,금정구,658,19.939393939393938,False,2.903523,학교점 간 직선거리 3km 이하,33
214021532,현곡초등학교,금정구,86,214021262,동현초등학교,금정구,289,18.0625,False,0.65337,학교점 간 직선거리 3km 이하,1
214021532,현곡초등학교,금정구,86,214021316,부곡초등학교,금정구,445,21.19047619047619,False,0.859837,학교점 간 직선거리 3km 이하,2
214021532,현곡초등학교,금정구,86,214021024,서동초등학교,금정구,62,8.857142857142858,True,0.866099,학교점 간 직선거리 3km 이하,3
214021532,현곡초등학교,금정구,86,214021190,금정초등학교,금정구,1298,24.037037037037038,False,1.086062,학교점 간 직선거리 3km 이하,4
214021532,현곡초등학교,금정구,86,214021352,서명초등학교,금정구,36,5.142857142857143,True,1.318485,학교점 간 직선거리 3km 이하,5
214021532,현곡초등학교,금정구,86,214021145,교동초등학교,동래구,862,23.2972972972973,False,1.338177,학교점 간 직선거리 3km 이하,6
214021532,현곡초등학교,금정구,86,214021172,금사초등학교,금정구,268,16.75,False,1.465566,학교점 간 직선거리 3km 이하,7
214021532,현곡초등학교,금정구,86,214021180,금빛초등학교,금정구,693,21.65625,False,1.496948,학교점 간 직선거리 3km 이하,8
214021532,현곡초등학교,금정구,86,214021195,금양초등학교,금정구,658,19.939393939393938,False,1.646749,학교점 간 직선거리 3km 이하,9
214021532,현곡초등학교,금정구,86,214021289,명서초등학교,동래구,94,13.428571428571429,True,1.689559,학교점 간 직선거리 3km 이하,10
214021532,현곡초등학교,금정구,86,214021253,동상초등학교,금정구,100,14.285714285714286,True,1.966734,학교점 간 직선거리 3km 이하,11
214021532,현곡초등학교,금정구,86,214021487,장전초등학교,금정구,428,19.454545454545453,False,2.048871,학교점 간 직선거리 3km 이하,12
214021532,현곡초등학교,금정구,86,214021298,명장초등학교,동래구,339,18.833333333333332,False,2.078554,학교점 간 직선거리 3km 이하,13
214021532,현곡초등학교,금정구,86,214021271,명동초등학교,동래구,454,19.73913043478261,False,2.312168,학교점 간 직선거리 3km 이하,14
214021532,현곡초등학교,금정구,86,214021280,명륜초등학교,동래구,1110,25.227272727272727,False,2.428794,학교점 간 직선거리 3km 이하,15
214021532,현곡초등학교,금정구,86,214021226,내성초등학교,동래구,107,11.88888888888889,True,2.555008,학교점 간 직선거리 3km 이하,16
214021532,현곡초등학교,금정구,86,214021478,장서초등학교,금정구,571,21.96153846153846,False,2.559935,학교점 간 직선거리 3km 이하,17
214021532,현곡초등학교,금정구,86,214021469,온천초등학교,동래구,1064,23.130434782608695,False,2.637442,학교점 간 직선거리 3km 이하,18
214021532,현곡초등학교,금정구,86,216021569,삼어초등학교,해운대구,272,17.0,False,2.668187,학교점 간 직선거리 3km 이하,19
214021532,현곡초등학교,금정구,86,214021379,안락초등학교,동래구,187,15.583333333333334,True,2.815671,학교점 간 직선거리 3km 이하,20
214021532,현곡초등학교,금정구,86,214021217,내산초등학교,동래구,215,16.53846153846154,True,2.840485,학교점 간 직선거리 3km 이하,21
214021532,현곡초등학교,금정구,86,214021543,두실초등학교,금정구,759,23.71875,False,2.988397,학교점 간 직선거리 3km 이하,22
216021172,용암초등학교,기장군,68,216021178,대청초등학교,기장군,472,20.52173913043478,False,1.914302,학교점 간 직선거리 3km 이하,1
216021172,용암초등학교,기장군,68,216021496,죽성초등학교,기장군,71,10.142857142857142,True,2.464938,학교점 간 직선거리 3km 이하,2
216021172,용암초등학교,기장군,68,216021148,기장초등학교,기장군,460,20.0,False,2.609395,학교점 간 직선거리 3km 이하,3
216021172,용암초등학교,기장군,68,216021241,내리초등학교,기장군,124,12.4,False,2.914225,학교점 간 직선거리 3km 이하,4
216021484,좌천초등학교,기장군,37,216021520,칠암초등학교,기장군,55,7.857142857142857,True,2.080104,학교점 간 직선거리 3km 이하,1
216021496,죽성초등학교,기장군,71,216021172,용암초등학교,기장군,68,9.714285714285714,True,2.464938,학교점 간 직선거리 3km 이하,1
216021496,죽성초등학교,기장군,71,216021216,교리초등학교,기장군,529,21.16,False,2.798295,학교점 간 직선거리 3km 이하,2
216021496,죽성초등학교,기장군,71,216021148,기장초등학교,기장군,460,20.0,False,2.827996,학교점 간 직선거리 3km 이하,3
216021520,칠암초등학교,기장군,55,216021484,좌천초등학교,기장군,37,5.285714285714286,True,2.080104,학교점 간 직선거리 3km 이하,1
213021190,동항초등학교,남구,127,213021180,동천초등학교,남구,260,20.0,False,0.843897,학교점 간 직선거리 3km 이하,1
213021190,동항초등학교,남구,127,213021380,용당초등학교,남구,86,9.555555555555555,True,1.050053,학교점 간 직선거리 3km 이하,2
213021190,동항초등학교,남구,127,213021410,우암초등학교,남구,267,17.8,False,1.390983,학교점 간 직선거리 3km 이하,3
213021190,동항초등학교,남구,127,213021290,석포초등학교,남구,651,20.34375,False,1.613508,학교점 간 직선거리 3km 이하,4
213021190,동항초등학교,남구,127,213021213,성천초등학교,남구,122,12.2,True,2.104687,학교점 간 직선거리 3km 이하,5
213021190,동항초등학교,남구,127,213021089,백운초등학교,남구,152,13.818181818181818,True,2.117566,학교점 간 직선거리 3km 이하,6
213021190,동항초등학교,남구,127,213021160,대천초등학교,남구,516,19.846153846153847,False,2.360675,학교점 간 직선거리 3km 이하,7
213021190,동항초등학교,남구,127,213021400,용호초등학교,남구,395,19.75,False,2.557226,학교점 간 직선거리 3km 이하,8
213021190,동항초등학교,남구,127,213021370,연포초등학교,남구,1226,23.576923076923077,False,2.580336,학교점 간 직선거리 3km 이하,9
213021190,동항초등학교,남구,127,213021150,대연초등학교,남구,784,21.77777777777778,False,2.715603,학교점 간 직선거리 3km 이하,10
213021190,동항초등학교,남구,127,213021385,용문초등학교,남구,843,23.416666666666668,False,2.952084,학교점 간 직선거리 3km 이하,11
213021190,동항초등학교,남구,127,213021430,운산초등학교,남구,454,19.73913043478261,False,2.977847,학교점 간 직선거리 3km 이하,12
213021089,백운초등학교,남구,152,213021400,용호초등학교,남구,395,19.75,False,0.56004,학교점 간 직선거리 3km 이하,1
213021089,백운초등학교,남구,152,213021390,용산초등학교,남구,276,17.25,False,0.981023,학교점 간 직선거리 3km 이하,2
213021089,백운초등학교,남구,152,213021380,용당초등학교,남구,86,9.555555555555555,True,1.071312,학교점 간 직선거리 3km 이하,3
213021089,백운초등학교,남구,152,213021430,운산초등학교,남구,454,19.73913043478261,False,1.261423,학교점 간 직선거리 3km 이하,4
213021089,백운초등학교,남구,152,213021160,대천초등학교,남구,516,19.846153846153847,False,1.276808,학교점 간 직선거리 3km 이하,5
213021089,백운초등학교,남구,152,213021385,용문초등학교,남구,843,23.416666666666668,False,1.393115,학교점 간 직선거리 3km 이하,6
213021089,백운초등학교,남구,152,213021289,분포초등학교,남구,965,23.536585365853657,False,1.40662,학교점 간 직선거리 3km 이하,7
213021089,백운초등학교,남구,152,213021290,석포초등학교,남구,651,20.34375,False,1.549062,학교점 간 직선거리 3km 이하,8
213021089,백운초등학교,남구,152,213021360,오륙도초등학교,남구,467,21.227272727272727,False,1.839404,학교점 간 직선거리 3km 이하,9
213021089,백운초등학교,남구,152,213021180,동천초등학교,남구,260,20.0,False,2.071642,학교점 간 직선거리 3km 이하,10
213021089,백운초등학교,남구,152,213021190,동항초등학교,남구,127,14.11111111111111,True,2.117566,학교점 간 직선거리 3km 이하,11
213021089,백운초등학교,남구,152,213021150,대연초등학교,남구,784,21.77777777777778,False,2.423204,학교점 간 직선거리 3km 이하,12
213021089,백운초등학교,남구,152,213021410,우암초등학교,남구,267,17.8,False,2.770345,학교점 간 직선거리 3km 이하,13
213021089,백운초등학교,남구,152,213021711,용소초등학교,남구,1103,25.651162790697676,False,2.778543,학교점 간 직선거리 3km 이하,14
213021089,백운초등학교,남구,152,216021160,남천초등학교,수영구,929,22.658536585365855,False,2.801592,학교점 간 직선거리 3km 이하,15
213021089,백운초등학교,남구,152,213021370,연포초등학교,남구,1226,23.576923076923077,False,2.870551,학교점 간 직선거리 3km 이하,16
213021213,성천초등학교,남구,122,213021410,우암초등학교,남구,267,17.8,False,0.716788,학교점 간 직선거리 3km 이하,1
213021213,성천초등학교,남구,122,213021370,연포초등학교,남구,1226,23.576923076923077,False,1.294297,학교점 간 직선거리 3km 이하,2
213021213,성천초등학교,남구,122,213021295,성남초등학교,동구,567,20.25,False,1.344981,학교점 간 직선거리 3km 이하,3
213021213,성천초등학교,남구,122,213021180,동천초등학교,남구,260,20.0,False,1.428575,학교점 간 직선거리 3km 이하,4
213021213,성천초등학교,남구,122,213021300,성동초등학교,남구,753,21.514285714285716,False,1.471362,학교점 간 직선거리 3km 이하,5
213021213,성천초등학교,남구,122,213021210,문현초등학교,남구,485,17.962962962962962,False,1.610276,학교점 간 직선거리 3km 이하,6
213021213,성천초등학교,남구,122,213021406,성서초등학교,부산진구,178,13.692307692307692,True,1.818326,학교점 간 직선거리 3km 이하,7
213021213,성천초등학교,남구,122,213021290,석포초등학교,남구,651,20.34375,False,1.849027,학교점 간 직선거리 3km 이하,8
213021213,성천초등학교,남구,122,213021150,대연초등학교,남구,784,21.77777777777778,False,1.962014,학교점 간 직선거리 3km 이하,9
213021213,성천초등학교,남구,122,213021190,동항초등학교,남구,127,14.11111111111111,True,2.104687,학교점 간 직선거리 3km 이하,10
213021213,성천초등학교,남구,122,213021283,범일초등학교,동구,181,13.923076923076923,True,2.276046,학교점 간 직선거리 3km 이하,11
213021213,성천초등학교,남구,122,213021269,성북초등학교,부산진구,616,20.533333333333335,False,2.301135,학교점 간 직선거리 3km 이하,12
213021213,성천초등학교,남구,122,213021345,수정초등학교,동구,335,18.61111111111111,False,2.326082,학교점 간 직선거리 3km 이하,13
213021213,성천초등학교,남구,122,213021380,용당초등학교,남구,86,9.555555555555555,True,2.526056,학교점 간 직선거리 3km 이하,14
213021213,성천초등학교,남구,122,213021352,부산진초등학교,부산진구,437,18.208333333333332,False,2.577591,학교점 간 직선거리 3km 이하,15
213021213,성천초등학교,남구,122,213021160,대천초등학교,남구,516,19.846153846153847,False,2.632081,학교점 간 직선거리 3km 이하,16
213021213,성천초등학교,남구,122,213021335,수성초등학교,동구,124,13.777777777777779,True,2.72204,학교점 간 직선거리 3km 이하,17
213021213,성천초등학교,남구,122,213021711,용소초등학교,남구,1103,25.651162790697676,False,2.821853,학교점 간 직선거리 3km 이하,18
213021213,성천초등학교,남구,122,213021394,선암초등학교,부산진구,121,12.1,True,2.96123,학교점 간 직선거리 3km 이하,19
213021380,용당초등학교,남구,86,213021190,동항초등학교,남구,127,14.11111111111111,True,1.050053,학교점 간 직선거리 3km 이하,1
213021380,용당초등학교,남구,86,213021089,백운초등학교,남구,152,13.818181818181818,True,1.071312,학교점 간 직선거리 3km 이하,2
213021380,용당초등학교,남구,86,213021290,석포초등학교,남구,651,20.34375,False,1.112056,학교점 간 직선거리 3km 이하,3
213021380,용당초등학교,남구,86,213021180,동천초등학교,남구,260,20.0,False,1.124031,학교점 간 직선거리 3km 이하,4
213021380,용당초등학교,남구,86,213021400,용호초등학교,남구,395,19.75,False,1.514169,학교점 간 직선거리 3km 이하,5
213021380,용당초등학교,남구,86,213021160,대천초등학교,남구,516,19.846153846153847,False,1.530766,학교점 간 직선거리 3km 이하,6
213021380,용당초등학교,남구,86,213021410,우암초등학교,남구,267,17.8,False,1.867249,학교점 간 직선거리 3km 이하,7
213021380,용당초등학교,남구,86,213021390,용산초등학교,남구,276,17.25,False,2.017501,학교점 간 직선거리 3km 이하,8
213021380,용당초등학교,남구,86,213021385,용문초등학교,남구,843,23.416666666666668,False,2.020405,학교점 간 직선거리 3km 이하,9
213021380,용당초등학교,남구,86,213021430,운산초등학교,남구,454,19.73913043478261,False,2.070159,학교점 간 직선거리 3km 이하,10
213021380,용당초등학교,남구,86,213021289,분포초등학교,남구,965,23.536585365853657,False,2.274669,학교점 간 직선거리 3km 이하,11
213021380,용당초등학교,남구,86,213021150,대연초등학교,남구,784,21.77777777777778,False,2.284654,학교점 간 직선거리 3km 이하,12
213021380,용당초등학교,남구,86,213021370,연포초등학교,남구,1226,23.576923076923077,False,2.45124,학교점 간 직선거리 3km 이하,13
213021380,용당초등학교,남구,86,213021360,오륙도초등학교,남구,467,21.227272727272727,False,2.454892,학교점 간 직선거리 3km 이하,14
213021380,용당초등학교,남구,86,213021213,성천초등학교,남구,122,12.2,True,2.526056,학교점 간 직선거리 3km 이하,15
213021380,용당초등학교,남구,86,213021711,용소초등학교,남구,1103,25.651162790697676,False,2.946346,학교점 간 직선거리 3km 이하,16
213021283,범일초등학교,동구,181,213021335,수성초등학교,동구,124,13.777777777777779,True,0.844672,학교점 간 직선거리 3km 이하,1
213021283,범일초등학교,동구,181,213021295,성남초등학교,동구,567,20.25,False,0.939567,학교점 간 직선거리 3km 이하,2
213021283,범일초등학교,동구,181,213021345,수정초등학교,동구,335,18.61111111111111,False,0.959882,학교점 간 직선거리 3km 이하,3
213021283,범일초등학교,동구,181,213021394,선암초등학교,부산진구,121,12.1,True,1.089569,학교점 간 직선거리 3km 이하,4
213021283,범일초등학교,동구,181,213021352,부산진초등학교,부산진구,437,18.208333333333332,False,1.304306,학교점 간 직선거리 3km 이하,5
213021283,범일초등학교,동구,181,213021406,성서초등학교,부산진구,178,13.692307692307692,True,1.306577,학교점 간 직선거리 3km 이하,6
213021283,범일초등학교,동구,181,213021106,가남초등학교,부산진구,53,7.571428571428571,True,1.735193,학교점 간 직선거리 3km 이하,7
213021283,범일초등학교,동구,181,213021358,부전초등학교,부산진구,352,18.526315789473685,False,1.73589,학교점 간 직선거리 3km 이하,8
213021283,범일초등학교,동구,181,213021300,성동초등학교,남구,753,21.514285714285716,False,1.835428,학교점 간 직선거리 3km 이하,9
213021283,범일초등학교,동구,181,213021124,가야초등학교,부산진구,961,21.84090909090909,False,1.98906,학교점 간 직선거리 3km 이하,10
213021283,범일초등학교,동구,181,213021175,동일중앙초등학교,동구,898,22.45,False,2.042678,학교점 간 직선거리 3km 이하,11
213021283,범일초등학교,동구,181,213021269,성북초등학교,부산진구,616,20.533333333333335,False,2.132377,학교점 간 직선거리 3km 이하,12
213021283,범일초등학교,동구,181,213021210,문현초등학교,남구,485,17.962962962962962,False,2.216905,학교점 간 직선거리 3km 이하,13
213021283,범일초등학교,동구,181,213021213,성천초등학교,남구,122,12.2,True,2.276046,학교점 간 직선거리 3km 이하,14
213021283,범일초등학교,동구,181,213021130,가평초등학교,부산진구,623,20.766666666666666,False,2.408918,학교점 간 직선거리 3km 이하,15
213021283,범일초등학교,동구,181,213021490,전포초등학교,부산진구,348,16.571428571428573,False,2.534993,학교점 간 직선거리 3km 이하,16
213021283,범일초등학교,동구,181,213021202,당평초등학교,부산진구,223,17.153846153846153,True,2.766456,학교점 간 직선거리 3km 이하,17
213021283,범일초등학교,동구,181,213021418,성지초등학교,부산진구,458,18.32,False,2.817986,학교점 간 직선거리 3km 이하,18
213021283,범일초등학교,동구,181,213021346,부암초등학교,부산진구,697,19.914285714285715,False,2.822414,학교점 간 직선거리 3km 이하,19
213021283,범일초등학교,동구,181,213021502,주례초등학교,부산진구,299,17.58823529411765,False,2.838644,학교점 간 직선거리 3km 이하,20
213021283,범일초등학교,동구,181,213021196,당감초등학교,부산진구,172,17.2,True,2.847832,학교점 간 직선거리 3km 이하,21
213021283,범일초등학교,동구,181,213021410,우암초등학교,남구,267,17.8,False,2.904178,학교점 간 직선거리 3km 이하,22
213021283,범일초등학교,동구,181,213021058,초량초등학교,동구,185,14.23076923076923,True,2.913438,학교점 간 직선거리 3km 이하,23
213021283,범일초등학교,동구,181,213021148,개포초등학교,부산진구,222,15.857142857142858,True,2.998372,학교점 간 직선거리 3km 이하,24
213021335,수성초등학교,동구,124,213021345,수정초등학교,동구,335,18.61111111111111,False,0.514226,학교점 간 직선거리 3km 이하,1
213021335,수성초등학교,동구,124,213021283,범일초등학교,동구,181,13.923076923076923,True,0.844672,학교점 간 직선거리 3km 이하,2
213021335,수성초등학교,동구,124,213021175,동일중앙초등학교,동구,898,22.45,False,1.236302,학교점 간 직선거리 3km 이하,3
213021335,수성초등학교,동구,124,213021295,성남초등학교,동구,567,20.25,False,1.438115,학교점 간 직선거리 3km 이하,4
213021335,수성초등학교,동구,124,213021394,선암초등학교,부산진구,121,12.1,True,1.74054,학교점 간 직선거리 3km 이하,5
213021335,수성초등학교,동구,124,213021352,부산진초등학교,부산진구,437,18.208333333333332,False,2.114908,학교점 간 직선거리 3km 이하,6
213021335,수성초등학교,동구,124,213021406,성서초등학교,부산진구,178,13.692307692307692,True,2.136374,학교점 간 직선거리 3km 이하,7
213021335,수성초등학교,동구,124,213021058,초량초등학교,동구,185,14.23076923076923,True,2.167613,학교점 간 직선거리 3km 이하,8
213021335,수성초등학교,동구,124,213021124,가야초등학교,부산진구,961,21.84090909090909,False,2.210857,학교점 간 직선거리 3km 이하,9
213021335,수성초등학교,동구,124,213021130,가평초등학교,부산진구,623,20.766666666666666,False,2.217672,학교점 간 직선거리 3km 이하,10
213021335,수성초등학교,동구,124,213021106,가남초등학교,부산진구,53,7.571428571428571,True,2.222324,학교점 간 직선거리 3km 이하,11
213021335,수성초등학교,동구,124,213021358,부전초등학교,부산진구,352,18.526315789473685,False,2.457265,학교점 간 직선거리 3km 이하,12
213021335,수성초등학교,동구,124,213021502,주례초등학교,부산진구,299,17.58823529411765,False,2.462716,학교점 간 직선거리 3km 이하,13
213021335,수성초등학교,동구,124,213021300,성동초등학교,남구,753,21.514285714285716,False,2.618092,학교점 간 직선거리 3km 이하,14
213021335,수성초등학교,동구,124,212021288,봉래초등학교,중구,171,14.25,True,2.648651,학교점 간 직선거리 3km 이하,15
213021335,수성초등학교,동구,124,213021213,성천초등학교,남구,122,12.2,True,2.72204,학교점 간 직선거리 3km 이하,16
213021335,수성초등학교,동구,124,213021269,성북초등학교,부산진구,616,20.533333333333335,False,2.975608,학교점 간 직선거리 3km 이하,17
213021058,초량초등학교,동구,185,212021288,봉래초등학교,중구,171,14.25,True,0.484238,학교점 간 직선거리 3km 이하,1
213021058,초량초등학교,동구,185,213021175,동일중앙초등학교,동구,898,22.45,False,0.977716,학교점 간 직선거리 3km 이하,2
213021058,초량초등학교,동구,185,212021287,광일초등학교,중구,203,16.916666666666668,True,1.427885,학교점 간 직선거리 3km 이하,3
213021058,초량초등학교,동구,185,212021286,보수초등학교,중구,154,12.833333333333334,True,1.537984,학교점 간 직선거리 3km 이하,4
213021058,초량초등학교,동구,185,212021556,화랑초등학교,서구,171,14.25,True,1.66472,학교점 간 직선거리 3km 이하,5
213021058,초량초등학교,동구,185,212021244,동신초등학교,서구,288,19.2,False,1.721572,학교점 간 직선거리 3km 이하,6
213021058,초량초등학교,동구,185,212021292,부민초등학교,서구,574,20.5,False,1.846491,학교점 간 직선거리 3km 이하,7
213021058,초량초등학교,동구,185,213021345,수정초등학교,동구,335,18.61111111111111,False,1.969252,학교점 간 직선거리 3km 이하,8
213021058,초량초등학교,동구,185,213021335,수성초등학교,동구,124,13.777777777777779,True,2.167613,학교점 간 직선거리 3km 이하,9
213021058,초량초등학교,동구,185,212021132,구덕초등학교,서구,422,20.095238095238095,False,2.23158,학교점 간 직선거리 3km 이하,10
213021058,초량초등학교,동구,185,212021212,대신초등학교,서구,732,23.612903225806452,False,2.239629,학교점 간 직선거리 3km 이하,11
213021058,초량초등학교,동구,185,212021532,토성초등학교,서구,401,19.095238095238095,False,2.285998,학교점 간 직선거리 3km 이하,12
213021058,초량초등학교,동구,185,212021204,대교초등학교,영도구,366,19.263157894736842,False,2.485962,학교점 간 직선거리 3km 이하,13
213021058,초량초등학교,동구,185,212021404,아미초등학교,서구,31,4.428571428571429,True,2.667404,학교점 간 직선거리 3km 이하,14
213021058,초량초등학교,동구,185,212021284,봉학초등학교,영도구,143,14.3,True,2.814049,학교점 간 직선거리 3km 이하,15
213021058,초량초등학교,동구,185,213021283,범일초등학교,동구,181,13.923076923076923,True,2.913438,학교점 간 직선거리 3km 이하,16
213021058,초량초등학교,동구,185,213021295,성남초등학교,동구,567,20.25,False,2.958085,학교점 간 직선거리 3km 이하,17
213021058,초량초등학교,동구,185,212021412,영도초등학교,영도구,224,16.0,True,2.979414,학교점 간 직선거리 3km 이하,18
214021217,내산초등학교,동래구,215,214021214,미남초등학교,동래구,266,17.733333333333334,False,0.534538,학교점 간 직선거리 3km 이하,1
214021217,내산초등학교,동래구,215,214021280,명륜초등학교,동래구,1110,25.227272727272727,False,0.609058,학교점 간 직선거리 3km 이하,2
214021217,내산초등학교,동래구,215,214021469,온천초등학교,동래구,1064,23.130434782608695,False,0.636645,학교점 간 직선거리 3km 이하,3
214021217,내산초등학교,동래구,215,214021619,온샘초등학교,동래구,1380,24.210526315789473,False,0.763853,학교점 간 직선거리 3km 이하,4
214021217,내산초등학교,동래구,215,214021361,수안초등학교,동래구,166,13.833333333333334,True,0.837904,학교점 간 직선거리 3km 이하,5
214021217,내산초등학교,동래구,215,214021158,거학초등학교,연제구,543,21.72,False,1.09674,학교점 간 직선거리 3km 이하,6
214021217,내산초등학교,동래구,215,214021163,금강초등학교,동래구,757,21.62857142857143,False,1.23347,학교점 간 직선거리 3km 이하,7
214021217,내산초등학교,동래구,215,214021226,내성초등학교,동래구,107,11.88888888888889,True,1.23656,학교점 간 직선거리 3km 이하,8
214021217,내산초등학교,동래구,215,214021388,여고초등학교,동래구,1038,28.054054054054053,False,1.261109,학교점 간 직선거리 3km 이하,9
214021217,내산초등학교,동래구,215,214021199,낙민초등학교,동래구,589,21.035714285714285,False,1.383033,학교점 간 직선거리 3km 이하,10
214021217,내산초등학교,동래구,215,214021235,달북초등학교,동래구,513,20.52,False,1.572783,학교점 간 직선거리 3km 이하,11
214021217,내산초등학교,동래구,215,214021183,남문초등학교,연제구,1061,25.261904761904763,False,1.595492,학교점 간 직선거리 3km 이하,12
214021217,내산초등학교,동래구,215,214021145,교동초등학교,동래구,862,23.2972972972973,False,1.677064,학교점 간 직선거리 3km 이하,13
214021217,내산초등학교,동래구,215,214021298,명장초등학교,동래구,339,18.833333333333332,False,1.817391,학교점 간 직선거리 3km 이하,14
214021217,내산초등학교,동래구,215,214021352,서명초등학교,금정구,36,5.142857142857143,True,1.854455,학교점 간 직선거리 3km 이하,15
214021217,내산초등학교,동래구,215,214021517,창신초등학교,연제구,1621,26.14516129032258,False,1.889817,학교점 간 직선거리 3km 이하,16
214021217,내산초등학교,동래구,215,214021470,연서초등학교,연제구,591,19.7,False,2.034694,학교점 간 직선거리 3km 이하,17
214021217,내산초등학교,동래구,215,214021384,안민초등학교,동래구,615,21.964285714285715,False,2.152035,학교점 간 직선거리 3km 이하,18
214021217,내산초등학교,동래구,215,214021249,예원초등학교,동래구,878,25.085714285714285,False,2.167007,학교점 간 직선거리 3km 이하,19
214021217,내산초등학교,동래구,215,214021325,사직초등학교,동래구,951,23.775,False,2.172091,학교점 간 직선거리 3km 이하,20
214021217,내산초등학교,동래구,215,214021262,동현초등학교,금정구,289,18.0625,False,2.192401,학교점 간 직선거리 3km 이하,21
214021217,내산초등학교,동래구,215,214021471,연신초등학교,연제구,578,20.642857142857142,False,2.2344,학교점 간 직선거리 3km 이하,22
214021217,내산초등학교,동래구,215,214021024,서동초등학교,금정구,62,8.857142857142858,True,2.259172,학교점 간 직선거리 3km 이하,23
214021217,내산초등학교,동래구,215,214021289,명서초등학교,동래구,94,13.428571428571429,True,2.269642,학교점 간 직선거리 3km 이하,24
214021217,내산초등학교,동래구,215,214021180,금빛초등학교,금정구,693,21.65625,False,2.313664,학교점 간 직선거리 3km 이하,25
214021217,내산초등학교,동래구,215,214021190,금정초등학교,금정구,1298,24.037037037037038,False,2.414593,학교점 간 직선거리 3km 이하,26
214021217,내산초등학교,동래구,215,214021379,안락초등학교,동래구,187,15.583333333333334,True,2.479133,학교점 간 직선거리 3km 이하,27
214021217,내산초등학교,동래구,215,214021542,안진초등학교,동래구,394,21.88888888888889,False,2.486494,학교점 간 직선거리 3km 이하,28
214021217,내산초등학교,동래구,215,214021476,연제초등학교,연제구,435,19.772727272727273,False,2.589036,학교점 간 직선거리 3km 이하,29
214021217,내산초등학교,동래구,215,214021271,명동초등학교,동래구,454,19.73913043478261,False,2.695609,학교점 간 직선거리 3km 이하,30
214021217,내산초등학교,동래구,215,214021253,동상초등학교,금정구,100,14.285714285714286,True,2.796112,학교점 간 직선거리 3km 이하,31
214021217,내산초등학교,동래구,215,214021462,연동초등학교,연제구,542,20.074074074074073,False,2.814718,학교점 간 직선거리 3km 이하,32
214021217,내산초등학교,동래구,215,214021532,현곡초등학교,금정구,86,12.285714285714286,True,2.840485,학교점 간 직선거리 3km 이하,33
214021226,내성초등학교,동래구,107,214021199,낙민초등학교,동래구,589,21.035714285714285,False,0.590983,학교점 간 직선거리 3km 이하,1
214021226,내성초등학교,동래구,107,214021280,명륜초등학교,동래구,1110,25.227272727272727,False,0.704931,학교점 간 직선거리 3km 이하,2
214021226,내성초등학교,동래구,107,214021298,명장초등학교,동래구,339,18.833333333333332,False,0.733176,학교점 간 직선거리 3km 이하,3
214021226,내성초등학교,동래구,107,214021361,수안초등학교,동래구,166,13.833333333333334,True,0.969029,학교점 간 직선거리 3km 이하,4
214021226,내성초등학교,동래구,107,214021145,교동초등학교,동래구,862,23.2972972972973,False,1.222881,학교점 간 직선거리 3km 이하,5
214021226,내성초등학교,동래구,107,214021384,안민초등학교,동래구,615,21.964285714285715,False,1.230232,학교점 간 직선거리 3km 이하,6
214021226,내성초등학교,동래구,107,214021217,내산초등학교,동래구,215,16.53846153846154,True,1.23656,학교점 간 직선거리 3km 이하,7
214021226,내성초등학교,동래구,107,214021379,안락초등학교,동래구,187,15.583333333333334,True,1.24271,학교점 간 직선거리 3km 이하,8
214021226,내성초등학교,동래구,107,214021352,서명초등학교,금정구,36,5.142857142857143,True,1.251197,학교점 간 직선거리 3km 이하,9
214021226,내성초등학교,동래구,107,214021289,명서초등학교,동래구,94,13.428571428571429,True,1.306037,학교점 간 직선거리 3km 이하,10
214021226,내성초등학교,동래구,107,214021471,연신초등학교,연제구,578,20.642857142857142,False,1.381263,학교점 간 직선거리 3km 이하,11
214021226,내성초등학교,동래구,107,214021542,안진초등학교,동래구,394,21.88888888888889,False,1.390501,학교점 간 직선거리 3km 이하,12
214021226,내성초등학교,동래구,107,214021158,거학초등학교,연제구,543,21.72,False,1.420693,학교점 간 직선거리 3km 이하,13
214021226,내성초등학교,동래구,107,214021271,명동초등학교,동래구,454,19.73913043478261,False,1.533012,학교점 간 직선거리 3km 이하,14
214021226,내성초등학교,동래구,107,214021470,연서초등학교,연제구,591,19.7,False,1.544054,학교점 간 직선거리 3km 이하,15
214021226,내성초등학교,동래구,107,214021214,미남초등학교,동래구,266,17.733333333333334,False,1.547676,학교점 간 직선거리 3km 이하,16
214021226,내성초등학교,동래구,107,214021469,온천초등학교,동래구,1064,23.130434782608695,False,1.712101,학교점 간 직선거리 3km 이하,17
214021226,내성초등학교,동래구,107,214021253,동상초등학교,금정구,100,14.285714285714286,True,1.73037,학교점 간 직선거리 3km 이하,18
214021226,내성초등학교,동래구,107,214021024,서동초등학교,금정구,62,8.857142857142858,True,1.733974,학교점 간 직선거리 3km 이하,19
214021226,내성초등학교,동래구,107,214021262,동현초등학교,금정구,289,18.0625,False,1.950865,학교점 간 직선거리 3km 이하,20
214021226,내성초등학교,동래구,107,214021619,온샘초등학교,동래구,1380,24.210526315789473,False,1.999329,학교점 간 직선거리 3km 이하,21
214021226,내성초등학교,동래구,107,214021388,여고초등학교,동래구,1038,28.054054054054053,False,2.03879,학교점 간 직선거리 3km 이하,22
214021226,내성초등학교,동래구,107,214021514,충렬초등학교,동래구,94,13.428571428571429,True,2.049775,학교점 간 직선거리 3km 이하,23
214021226,내성초등학교,동래구,107,216021021,반안초등학교,해운대구,516,20.64,False,2.143479,학교점 간 직선거리 3km 이하,24
214021226,내성초등학교,동래구,107,214021370,안남초등학교,동래구,732,22.875,False,2.174006,학교점 간 직선거리 3km 이하,25
214021226,내성초등학교,동래구,107,214021183,남문초등학교,연제구,1061,25.261904761904763,False,2.175491,학교점 간 직선거리 3km 이하,26
214021226,내성초등학교,동래구,107,214021481,연천초등학교,연제구,583,21.59259259259259,False,2.262644,학교점 간 직선거리 3km 이하,27
214021226,내성초등학교,동래구,107,214021462,연동초등학교,연제구,542,20.074074074074073,False,2.298887,학교점 간 직선거리 3km 이하,28
214021226,내성초등학교,동래구,107,214021474,연일초등학교,연제구,94,13.428571428571429,True,2.311061,학교점 간 직선거리 3km 이하,29
214021226,내성초등학교,동래구,107,214021163,금강초등학교,동래구,757,21.62857142857143,False,2.345268,학교점 간 직선거리 3km 이하,30
214021226,내성초등학교,동래구,107,214021172,금사초등학교,금정구,268,16.75,False,2.400457,학교점 간 직선거리 3km 이하,31
214021226,내성초등학교,동래구,107,216021569,삼어초등학교,해운대구,272,17.0,False,2.417259,학교점 간 직선거리 3km 이하,32
214021226,내성초등학교,동래구,107,214021476,연제초등학교,연제구,435,19.772727272727273,False,2.527355,학교점 간 직선거리 3km 이하,33
214021226,내성초등학교,동래구,107,214021517,창신초등학교,연제구,1621,26.14516129032258,False,2.544254,학교점 간 직선거리 3km 이하,34
214021226,내성초등학교,동래구,107,214021532,현곡초등학교,금정구,86,12.285714285714286,True,2.555008,학교점 간 직선거리 3km 이하,35
214021226,내성초등학교,동래구,107,214021190,금정초등학교,금정구,1298,24.037037037037038,False,2.636576,학교점 간 직선거리 3km 이하,36
214021226,내성초등학교,동래구,107,214021235,달북초등학교,동래구,513,20.52,False,2.716714,학교점 간 직선거리 3km 이하,37
214021226,내성초등학교,동래구,107,214021159,과정초등학교,연제구,425,20.238095238095237,False,2.729268,학교점 간 직선거리 3km 이하,38
214021226,내성초등학교,동래구,107,214021180,금빛초등학교,금정구,693,21.65625,False,2.73158,학교점 간 직선거리 3km 이하,39
214021226,내성초등학교,동래구,107,216021412,장산초등학교,해운대구,701,22.612903225806452,False,2.767593,학교점 간 직선거리 3km 이하,40
214021226,내성초등학교,동래구,107,214021264,동명초등학교,연제구,155,11.923076923076923,True,2.936906,학교점 간 직선거리 3km 이하,41
214021226,내성초등학교,동래구,107,214021468,연산초등학교,연제구,787,20.17948717948718,False,2.970512,학교점 간 직선거리 3km 이하,42
214021289,명서초등학교,동래구,94,214021253,동상초등학교,금정구,100,14.285714285714286,True,0.559899,학교점 간 직선거리 3km 이하,1
214021289,명서초등학교,동래구,94,214021298,명장초등학교,동래구,339,18.833333333333332,False,0.583805,학교점 간 직선거리 3km 이하,2
214021289,명서초등학교,동래구,94,214021352,서명초등학교,금정구,36,5.142857142857143,True,0.664047,학교점 간 직선거리 3km 이하,3
214021289,명서초등학교,동래구,94,214021271,명동초등학교,동래구,454,19.73913043478261,False,0.696443,학교점 간 직선거리 3km 이하,4
214021289,명서초등학교,동래구,94,214021024,서동초등학교,금정구,62,8.857142857142858,True,0.861772,학교점 간 직선거리 3km 이하,5
214021289,명서초등학교,동래구,94,214021145,교동초등학교,동래구,862,23.2972972972973,False,0.876982,학교점 간 직선거리 3km 이하,6
214021289,명서초등학교,동래구,94,214021172,금사초등학교,금정구,268,16.75,False,1.096285,학교점 간 직선거리 3km 이하,7
214021289,명서초등학교,동래구,94,214021379,안락초등학교,동래구,187,15.583333333333334,True,1.126815,학교점 간 직선거리 3km 이하,8
214021289,명서초등학교,동래구,94,214021226,내성초등학교,동래구,107,11.88888888888889,True,1.306037,학교점 간 직선거리 3km 이하,9
214021289,명서초등학교,동래구,94,214021262,동현초등학교,금정구,289,18.0625,False,1.32871,학교점 간 직선거리 3km 이하,10
214021289,명서초등학교,동래구,94,216021569,삼어초등학교,해운대구,272,17.0,False,1.415045,학교점 간 직선거리 3km 이하,11
214021289,명서초등학교,동래구,94,216021021,반안초등학교,해운대구,516,20.64,False,1.515309,학교점 간 직선거리 3km 이하,12
214021289,명서초등학교,동래구,94,214021514,충렬초등학교,동래구,94,13.428571428571429,True,1.626965,학교점 간 직선거리 3km 이하,13
214021289,명서초등학교,동래구,94,214021280,명륜초등학교,동래구,1110,25.227272727272727,False,1.665548,학교점 간 직선거리 3km 이하,14
214021289,명서초등학교,동래구,94,214021532,현곡초등학교,금정구,86,12.285714285714286,True,1.689559,학교점 간 직선거리 3km 이하,15
214021289,명서초등학교,동래구,94,214021199,낙민초등학교,동래구,589,21.035714285714285,False,1.809881,학교점 간 직선거리 3km 이하,16
214021289,명서초등학교,동래구,94,214021542,안진초등학교,동래구,394,21.88888888888889,False,1.929625,학교점 간 직선거리 3km 이하,17
214021289,명서초등학교,동래구,94,214021384,안민초등학교,동래구,615,21.964285714285715,False,2.104672,학교점 간 직선거리 3km 이하,18
214021289,명서초등학교,동래구,94,216021412,장산초등학교,해운대구,701,22.612903225806452,False,2.170314,학교점 간 직선거리 3km 이하,19
214021289,명서초등학교,동래구,94,216021238,반석초등학교,해운대구,62,8.857142857142858,True,2.197064,학교점 간 직선거리 3km 이하,20
214021289,명서초등학교,동래구,94,214021361,수안초등학교,동래구,166,13.833333333333334,True,2.264683,학교점 간 직선거리 3km 이하,21
214021289,명서초등학교,동래구,94,214021217,내산초등학교,동래구,215,16.53846153846154,True,2.269642,학교점 간 직선거리 3km 이하,22
214021289,명서초등학교,동래구,94,214021471,연신초등학교,연제구,578,20.642857142857142,False,2.285703,학교점 간 직선거리 3km 이하,23
214021289,명서초등학교,동래구,94,214021190,금정초등학교,금정구,1298,24.037037037037038,False,2.291961,학교점 간 직선거리 3km 이하,24
214021289,명서초등학교,동래구,94,214021370,안남초등학교,동래구,732,22.875,False,2.345983,학교점 간 직선거리 3km 이하,25
214021289,명서초등학교,동래구,94,216021396,인지초등학교,해운대구,502,20.916666666666668,False,2.432694,학교점 간 직선거리 3km 이하,26
214021289,명서초등학교,동래구,94,214021469,온천초등학교,동래구,1064,23.130434782608695,False,2.478323,학교점 간 직선거리 3km 이하,27
214021289,명서초등학교,동래구,94,214021316,부곡초등학교,금정구,445,21.19047619047619,False,2.54258,학교점 간 직선거리 3km 이하,28
214021289,명서초등학교,동래구,94,214021180,금빛초등학교,금정구,693,21.65625,False,2.570429,학교점 간 직선거리 3km 이하,29
214021289,명서초등학교,동래구,94,216021200,무정초등학교,해운대구,504,21.0,False,2.596148,학교점 간 직선거리 3km 이하,30
214021289,명서초등학교,동래구,94,214021470,연서초등학교,연제구,591,19.7,False,2.68114,학교점 간 직선거리 3km 이하,31
214021289,명서초등학교,동래구,94,214021214,미남초등학교,동래구,266,17.733333333333334,False,2.718647,학교점 간 직선거리 3km 이하,32
214021289,명서초등학교,동래구,94,214021158,거학초등학교,연제구,543,21.72,False,2.723635,학교점 간 직선거리 3km 이하,33
214021289,명서초등학교,동래구,94,216021256,반여초등학교,해운대구,161,12.384615384615385,True,2.803773,학교점 간 직선거리 3km 이하,34
214021289,명서초등학교,동래구,94,214021481,연천초등학교,연제구,583,21.59259259259259,False,2.870154,학교점 간 직선거리 3km 이하,35
214021289,명서초등학교,동래구,94,214021159,과정초등학교,연제구,425,20.238095238095237,False,2.94253,학교점 간 직선거리 3km 이하,36
214021289,명서초등학교,동래구,94,214021619,온샘초등학교,동래구,1380,24.210526315789473,False,2.948206,학교점 간 직선거리 3km 이하,37
214021289,명서초등학교,동래구,94,216021570,송수초등학교,해운대구,850,22.36842105263158,False,2.978613,학교점 간 직선거리 3km 이하,38
214021361,수안초등학교,동래구,166,214021158,거학초등학교,연제구,543,21.72,False,0.46603,학교점 간 직선거리 3km 이하,1
214021361,수안초등학교,동래구,166,214021199,낙민초등학교,동래구,589,21.035714285714285,False,0.730837,학교점 간 직선거리 3km 이하,2
214021361,수안초등학교,동래구,166,214021214,미남초등학교,동래구,266,17.733333333333334,False,0.777113,학교점 간 직선거리 3km 이하,3
214021361,수안초등학교,동래구,166,214021217,내산초등학교,동래구,215,16.53846153846154,True,0.837904,학교점 간 직선거리 3km 이하,4
214021361,수안초등학교,동래구,166,214021280,명륜초등학교,동래구,1110,25.227272727272727,False,0.877735,학교점 간 직선거리 3km 이하,5
214021361,수안초등학교,동래구,166,214021226,내성초등학교,동래구,107,11.88888888888889,True,0.969029,학교점 간 직선거리 3km 이하,6
214021361,수안초등학교,동래구,166,214021388,여고초등학교,동래구,1038,28.054054054054053,False,1.082845,학교점 간 직선거리 3km 이하,7
214021361,수안초등학교,동래구,166,214021470,연서초등학교,연제구,591,19.7,False,1.197818,학교점 간 직선거리 3km 이하,8
214021361,수안초등학교,동래구,166,214021183,남문초등학교,연제구,1061,25.261904761904763,False,1.210261,학교점 간 직선거리 3km 이하,9
214021361,수안초등학교,동래구,166,214021384,안민초등학교,동래구,615,21.964285714285715,False,1.412572,학교점 간 직선거리 3km 이하,10
214021361,수안초등학교,동래구,166,214021471,연신초등학교,연제구,578,20.642857142857142,False,1.46086,학교점 간 직선거리 3km 이하,11
214021361,수안초등학교,동래구,166,214021619,온샘초등학교,동래구,1380,24.210526315789473,False,1.466171,학교점 간 직선거리 3km 이하,12
214021361,수안초등학교,동래구,166,214021469,온천초등학교,동래구,1064,23.130434782608695,False,1.474521,학교점 간 직선거리 3km 이하,13
214021361,수안초등학교,동래구,166,214021163,금강초등학교,동래구,757,21.62857142857143,False,1.515141,학교점 간 직선거리 3km 이하,14
214021361,수안초등학교,동래구,166,214021517,창신초등학교,연제구,1621,26.14516129032258,False,1.576969,학교점 간 직선거리 3km 이하,15
214021361,수안초등학교,동래구,166,214021298,명장초등학교,동래구,339,18.833333333333332,False,1.700927,학교점 간 직선거리 3km 이하,16
214021361,수안초등학교,동래구,166,214021542,안진초등학교,동래구,394,21.88888888888889,False,1.824469,학교점 간 직선거리 3km 이하,17
214021361,수안초등학교,동래구,166,214021476,연제초등학교,연제구,435,19.772727272727273,False,1.837838,학교점 간 직선거리 3km 이하,18
214021361,수안초등학교,동래구,166,214021235,달북초등학교,동래구,513,20.52,False,1.892406,학교점 간 직선거리 3km 이하,19
214021361,수안초등학교,동래구,166,214021462,연동초등학교,연제구,542,20.074074074074073,False,1.977408,학교점 간 직선거리 3km 이하,20
214021361,수안초등학교,동래구,166,214021145,교동초등학교,동래구,862,23.2972972972973,False,1.977427,학교점 간 직선거리 3km 이하,21
214021361,수안초등학교,동래구,166,214021379,안락초등학교,동래구,187,15.583333333333334,True,2.071685,학교점 간 직선거리 3km 이하,22
214021361,수안초등학교,동래구,166,214021352,서명초등학교,금정구,36,5.142857142857143,True,2.08145,학교점 간 직선거리 3km 이하,23
214021361,수안초등학교,동래구,166,214021249,예원초등학교,동래구,878,25.085714285714285,False,2.159607,학교점 간 직선거리 3km 이하,24
214021361,수안초등학교,동래구,166,214021474,연일초등학교,연제구,94,13.428571428571429,True,2.256592,학교점 간 직선거리 3km 이하,25
214021361,수안초등학교,동래구,166,214021289,명서초등학교,동래구,94,13.428571428571429,True,2.264683,학교점 간 직선거리 3km 이하,26
214021361,수안초등학교,동래구,166,214021325,사직초등학교,동래구,951,23.775,False,2.39223,학교점 간 직선거리 3km 이하,27
214021361,수안초등학교,동래구,166,214021481,연천초등학교,연제구,583,21.59259259259259,False,2.418262,학교점 간 직선거리 3km 이하,28
214021361,수안초등학교,동래구,166,214021271,명동초등학교,동래구,454,19.73913043478261,False,2.479414,학교점 간 직선거리 3km 이하,29
214021361,수안초등학교,동래구,166,214021468,연산초등학교,연제구,787,20.17948717948718,False,2.488918,학교점 간 직선거리 3km 이하,30
214021361,수안초등학교,동래구,166,214021024,서동초등학교,금정구,62,8.857142857142858,True,2.554494,학교점 간 직선거리 3km 이하,31
214021361,수안초등학교,동래구,166,214021262,동현초등학교,금정구,289,18.0625,False,2.642022,학교점 간 직선거리 3km 이하,32
214021361,수안초등학교,동래구,166,214021264,동명초등학교,연제구,155,11.923076923076923,True,2.652472,학교점 간 직선거리 3km 이하,33
214021361,수안초등학교,동래구,166,214021370,안남초등학교,동래구,732,22.875,False,2.672033,학교점 간 직선거리 3km 이하,34
214021361,수안초등학교,동래구,166,214021253,동상초등학교,금정구,100,14.285714285714286,True,2.698613,학교점 간 직선거리 3km 이하,35
214021361,수안초등학교,동래구,166,214021156,거제초등학교,연제구,803,22.942857142857143,False,2.748784,학교점 간 직선거리 3km 이하,36
214021361,수안초등학교,동래구,166,214021514,충렬초등학교,동래구,94,13.428571428571429,True,2.849536,학교점 간 직선거리 3km 이하,37
214021361,수안초등학교,동래구,166,213021460,양정초등학교,부산진구,776,18.926829268292682,False,2.977645,학교점 간 직선거리 3km 이하,38
214021379,안락초등학교,동래구,187,214021271,명동초등학교,동래구,454,19.73913043478261,False,0.674809,학교점 간 직선거리 3km 이하,1
214021379,안락초등학교,동래구,187,214021514,충렬초등학교,동래구,94,13.428571428571429,True,0.807069,학교점 간 직선거리 3km 이하,2
214021379,안락초등학교,동래구,187,214021542,안진초등학교,동래구,394,21.88888888888889,False,0.888335,학교점 간 직선거리 3km 이하,3
214021379,안락초등학교,동래구,187,214021298,명장초등학교,동래구,339,18.833333333333332,False,0.900983,학교점 간 직선거리 3km 이하,4
214021379,안락초등학교,동래구,187,216021021,반안초등학교,해운대구,516,20.64,False,0.929524,학교점 간 직선거리 3km 이하,5
214021379,안락초등학교,동래구,187,214021253,동상초등학교,금정구,100,14.285714285714286,True,1.081821,학교점 간 직선거리 3km 이하,6
214021379,안락초등학교,동래구,187,214021289,명서초등학교,동래구,94,13.428571428571429,True,1.126815,학교점 간 직선거리 3km 이하,7
214021379,안락초등학교,동래구,187,214021370,안남초등학교,동래구,732,22.875,False,1.22802,학교점 간 직선거리 3km 이하,8
214021379,안락초등학교,동래구,187,214021384,안민초등학교,동래구,615,21.964285714285715,False,1.231344,학교점 간 직선거리 3km 이하,9
214021379,안락초등학교,동래구,187,214021226,내성초등학교,동래구,107,11.88888888888889,True,1.24271,학교점 간 직선거리 3km 이하,10
214021379,안락초등학교,동래구,187,214021199,낙민초등학교,동래구,589,21.035714285714285,False,1.374689,학교점 간 직선거리 3km 이하,11
214021379,안락초등학교,동래구,187,216021569,삼어초등학교,해운대구,272,17.0,False,1.375864,학교점 간 직선거리 3km 이하,12
214021379,안락초등학교,동래구,187,214021471,연신초등학교,연제구,578,20.642857142857142,False,1.397612,학교점 간 직선거리 3km 이하,13
214021379,안락초등학교,동래구,187,216021412,장산초등학교,해운대구,701,22.612903225806452,False,1.527011,학교점 간 직선거리 3km 이하,14
214021379,안락초등학교,동래구,187,214021352,서명초등학교,금정구,36,5.142857142857143,True,1.642853,학교점 간 직선거리 3km 이하,15
214021379,안락초등학교,동래구,187,214021481,연천초등학교,연제구,583,21.59259259259259,False,1.776833,학교점 간 직선거리 3km 이하,16
214021379,안락초등학교,동래구,187,214021145,교동초등학교,동래구,862,23.2972972972973,False,1.785829,학교점 간 직선거리 3km 이하,17
214021379,안락초등학교,동래구,187,214021159,과정초등학교,연제구,425,20.238095238095237,False,1.828526,학교점 간 직선거리 3km 이하,18
214021379,안락초등학교,동래구,187,214021280,명륜초등학교,동래구,1110,25.227272727272727,False,1.921623,학교점 간 직선거리 3km 이하,19
214021379,안락초등학교,동래구,187,216021200,무정초등학교,해운대구,504,21.0,False,1.935657,학교점 간 직선거리 3km 이하,20
214021379,안락초등학교,동래구,187,214021470,연서초등학교,연제구,591,19.7,False,1.944444,학교점 간 직선거리 3km 이하,21
214021379,안락초등학교,동래구,187,214021172,금사초등학교,금정구,268,16.75,False,1.95951,학교점 간 직선거리 3km 이하,22
214021379,안락초등학교,동래구,187,214021024,서동초등학교,금정구,62,8.857142857142858,True,1.972467,학교점 간 직선거리 3km 이하,23
214021379,안락초등학교,동래구,187,216021570,송수초등학교,해운대구,850,22.36842105263158,False,2.001905,학교점 간 직선거리 3km 이하,24
214021379,안락초등학교,동래구,187,216021396,인지초등학교,해운대구,502,20.916666666666668,False,2.009671,학교점 간 직선거리 3km 이하,25
214021379,안락초등학교,동래구,187,214021361,수안초등학교,동래구,166,13.833333333333334,True,2.071685,학교점 간 직선거리 3km 이하,26
214021379,안락초등학교,동래구,187,214021474,연일초등학교,연제구,94,13.428571428571429,True,2.090864,학교점 간 직선거리 3km 이하,27
214021379,안락초등학교,동래구,187,216021328,신재초등학교,해운대구,303,17.823529411764707,False,2.128634,학교점 간 직선거리 3km 이하,28
214021379,안락초등학교,동래구,187,216021238,반석초등학교,해운대구,62,8.857142857142858,True,2.247365,학교점 간 직선거리 3km 이하,29
214021379,안락초등학교,동래구,187,214021262,동현초등학교,금정구,289,18.0625,False,2.404165,학교점 간 직선거리 3km 이하,30
214021379,안락초등학교,동래구,187,216021256,반여초등학교,해운대구,161,12.384615384615385,True,2.405358,학교점 간 직선거리 3km 이하,31
214021379,안락초등학교,동래구,187,214021462,연동초등학교,연제구,542,20.074074074074073,False,2.415108,학교점 간 직선거리 3km 이하,32
214021379,안락초등학교,동래구,187,214021529,토현초등학교,연제구,242,17.285714285714285,False,2.440065,학교점 간 직선거리 3km 이하,33
214021379,안락초등학교,동래구,187,214021158,거학초등학교,연제구,543,21.72,False,2.444091,학교점 간 직선거리 3km 이하,34
214021379,안락초등학교,동래구,187,214021217,내산초등학교,동래구,215,16.53846153846154,True,2.479133,학교점 간 직선거리 3km 이하,35
214021379,안락초등학교,동래구,187,216021232,반산초등학교,해운대구,291,15.31578947368421,False,2.602614,학교점 간 직선거리 3km 이하,36
214021379,안락초등학교,동래구,187,214021214,미남초등학교,동래구,266,17.733333333333334,False,2.760542,학교점 간 직선거리 3km 이하,37
214021379,안락초등학교,동래구,187,216021268,배산초등학교,수영구,512,20.48,False,2.768548,학교점 간 직선거리 3km 이하,38
214021379,안락초등학교,동래구,187,214021532,현곡초등학교,금정구,86,12.285714285714286,True,2.815671,학교점 간 직선거리 3km 이하,39
214021379,안락초등학교,동래구,187,216021436,재송초등학교,해운대구,336,17.68421052631579,False,2.841847,학교점 간 직선거리 3km 이하,40
214021379,안락초등학교,동래구,187,214021264,동명초등학교,연제구,155,11.923076923076923,True,2.878601,학교점 간 직선거리 3km 이하,41
214021379,안락초등학교,동래구,187,216021571,센텀초등학교,해운대구,1472,26.285714285714285,False,2.89105,학교점 간 직선거리 3km 이하,42
214021379,안락초등학교,동래구,187,214021469,온천초등학교,동래구,1064,23.130434782608695,False,2.919635,학교점 간 직선거리 3km 이하,43
214021514,충렬초등학교,동래구,94,216021021,반안초등학교,해운대구,516,20.64,False,0.312073,학교점 간 직선거리 3km 이하,1
214021514,충렬초등학교,동래구,94,216021412,장산초등학교,해운대구,701,22.612903225806452,False,0.725743,학교점 간 직선거리 3km 이하,2
214021514,충렬초등학교,동래구,94,214021379,안락초등학교,동래구,187,15.583333333333334,True,0.807069,학교점 간 직선거리 3km 이하,3
214021514,충렬초등학교,동래구,94,214021271,명동초등학교,동래구,454,19.73913043478261,False,0.93972,학교점 간 직선거리 3km 이하,4
214021514,충렬초등학교,동래구,94,216021569,삼어초등학교,해운대구,272,17.0,False,0.993861,학교점 간 직선거리 3km 이하,5
214021514,충렬초등학교,동래구,94,214021370,안남초등학교,동래구,732,22.875,False,1.032548,학교점 간 직선거리 3km 이하,6
214021514,충렬초등학교,동래구,94,216021200,무정초등학교,해운대구,504,21.0,False,1.128601,학교점 간 직선거리 3km 이하,7
214021514,충렬초등학교,동래구,94,216021396,인지초등학교,해운대구,502,20.916666666666668,False,1.252456,학교점 간 직선거리 3km 이하,8
214021514,충렬초등학교,동래구,94,214021253,동상초등학교,금정구,100,14.285714285714286,True,1.283191,학교점 간 직선거리 3km 이하,9
214021514,충렬초등학교,동래구,94,214021542,안진초등학교,동래구,394,21.88888888888889,False,1.301942,학교점 간 직선거리 3km 이하,10
214021514,충렬초등학교,동래구,94,216021570,송수초등학교,해운대구,850,22.36842105263158,False,1.356863,학교점 간 직선거리 3km 이하,11
214021514,충렬초등학교,동래구,94,216021328,신재초등학교,해운대구,303,17.823529411764707,False,1.392486,학교점 간 직선거리 3km 이하,12
214021514,충렬초등학교,동래구,94,214021159,과정초등학교,연제구,425,20.238095238095237,False,1.524011,학교점 간 직선거리 3km 이하,13
214021514,충렬초등학교,동래구,94,214021289,명서초등학교,동래구,94,13.428571428571429,True,1.626965,학교점 간 직선거리 3km 이하,14
214021514,충렬초등학교,동래구,94,214021298,명장초등학교,동래구,339,18.833333333333332,False,1.627053,학교점 간 직선거리 3km 이하,15
214021514,충렬초등학교,동래구,94,216021256,반여초등학교,해운대구,161,12.384615384615385,True,1.639025,학교점 간 직선거리 3km 이하,16
214021514,충렬초등학교,동래구,94,216021238,반석초등학교,해운대구,62,8.857142857142858,True,1.717745,학교점 간 직선거리 3km 이하,17
214021514,충렬초등학교,동래구,94,214021384,안민초등학교,동래구,615,21.964285714285715,False,1.779315,학교점 간 직선거리 3km 이하,18
214021514,충렬초등학교,동래구,94,216021232,반산초등학교,해운대구,291,15.31578947368421,False,1.807926,학교점 간 직선거리 3km 이하,19
214021514,충렬초등학교,동래구,94,214021481,연천초등학교,연제구,583,21.59259259259259,False,1.877879,학교점 간 직선거리 3km 이하,20
214021514,충렬초등학교,동래구,94,214021471,연신초등학교,연제구,578,20.642857142857142,False,1.905185,학교점 간 직선거리 3km 이하,21
214021514,충렬초등학교,동래구,94,214021226,내성초등학교,동래구,107,11.88888888888889,True,2.049775,학교점 간 직선거리 3km 이하,22
214021514,충렬초등학교,동래구,94,214021172,금사초등학교,금정구,268,16.75,False,2.063266,학교점 간 직선거리 3km 이하,23
214021514,충렬초등학교,동래구,94,214021529,토현초등학교,연제구,242,17.285714285714285,False,2.122853,학교점 간 직선거리 3km 이하,24
214021514,충렬초등학교,동래구,94,214021199,낙민초등학교,동래구,589,21.035714285714285,False,2.130967,학교점 간 직선거리 3km 이하,25
214021514,충렬초등학교,동래구,94,216021436,재송초등학교,해운대구,336,17.68421052631579,False,2.133079,학교점 간 직선거리 3km 이하,26
214021514,충렬초등학교,동래구,94,214021352,서명초등학교,금정구,36,5.142857142857143,True,2.257606,학교점 간 직선거리 3km 이하,27
214021514,충렬초등학교,동래구,94,214021474,연일초등학교,연제구,94,13.428571428571429,True,2.320376,학교점 간 직선거리 3km 이하,28
214021514,충렬초등학교,동래구,94,216021571,센텀초등학교,해운대구,1472,26.285714285714285,False,2.334126,학교점 간 직선거리 3km 이하,29
214021514,충렬초등학교,동래구,94,214021145,교동초등학교,동래구,862,23.2972972972973,False,2.439417,학교점 간 직선거리 3km 이하,30
214021514,충렬초등학교,동래구,94,214021024,서동초등학교,금정구,62,8.857142857142858,True,2.475726,학교점 간 직선거리 3km 이하,31
214021514,충렬초등학교,동래구,94,214021470,연서초등학교,연제구,591,19.7,False,2.516563,학교점 간 직선거리 3km 이하,32
214021514,충렬초등학교,동래구,94,214021280,명륜초등학교,동래구,1110,25.227272727272727,False,2.724658,학교점 간 직선거리 3km 이하,33
214021514,충렬초등학교,동래구,94,216021268,배산초등학교,수영구,512,20.48,False,2.73035,학교점 간 직선거리 3km 이하,34
214021514,충렬초등학교,동래구,94,214021462,연동초등학교,연제구,542,20.074074074074073,False,2.798101,학교점 간 직선거리 3km 이하,35
214021514,충렬초등학교,동래구,94,216021196,망미초등학교,수영구,386,18.38095238095238,False,2.841063,학교점 간 직선거리 3km 이하,36
214021514,충렬초등학교,동래구,94,214021361,수안초등학교,동래구,166,13.833333333333334,True,2.849536,학교점 간 직선거리 3km 이하,37
214021514,충렬초등학교,동래구,94,214021262,동현초등학교,금정구,289,18.0625,False,2.954314,학교점 간 직선거리 3km 이하,38
213021106,가남초등학교,부산진구,53,213021124,가야초등학교,부산진구,961,21.84090909090909,False,0.715753,학교점 간 직선거리 3km 이하,1
213021106,가남초등학교,부산진구,53,213021394,선암초등학교,부산진구,121,12.1,True,0.720466,학교점 간 직선거리 3km 이하,2
213021106,가남초등학교,부산진구,53,213021358,부전초등학교,부산진구,352,18.526315789473685,False,0.826296,학교점 간 직선거리 3km 이하,3
213021106,가남초등학교,부산진구,53,213021196,당감초등학교,부산진구,172,17.2,True,1.114092,학교점 간 직선거리 3km 이하,4
213021106,가남초등학교,부산진구,53,213021202,당평초등학교,부산진구,223,17.153846153846153,True,1.119601,학교점 간 직선거리 3km 이하,5
213021106,가남초등학교,부산진구,53,213021352,부산진초등학교,부산진구,437,18.208333333333332,False,1.220433,학교점 간 직선거리 3km 이하,6
213021106,가남초등학교,부산진구,53,213021346,부암초등학교,부산진구,697,19.914285714285715,False,1.239574,학교점 간 직선거리 3km 이하,7
213021106,가남초등학교,부산진구,53,213021418,성지초등학교,부산진구,458,18.32,False,1.591385,학교점 간 직선거리 3km 이하,8
213021106,가남초등학교,부산진구,53,213021148,개포초등학교,부산진구,222,15.857142857142858,True,1.663212,학교점 간 직선거리 3km 이하,9
213021106,가남초등학교,부산진구,53,213021264,동평초등학교,부산진구,513,21.375,False,1.67209,학교점 간 직선거리 3km 이하,10
213021106,가남초등학교,부산진구,53,213021283,범일초등학교,동구,181,13.923076923076923,True,1.735193,학교점 간 직선거리 3km 이하,11
213021106,가남초등학교,부산진구,53,213021130,가평초등학교,부산진구,623,20.766666666666666,False,1.782296,학교점 간 직선거리 3km 이하,12
213021106,가남초등학교,부산진구,53,213021623,개원초등학교,부산진구,457,19.041666666666668,False,1.811002,학교점 간 직선거리 3km 이하,13
213021106,가남초등학교,부산진구,53,213021490,전포초등학교,부산진구,348,16.571428571428573,False,1.840087,학교점 간 직선거리 3km 이하,14
213021106,가남초등학교,부산진구,53,213021406,성서초등학교,부산진구,178,13.692307692307692,True,1.969463,학교점 간 직선거리 3km 이하,15
213021106,가남초등학교,부산진구,53,213021478,연지초등학교,부산진구,1286,22.964285714285715,False,2.149258,학교점 간 직선거리 3km 이하,16
213021106,가남초등학교,부산진구,53,213021154,개화초등학교,부산진구,165,16.5,True,2.185214,학교점 간 직선거리 3km 이하,17
213021106,가남초등학교,부산진구,53,213021335,수성초등학교,동구,124,13.777777777777779,True,2.222324,학교점 간 직선거리 3km 이하,18
213021106,가남초등학교,부산진구,53,213021269,성북초등학교,부산진구,616,20.533333333333335,False,2.227986,학교점 간 직선거리 3km 이하,19
213021106,가남초등학교,부산진구,53,213021142,개금초등학교,부산진구,554,21.307692307692307,False,2.230191,학교점 간 직선거리 3km 이하,20
213021106,가남초등학교,부산진구,53,213021412,성전초등학교,부산진구,442,21.047619047619047,False,2.288365,학교점 간 직선거리 3km 이하,21
213021106,가남초등학교,부산진구,53,213021268,동원초등학교,부산진구,626,22.357142857142858,False,2.383162,학교점 간 직선거리 3km 이하,22
213021106,가남초등학교,부산진구,53,213021484,연학초등학교,부산진구,355,19.72222222222222,False,2.440759,학교점 간 직선거리 3km 이하,23
213021106,가남초등학교,부산진구,53,213021502,주례초등학교,부산진구,299,17.58823529411765,False,2.443415,학교점 간 직선거리 3km 이하,24
213021106,가남초등학교,부산진구,53,213021295,성남초등학교,동구,567,20.25,False,2.515067,학교점 간 직선거리 3km 이하,25
213021106,가남초등학교,부산진구,53,213021257,개림초등학교,부산진구,671,20.96875,False,2.550342,학교점 간 직선거리 3km 이하,26
213021106,가남초등학교,부산진구,53,213021300,성동초등학교,남구,753,21.514285714285716,False,2.572472,학교점 간 직선거리 3km 이하,27
213021106,가남초등학교,부산진구,53,213021345,수정초등학교,동구,335,18.61111111111111,False,2.592163,학교점 간 직선거리 3km 이하,28
213021106,가남초등학교,부산진구,53,213021454,양성초등학교,부산진구,299,16.61111111111111,False,2.668925,학교점 간 직선거리 3km 이하,29
213021106,가남초등학교,부산진구,53,213021551,동양초등학교,부산진구,189,15.75,True,2.743389,학교점 간 직선거리 3km 이하,30
213021106,가남초등학교,부산진구,53,213021210,문현초등학교,남구,485,17.962962962962962,False,2.82318,학교점 간 직선거리 3km 이하,31
213021106,가남초등학교,부산진구,53,215021501,주양초등학교,사상구,284,16.705882352941178,False,2.910812,학교점 간 직선거리 3km 이하,32
213021148,개포초등학교,부산진구,222,213021154,개화초등학교,부산진구,165,16.5,True,0.546256,학교점 간 직선거리 3km 이하,1
213021148,개포초등학교,부산진구,222,213021623,개원초등학교,부산진구,457,19.041666666666668,False,0.657717,학교점 간 직선거리 3km 이하,2
213021148,개포초등학교,부산진구,222,213021142,개금초등학교,부산진구,554,21.307692307692307,False,0.796854,학교점 간 직선거리 3km 이하,3
213021148,개포초등학교,부산진구,222,213021202,당평초등학교,부산진구,223,17.153846153846153,True,0.835572,학교점 간 직선거리 3km 이하,4
213021148,개포초등학교,부산진구,222,213021257,개림초등학교,부산진구,671,20.96875,False,0.989091,학교점 간 직선거리 3km 이하,5
213021148,개포초등학교,부산진구,222,213021124,가야초등학교,부산진구,961,21.84090909090909,False,1.048742,학교점 간 직선거리 3km 이하,6
213021148,개포초등학교,부산진구,222,213021130,가평초등학교,부산진구,623,20.766666666666666,False,1.110145,학교점 간 직선거리 3km 이하,7
213021148,개포초등학교,부산진구,222,213021264,동평초등학교,부산진구,513,21.375,False,1.260201,학교점 간 직선거리 3km 이하,8
213021148,개포초등학교,부산진구,222,215021501,주양초등학교,사상구,284,16.705882352941178,False,1.435244,학교점 간 직선거리 3km 이하,9
213021148,개포초등학교,부산진구,222,213021196,당감초등학교,부산진구,172,17.2,True,1.466367,학교점 간 직선거리 3km 이하,10
213021148,개포초등학교,부산진구,222,213021502,주례초등학교,부산진구,299,17.58823529411765,False,1.58658,학교점 간 직선거리 3km 이하,11
213021148,개포초등학교,부산진구,222,213021268,동원초등학교,부산진구,626,22.357142857142858,False,1.648629,학교점 간 직선거리 3km 이하,12
213021148,개포초등학교,부산진구,222,213021106,가남초등학교,부산진구,53,7.571428571428571,True,1.663212,학교점 간 직선거리 3km 이하,13
213021148,개포초등학교,부산진구,222,215021514,주학초등학교,사상구,42,6.0,True,1.93333,학교점 간 직선거리 3km 이하,14
213021148,개포초등학교,부산진구,222,213021551,동양초등학교,부산진구,189,15.75,True,2.018534,학교점 간 직선거리 3km 이하,15
213021148,개포초등학교,부산진구,222,213021346,부암초등학교,부산진구,697,19.914285714285715,False,2.134958,학교점 간 직선거리 3km 이하,16
213021148,개포초등학교,부산진구,222,213021394,선암초등학교,부산진구,121,12.1,True,2.287102,학교점 간 직선거리 3km 이하,17
213021148,개포초등학교,부산진구,222,215021298,동주초등학교,사상구,421,19.136363636363637,False,2.315223,학교점 간 직선거리 3km 이하,18
213021148,개포초등학교,부산진구,222,215021505,주감초등학교,사상구,611,21.06896551724138,False,2.351512,학교점 간 직선거리 3km 이하,19
213021148,개포초등학교,부산진구,222,213021358,부전초등학교,부산진구,352,18.526315789473685,False,2.455653,학교점 간 직선거리 3km 이하,20
213021148,개포초등학교,부산진구,222,213021484,연학초등학교,부산진구,355,19.72222222222222,False,2.67164,학교점 간 직선거리 3km 이하,21
213021148,개포초등학교,부산진구,222,213021478,연지초등학교,부산진구,1286,22.964285714285715,False,2.791897,학교점 간 직선거리 3km 이하,22
213021148,개포초등학교,부산진구,222,213021418,성지초등학교,부산진구,458,18.32,False,2.825071,학교점 간 직선거리 3km 이하,23
213021148,개포초등학교,부산진구,222,213021352,부산진초등학교,부산진구,437,18.208333333333332,False,2.877549,학교점 간 직선거리 3km 이하,24
213021148,개포초등학교,부산진구,222,213021283,범일초등학교,동구,181,13.923076923076923,True,2.998372,학교점 간 직선거리 3km 이하,25
213021154,개화초등학교,부산진구,165,213021142,개금초등학교,부산진구,554,21.307692307692307,False,0.459021,학교점 간 직선거리 3km 이하,1
213021154,개화초등학교,부산진구,165,213021257,개림초등학교,부산진구,671,20.96875,False,0.474281,학교점 간 직선거리 3km 이하,2
213021154,개화초등학교,부산진구,165,213021148,개포초등학교,부산진구,222,15.857142857142858,True,0.546256,학교점 간 직선거리 3km 이하,3
213021154,개화초등학교,부산진구,165,215021501,주양초등학교,사상구,284,16.705882352941178,False,0.943063,학교점 간 직선거리 3km 이하,4
213021154,개화초등학교,부산진구,165,213021623,개원초등학교,부산진구,457,19.041666666666668,False,0.973813,학교점 간 직선거리 3km 이하,5
213021154,개화초등학교,부산진구,165,213021130,가평초등학교,부산진구,623,20.766666666666666,False,1.177272,학교점 간 직선거리 3km 이하,6
213021154,개화초등학교,부산진구,165,213021202,당평초등학교,부산진구,223,17.153846153846153,True,1.366316,학교점 간 직선거리 3km 이하,7
213021154,개화초등학교,부산진구,165,213021502,주례초등학교,부산진구,299,17.58823529411765,False,1.422439,학교점 간 직선거리 3km 이하,8
213021154,개화초등학교,부산진구,165,213021124,가야초등학교,부산진구,961,21.84090909090909,False,1.52602,학교점 간 직선거리 3km 이하,9
213021154,개화초등학교,부산진구,165,215021514,주학초등학교,사상구,42,6.0,True,1.587532,학교점 간 직선거리 3km 이하,10
213021154,개화초등학교,부산진구,165,213021264,동평초등학교,부산진구,513,21.375,False,1.673216,학교점 간 직선거리 3km 이하,11
213021154,개화초등학교,부산진구,165,215021505,주감초등학교,사상구,611,21.06896551724138,False,1.816967,학교점 간 직선거리 3km 이하,12
213021154,개화초등학교,부산진구,165,215021298,동주초등학교,사상구,421,19.136363636363637,False,1.868998,학교점 간 직선거리 3km 이하,13
213021154,개화초등학교,부산진구,165,213021268,동원초등학교,부산진구,626,22.357142857142858,False,1.887713,학교점 간 직선거리 3km 이하,14
213021154,개화초등학교,부산진구,165,213021196,당감초등학교,부산진구,172,17.2,True,1.985034,학교점 간 직선거리 3km 이하,15
213021154,개화초등학교,부산진구,165,213021106,가남초등학교,부산진구,53,7.571428571428571,True,2.185214,학교점 간 직선거리 3km 이하,16
213021154,개화초등학교,부산진구,165,213021551,동양초등학교,부산진구,189,15.75,True,2.213883,학교점 간 직선거리 3km 이하,17
213021154,개화초등학교,부산진구,165,213021346,부암초등학교,부산진구,697,19.914285714285715,False,2.664953,학교점 간 직선거리 3km 이하,18
213021154,개화초등학교,부산진구,165,213021394,선암초등학교,부산진구,121,12.1,True,2.772379,학교점 간 직선거리 3km 이하,19
213021154,개화초등학교,부산진구,165,215021118,감전초등학교,사상구,116,14.5,True,2.927892,학교점 간 직선거리 3km 이하,20
213021154,개화초등학교,부산진구,165,213021358,부전초등학교,부산진구,352,18.526315789473685,False,2.99029,학교점 간 직선거리 3km 이하,21
213021196,당감초등학교,부산진구,172,213021202,당평초등학교,부산진구,223,17.153846153846153,True,0.635064,학교점 간 직선거리 3km 이하,1
213021196,당감초등학교,부산진구,172,213021264,동평초등학교,부산진구,513,21.375,False,0.668807,학교점 간 직선거리 3km 이하,2
213021196,당감초등학교,부산진구,172,213021346,부암초등학교,부산진구,697,19.914285714285715,False,0.691293,학교점 간 직선거리 3km 이하,3
213021196,당감초등학교,부산진구,172,213021106,가남초등학교,부산진구,53,7.571428571428571,True,1.114092,학교점 간 직선거리 3km 이하,4
213021196,당감초등학교,부산진구,172,213021623,개원초등학교,부산진구,457,19.041666666666668,False,1.170133,학교점 간 직선거리 3km 이하,5
213021196,당감초등학교,부산진구,172,213021124,가야초등학교,부산진구,961,21.84090909090909,False,1.256452,학교점 간 직선거리 3km 이하,6
213021196,당감초등학교,부산진구,172,213021268,동원초등학교,부산진구,626,22.357142857142858,False,1.349464,학교점 간 직선거리 3km 이하,7
213021196,당감초등학교,부산진구,172,213021478,연지초등학교,부산진구,1286,22.964285714285715,False,1.363995,학교점 간 직선거리 3km 이하,8
213021196,당감초등학교,부산진구,172,213021418,성지초등학교,부산진구,458,18.32,False,1.424326,학교점 간 직선거리 3km 이하,9
213021196,당감초등학교,부산진구,172,213021484,연학초등학교,부산진구,355,19.72222222222222,False,1.431977,학교점 간 직선거리 3km 이하,10
213021196,당감초등학교,부산진구,172,213021148,개포초등학교,부산진구,222,15.857142857142858,True,1.466367,학교점 간 직선거리 3km 이하,11
213021196,당감초등학교,부산진구,172,213021358,부전초등학교,부산진구,352,18.526315789473685,False,1.497631,학교점 간 직선거리 3km 이하,12
213021196,당감초등학교,부산진구,172,213021551,동양초등학교,부산진구,189,15.75,True,1.675794,학교점 간 직선거리 3km 이하,13
213021196,당감초등학교,부산진구,172,213021394,선암초등학교,부산진구,121,12.1,True,1.795717,학교점 간 직선거리 3km 이하,14
213021196,당감초등학교,부산진구,172,213021154,개화초등학교,부산진구,165,16.5,True,1.985034,학교점 간 직선거리 3km 이하,15
213021196,당감초등학교,부산진구,172,213021490,전포초등학교,부산진구,348,16.571428571428573,False,2.083315,학교점 간 직선거리 3km 이하,16
213021196,당감초등학교,부산진구,172,213021352,부산진초등학교,부산진구,437,18.208333333333332,False,2.095368,학교점 간 직선거리 3km 이하,17
213021196,당감초등학교,부산진구,172,213021526,초읍초등학교,부산진구,425,19.318181818181817,False,2.16437,학교점 간 직선거리 3km 이하,18
213021196,당감초등학교,부산진구,172,213021130,가평초등학교,부산진구,623,20.766666666666666,False,2.218863,학교점 간 직선거리 3km 이하,19
213021196,당감초등학교,부산진구,172,213021142,개금초등학교,부산진구,554,21.307692307692307,False,2.250939,학교점 간 직선거리 3km 이하,20
213021196,당감초등학교,부산진구,172,213021412,성전초등학교,부산진구,442,21.047619047619047,False,2.289582,학교점 간 직선거리 3km 이하,21
213021196,당감초등학교,부산진구,172,213021454,양성초등학교,부산진구,299,16.61111111111111,False,2.363055,학교점 간 직선거리 3km 이하,22
213021196,당감초등학교,부산진구,172,213021257,개림초등학교,부산진구,671,20.96875,False,2.449533,학교점 간 직선거리 3km 이하,23
213021196,당감초등학교,부산진구,172,214021156,거제초등학교,연제구,803,22.942857142857143,False,2.846106,학교점 간 직선거리 3km 이하,24
213021196,당감초등학교,부산진구,172,213021283,범일초등학교,동구,181,13.923076923076923,True,2.847832,학교점 간 직선거리 3km 이하,25
213021196,당감초등학교,부산진구,172,213021269,성북초등학교,부산진구,616,20.533333333333335,False,2.847853,학교점 간 직선거리 3km 이하,26
213021196,당감초등학교,부산진구,172,213021502,주례초등학교,부산진구,299,17.58823529411765,False,2.856027,학교점 간 직선거리 3km 이하,27
213021196,당감초등학교,부산진구,172,213021406,성서초등학교,부산진구,178,13.692307692307692,True,2.872849,학교점 간 직선거리 3km 이하,28
213021196,당감초등학교,부산진구,172,215021501,주양초등학교,사상구,284,16.705882352941178,False,2.90152,학교점 간 직선거리 3km 이하,29
213021196,당감초등학교,부산진구,172,213021460,양정초등학교,부산진구,776,18.926829268292682,False,2.911677,학교점 간 직선거리 3km 이하,30
213021202,당평초등학교,부산진구,223,213021196,당감초등학교,부산진구,172,17.2,True,0.635064,학교점 간 직선거리 3km 이하,1
213021202,당평초등학교,부산진구,223,213021264,동평초등학교,부산진구,513,21.375,False,0.69189,학교점 간 직선거리 3km 이하,2
213021202,당평초등학교,부산진구,223,213021623,개원초등학교,부산진구,457,19.041666666666668,False,0.705303,학교점 간 직선거리 3km 이하,3
213021202,당평초등학교,부산진구,223,213021148,개포초등학교,부산진구,222,15.857142857142858,True,0.835572,학교점 간 직선거리 3km 이하,4
213021202,당평초등학교,부산진구,223,213021124,가야초등학교,부산진구,961,21.84090909090909,False,0.86607,학교점 간 직선거리 3km 이하,5
213021202,당평초등학교,부산진구,223,213021106,가남초등학교,부산진구,53,7.571428571428571,True,1.119601,학교점 간 직선거리 3km 이하,6
213021202,당평초등학교,부산진구,223,213021346,부암초등학교,부산진구,697,19.914285714285715,False,1.30013,학교점 간 직선거리 3km 이하,7
213021202,당평초등학교,부산진구,223,213021268,동원초등학교,부산진구,626,22.357142857142858,False,1.351153,학교점 간 직선거리 3km 이하,8
213021202,당평초등학교,부산진구,223,213021154,개화초등학교,부산진구,165,16.5,True,1.366316,학교점 간 직선거리 3km 이하,9
213021202,당평초등학교,부산진구,223,213021142,개금초등학교,부산진구,554,21.307692307692307,False,1.615926,학교점 간 직선거리 3km 이하,10
213021202,당평초등학교,부산진구,223,213021130,가평초등학교,부산진구,623,20.766666666666666,False,1.642596,학교점 간 직선거리 3km 이하,11
213021202,당평초등학교,부산진구,223,213021551,동양초등학교,부산진구,189,15.75,True,1.735807,학교점 간 직선거리 3km 이하,12
213021202,당평초등학교,부산진구,223,213021358,부전초등학교,부산진구,352,18.526315789473685,False,1.788396,학교점 간 직선거리 3km 이하,13
213021202,당평초등학교,부산진구,223,213021257,개림초등학교,부산진구,671,20.96875,False,1.82338,학교점 간 직선거리 3km 이하,14
213021202,당평초등학교,부산진구,223,213021394,선암초등학교,부산진구,121,12.1,True,1.834852,학교점 간 직선거리 3km 이하,15
213021202,당평초등학교,부산진구,223,213021484,연학초등학교,부산진구,355,19.72222222222222,False,1.958176,학교점 간 직선거리 3km 이하,16
213021202,당평초등학교,부산진구,223,213021478,연지초등학교,부산진구,1286,22.964285714285715,False,1.986299,학교점 간 직선거리 3km 이하,17
213021202,당평초등학교,부산진구,223,213021418,성지초등학교,부산진구,458,18.32,False,2.00173,학교점 간 직선거리 3km 이하,18
213021202,당평초등학교,부산진구,223,213021502,주례초등학교,부산진구,299,17.58823529411765,False,2.254546,학교점 간 직선거리 3km 이하,19
213021202,당평초등학교,부산진구,223,215021501,주양초등학교,사상구,284,16.705882352941178,False,2.270141,학교점 간 직선거리 3km 이하,20
213021202,당평초등학교,부산진구,223,213021352,부산진초등학교,부산진구,437,18.208333333333332,False,2.306825,학교점 간 직선거리 3km 이하,21
213021202,당평초등학교,부산진구,223,213021490,전포초등학교,부산진구,348,16.571428571428573,False,2.576499,학교점 간 직선거리 3km 이하,22
213021202,당평초등학교,부산진구,223,215021514,주학초등학교,사상구,42,6.0,True,2.706647,학교점 간 직선거리 3km 이하,23
213021202,당평초등학교,부산진구,223,213021526,초읍초등학교,부산진구,425,19.318181818181817,False,2.740456,학교점 간 직선거리 3km 이하,24
213021202,당평초등학교,부산진구,223,213021283,범일초등학교,동구,181,13.923076923076923,True,2.766456,학교점 간 직선거리 3km 이하,25
213021202,당평초등학교,부산진구,223,213021412,성전초등학교,부산진구,442,21.047619047619047,False,2.856433,학교점 간 직선거리 3km 이하,26
213021202,당평초등학교,부산진구,223,213021454,양성초등학교,부산진구,299,16.61111111111111,False,2.98566,학교점 간 직선거리 3km 이하,27
213021551,동양초등학교,부산진구,189,213021268,동원초등학교,부산진구,626,22.357142857142858,False,0.389371,학교점 간 직선거리 3km 이하,1
213021551,동양초등학교,부산진구,189,213021264,동평초등학교,부산진구,513,21.375,False,1.07587,학교점 간 직선거리 3km 이하,2
213021551,동양초등학교,부산진구,189,213021623,개원초등학교,부산진구,457,19.041666666666668,False,1.362894,학교점 간 직선거리 3km 이하,3
213021551,동양초등학교,부산진구,189,213021484,연학초등학교,부산진구,355,19.72222222222222,False,1.444947,학교점 간 직선거리 3km 이하,4
213021551,동양초등학교,부산진구,189,213021196,당감초등학교,부산진구,172,17.2,True,1.675794,학교점 간 직선거리 3km 이하,5
213021551,동양초등학교,부산진구,189,213021202,당평초등학교,부산진구,223,17.153846153846153,True,1.735807,학교점 간 직선거리 3km 이하,6
213021551,동양초등학교,부산진구,189,213021478,연지초등학교,부산진구,1286,22.964285714285715,False,1.997011,학교점 간 직선거리 3km 이하,7
213021551,동양초등학교,부산진구,189,213021148,개포초등학교,부산진구,222,15.857142857142858,True,2.018534,학교점 간 직선거리 3km 이하,8
213021551,동양초등학교,부산진구,189,213021346,부암초등학교,부산진구,697,19.914285714285715,False,2.093089,학교점 간 직선거리 3km 이하,9
213021551,동양초등학교,부산진구,189,213021526,초읍초등학교,부산진구,425,19.318181818181817,False,2.161942,학교점 간 직선거리 3km 이하,10
213021551,동양초등학교,부산진구,189,213021154,개화초등학교,부산진구,165,16.5,True,2.213883,학교점 간 직선거리 3km 이하,11
213021551,동양초등학교,부산진구,189,213021124,가야초등학교,부산진구,961,21.84090909090909,False,2.597887,학교점 간 직선거리 3km 이하,12
213021551,동양초등학교,부산진구,189,213021257,개림초등학교,부산진구,671,20.96875,False,2.621769,학교점 간 직선거리 3km 이하,13
213021551,동양초등학교,부산진구,189,213021142,개금초등학교,부산진구,554,21.307692307692307,False,2.662861,학교점 간 직선거리 3km 이하,14
213021551,동양초등학교,부산진구,189,213021106,가남초등학교,부산진구,53,7.571428571428571,True,2.743389,학교점 간 직선거리 3km 이하,15
213021551,동양초등학교,부산진구,189,213021418,성지초등학교,부산진구,458,18.32,False,2.750166,학교점 간 직선거리 3km 이하,16
213021551,동양초등학교,부산진구,189,215021343,모동초등학교,사상구,46,6.571428571428571,True,2.796408,학교점 간 직선거리 3km 이하,17
213021551,동양초등학교,부산진구,189,215021462,신덕초등학교,북구,215,15.357142857142858,True,2.917968,학교점 간 직선거리 3km 이하,18
213021551,동양초등학교,부산진구,189,215021532,포천초등학교,북구,399,19.0,False,2.966456,학교점 간 직선거리 3km 이하,19
213021394,선암초등학교,부산진구,121,213021352,부산진초등학교,부산진구,437,18.208333333333332,False,0.67714,학교점 간 직선거리 3km 이하,1
213021394,선암초등학교,부산진구,121,213021106,가남초등학교,부산진구,53,7.571428571428571,True,0.720466,학교점 간 직선거리 3km 이하,2
213021394,선암초등학교,부산진구,121,213021358,부전초등학교,부산진구,352,18.526315789473685,False,0.730158,학교점 간 직선거리 3km 이하,3
213021394,선암초등학교,부산진구,121,213021283,범일초등학교,동구,181,13.923076923076923,True,1.089569,학교점 간 직선거리 3km 이하,4
213021394,선암초등학교,부산진구,121,213021124,가야초등학교,부산진구,961,21.84090909090909,False,1.246848,학교점 간 직선거리 3km 이하,5
213021394,선암초등학교,부산진구,121,213021406,성서초등학교,부산진구,178,13.692307692307692,True,1.31731,학교점 간 직선거리 3km 이하,6
213021394,선암초등학교,부산진구,121,213021490,전포초등학교,부산진구,348,16.571428571428573,False,1.729243,학교점 간 직선거리 3km 이하,7
213021394,선암초등학교,부산진구,121,213021346,부암초등학교,부산진구,697,19.914285714285715,False,1.734045,학교점 간 직선거리 3km 이하,8
213021394,선암초등학교,부산진구,121,213021335,수성초등학교,동구,124,13.777777777777779,True,1.74054,학교점 간 직선거리 3km 이하,9
213021394,선암초등학교,부산진구,121,213021269,성북초등학교,부산진구,616,20.533333333333335,False,1.773198,학교점 간 직선거리 3km 이하,10
213021394,선암초등학교,부산진구,121,213021196,당감초등학교,부산진구,172,17.2,True,1.795717,학교점 간 직선거리 3km 이하,11
213021394,선암초등학교,부산진구,121,213021295,성남초등학교,동구,567,20.25,False,1.800188,학교점 간 직선거리 3km 이하,12
213021394,선암초등학교,부산진구,121,213021418,성지초등학교,부산진구,458,18.32,False,1.806334,학교점 간 직선거리 3km 이하,13
213021394,선암초등학교,부산진구,121,213021202,당평초등학교,부산진구,223,17.153846153846153,True,1.834852,학교점 간 직선거리 3km 이하,14
213021394,선암초등학교,부산진구,121,213021300,성동초등학교,남구,753,21.514285714285716,False,1.943748,학교점 간 직선거리 3km 이하,15
213021394,선암초등학교,부산진구,121,213021345,수정초등학교,동구,335,18.61111111111111,False,2.018882,학교점 간 직선거리 3km 이하,16
213021394,선암초등학교,부산진구,121,213021130,가평초등학교,부산진구,623,20.766666666666666,False,2.107451,학교점 간 직선거리 3km 이하,17
213021394,선암초등학교,부산진구,121,213021210,문현초등학교,남구,485,17.962962962962962,False,2.239062,학교점 간 직선거리 3km 이하,18
213021394,선암초등학교,부산진구,121,213021412,성전초등학교,부산진구,442,21.047619047619047,False,2.274534,학교점 간 직선거리 3km 이하,19
213021394,선암초등학교,부산진구,121,213021148,개포초등학교,부산진구,222,15.857142857142858,True,2.287102,학교점 간 직선거리 3km 이하,20
213021394,선암초등학교,부산진구,121,213021264,동평초등학교,부산진구,513,21.375,False,2.386798,학교점 간 직선거리 3km 이하,21
213021394,선암초등학교,부산진구,121,213021623,개원초등학교,부산진구,457,19.041666666666668,False,2.515111,학교점 간 직선거리 3km 이하,22
213021394,선암초등학교,부산진구,121,213021478,연지초등학교,부산진구,1286,22.964285714285715,False,2.607694,학교점 간 직선거리 3km 이하,23
213021394,선암초등학교,부산진구,121,213021502,주례초등학교,부산진구,299,17.58823529411765,False,2.711576,학교점 간 직선거리 3km 이하,24
213021394,선암초등학교,부산진구,121,213021142,개금초등학교,부산진구,554,21.307692307692307,False,2.729742,학교점 간 직선거리 3km 이하,25
213021394,선암초등학교,부산진구,121,213021154,개화초등학교,부산진구,165,16.5,True,2.772379,학교점 간 직선거리 3km 이하,26
213021394,선암초등학교,부산진구,121,213021454,양성초등학교,부산진구,299,16.61111111111111,False,2.808753,학교점 간 직선거리 3km 이하,27
213021394,선암초등학교,부산진구,121,213021213,성천초등학교,남구,122,12.2,True,2.96123,학교점 간 직선거리 3km 이하,28
213021394,선암초등학교,부산진구,121,213021175,동일중앙초등학교,동구,898,22.45,False,2.971121,학교점 간 직선거리 3km 이하,29
213021406,성서초등학교,부산진구,178,213021300,성동초등학교,남구,753,21.514285714285716,False,0.631667,학교점 간 직선거리 3km 이하,1
213021406,성서초등학교,부산진구,178,213021352,부산진초등학교,부산진구,437,18.208333333333332,False,0.779206,학교점 간 직선거리 3km 이하,2
213021406,성서초등학교,부산진구,178,213021269,성북초등학교,부산진구,616,20.533333333333335,False,0.874154,학교점 간 직선거리 3km 이하,3
213021406,성서초등학교,부산진구,178,213021210,문현초등학교,남구,485,17.962962962962962,False,0.967021,학교점 간 직선거리 3km 이하,4
213021406,성서초등학교,부산진구,178,213021295,성남초등학교,동구,567,20.25,False,1.149604,학교점 간 직선거리 3km 이하,5
213021406,성서초등학교,부산진구,178,213021283,범일초등학교,동구,181,13.923076923076923,True,1.306577,학교점 간 직선거리 3km 이하,6
213021406,성서초등학교,부산진구,178,213021394,선암초등학교,부산진구,121,12.1,True,1.31731,학교점 간 직선거리 3km 이하,7
213021406,성서초등학교,부산진구,178,213021358,부전초등학교,부산진구,352,18.526315789473685,False,1.383719,학교점 간 직선거리 3km 이하,8
213021406,성서초등학교,부산진구,178,213021490,전포초등학교,부산진구,348,16.571428571428573,False,1.601464,학교점 간 직선거리 3km 이하,9
213021406,성서초등학교,부산진구,178,213021213,성천초등학교,남구,122,12.2,True,1.818326,학교점 간 직선거리 3km 이하,10
213021406,성서초등학교,부산진구,178,213021106,가남초등학교,부산진구,53,7.571428571428571,True,1.969463,학교점 간 직선거리 3km 이하,11
213021406,성서초등학교,부산진구,178,213021345,수정초등학교,동구,335,18.61111111111111,False,2.089756,학교점 간 직선거리 3km 이하,12
213021406,성서초등학교,부산진구,178,213021412,성전초등학교,부산진구,442,21.047619047619047,False,2.133599,학교점 간 직선거리 3km 이하,13
213021406,성서초등학교,부산진구,178,213021335,수성초등학교,동구,124,13.777777777777779,True,2.136374,학교점 간 직선거리 3km 이하,14
213021406,성서초등학교,부산진구,178,213021370,연포초등학교,남구,1226,23.576923076923077,False,2.164076,학교점 간 직선거리 3km 이하,15
213021406,성서초등학교,부산진구,178,213021418,성지초등학교,부산진구,458,18.32,False,2.189363,학교점 간 직선거리 3km 이하,16
213021406,성서초등학교,부산진구,178,213021410,우암초등학교,남구,267,17.8,False,2.53476,학교점 간 직선거리 3km 이하,17
213021406,성서초등학교,부산진구,178,213021346,부암초등학교,부산진구,697,19.914285714285715,False,2.534794,학교점 간 직선거리 3km 이하,18
213021406,성서초등학교,부산진구,178,213021124,가야초등학교,부산진구,961,21.84090909090909,False,2.563937,학교점 간 직선거리 3km 이하,19
213021406,성서초등학교,부산진구,178,213021454,양성초등학교,부산진구,299,16.61111111111111,False,2.829287,학교점 간 직선거리 3km 이하,20
213021406,성서초등학교,부산진구,178,213021150,대연초등학교,남구,784,21.77777777777778,False,2.865038,학교점 간 직선거리 3km 이하,21
213021406,성서초등학교,부산진구,178,213021196,당감초등학교,부산진구,172,17.2,True,2.872849,학교점 간 직선거리 3km 이하,22
215021172,금창초등학교,북구,111,215021163,금곡초등학교,북구,271,19.357142857142858,False,0.495162,학교점 간 직선거리 3km 이하,1
215021172,금창초등학교,북구,111,215021460,신금초등학교,북구,244,16.266666666666666,False,1.705582,학교점 간 직선거리 3km 이하,2
215021172,금창초등학교,북구,111,215021235,대천리초등학교,북구,198,16.5,True,2.597005,학교점 간 직선거리 3km 이하,3
215021172,금창초등학교,북구,111,215021559,화명초등학교,북구,511,18.925925925925927,False,2.60719,학교점 간 직선거리 3km 이하,4
215021172,금창초등학교,북구,111,215021165,금명초등학교,북구,471,21.40909090909091,False,2.777752,학교점 간 직선거리 3km 이하,5
215021235,대천리초등학교,북구,198,215021559,화명초등학교,북구,511,18.925925925925927,False,0.416193,학교점 간 직선거리 3km 이하,1
215021235,대천리초등학교,북구,198,215021565,화잠초등학교,북구,399,21.0,False,0.865373,학교점 간 직선거리 3km 이하,2
215021235,대천리초등학교,북구,198,215021165,금명초등학교,북구,471,21.40909090909091,False,1.063049,학교점 간 직선거리 3km 이하,3
215021235,대천리초등학교,북구,198,215021460,신금초등학교,북구,244,16.266666666666666,False,1.179466,학교점 간 직선거리 3km 이하,4
215021235,대천리초등학교,북구,198,215021326,명진초등학교,북구,559,21.5,False,1.189906,학교점 간 직선거리 3km 이하,5
215021235,대천리초등학교,북구,198,215021005,와석초등학교,북구,479,19.16,False,1.37403,학교점 간 직선거리 3km 이하,6
215021235,대천리초등학교,북구,198,215021538,학사초등학교,북구,415,19.761904761904763,False,1.801651,학교점 간 직선거리 3km 이하,7
215021235,대천리초등학교,북구,198,215021502,용수초등학교,북구,737,21.057142857142857,False,1.922545,학교점 간 직선거리 3km 이하,8
215021235,대천리초등학교,북구,198,215021316,명덕초등학교,북구,642,21.4,False,2.124368,학교점 간 직선거리 3km 이하,9
215021235,대천리초등학교,북구,198,215021163,금곡초등학교,북구,271,19.357142857142858,False,2.213062,학교점 간 직선거리 3km 이하,10
215021235,대천리초등학교,북구,198,215021172,금창초등학교,북구,111,11.1,True,2.597005,학교점 간 직선거리 3km 이하,11
215021235,대천리초등학교,북구,198,215021879,화정초등학교,북구,699,21.84375,False,2.926049,학교점 간 직선거리 3km 이하,12
215021280,덕천초등학교,북구,81,215021271,덕성초등학교,북구,327,17.210526315789473,False,0.542287,학교점 간 직선거리 3km 이하,1
215021280,덕천초등학교,북구,81,215021478,양덕초등학교,북구,140,14.0,True,0.544589,학교점 간 직선거리 3km 이하,2
215021280,덕천초등학교,북구,81,215021145,구포초등학교,북구,545,17.580645161290324,False,0.842006,학교점 간 직선거리 3km 이하,3
215021280,덕천초등학교,북구,81,215021465,신천초등학교,북구,161,13.416666666666666,True,0.909295,학교점 간 직선거리 3km 이하,4
215021280,덕천초등학교,북구,81,215021879,화정초등학교,북구,699,21.84375,False,1.121346,학교점 간 직선거리 3km 이하,5
215021280,덕천초등학교,북구,81,215021487,양천초등학교,북구,100,11.11111111111111,True,1.149202,학교점 간 직선거리 3km 이하,6
215021280,덕천초등학교,북구,81,215021532,포천초등학교,북구,399,19.0,False,1.326067,학교점 간 직선거리 3km 이하,7
215021280,덕천초등학교,북구,81,215021274,덕양초등학교,북구,328,19.294117647058822,False,1.489573,학교점 간 직선거리 3km 이하,8
215021280,덕천초등학교,북구,81,215021136,구남초등학교,북구,410,18.636363636363637,False,1.504709,학교점 간 직선거리 3km 이하,9
215021280,덕천초등학교,북구,81,215021316,명덕초등학교,북구,642,21.4,False,1.944333,학교점 간 직선거리 3km 이하,10
215021280,덕천초등학교,북구,81,215021307,만덕초등학교,북구,407,20.35,False,2.139885,학교점 간 직선거리 3km 이하,11
215021280,덕천초등학교,북구,81,215021502,용수초등학교,북구,737,21.057142857142857,False,2.307235,학교점 간 직선거리 3km 이하,12
215021280,덕천초등학교,북구,81,215021379,백산초등학교,북구,544,21.76,False,2.399178,학교점 간 직선거리 3km 이하,13
215021280,덕천초등학교,북구,81,215021462,신덕초등학교,북구,215,15.357142857142858,True,2.428227,학교점 간 직선거리 3km 이하,14
215021280,덕천초등학교,북구,81,215021208,대상초등학교,강서구,30,4.285714285714286,True,2.496968,학교점 간 직선거리 3km 이하,15
215021280,덕천초등학교,북구,81,215021388,백양초등학교,북구,906,21.571428571428573,False,2.518442,학교점 간 직선거리 3km 이하,16
215021280,덕천초등학교,북구,81,215021538,학사초등학교,북구,415,19.761904761904763,False,2.555138,학교점 간 직선거리 3km 이하,17
215021280,덕천초등학교,북구,81,215021343,모동초등학교,사상구,46,6.571428571428571,True,2.613748,학교점 간 직선거리 3km 이하,18
215021280,덕천초등학교,북구,81,215021005,와석초등학교,북구,479,19.16,False,2.664552,학교점 간 직선거리 3km 이하,19
215021280,덕천초등학교,북구,81,215021361,모산초등학교,사상구,282,20.142857142857142,False,2.733016,학교점 간 직선거리 3km 이하,20
215021280,덕천초등학교,북구,81,215021352,모라초등학교,사상구,121,12.1,True,2.757032,학교점 간 직선거리 3km 이하,21
215021462,신덕초등학교,북구,215,215021388,백양초등학교,북구,906,21.571428571428573,False,0.557747,학교점 간 직선거리 3km 이하,1
215021462,신덕초등학교,북구,215,215021379,백산초등학교,북구,544,21.76,False,1.006151,학교점 간 직선거리 3km 이하,2
215021462,신덕초등학교,북구,215,215021274,덕양초등학교,북구,328,19.294117647058822,False,1.115476,학교점 간 직선거리 3km 이하,3
215021462,신덕초등학교,북구,215,215021307,만덕초등학교,북구,407,20.35,False,1.38558,학교점 간 직선거리 3km 이하,4
215021462,신덕초등학교,북구,215,215021487,양천초등학교,북구,100,11.11111111111111,True,1.411383,학교점 간 직선거리 3km 이하,5
215021462,신덕초등학교,북구,215,215021428,상학초등학교,북구,263,18.785714285714285,False,1.873827,학교점 간 직선거리 3km 이하,6
215021462,신덕초등학교,북구,215,215021478,양덕초등학교,북구,140,14.0,True,1.912832,학교점 간 직선거리 3km 이하,7
215021462,신덕초등학교,북구,215,214021325,사직초등학교,동래구,951,23.775,False,1.981441,학교점 간 직선거리 3km 이하,8
215021462,신덕초등학교,북구,215,215021465,신천초등학교,북구,161,13.416666666666666,True,2.202344,학교점 간 직선거리 3km 이하,9
215021462,신덕초등학교,북구,215,215021532,포천초등학교,북구,399,19.0,False,2.249835,학교점 간 직선거리 3km 이하,10
215021462,신덕초등학교,북구,215,214021249,예원초등학교,동래구,878,25.085714285714285,False,2.392696,학교점 간 직선거리 3km 이하,11
215021462,신덕초등학교,북구,215,215021280,덕천초등학교,북구,81,11.571428571428571,True,2.428227,학교점 간 직선거리 3km 이하,12
215021462,신덕초등학교,북구,215,214021235,달북초등학교,동래구,513,20.52,False,2.499103,학교점 간 직선거리 3km 이하,13
215021462,신덕초등학교,북구,215,215021271,덕성초등학교,북구,327,17.210526315789473,False,2.513544,학교점 간 직선거리 3km 이하,14
215021462,신덕초등학교,북구,215,215021879,화정초등학교,북구,699,21.84375,False,2.670308,학교점 간 직선거리 3km 이하,15
215021462,신덕초등학교,북구,215,214021163,금강초등학교,동래구,757,21.62857142857143,False,2.872965,학교점 간 직선거리 3km 이하,16
215021462,신덕초등학교,북구,215,215021145,구포초등학교,북구,545,17.580645161290324,False,2.904375,학교점 간 직선거리 3km 이하,17
215021462,신덕초등학교,북구,215,213021551,동양초등학교,부산진구,189,15.75,True,2.917968,학교점 간 직선거리 3km 이하,18
215021465,신천초등학교,북구,161,215021532,포천초등학교,북구,399,19.0,False,0.417575,학교점 간 직선거리 3km 이하,1
215021465,신천초등학교,북구,161,215021478,양덕초등학교,북구,140,14.0,True,0.681212,학교점 간 직선거리 3km 이하,2
215021465,신천초등학교,북구,161,215021145,구포초등학교,북구,545,17.580645161290324,False,0.765727,학교점 간 직선거리 3km 이하,3
215021465,신천초등학교,북구,161,215021280,덕천초등학교,북구,81,11.571428571428571,True,0.909295,학교점 간 직선거리 3km 이하,4
215021465,신천초등학교,북구,161,215021136,구남초등학교,북구,410,18.636363636363637,False,1.369606,학교점 간 직선거리 3km 이하,5
215021465,신천초등학교,북구,161,215021487,양천초등학교,북구,100,11.11111111111111,True,1.408171,학교점 간 직선거리 3km 이하,6
215021465,신천초등학교,북구,161,215021271,덕성초등학교,북구,327,17.210526315789473,False,1.425909,학교점 간 직선거리 3km 이하,7
215021465,신천초등학교,북구,161,215021274,덕양초등학교,북구,328,19.294117647058822,False,1.64987,학교점 간 직선거리 3km 이하,8
215021465,신천초등학교,북구,161,215021343,모동초등학교,사상구,46,6.571428571428571,True,1.789343,학교점 간 직선거리 3km 이하,9
215021465,신천초등학교,북구,161,215021879,화정초등학교,북구,699,21.84375,False,1.981751,학교점 간 직선거리 3km 이하,10
215021465,신천초등학교,북구,161,215021361,모산초등학교,사상구,282,20.142857142857142,False,2.034476,학교점 간 직선거리 3km 이하,11
215021465,신천초등학교,북구,161,215021462,신덕초등학교,북구,215,15.357142857142858,True,2.202344,학교점 간 직선거리 3km 이하,12
215021465,신천초등학교,북구,161,215021352,모라초등학교,사상구,121,12.1,True,2.323061,학교점 간 직선거리 3km 이하,13
215021465,신천초등학교,북구,161,215021307,만덕초등학교,북구,407,20.35,False,2.459228,학교점 간 직선거리 3km 이하,14
215021465,신천초등학교,북구,161,215021334,모덕초등학교,사상구,557,19.892857142857142,False,2.481194,학교점 간 직선거리 3km 이하,15
215021465,신천초등학교,북구,161,215021388,백양초등학교,북구,906,21.571428571428573,False,2.488484,학교점 간 직선거리 3km 이하,16
215021465,신천초등학교,북구,161,215021379,백산초등학교,북구,544,21.76,False,2.550186,학교점 간 직선거리 3km 이하,17
215021465,신천초등학교,북구,161,215021316,명덕초등학교,북구,642,21.4,False,2.798672,학교점 간 직선거리 3km 이하,18
215021465,신천초등학교,북구,161,215021208,대상초등학교,강서구,30,4.285714285714286,True,2.999112,학교점 간 직선거리 3km 이하,19
215021478,양덕초등학교,북구,140,215021280,덕천초등학교,북구,81,11.571428571428571,True,0.544589,학교점 간 직선거리 3km 이하,1
215021478,양덕초등학교,북구,140,215021465,신천초등학교,북구,161,13.416666666666666,True,0.681212,학교점 간 직선거리 3km 이하,2
215021478,양덕초등학교,북구,140,215021487,양천초등학교,북구,100,11.11111111111111,True,0.787754,학교점 간 직선거리 3km 이하,3
215021478,양덕초등학교,북구,140,215021271,덕성초등학교,북구,327,17.210526315789473,False,0.887163,학교점 간 직선거리 3km 이하,4
215021478,양덕초등학교,북구,140,215021532,포천초등학교,북구,399,19.0,False,1.057894,학교점 간 직선거리 3km 이하,5
215021478,양덕초등학교,북구,140,215021145,구포초등학교,북구,545,17.580645161290324,False,1.078828,학교점 간 직선거리 3km 이하,6
215021478,양덕초등학교,북구,140,215021274,덕양초등학교,북구,328,19.294117647058822,False,1.088324,학교점 간 직선거리 3km 이하,7
215021478,양덕초등학교,북구,140,215021879,화정초등학교,북구,699,21.84375,False,1.378,학교점 간 직선거리 3km 이하,8
215021478,양덕초등학교,북구,140,215021136,구남초등학교,북구,410,18.636363636363637,False,1.780994,학교점 간 직선거리 3km 이하,9
215021478,양덕초등학교,북구,140,215021307,만덕초등학교,북구,407,20.35,False,1.848326,학교점 간 직선거리 3km 이하,10
215021478,양덕초등학교,북구,140,215021462,신덕초등학교,북구,215,15.357142857142858,True,1.912832,학교점 간 직선거리 3km 이하,11
215021478,양덕초등학교,북구,140,215021379,백산초등학교,북구,544,21.76,False,2.017777,학교점 간 직선거리 3km 이하,12
215021478,양덕초등학교,북구,140,215021388,백양초등학교,북구,906,21.571428571428573,False,2.06154,학교점 간 직선거리 3km 이하,13
215021478,양덕초등학교,북구,140,215021316,명덕초등학교,북구,642,21.4,False,2.171491,학교점 간 직선거리 3km 이하,14
215021478,양덕초등학교,북구,140,215021343,모동초등학교,사상구,46,6.571428571428571,True,2.467763,학교점 간 직선거리 3km 이하,15
215021478,양덕초등학교,북구,140,215021502,용수초등학교,북구,737,21.057142857142857,False,2.592401,학교점 간 직선거리 3km 이하,16
215021478,양덕초등학교,북구,140,215021361,모산초등학교,사상구,282,20.142857142857142,False,2.706638,학교점 간 직선거리 3km 이하,17
215021478,양덕초등학교,북구,140,215021005,와석초등학교,북구,479,19.16,False,2.809413,학교점 간 직선거리 3km 이하,18
215021478,양덕초등학교,북구,140,215021538,학사초등학교,북구,415,19.761904761904763,False,2.855751,학교점 간 직선거리 3km 이하,19
215021478,양덕초등학교,북구,140,215021352,모라초등학교,사상구,121,12.1,True,2.910991,학교점 간 직선거리 3km 이하,20
215021478,양덕초등학교,북구,140,215021428,상학초등학교,북구,263,18.785714285714285,False,2.929063,학교점 간 직선거리 3km 이하,21
215021487,양천초등학교,북구,100,215021274,덕양초등학교,북구,328,19.294117647058822,False,0.344555,학교점 간 직선거리 3km 이하,1
215021487,양천초등학교,북구,100,215021478,양덕초등학교,북구,140,14.0,True,0.787754,학교점 간 직선거리 3km 이하,2
215021487,양천초등학교,북구,100,215021307,만덕초등학교,북구,407,20.35,False,1.061951,학교점 간 직선거리 3km 이하,3
215021487,양천초등학교,북구,100,215021271,덕성초등학교,북구,327,17.210526315789473,False,1.110713,학교점 간 직선거리 3km 이하,4
215021487,양천초등학교,북구,100,215021280,덕천초등학교,북구,81,11.571428571428571,True,1.149202,학교점 간 직선거리 3km 이하,5
215021487,양천초등학교,북구,100,215021379,백산초등학교,북구,544,21.76,False,1.254019,학교점 간 직선거리 3km 이하,6
215021487,양천초등학교,북구,100,215021879,화정초등학교,북구,699,21.84375,False,1.289169,학교점 간 직선거리 3km 이하,7
215021487,양천초등학교,북구,100,215021388,백양초등학교,북구,906,21.571428571428573,False,1.388654,학교점 간 직선거리 3km 이하,8
215021487,양천초등학교,북구,100,215021465,신천초등학교,북구,161,13.416666666666666,True,1.408171,학교점 간 직선거리 3km 이하,9
215021487,양천초등학교,북구,100,215021462,신덕초등학교,북구,215,15.357142857142858,True,1.411383,학교점 간 직선거리 3km 이하,10
215021487,양천초등학교,북구,100,215021532,포천초등학교,북구,399,19.0,False,1.706114,학교점 간 직선거리 3km 이하,11
215021487,양천초등학교,북구,100,215021145,구포초등학교,북구,545,17.580645161290324,False,1.857094,학교점 간 직선거리 3km 이하,12
215021487,양천초등학교,북구,100,215021316,명덕초등학교,북구,642,21.4,False,1.896346,학교점 간 직선거리 3km 이하,13
215021487,양천초등학교,북구,100,215021428,상학초등학교,북구,263,18.785714285714285,False,2.141826,학교점 간 직선거리 3km 이하,14
215021487,양천초등학교,북구,100,215021005,와석초등학교,북구,479,19.16,False,2.367368,학교점 간 직선거리 3km 이하,15
215021487,양천초등학교,북구,100,215021502,용수초등학교,북구,737,21.057142857142857,False,2.36844,학교점 간 직선거리 3km 이하,16
215021487,양천초등학교,북구,100,215021136,구남초등학교,북구,410,18.636363636363637,False,2.559888,학교점 간 직선거리 3km 이하,17
215021487,양천초등학교,북구,100,215021538,학사초등학교,북구,415,19.761904761904763,False,2.638856,학교점 간 직선거리 3km 이하,18
215021487,양천초등학교,북구,100,215021565,화잠초등학교,북구,399,21.0,False,2.936217,학교점 간 직선거리 3km 이하,19
215021118,감전초등학교,사상구,116,215021433,서감초등학교,사상구,114,12.666666666666666,True,0.6448,학교점 간 직선거리 3km 이하,1
215021118,감전초등학교,사상구,116,215021541,학장초등학교,사상구,194,14.923076923076923,True,1.128643,학교점 간 직선거리 3km 이하,2
215021118,감전초등학교,사상구,116,215021505,주감초등학교,사상구,611,21.06896551724138,False,1.186831,학교점 간 직선거리 3km 이하,3
215021118,감전초등학교,사상구,116,215021397,사상초등학교,사상구,333,17.526315789473685,False,1.419823,학교점 간 직선거리 3km 이하,4
215021118,감전초등학교,사상구,116,215021519,창진초등학교,사상구,413,20.65,False,1.521375,학교점 간 직선거리 3km 이하,5
215021118,감전초등학교,사상구,116,215021298,동주초등학교,사상구,421,19.136363636363637,False,1.812315,학교점 간 직선거리 3km 이하,6
215021118,감전초등학교,사상구,116,215021154,구학초등학교,사상구,405,20.25,False,2.022309,학교점 간 직선거리 3km 이하,7
215021118,감전초등학교,사상구,116,215021289,덕포초등학교,사상구,134,13.4,True,2.032723,학교점 간 직선거리 3km 이하,8
215021118,감전초등학교,사상구,116,215021262,덕상초등학교,사상구,371,19.526315789473685,False,2.114696,학교점 간 직선거리 3km 이하,9
215021118,감전초등학교,사상구,116,215021501,주양초등학교,사상구,284,16.705882352941178,False,2.152298,학교점 간 직선거리 3km 이하,10
215021118,감전초등학교,사상구,116,215021415,삼덕초등학교,사상구,104,13.0,True,2.242997,학교점 간 직선거리 3km 이하,11
215021118,감전초등학교,사상구,116,215021514,주학초등학교,사상구,42,6.0,True,2.395785,학교점 간 직선거리 3km 이하,12
215021118,감전초등학교,사상구,116,213021257,개림초등학교,부산진구,671,20.96875,False,2.507874,학교점 간 직선거리 3km 이하,13
215021118,감전초등학교,사상구,116,215021550,학진초등학교,사상구,424,19.272727272727273,False,2.8068,학교점 간 직선거리 3km 이하,14
215021118,감전초등학교,사상구,116,213021142,개금초등학교,부산진구,554,21.307692307692307,False,2.82246,학교점 간 직선거리 3km 이하,15
215021118,감전초등학교,사상구,116,213021154,개화초등학교,부산진구,165,16.5,True,2.927892,학교점 간 직선거리 3km 이하,16
215021289,덕포초등학교,사상구,134,215021262,덕상초등학교,사상구,371,19.526315789473685,False,0.430114,학교점 간 직선거리 3km 이하,1
215021289,덕포초등학교,사상구,134,215021415,삼덕초등학교,사상구,104,13.0,True,0.681902,학교점 간 직선거리 3km 이하,2
215021289,덕포초등학교,사상구,134,215021397,사상초등학교,사상구,333,17.526315789473685,False,0.759207,학교점 간 직선거리 3km 이하,3
215021289,덕포초등학교,사상구,134,215021334,모덕초등학교,사상구,557,19.892857142857142,False,1.112406,학교점 간 직선거리 3km 이하,4
215021289,덕포초등학교,사상구,134,215021519,창진초등학교,사상구,413,20.65,False,1.139962,학교점 간 직선거리 3km 이하,5
215021289,덕포초등학교,사상구,134,215021361,모산초등학교,사상구,282,20.142857142857142,False,1.552567,학교점 간 직선거리 3km 이하,6
215021289,덕포초등학교,사상구,134,215021352,모라초등학교,사상구,121,12.1,True,1.78886,학교점 간 직선거리 3km 이하,7
215021289,덕포초등학교,사상구,134,215021433,서감초등학교,사상구,114,12.666666666666666,True,1.824389,학교점 간 직선거리 3km 이하,8
215021289,덕포초등학교,사상구,134,215021343,모동초등학교,사상구,46,6.571428571428571,True,1.913945,학교점 간 직선거리 3km 이하,9
215021289,덕포초등학교,사상구,134,215021118,감전초등학교,사상구,116,14.5,True,2.032723,학교점 간 직선거리 3km 이하,10
215021289,덕포초등학교,사상구,134,215021505,주감초등학교,사상구,611,21.06896551724138,False,2.631259,학교점 간 직선거리 3km 이하,11
215021289,덕포초등학교,사상구,134,215021253,덕두초등학교,강서구,201,15.461538461538462,True,2.754886,학교점 간 직선거리 3km 이하,12
215021343,모동초등학교,사상구,46,215021361,모산초등학교,사상구,282,20.142857142857142,False,0.611811,학교점 간 직선거리 3km 이하,1
215021343,모동초등학교,사상구,46,215021334,모덕초등학교,사상구,557,19.892857142857142,False,0.949747,학교점 간 직선거리 3km 이하,2
215021343,모동초등학교,사상구,46,215021532,포천초등학교,북구,399,19.0,False,1.426767,학교점 간 직선거리 3km 이하,3
215021343,모동초등학교,사상구,46,215021352,모라초등학교,사상구,121,12.1,True,1.507059,학교점 간 직선거리 3km 이하,4
215021343,모동초등학교,사상구,46,215021262,덕상초등학교,사상구,371,19.526315789473685,False,1.552068,학교점 간 직선거리 3km 이하,5
215021343,모동초등학교,사상구,46,215021465,신천초등학교,북구,161,13.416666666666666,True,1.789343,학교점 간 직선거리 3km 이하,6
215021343,모동초등학교,사상구,46,215021136,구남초등학교,북구,410,18.636363636363637,False,1.835839,학교점 간 직선거리 3km 이하,7
215021343,모동초등학교,사상구,46,215021289,덕포초등학교,사상구,134,13.4,True,1.913945,학교점 간 직선거리 3km 이하,8
215021343,모동초등학교,사상구,46,215021145,구포초등학교,북구,545,17.580645161290324,False,1.944484,학교점 간 직선거리 3km 이하,9
215021343,모동초등학교,사상구,46,215021415,삼덕초등학교,사상구,104,13.0,True,2.456145,학교점 간 직선거리 3km 이하,10
215021343,모동초등학교,사상구,46,215021478,양덕초등학교,북구,140,14.0,True,2.467763,학교점 간 직선거리 3km 이하,11
215021343,모동초등학교,사상구,46,215021280,덕천초등학교,북구,81,11.571428571428571,True,2.613748,학교점 간 직선거리 3km 이하,12
215021343,모동초등학교,사상구,46,215021397,사상초등학교,사상구,333,17.526315789473685,False,2.615012,학교점 간 직선거리 3km 이하,13
215021343,모동초등학교,사상구,46,213021551,동양초등학교,부산진구,189,15.75,True,2.796408,학교점 간 직선거리 3km 이하,14
215021343,모동초등학교,사상구,46,213021268,동원초등학교,부산진구,626,22.357142857142858,False,2.983752,학교점 간 직선거리 3km 이하,15
215021352,모라초등학교,사상구,121,215021361,모산초등학교,사상구,282,20.142857142857142,False,0.93294,학교점 간 직선거리 3km 이하,1
215021352,모라초등학교,사상구,121,215021334,모덕초등학교,사상구,557,19.892857142857142,False,0.957206,학교점 간 직선거리 3km 이하,2
215021352,모라초등학교,사상구,121,215021136,구남초등학교,북구,410,18.636363636363637,False,1.310072,학교점 간 직선거리 3km 이하,3
215021352,모라초등학교,사상구,121,215021343,모동초등학교,사상구,46,6.571428571428571,True,1.507059,학교점 간 직선거리 3km 이하,4
215021352,모라초등학교,사상구,121,215021262,덕상초등학교,사상구,371,19.526315789473685,False,1.742774,학교점 간 직선거리 3km 이하,5
215021352,모라초등학교,사상구,121,215021289,덕포초등학교,사상구,134,13.4,True,1.78886,학교점 간 직선거리 3km 이하,6
215021352,모라초등학교,사상구,121,215021415,삼덕초등학교,사상구,104,13.0,True,1.902907,학교점 간 직선거리 3km 이하,7
215021352,모라초등학교,사상구,121,215021145,구포초등학교,북구,545,17.580645161290324,False,1.915258,학교점 간 직선거리 3km 이하,8
215021352,모라초등학교,사상구,121,215021532,포천초등학교,북구,399,19.0,False,2.191528,학교점 간 직선거리 3km 이하,9
215021352,모라초등학교,사상구,121,215021465,신천초등학교,북구,161,13.416666666666666,True,2.323061,학교점 간 직선거리 3km 이하,10
215021352,모라초등학교,사상구,121,215021397,사상초등학교,사상구,333,17.526315789473685,False,2.511418,학교점 간 직선거리 3km 이하,11
215021352,모라초등학교,사상구,121,215021208,대상초등학교,강서구,30,4.285714285714286,True,2.730564,학교점 간 직선거리 3km 이하,12
215021352,모라초등학교,사상구,121,215021280,덕천초등학교,북구,81,11.571428571428571,True,2.757032,학교점 간 직선거리 3km 이하,13
215021352,모라초등학교,사상구,121,215021519,창진초등학교,사상구,413,20.65,False,2.763111,학교점 간 직선거리 3km 이하,14
215021352,모라초등학교,사상구,121,215021478,양덕초등학교,북구,140,14.0,True,2.910991,학교점 간 직선거리 3km 이하,15
215021415,삼덕초등학교,사상구,104,215021289,덕포초등학교,사상구,134,13.4,True,0.681902,학교점 간 직선거리 3km 이하,1
215021415,삼덕초등학교,사상구,104,215021397,사상초등학교,사상구,333,17.526315789473685,False,0.826335,학교점 간 직선거리 3km 이하,2
215021415,삼덕초등학교,사상구,104,215021519,창진초등학교,사상구,413,20.65,False,0.88987,학교점 간 직선거리 3km 이하,3
215021415,삼덕초등학교,사상구,104,215021262,덕상초등학교,사상구,371,19.526315789473685,False,1.104048,학교점 간 직선거리 3km 이하,4
215021415,삼덕초등학교,사상구,104,215021334,모덕초등학교,사상구,557,19.892857142857142,False,1.544406,학교점 간 직선거리 3km 이하,5
215021415,삼덕초등학교,사상구,104,215021433,서감초등학교,사상구,114,12.666666666666666,True,1.842435,학교점 간 직선거리 3km 이하,6
215021415,삼덕초등학교,사상구,104,215021352,모라초등학교,사상구,121,12.1,True,1.902907,학교점 간 직선거리 3km 이하,7
215021415,삼덕초등학교,사상구,104,215021361,모산초등학교,사상구,282,20.142857142857142,False,1.986598,학교점 간 직선거리 3km 이하,8
215021415,삼덕초등학교,사상구,104,215021253,덕두초등학교,강서구,201,15.461538461538462,True,2.073414,학교점 간 직선거리 3km 이하,9
215021415,삼덕초등학교,사상구,104,215021118,감전초등학교,사상구,116,14.5,True,2.242997,학교점 간 직선거리 3km 이하,10
215021415,삼덕초등학교,사상구,104,215021343,모동초등학교,사상구,46,6.571428571428571,True,2.456145,학교점 간 직선거리 3km 이하,11
215021433,서감초등학교,사상구,114,215021118,감전초등학교,사상구,116,14.5,True,0.6448,학교점 간 직선거리 3km 이하,1
215021433,서감초등학교,사상구,114,215021519,창진초등학교,사상구,413,20.65,False,1.003903,학교점 간 직선거리 3km 이하,2
215021433,서감초등학교,사상구,114,215021397,사상초등학교,사상구,333,17.526315789473685,False,1.088968,학교점 간 직선거리 3km 이하,3
215021433,서감초등학교,사상구,114,215021541,학장초등학교,사상구,194,14.923076923076923,True,1.315429,학교점 간 직선거리 3km 이하,4
215021433,서감초등학교,사상구,114,215021505,주감초등학교,사상구,611,21.06896551724138,False,1.82385,학교점 간 직선거리 3km 이하,5
215021433,서감초등학교,사상구,114,215021289,덕포초등학교,사상구,134,13.4,True,1.824389,학교점 간 직선거리 3km 이하,6
215021433,서감초등학교,사상구,114,215021415,삼덕초등학교,사상구,104,13.0,True,1.842435,학교점 간 직선거리 3km 이하,7
215021433,서감초등학교,사상구,114,215021262,덕상초등학교,사상구,371,19.526315789473685,False,2.033369,학교점 간 직선거리 3km 이하,8
215021433,서감초등학교,사상구,114,215021154,구학초등학교,사상구,405,20.25,False,2.411282,학교점 간 직선거리 3km 이하,9
215021433,서감초등학교,사상구,114,215021298,동주초등학교,사상구,421,19.136363636363637,False,2.448517,학교점 간 직선거리 3km 이하,10
215021433,서감초등학교,사상구,114,215021501,주양초등학교,사상구,284,16.705882352941178,False,2.780543,학교점 간 직선거리 3km 이하,11
215021433,서감초등학교,사상구,114,215021550,학진초등학교,사상구,424,19.272727272727273,False,2.823077,학교점 간 직선거리 3km 이하,12
215021433,서감초등학교,사상구,114,215021334,모덕초등학교,사상구,557,19.892857142857142,False,2.904554,학교점 간 직선거리 3km 이하,13
215021514,주학초등학교,사상구,42,215021298,동주초등학교,사상구,421,19.136363636363637,False,0.61319,학교점 간 직선거리 3km 이하,1
215021514,주학초등학교,사상구,42,213021502,주례초등학교,부산진구,299,17.58823529411765,False,0.665495,학교점 간 직선거리 3km 이하,2
215021514,주학초등학교,사상구,42,215021501,주양초등학교,사상구,284,16.705882352941178,False,0.845319,학교점 간 직선거리 3km 이하,3
215021514,주학초등학교,사상구,42,213021142,개금초등학교,부산진구,554,21.307692307692307,False,1.157891,학교점 간 직선거리 3km 이하,4
215021514,주학초등학교,사상구,42,213021257,개림초등학교,부산진구,671,20.96875,False,1.197223,학교점 간 직선거리 3km 이하,5
215021514,주학초등학교,사상구,42,213021130,가평초등학교,부산진구,623,20.766666666666666,False,1.278472,학교점 간 직선거리 3km 이하,6
215021514,주학초등학교,사상구,42,215021505,주감초등학교,사상구,611,21.06896551724138,False,1.305236,학교점 간 직선거리 3km 이하,7
215021514,주학초등학교,사상구,42,213021154,개화초등학교,부산진구,165,16.5,True,1.587532,학교점 간 직선거리 3km 이하,8
215021514,주학초등학교,사상구,42,213021148,개포초등학교,부산진구,222,15.857142857142858,True,1.93333,학교점 간 직선거리 3km 이하,9
215021514,주학초등학교,사상구,42,215021154,구학초등학교,사상구,405,20.25,False,2.038709,학교점 간 직선거리 3km 이하,10
215021514,주학초등학교,사상구,42,213021124,가야초등학교,부산진구,961,21.84090909090909,False,2.356562,학교점 간 직선거리 3km 이하,11
215021514,주학초등학교,사상구,42,215021118,감전초등학교,사상구,116,14.5,True,2.395785,학교점 간 직선거리 3km 이하,12
215021514,주학초등학교,사상구,42,215021541,학장초등학교,사상구,194,14.923076923076923,True,2.514899,학교점 간 직선거리 3km 이하,13
215021514,주학초등학교,사상구,42,213021623,개원초등학교,부산진구,457,19.041666666666668,False,2.531877,학교점 간 직선거리 3km 이하,14
215021514,주학초등학교,사상구,42,213021202,당평초등학교,부산진구,223,17.153846153846153,True,2.706647,학교점 간 직선거리 3km 이하,15
215021514,주학초등학교,사상구,42,212021132,구덕초등학교,서구,422,20.095238095238095,False,2.847074,학교점 간 직선거리 3km 이하,16
215021541,학장초등학교,사상구,194,215021118,감전초등학교,사상구,116,14.5,True,1.128643,학교점 간 직선거리 3km 이하,1
215021541,학장초등학교,사상구,194,215021154,구학초등학교,사상구,405,20.25,False,1.162966,학교점 간 직선거리 3km 이하,2
215021541,학장초등학교,사상구,194,215021433,서감초등학교,사상구,114,12.666666666666666,True,1.315429,학교점 간 직선거리 3km 이하,3
215021541,학장초등학교,사상구,194,215021550,학진초등학교,사상구,424,19.272727272727273,False,1.69116,학교점 간 직선거리 3km 이하,4
215021541,학장초등학교,사상구,194,215021505,주감초등학교,사상구,611,21.06896551724138,False,1.767109,학교점 간 직선거리 3km 이하,5
215021541,학장초등학교,사상구,194,215021298,동주초등학교,사상구,421,19.136363636363637,False,1.916369,학교점 간 직선거리 3km 이하,6
215021541,학장초등학교,사상구,194,215021496,엄궁초등학교,사상구,568,19.586206896551722,False,2.098774,학교점 간 직선거리 3km 이하,7
215021541,학장초등학교,사상구,194,215021519,창진초등학교,사상구,413,20.65,False,2.305698,학교점 간 직선거리 3km 이하,8
215021541,학장초등학교,사상구,194,215021397,사상초등학교,사상구,333,17.526315789473685,False,2.387171,학교점 간 직선거리 3km 이하,9
215021541,학장초등학교,사상구,194,215021514,주학초등학교,사상구,42,6.0,True,2.514899,학교점 간 직선거리 3km 이하,10
215021541,학장초등학교,사상구,194,215021501,주양초등학교,사상구,284,16.705882352941178,False,2.648954,학교점 간 직선거리 3km 이하,11
215021541,학장초등학교,사상구,194,215021292,동궁초등학교,사상구,474,18.96,False,2.670834,학교점 간 직선거리 3km 이하,12
212021116,감천초등학교,사하구,99,212021332,서천초등학교,사하구,129,14.333333333333334,True,0.749383,학교점 간 직선거리 3km 이하,1
212021116,감천초등학교,사하구,99,212021348,송도초등학교,서구,501,18.555555555555557,False,0.933447,학교점 간 직선거리 3km 이하,2
212021116,감천초등학교,사하구,99,212021484,천마초등학교,서구,84,10.5,True,1.011638,학교점 간 직선거리 3km 이하,3
212021116,감천초등학교,사하구,99,212021156,남부민초등학교,서구,90,12.857142857142858,True,1.656806,학교점 간 직선거리 3km 이하,4
212021116,감천초등학교,사하구,99,212021140,구평초등학교,사하구,652,21.733333333333334,False,1.717318,학교점 간 직선거리 3km 이하,5
212021116,감천초등학교,사하구,99,212021428,옥천초등학교,사하구,434,20.666666666666668,False,1.758949,학교점 간 직선거리 3km 이하,6
212021116,감천초등학교,사하구,99,212021404,아미초등학교,서구,31,4.428571428571429,True,1.954283,학교점 간 직선거리 3km 이하,7
212021116,감천초등학교,사하구,99,212021372,승학초등학교,사하구,205,17.083333333333332,True,2.201088,학교점 간 직선거리 3km 이하,8
212021116,감천초등학교,사하구,99,212021532,토성초등학교,서구,401,19.095238095238095,False,2.252642,학교점 간 직선거리 3km 이하,9
212021116,감천초등학교,사하구,99,212021124,괴정초등학교,사하구,523,20.115384615384617,False,2.447655,학교점 간 직선거리 3km 이하,10
212021116,감천초등학교,사하구,99,212021388,신촌초등학교,사하구,71,8.875,True,2.609953,학교점 간 직선거리 3km 이하,11
212021116,감천초등학교,사하구,99,212021300,사남초등학교,사하구,374,20.77777777777778,False,2.663092,학교점 간 직선거리 3km 이하,12
212021116,감천초등학교,사하구,99,212021316,사하초등학교,사하구,886,22.71794871794872,False,2.675223,학교점 간 직선거리 3km 이하,13
212021116,감천초등학교,사하구,99,212021436,장림초등학교,사하구,494,19.0,False,2.797264,학교점 간 직선거리 3km 이하,14
212021116,감천초등학교,사하구,99,212021292,부민초등학교,서구,574,20.5,False,2.84442,학교점 간 직선거리 3km 이하,15
212021116,감천초등학교,사하구,99,212021192,다송초등학교,사하구,121,12.1,True,2.896802,학교점 간 직선거리 3km 이하,16
212021116,감천초등학교,사하구,99,212021188,다선초등학교,사하구,505,20.2,False,2.927814,학교점 간 직선거리 3km 이하,17
212021116,감천초등학교,사하구,99,212021220,대평초등학교,영도구,209,19.0,True,2.943029,학교점 간 직선거리 3km 이하,18
212021192,다송초등학교,사하구,121,212021564,효림초등학교,사하구,510,19.615384615384617,False,0.851666,학교점 간 직선거리 3km 이하,1
212021192,다송초등학교,사하구,121,212021188,다선초등학교,사하구,505,20.2,False,0.88137,학교점 간 직선거리 3km 이하,2
212021192,다송초등학교,사하구,121,212021180,다대초등학교,사하구,635,20.483870967741936,False,1.132313,학교점 간 직선거리 3km 이하,3
212021192,다송초등학교,사하구,121,212021436,장림초등학교,사하구,494,19.0,False,1.457036,학교점 간 직선거리 3km 이하,4
212021192,다송초등학교,사하구,121,212021265,보림초등학교,사하구,601,18.78125,False,1.984893,학교점 간 직선거리 3km 이하,5
212021192,다송초등학교,사하구,121,212021140,구평초등학교,사하구,652,21.733333333333334,False,2.094319,학교점 간 직선거리 3km 이하,6
212021192,다송초등학교,사하구,121,212021303,몰운대초등학교,사하구,755,21.571428571428573,False,2.19903,학교점 간 직선거리 3km 이하,7
212021192,다송초등학교,사하구,121,212021432,응봉초등학교,사하구,120,13.333333333333334,True,2.269845,학교점 간 직선거리 3km 이하,8
212021192,다송초등학교,사하구,121,212021480,중현초등학교,사하구,315,18.529411764705884,False,2.360469,학교점 간 직선거리 3km 이하,9
212021192,다송초등학교,사하구,121,212021388,신촌초등학교,사하구,71,8.875,True,2.448235,학교점 간 직선거리 3km 이하,10
212021192,다송초등학교,사하구,121,212021396,신평초등학교,사하구,507,21.125,False,2.877906,학교점 간 직선거리 3km 이하,11
212021192,다송초등학교,사하구,121,212021116,감천초등학교,사하구,99,12.375,True,2.896802,학교점 간 직선거리 3km 이하,12
212021192,다송초등학교,사하구,121,212021300,사남초등학교,사하구,374,20.77777777777778,False,2.982098,학교점 간 직선거리 3km 이하,13
212021196,당리초등학교,사하구,132,212021308,사동초등학교,사하구,178,16.181818181818183,True,0.679622,학교점 간 직선거리 3km 이하,1
212021196,당리초등학교,사하구,132,212021148,낙동초등학교,사하구,816,21.473684210526315,False,0.682052,학교점 간 직선거리 3km 이하,2
212021196,당리초등학교,사하구,132,212021396,신평초등학교,사하구,507,21.125,False,0.725863,학교점 간 직선거리 3km 이하,3
212021196,당리초등학교,사하구,132,212021300,사남초등학교,사하구,374,20.77777777777778,False,0.795489,학교점 간 직선거리 3km 이하,4
212021196,당리초등학교,사하구,132,212021316,사하초등학교,사하구,886,22.71794871794872,False,1.022073,학교점 간 직선거리 3km 이하,5
212021196,당리초등학교,사하구,132,212021388,신촌초등학교,사하구,71,8.875,True,1.05033,학교점 간 직선거리 3km 이하,6
212021196,당리초등학교,사하구,132,212021548,하단초등학교,사하구,272,17.0,False,1.163873,학교점 간 직선거리 3km 이하,7
212021196,당리초등학교,사하구,132,212021376,신남초등학교,사하구,417,18.954545454545453,False,1.2971,학교점 간 직선거리 3km 이하,8
212021196,당리초등학교,사하구,132,212021540,하남초등학교,사하구,577,20.607142857142858,False,1.425746,학교점 간 직선거리 3km 이하,9
212021196,당리초등학교,사하구,132,212021428,옥천초등학교,사하구,434,20.666666666666668,False,1.772577,학교점 간 직선거리 3km 이하,10
212021196,당리초등학교,사하구,132,212021140,구평초등학교,사하구,652,21.733333333333334,False,1.911831,학교점 간 직선거리 3km 이하,11
212021196,당리초등학교,사하구,132,212021265,보림초등학교,사하구,601,18.78125,False,1.918395,학교점 간 직선거리 3km 이하,12
212021196,당리초등학교,사하구,132,212021436,장림초등학교,사하구,494,19.0,False,1.970468,학교점 간 직선거리 3km 이하,13
212021196,당리초등학교,사하구,132,212021430,을숙도초등학교,사하구,532,19.703703703703702,False,2.178708,학교점 간 직선거리 3km 이하,14
212021196,당리초등학교,사하구,132,212021124,괴정초등학교,사하구,523,20.115384615384617,False,2.236246,학교점 간 직선거리 3km 이하,15
212021196,당리초등학교,사하구,132,212021372,승학초등학교,사하구,205,17.083333333333332,True,2.529182,학교점 간 직선거리 3km 이하,16
212021196,당리초등학교,사하구,132,215021292,동궁초등학교,사상구,474,18.96,False,2.614796,학교점 간 직선거리 3km 이하,17
212021196,당리초등학교,사하구,132,212021564,효림초등학교,사하구,510,19.615384615384617,False,2.726517,학교점 간 직선거리 3km 이하,18
212021196,당리초등학교,사하구,132,212021332,서천초등학교,사하구,129,14.333333333333334,True,2.851983,학교점 간 직선거리 3km 이하,19
212021308,사동초등학교,사하구,178,212021196,당리초등학교,사하구,132,14.666666666666666,True,0.679622,학교점 간 직선거리 3km 이하,1
212021308,사동초등학교,사하구,178,212021148,낙동초등학교,사하구,816,21.473684210526315,False,0.761454,학교점 간 직선거리 3km 이하,2
212021308,사동초등학교,사하구,178,212021316,사하초등학교,사하구,886,22.71794871794872,False,0.76171,학교점 간 직선거리 3km 이하,3
212021308,사동초등학교,사하구,178,212021300,사남초등학교,사하구,374,20.77777777777778,False,0.962284,학교점 간 직선거리 3km 이하,4
212021308,사동초등학교,사하구,178,212021396,신평초등학교,사하구,507,21.125,False,1.40031,학교점 간 직선거리 3km 이하,5
212021308,사동초등학교,사하구,178,212021548,하단초등학교,사하구,272,17.0,False,1.441257,학교점 간 직선거리 3km 이하,6
212021308,사동초등학교,사하구,178,212021388,신촌초등학교,사하구,71,8.875,True,1.457015,학교점 간 직선거리 3km 이하,7
212021308,사동초등학교,사하구,178,212021428,옥천초등학교,사하구,434,20.666666666666668,False,1.675909,학교점 간 직선거리 3km 이하,8
212021308,사동초등학교,사하구,178,212021124,괴정초등학교,사하구,523,20.115384615384617,False,1.747151,학교점 간 직선거리 3km 이하,9
212021308,사동초등학교,사하구,178,212021376,신남초등학교,사하구,417,18.954545454545453,False,1.864547,학교점 간 직선거리 3km 이하,10
212021308,사동초등학교,사하구,178,212021540,하남초등학교,사하구,577,20.607142857142858,False,1.954316,학교점 간 직선거리 3km 이하,11
212021308,사동초등학교,사하구,178,212021372,승학초등학교,사하구,205,17.083333333333332,True,2.083735,학교점 간 직선거리 3km 이하,12
212021308,사동초등학교,사하구,178,212021140,구평초등학교,사하구,652,21.733333333333334,False,2.127575,학교점 간 직선거리 3km 이하,13
212021308,사동초등학교,사하구,178,212021430,을숙도초등학교,사하구,532,19.703703703703702,False,2.150608,학교점 간 직선거리 3km 이하,14
212021308,사동초등학교,사하구,178,215021292,동궁초등학교,사상구,474,18.96,False,2.169707,학교점 간 직선거리 3km 이하,15
212021308,사동초등학교,사하구,178,212021436,장림초등학교,사하구,494,19.0,False,2.506407,학교점 간 직선거리 3km 이하,16
212021308,사동초등학교,사하구,178,212021265,보림초등학교,사하구,601,18.78125,False,2.572539,학교점 간 직선거리 3km 이하,17
212021308,사동초등학교,사하구,178,212021332,서천초등학교,사하구,129,14.333333333333334,True,2.747466,학교점 간 직선거리 3km 이하,18
212021308,사동초등학교,사하구,178,215021496,엄궁초등학교,사상구,568,19.586206896551722,False,2.79778,학교점 간 직선거리 3km 이하,19
212021332,서천초등학교,사하구,129,212021116,감천초등학교,사하구,99,12.375,True,0.749383,학교점 간 직선거리 3km 이하,1
212021332,서천초등학교,사하구,129,212021428,옥천초등학교,사하구,434,20.666666666666668,False,1.088615,학교점 간 직선거리 3km 이하,2
212021332,서천초등학교,사하구,129,212021140,구평초등학교,사하구,652,21.733333333333334,False,1.372873,학교점 간 직선거리 3km 이하,3
212021332,서천초등학교,사하구,129,212021372,승학초등학교,사하구,205,17.083333333333332,True,1.488453,학교점 간 직선거리 3km 이하,4
212021332,서천초등학교,사하구,129,212021484,천마초등학교,서구,84,10.5,True,1.528951,학교점 간 직선거리 3km 이하,5
212021332,서천초등학교,사하구,129,212021404,아미초등학교,서구,31,4.428571428571429,True,1.544646,학교점 간 직선거리 3km 이하,6
212021332,서천초등학교,사하구,129,212021348,송도초등학교,서구,501,18.555555555555557,False,1.602057,학교점 간 직선거리 3km 이하,7
212021332,서천초등학교,사하구,129,212021124,괴정초등학교,사하구,523,20.115384615384617,False,1.708574,학교점 간 직선거리 3km 이하,8
212021332,서천초등학교,사하구,129,212021156,남부민초등학교,서구,90,12.857142857142858,True,1.778936,학교점 간 직선거리 3km 이하,9
212021332,서천초등학교,사하구,129,212021532,토성초등학교,서구,401,19.095238095238095,False,1.971558,학교점 간 직선거리 3km 이하,10
212021332,서천초등학교,사하구,129,212021316,사하초등학교,사하구,886,22.71794871794872,False,1.986249,학교점 간 직선거리 3km 이하,11
212021332,서천초등학교,사하구,129,212021300,사남초등학교,사하구,374,20.77777777777778,False,2.064004,학교점 간 직선거리 3km 이하,12
212021332,서천초등학교,사하구,129,212021388,신촌초등학교,사하구,71,8.875,True,2.135294,학교점 간 직선거리 3km 이하,13
212021332,서천초등학교,사하구,129,212021292,부민초등학교,서구,574,20.5,False,2.409459,학교점 간 직선거리 3km 이하,14
212021332,서천초등학교,사하구,129,212021436,장림초등학교,사하구,494,19.0,False,2.596306,학교점 간 직선거리 3km 이하,15
212021332,서천초등학교,사하구,129,212021556,화랑초등학교,서구,171,14.25,True,2.644285,학교점 간 직선거리 3km 이하,16
212021332,서천초등학교,사하구,129,212021286,보수초등학교,중구,154,12.833333333333334,True,2.674345,학교점 간 직선거리 3km 이하,17
212021332,서천초등학교,사하구,129,212021308,사동초등학교,사하구,178,16.181818181818183,True,2.747466,학교점 간 직선거리 3km 이하,18
212021332,서천초등학교,사하구,129,212021196,당리초등학교,사하구,132,14.666666666666666,True,2.851983,학교점 간 직선거리 3km 이하,19
212021332,서천초등학교,사하구,129,212021287,광일초등학교,중구,203,16.916666666666668,True,2.914156,학교점 간 직선거리 3km 이하,20
212021372,승학초등학교,사하구,205,212021124,괴정초등학교,사하구,523,20.115384615384617,False,0.368761,학교점 간 직선거리 3km 이하,1
212021372,승학초등학교,사하구,205,212021404,아미초등학교,서구,31,4.428571428571429,True,1.182215,학교점 간 직선거리 3km 이하,2
212021372,승학초등학교,사하구,205,212021428,옥천초등학교,사하구,434,20.666666666666668,False,1.267452,학교점 간 직선거리 3km 이하,3
212021372,승학초등학교,사하구,205,212021332,서천초등학교,사하구,129,14.333333333333334,True,1.488453,학교점 간 직선거리 3km 이하,4
212021372,승학초등학교,사하구,205,212021316,사하초등학교,사하구,886,22.71794871794872,False,1.514265,학교점 간 직선거리 3km 이하,5
212021372,승학초등학교,사하구,205,212021292,부민초등학교,서구,574,20.5,False,1.575395,학교점 간 직선거리 3km 이하,6
212021372,승학초등학교,사하구,205,212021532,토성초등학교,서구,401,19.095238095238095,False,1.672546,학교점 간 직선거리 3km 이하,7
212021372,승학초등학교,사하구,205,212021556,화랑초등학교,서구,171,14.25,True,1.709909,학교점 간 직선거리 3km 이하,8
212021372,승학초등학교,사하구,205,212021212,대신초등학교,서구,732,23.612903225806452,False,1.739838,학교점 간 직선거리 3km 이하,9
212021372,승학초등학교,사하구,205,212021244,동신초등학교,서구,288,19.2,False,1.841865,학교점 간 직선거리 3km 이하,10
212021372,승학초등학교,사하구,205,212021286,보수초등학교,중구,154,12.833333333333334,True,1.958248,학교점 간 직선거리 3km 이하,11
212021372,승학초등학교,사하구,205,212021300,사남초등학교,사하구,374,20.77777777777778,False,1.96529,학교점 간 직선거리 3km 이하,12
212021372,승학초등학교,사하구,205,212021308,사동초등학교,사하구,178,16.181818181818183,True,2.083735,학교점 간 직선거리 3km 이하,13
212021372,승학초등학교,사하구,205,212021140,구평초등학교,사하구,652,21.733333333333334,False,2.159191,학교점 간 직선거리 3km 이하,14
212021372,승학초등학교,사하구,205,212021132,구덕초등학교,서구,422,20.095238095238095,False,2.196534,학교점 간 직선거리 3km 이하,15
212021372,승학초등학교,사하구,205,212021116,감천초등학교,사하구,99,12.375,True,2.201088,학교점 간 직선거리 3km 이하,16
212021372,승학초등학교,사하구,205,212021156,남부민초등학교,서구,90,12.857142857142858,True,2.310448,학교점 간 직선거리 3km 이하,17
212021372,승학초등학교,사하구,205,212021388,신촌초등학교,사하구,71,8.875,True,2.384955,학교점 간 직선거리 3km 이하,18
212021372,승학초등학교,사하구,205,212021287,광일초등학교,중구,203,16.916666666666668,True,2.43107,학교점 간 직선거리 3km 이하,19
212021372,승학초등학교,사하구,205,212021196,당리초등학교,사하구,132,14.666666666666666,True,2.529182,학교점 간 직선거리 3km 이하,20
212021372,승학초등학교,사하구,205,212021484,천마초등학교,서구,84,10.5,True,2.65054,학교점 간 직선거리 3km 이하,21
212021372,승학초등학교,사하구,205,212021148,낙동초등학교,사하구,816,21.473684210526315,False,2.845177,학교점 간 직선거리 3km 이하,22
212021372,승학초등학교,사하구,205,212021348,송도초등학교,서구,501,18.555555555555557,False,2.885438,학교점 간 직선거리 3km 이하,23
212021388,신촌초등학교,사하구,71,212021300,사남초등학교,사하구,374,20.77777777777778,False,0.56434,학교점 간 직선거리 3km 이하,1
212021388,신촌초등학교,사하구,71,212021396,신평초등학교,사하구,507,21.125,False,0.89618,학교점 간 직선거리 3km 이하,2
212021388,신촌초등학교,사하구,71,212021140,구평초등학교,사하구,652,21.733333333333334,False,0.927528,학교점 간 직선거리 3km 이하,3
212021388,신촌초등학교,사하구,71,212021196,당리초등학교,사하구,132,14.666666666666666,True,1.05033,학교점 간 직선거리 3km 이하,4
212021388,신촌초등학교,사하구,71,212021436,장림초등학교,사하구,494,19.0,False,1.088675,학교점 간 직선거리 3km 이하,5
212021388,신촌초등학교,사하구,71,212021316,사하초등학교,사하구,886,22.71794871794872,False,1.11098,학교점 간 직선거리 3km 이하,6
212021388,신촌초등학교,사하구,71,212021428,옥천초등학교,사하구,434,20.666666666666668,False,1.220623,학교점 간 직선거리 3km 이하,7
212021388,신촌초등학교,사하구,71,212021308,사동초등학교,사하구,178,16.181818181818183,True,1.457015,학교점 간 직선거리 3km 이하,8
212021388,신촌초등학교,사하구,71,212021265,보림초등학교,사하구,601,18.78125,False,1.457482,학교점 간 직선거리 3km 이하,9
212021388,신촌초등학교,사하구,71,212021148,낙동초등학교,사하구,816,21.473684210526315,False,1.732318,학교점 간 직선거리 3km 이하,10
212021388,신촌초등학교,사하구,71,212021564,효림초등학교,사하구,510,19.615384615384617,False,1.873405,학교점 간 직선거리 3km 이하,11
212021388,신촌초등학교,사하구,71,212021376,신남초등학교,사하구,417,18.954545454545453,False,1.903726,학교점 간 직선거리 3km 이하,12
212021388,신촌초등학교,사하구,71,212021540,하남초등학교,사하구,577,20.607142857142858,False,2.085251,학교점 간 직선거리 3km 이하,13
212021388,신촌초등학교,사하구,71,212021548,하단초등학교,사하구,272,17.0,False,2.126059,학교점 간 직선거리 3km 이하,14
212021388,신촌초등학교,사하구,71,212021332,서천초등학교,사하구,129,14.333333333333334,True,2.135294,학교점 간 직선거리 3km 이하,15
212021388,신촌초등학교,사하구,71,212021124,괴정초등학교,사하구,523,20.115384615384617,False,2.219116,학교점 간 직선거리 3km 이하,16
212021388,신촌초등학교,사하구,71,212021372,승학초등학교,사하구,205,17.083333333333332,True,2.384955,학교점 간 직선거리 3km 이하,17
212021388,신촌초등학교,사하구,71,212021192,다송초등학교,사하구,121,12.1,True,2.448235,학교점 간 직선거리 3km 이하,18
212021388,신촌초등학교,사하구,71,212021116,감천초등학교,사하구,99,12.375,True,2.609953,학교점 간 직선거리 3km 이하,19
212021432,응봉초등학교,사하구,120,212021480,중현초등학교,사하구,315,18.529411764705884,False,0.229782,학교점 간 직선거리 3km 이하,1
212021432,응봉초등학교,사하구,120,212021303,몰운대초등학교,사하구,755,21.571428571428573,False,0.30197,학교점 간 직선거리 3km 이하,2
212021432,응봉초등학교,사하구,120,212021180,다대초등학교,사하구,635,20.483870967741936,False,1.23607,학교점 간 직선거리 3km 이하,3
212021432,응봉초등학교,사하구,120,212021188,다선초등학교,사하구,505,20.2,False,2.190469,학교점 간 직선거리 3km 이하,4
212021432,응봉초등학교,사하구,120,212021192,다송초등학교,사하구,121,12.1,True,2.269845,학교점 간 직선거리 3km 이하,5
212021432,응봉초등학교,사하구,120,212021564,효림초등학교,사하구,510,19.615384615384617,False,2.631504,학교점 간 직선거리 3km 이하,6
212021156,남부민초등학교,서구,90,212021484,천마초등학교,서구,84,10.5,True,0.978975,학교점 간 직선거리 3km 이하,1
212021156,남부민초등학교,서구,90,212021532,토성초등학교,서구,401,19.095238095238095,False,1.106336,학교점 간 직선거리 3km 이하,2
212021156,남부민초등학교,서구,90,212021404,아미초등학교,서구,31,4.428571428571429,True,1.256257,학교점 간 직선거리 3km 이하,3
212021156,남부민초등학교,서구,90,212021348,송도초등학교,서구,501,18.555555555555557,False,1.396494,학교점 간 직선거리 3km 이하,4
212021156,남부민초등학교,서구,90,212021220,대평초등학교,영도구,209,19.0,True,1.433894,학교점 간 직선거리 3km 이하,5
212021156,남부민초등학교,서구,90,212021116,감천초등학교,사하구,99,12.375,True,1.656806,학교점 간 직선거리 3km 이하,6
212021156,남부민초등학교,서구,90,212021287,광일초등학교,중구,203,16.916666666666668,True,1.724373,학교점 간 직선거리 3km 이하,7
212021156,남부민초등학교,서구,90,212021332,서천초등학교,사하구,129,14.333333333333334,True,1.778936,학교점 간 직선거리 3km 이하,8
212021156,남부민초등학교,서구,90,212021286,보수초등학교,중구,154,12.833333333333334,True,1.850131,학교점 간 직선거리 3km 이하,9
212021156,남부민초등학교,서구,90,212021292,부민초등학교,서구,574,20.5,False,1.863202,학교점 간 직선거리 3km 이하,10
212021156,남부민초등학교,서구,90,212021111,남항초등학교,영도구,158,14.363636363636363,True,1.914414,학교점 간 직선거리 3km 이하,11
212021156,남부민초등학교,서구,90,212021412,영도초등학교,영도구,224,16.0,True,2.088815,학교점 간 직선거리 3km 이하,12
212021156,남부민초등학교,서구,90,212021556,화랑초등학교,서구,171,14.25,True,2.105072,학교점 간 직선거리 3km 이하,13
212021156,남부민초등학교,서구,90,212021204,대교초등학교,영도구,366,19.263157894736842,False,2.127316,학교점 간 직선거리 3km 이하,14
212021156,남부민초등학교,서구,90,212021372,승학초등학교,사하구,205,17.083333333333332,True,2.310448,학교점 간 직선거리 3km 이하,15
212021156,남부민초등학교,서구,90,212021124,괴정초등학교,사하구,523,20.115384615384617,False,2.675706,학교점 간 직선거리 3km 이하,16
212021156,남부민초등학교,서구,90,212021288,봉래초등학교,중구,171,14.25,True,2.682312,학교점 간 직선거리 3km 이하,17
212021156,남부민초등학교,서구,90,212021428,옥천초등학교,사하구,434,20.666666666666668,False,2.74919,학교점 간 직선거리 3km 이하,18
212021156,남부민초등학교,서구,90,212021244,동신초등학교,서구,288,19.2,False,2.762878,학교점 간 직선거리 3km 이하,19
212021156,남부민초등학교,서구,90,212021284,봉학초등학교,영도구,143,14.3,True,2.968843,학교점 간 직선거리 3km 이하,20
212021404,아미초등학교,서구,31,212021532,토성초등학교,서구,401,19.095238095238095,False,0.522323,학교점 간 직선거리 3km 이하,1
212021404,아미초등학교,서구,31,212021292,부민초등학교,서구,574,20.5,False,0.891149,학교점 간 직선거리 3km 이하,2
212021404,아미초등학교,서구,31,212021286,보수초등학교,중구,154,12.833333333333334,True,1.129709,학교점 간 직선거리 3km 이하,3
212021404,아미초등학교,서구,31,212021556,화랑초등학교,서구,171,14.25,True,1.142535,학교점 간 직선거리 3km 이하,4
212021404,아미초등학교,서구,31,212021372,승학초등학교,사하구,205,17.083333333333332,True,1.182215,학교점 간 직선거리 3km 이하,5
212021404,아미초등학교,서구,31,212021156,남부민초등학교,서구,90,12.857142857142858,True,1.256257,학교점 간 직선거리 3km 이하,6
212021404,아미초등학교,서구,31,212021287,광일초등학교,중구,203,16.916666666666668,True,1.424396,학교점 간 직선거리 3km 이하,7
212021404,아미초등학교,서구,31,212021332,서천초등학교,사하구,129,14.333333333333334,True,1.544646,학교점 간 직선거리 3km 이하,8
212021404,아미초등학교,서구,31,212021124,괴정초등학교,사하구,523,20.115384615384617,False,1.546047,학교점 간 직선거리 3km 이하,9
212021404,아미초등학교,서구,31,212021244,동신초등학교,서구,288,19.2,False,1.684234,학교점 간 직선거리 3km 이하,10
212021404,아미초등학교,서구,31,212021484,천마초등학교,서구,84,10.5,True,1.914752,학교점 간 직선거리 3km 이하,11
212021404,아미초등학교,서구,31,212021116,감천초등학교,사하구,99,12.375,True,1.954283,학교점 간 직선거리 3km 이하,12
212021404,아미초등학교,서구,31,212021212,대신초등학교,서구,732,23.612903225806452,False,1.962702,학교점 간 직선거리 3km 이하,13
212021404,아미초등학교,서구,31,212021428,옥천초등학교,사하구,434,20.666666666666668,False,2.069478,학교점 간 직선거리 3km 이하,14
212021404,아미초등학교,서구,31,212021348,송도초등학교,서구,501,18.555555555555557,False,2.266888,학교점 간 직선거리 3km 이하,15
212021404,아미초등학교,서구,31,212021288,봉래초등학교,중구,171,14.25,True,2.298646,학교점 간 직선거리 3km 이하,16
212021404,아미초등학교,서구,31,212021132,구덕초등학교,서구,422,20.095238095238095,False,2.417853,학교점 간 직선거리 3km 이하,17
212021404,아미초등학교,서구,31,212021220,대평초등학교,영도구,209,19.0,True,2.464449,학교점 간 직선거리 3km 이하,18
212021404,아미초등학교,서구,31,212021316,사하초등학교,사하구,886,22.71794871794872,False,2.619917,학교점 간 직선거리 3km 이하,19
212021404,아미초등학교,서구,31,213021058,초량초등학교,동구,185,14.23076923076923,True,2.667404,학교점 간 직선거리 3km 이하,20
212021404,아미초등학교,서구,31,212021140,구평초등학교,사하구,652,21.733333333333334,False,2.773153,학교점 간 직선거리 3km 이하,21
212021404,아미초등학교,서구,31,212021204,대교초등학교,영도구,366,19.263157894736842,False,2.788904,학교점 간 직선거리 3km 이하,22
212021404,아미초등학교,서구,31,212021412,영도초등학교,영도구,224,16.0,True,2.954407,학교점 간 직선거리 3km 이하,23
212021404,아미초등학교,서구,31,212021300,사남초등학교,사하구,374,20.77777777777778,False,2.982641,학교점 간 직선거리 3km 이하,24
212021484,천마초등학교,서구,84,212021348,송도초등학교,서구,501,18.555555555555557,False,0.417519,학교점 간 직선거리 3km 이하,1
212021484,천마초등학교,서구,84,212021156,남부민초등학교,서구,90,12.857142857142858,True,0.978975,학교점 간 직선거리 3km 이하,2
212021484,천마초등학교,서구,84,212021116,감천초등학교,사하구,99,12.375,True,1.011638,학교점 간 직선거리 3km 이하,3
212021484,천마초등학교,서구,84,212021332,서천초등학교,사하구,129,14.333333333333334,True,1.528951,학교점 간 직선거리 3km 이하,4
212021484,천마초등학교,서구,84,212021404,아미초등학교,서구,31,4.428571428571429,True,1.914752,학교점 간 직선거리 3km 이하,5
212021484,천마초등학교,서구,84,212021532,토성초등학교,서구,401,19.095238095238095,False,1.971216,학교점 간 직선거리 3km 이하,6
212021484,천마초등학교,서구,84,212021220,대평초등학교,영도구,209,19.0,True,1.994161,학교점 간 직선거리 3km 이하,7
212021484,천마초등학교,서구,84,212021111,남항초등학교,영도구,158,14.363636363636363,True,2.28187,학교점 간 직선거리 3km 이하,8
212021484,천마초등학교,서구,84,212021428,옥천초등학교,사하구,434,20.666666666666668,False,2.617516,학교점 간 직선거리 3km 이하,9
212021484,천마초등학교,서구,84,212021372,승학초등학교,사하구,205,17.083333333333332,True,2.65054,학교점 간 직선거리 3km 이하,10
212021484,천마초등학교,서구,84,212021287,광일초등학교,중구,203,16.916666666666668,True,2.696846,학교점 간 직선거리 3km 이하,11
212021484,천마초등학교,서구,84,212021292,부민초등학교,서구,574,20.5,False,2.702464,학교점 간 직선거리 3km 이하,12
212021484,천마초등학교,서구,84,212021140,구평초등학교,사하구,652,21.733333333333334,False,2.720371,학교점 간 직선거리 3km 이하,13
212021484,천마초등학교,서구,84,212021412,영도초등학교,영도구,224,16.0,True,2.720702,학교점 간 직선거리 3km 이하,14
212021484,천마초등학교,서구,84,212021286,보수초등학교,중구,154,12.833333333333334,True,2.763977,학교점 간 직선거리 3km 이하,15
212021484,천마초등학교,서구,84,212021204,대교초등학교,영도구,366,19.263157894736842,False,2.897975,학교점 간 직선거리 3km 이하,16
212021484,천마초등학교,서구,84,212021556,화랑초등학교,서구,171,14.25,True,2.957521,학교점 간 직선거리 3km 이하,17
212021484,천마초등학교,서구,84,212021124,괴정초등학교,사하구,523,20.115384615384617,False,2.975937,학교점 간 직선거리 3km 이하,18
212021556,화랑초등학교,서구,171,212021292,부민초등학교,서구,574,20.5,False,0.257723,학교점 간 직선거리 3km 이하,1
212021556,화랑초등학교,서구,171,212021286,보수초등학교,중구,154,12.833333333333334,True,0.41568,학교점 간 직선거리 3km 이하,2
212021556,화랑초등학교,서구,171,212021244,동신초등학교,서구,288,19.2,False,0.677848,학교점 간 직선거리 3km 이하,3
212021556,화랑초등학교,서구,171,212021287,광일초등학교,중구,203,16.916666666666668,True,0.973179,학교점 간 직선거리 3km 이하,4
212021556,화랑초등학교,서구,171,212021532,토성초등학교,서구,401,19.095238095238095,False,1.001315,학교점 간 직선거리 3km 이하,5
212021556,화랑초등학교,서구,171,212021404,아미초등학교,서구,31,4.428571428571429,True,1.142535,학교점 간 직선거리 3km 이하,6
212021556,화랑초등학교,서구,171,212021212,대신초등학교,서구,732,23.612903225806452,False,1.187158,학교점 간 직선거리 3km 이하,7
212021556,화랑초등학교,서구,171,212021288,봉래초등학교,중구,171,14.25,True,1.417604,학교점 간 직선거리 3km 이하,8
212021556,화랑초등학교,서구,171,212021132,구덕초등학교,서구,422,20.095238095238095,False,1.533999,학교점 간 직선거리 3km 이하,9
212021556,화랑초등학교,서구,171,213021058,초량초등학교,동구,185,14.23076923076923,True,1.66472,학교점 간 직선거리 3km 이하,10
212021556,화랑초등학교,서구,171,212021372,승학초등학교,사하구,205,17.083333333333332,True,1.709909,학교점 간 직선거리 3km 이하,11
212021556,화랑초등학교,서구,171,212021124,괴정초등학교,사하구,523,20.115384615384617,False,1.956434,학교점 간 직선거리 3km 이하,12
212021556,화랑초등학교,서구,171,212021156,남부민초등학교,서구,90,12.857142857142858,True,2.105072,학교점 간 직선거리 3km 이하,13
212021556,화랑초등학교,서구,171,213021175,동일중앙초등학교,동구,898,22.45,False,2.337227,학교점 간 직선거리 3km 이하,14
212021556,화랑초등학교,서구,171,212021332,서천초등학교,사하구,129,14.333333333333334,True,2.644285,학교점 간 직선거리 3km 이하,15
212021556,화랑초등학교,서구,171,212021204,대교초등학교,영도구,366,19.263157894736842,False,2.750316,학교점 간 직선거리 3km 이하,16
212021556,화랑초등학교,서구,171,212021220,대평초등학교,영도구,209,19.0,True,2.844646,학교점 간 직선거리 3km 이하,17
212021556,화랑초등학교,서구,171,212021428,옥천초등학교,사하구,434,20.666666666666668,False,2.918985,학교점 간 직선거리 3km 이하,18
212021556,화랑초등학교,서구,171,212021484,천마초등학교,서구,84,10.5,True,2.957521,학교점 간 직선거리 3km 이하,19
214021264,동명초등학교,연제구,155,214021468,연산초등학교,연제구,787,20.17948717948718,False,0.614529,학교점 간 직선거리 3km 이하,1
214021264,동명초등학교,연제구,155,214021462,연동초등학교,연제구,542,20.074074074074073,False,0.67572,학교점 간 직선거리 3km 이하,2
214021264,동명초등학교,연제구,155,214021474,연일초등학교,연제구,94,13.428571428571429,True,0.800651,학교점 간 직선거리 3km 이하,3
214021264,동명초등학교,연제구,155,214021464,연미초등학교,연제구,298,16.555555555555557,False,0.836352,학교점 간 직선거리 3km 이하,4
214021264,동명초등학교,연제구,155,216021268,배산초등학교,수영구,512,20.48,False,1.015547,학교점 간 직선거리 3km 이하,5
214021264,동명초등학교,연제구,155,213021448,양동초등학교,부산진구,974,23.75609756097561,False,1.159843,학교점 간 직선거리 3km 이하,6
214021264,동명초등학교,연제구,155,214021481,연천초등학교,연제구,583,21.59259259259259,False,1.252411,학교점 간 직선거리 3km 이하,7
214021264,동명초등학교,연제구,155,214021476,연제초등학교,연제구,435,19.772727272727273,False,1.351669,학교점 간 직선거리 3km 이하,8
214021264,동명초등학교,연제구,155,214021470,연서초등학교,연제구,591,19.7,False,1.470928,학교점 간 직선거리 3km 이하,9
214021264,동명초등학교,연제구,155,216021304,수미초등학교,수영구,399,19.0,False,1.568136,학교점 간 직선거리 3km 이하,10
214021264,동명초등학교,연제구,155,214021471,연신초등학교,연제구,578,20.642857142857142,False,1.602294,학교점 간 직선거리 3km 이하,11
214021264,동명초등학교,연제구,155,214021384,안민초등학교,동래구,615,21.964285714285715,False,1.780352,학교점 간 직선거리 3km 이하,12
214021264,동명초등학교,연제구,155,213021460,양정초등학교,부산진구,776,18.926829268292682,False,1.895397,학교점 간 직선거리 3km 이하,13
214021264,동명초등학교,연제구,155,214021529,토현초등학교,연제구,242,17.285714285714285,False,1.936323,학교점 간 직선거리 3km 이하,14
214021264,동명초등학교,연제구,155,214021542,안진초등학교,동래구,394,21.88888888888889,False,1.990374,학교점 간 직선거리 3km 이하,15
214021264,동명초등학교,연제구,155,214021159,과정초등학교,연제구,425,20.238095238095237,False,2.014221,학교점 간 직선거리 3km 이하,16
214021264,동명초등학교,연제구,155,214021156,거제초등학교,연제구,803,22.942857142857143,False,2.122376,학교점 간 직선거리 3km 이하,17
214021264,동명초등학교,연제구,155,214021370,안남초등학교,동래구,732,22.875,False,2.149484,학교점 간 직선거리 3km 이하,18
214021264,동명초등학교,연제구,155,216021196,망미초등학교,수영구,386,18.38095238095238,False,2.17461,학교점 간 직선거리 3km 이하,19
214021264,동명초등학교,연제구,155,214021199,낙민초등학교,동래구,589,21.035714285714285,False,2.370354,학교점 간 직선거리 3km 이하,20
214021264,동명초등학교,연제구,155,216021316,수영초등학교,수영구,680,21.93548387096774,False,2.396871,학교점 간 직선거리 3km 이하,21
214021264,동명초등학교,연제구,155,213021454,양성초등학교,부산진구,299,16.61111111111111,False,2.418043,학교점 간 직선거리 3km 이하,22
214021264,동명초등학교,연제구,155,214021158,거학초등학교,연제구,543,21.72,False,2.494657,학교점 간 직선거리 3km 이하,23
214021264,동명초등학교,연제구,155,216021568,호암초등학교,수영구,471,20.47826086956522,False,2.632497,학교점 간 직선거리 3km 이하,24
214021264,동명초등학교,연제구,155,214021183,남문초등학교,연제구,1061,25.261904761904763,False,2.634059,학교점 간 직선거리 3km 이하,25
214021264,동명초등학교,연제구,155,214021361,수안초등학교,동래구,166,13.833333333333334,True,2.652472,학교점 간 직선거리 3km 이하,26
214021264,동명초등학교,연제구,155,213021412,성전초등학교,부산진구,442,21.047619047619047,False,2.731923,학교점 간 직선거리 3km 이하,27
214021264,동명초등학교,연제구,155,214021517,창신초등학교,연제구,1621,26.14516129032258,False,2.799037,학교점 간 직선거리 3km 이하,28
214021264,동명초등학교,연제구,155,216021571,센텀초등학교,해운대구,1472,26.285714285714285,False,2.851276,학교점 간 직선거리 3km 이하,29
214021264,동명초등학교,연제구,155,214021379,안락초등학교,동래구,187,15.583333333333334,True,2.878601,학교점 간 직선거리 3km 이하,30
214021264,동명초등학교,연제구,155,216021570,송수초등학교,해운대구,850,22.36842105263158,False,2.896036,학교점 간 직선거리 3km 이하,31
214021264,동명초등학교,연제구,155,214021226,내성초등학교,동래구,107,11.88888888888889,True,2.936906,학교점 간 직선거리 3km 이하,32
214021264,동명초등학교,연제구,155,214021388,여고초등학교,동래구,1038,28.054054054054053,False,2.962787,학교점 간 직선거리 3km 이하,33
214021474,연일초등학교,연제구,94,214021481,연천초등학교,연제구,583,21.59259259259259,False,0.505227,학교점 간 직선거리 3km 이하,1
214021474,연일초등학교,연제구,94,214021462,연동초등학교,연제구,542,20.074074074074073,False,0.638023,학교점 간 직선거리 3km 이하,2
214021474,연일초등학교,연제구,94,214021264,동명초등학교,연제구,155,11.923076923076923,True,0.800651,학교점 간 직선거리 3km 이하,3
214021474,연일초등학교,연제구,94,214021471,연신초등학교,연제구,578,20.642857142857142,False,0.9298,학교점 간 직선거리 3km 이하,4
214021474,연일초등학교,연제구,94,216021268,배산초등학교,수영구,512,20.48,False,0.990117,학교점 간 직선거리 3km 이하,5
214021474,연일초등학교,연제구,94,214021384,안민초등학교,동래구,615,21.964285714285715,False,1.088294,학교점 간 직선거리 3km 이하,6
214021474,연일초등학교,연제구,94,214021470,연서초등학교,연제구,591,19.7,False,1.092061,학교점 간 직선거리 3km 이하,7
214021474,연일초등학교,연제구,94,214021542,안진초등학교,동래구,394,21.88888888888889,False,1.206445,학교점 간 직선거리 3km 이하,8
214021474,연일초등학교,연제구,94,214021468,연산초등학교,연제구,787,20.17948717948718,False,1.232555,학교점 간 직선거리 3km 이하,9
214021474,연일초등학교,연제구,94,214021159,과정초등학교,연제구,425,20.238095238095237,False,1.383543,학교점 간 직선거리 3km 이하,10
214021474,연일초등학교,연제구,94,214021370,안남초등학교,동래구,732,22.875,False,1.386993,학교점 간 직선거리 3km 이하,11
214021474,연일초등학교,연제구,94,214021529,토현초등학교,연제구,242,17.285714285714285,False,1.524003,학교점 간 직선거리 3km 이하,12
214021474,연일초등학교,연제구,94,214021464,연미초등학교,연제구,298,16.555555555555557,False,1.541471,학교점 간 직선거리 3km 이하,13
214021474,연일초등학교,연제구,94,214021476,연제초등학교,연제구,435,19.772727272727273,False,1.60218,학교점 간 직선거리 3km 이하,14
214021474,연일초등학교,연제구,94,214021199,낙민초등학교,동래구,589,21.035714285714285,False,1.797501,학교점 간 직선거리 3km 이하,15
214021474,연일초등학교,연제구,94,216021304,수미초등학교,수영구,399,19.0,False,1.881596,학교점 간 직선거리 3km 이하,16
214021474,연일초등학교,연제구,94,213021448,양동초등학교,부산진구,974,23.75609756097561,False,1.93461,학교점 간 직선거리 3km 이하,17
214021474,연일초등학교,연제구,94,216021196,망미초등학교,수영구,386,18.38095238095238,False,2.016852,학교점 간 직선거리 3km 이하,18
214021474,연일초등학교,연제구,94,214021379,안락초등학교,동래구,187,15.583333333333334,True,2.090864,학교점 간 직선거리 3km 이하,19
214021474,연일초등학교,연제구,94,214021158,거학초등학교,연제구,543,21.72,False,2.237727,학교점 간 직선거리 3km 이하,20
214021474,연일초등학교,연제구,94,216021570,송수초등학교,해운대구,850,22.36842105263158,False,2.255394,학교점 간 직선거리 3km 이하,21
214021474,연일초등학교,연제구,94,214021361,수안초등학교,동래구,166,13.833333333333334,True,2.256592,학교점 간 직선거리 3km 이하,22
214021474,연일초등학교,연제구,94,214021226,내성초등학교,동래구,107,11.88888888888889,True,2.311061,학교점 간 직선거리 3km 이하,23
214021474,연일초등학교,연제구,94,214021514,충렬초등학교,동래구,94,13.428571428571429,True,2.320376,학교점 간 직선거리 3km 이하,24
214021474,연일초등학교,연제구,94,216021571,센텀초등학교,해운대구,1472,26.285714285714285,False,2.43918,학교점 간 직선거리 3km 이하,25
214021474,연일초등학교,연제구,94,213021460,양정초등학교,부산진구,776,18.926829268292682,False,2.506254,학교점 간 직선거리 3km 이하,26
214021474,연일초등학교,연제구,94,216021316,수영초등학교,수영구,680,21.93548387096774,False,2.576279,학교점 간 직선거리 3km 이하,27
214021474,연일초등학교,연제구,94,214021183,남문초등학교,연제구,1061,25.261904761904763,False,2.602595,학교점 간 직선거리 3km 이하,28
214021474,연일초등학교,연제구,94,216021328,신재초등학교,해운대구,303,17.823529411764707,False,2.62319,학교점 간 직선거리 3km 이하,29
214021474,연일초등학교,연제구,94,216021021,반안초등학교,해운대구,516,20.64,False,2.62523,학교점 간 직선거리 3km 이하,30
214021474,연일초등학교,연제구,94,214021156,거제초등학교,연제구,803,22.942857142857143,False,2.633673,학교점 간 직선거리 3km 이하,31
214021474,연일초등학교,연제구,94,214021298,명장초등학교,동래구,339,18.833333333333332,False,2.651399,학교점 간 직선거리 3km 이하,32
214021474,연일초등학교,연제구,94,214021271,명동초등학교,동래구,454,19.73913043478261,False,2.763142,학교점 간 직선거리 3km 이하,33
214021474,연일초등학교,연제구,94,216021412,장산초등학교,해운대구,701,22.612903225806452,False,2.812041,학교점 간 직선거리 3km 이하,34
214021474,연일초등학교,연제구,94,214021388,여고초등학교,동래구,1038,28.054054054054053,False,2.845921,학교점 간 직선거리 3km 이하,35
214021474,연일초등학교,연제구,94,214021280,명륜초등학교,동래구,1110,25.227272727272727,False,2.856685,학교점 간 직선거리 3km 이하,36
214021474,연일초등학교,연제구,94,214021517,창신초등학교,연제구,1621,26.14516129032258,False,2.85726,학교점 간 직선거리 3km 이하,37
214021474,연일초등학교,연제구,94,216021436,재송초등학교,해운대구,336,17.68421052631579,False,2.953737,학교점 간 직선거리 3km 이하,38
214021474,연일초등학교,연제구,94,214021214,미남초등학교,동래구,266,17.733333333333334,False,2.977356,학교점 간 직선거리 3km 이하,39
212021111,남항초등학교,영도구,158,212021220,대평초등학교,영도구,209,19.0,True,0.577382,학교점 간 직선거리 3km 이하,1
212021111,남항초등학교,영도구,158,212021412,영도초등학교,영도구,224,16.0,True,0.770248,학교점 간 직선거리 3km 이하,2
212021111,남항초등학교,영도구,158,212021204,대교초등학교,영도구,366,19.263157894736842,False,1.246994,학교점 간 직선거리 3km 이하,3
212021111,남항초등학교,영도구,158,212021284,봉학초등학교,영도구,143,14.3,True,1.706591,학교점 간 직선거리 3km 이하,4
212021111,남항초등학교,영도구,158,212021500,청학초등학교,영도구,151,13.727272727272727,True,1.831452,학교점 간 직선거리 3km 이하,5
212021111,남항초등학교,영도구,158,212021156,남부민초등학교,서구,90,12.857142857142858,True,1.914414,학교점 간 직선거리 3km 이하,6
212021111,남항초등학교,영도구,158,212021280,봉삼초등학교,영도구,30,4.285714285714286,True,2.114442,학교점 간 직선거리 3km 이하,7
212021111,남항초등학교,영도구,158,212021456,절영초등학교,영도구,59,8.428571428571429,True,2.176587,학교점 간 직선거리 3km 이하,8
212021111,남항초등학교,영도구,158,212021324,상리초등학교,영도구,106,15.142857142857142,True,2.186342,학교점 간 직선거리 3km 이하,9
212021111,남항초등학교,영도구,158,212021492,청동초등학교,영도구,407,19.38095238095238,False,2.265736,학교점 간 직선거리 3km 이하,10
212021111,남항초등학교,영도구,158,212021484,천마초등학교,서구,84,10.5,True,2.28187,학교점 간 직선거리 3km 이하,11
212021111,남항초등학교,영도구,158,212021348,송도초등학교,서구,501,18.555555555555557,False,2.53958,학교점 간 직선거리 3km 이하,12
212021111,남항초등학교,영도구,158,212021287,광일초등학교,중구,203,16.916666666666668,True,2.561123,학교점 간 직선거리 3km 이하,13
212021111,남항초등학교,영도구,158,212021532,토성초등학교,서구,401,19.095238095238095,False,2.637322,학교점 간 직선거리 3km 이하,14
212021111,남항초등학교,영도구,158,212021460,중리초등학교,영도구,486,20.25,False,2.684585,학교점 간 직선거리 3km 이하,15
212021111,남항초등학교,영도구,158,212021236,동삼초등학교,영도구,421,22.157894736842106,False,2.801692,학교점 간 직선거리 3km 이하,16
212021220,대평초등학교,영도구,209,212021111,남항초등학교,영도구,158,14.363636363636363,True,0.577382,학교점 간 직선거리 3km 이하,1
212021220,대평초등학교,영도구,209,212021412,영도초등학교,영도구,224,16.0,True,0.727965,학교점 간 직선거리 3km 이하,2
212021220,대평초등학교,영도구,209,212021204,대교초등학교,영도구,366,19.263157894736842,False,1.011904,학교점 간 직선거리 3km 이하,3
212021220,대평초등학교,영도구,209,212021156,남부민초등학교,서구,90,12.857142857142858,True,1.433894,학교점 간 직선거리 3km 이하,4
212021220,대평초등학교,영도구,209,212021284,봉학초등학교,영도구,143,14.3,True,1.718769,학교점 간 직선거리 3km 이하,5
212021220,대평초등학교,영도구,209,212021500,청학초등학교,영도구,151,13.727272727272727,True,1.983578,학교점 간 직선거리 3km 이하,6
212021220,대평초등학교,영도구,209,212021484,천마초등학교,서구,84,10.5,True,1.994161,학교점 간 직선거리 3km 이하,7
212021220,대평초등학교,영도구,209,212021287,광일초등학교,중구,203,16.916666666666668,True,2.005114,학교점 간 직선거리 3km 이하,8
212021220,대평초등학교,영도구,209,212021532,토성초등학교,서구,401,19.095238095238095,False,2.065516,학교점 간 직선거리 3km 이하,9
212021220,대평초등학교,영도구,209,212021348,송도초등학교,서구,501,18.555555555555557,False,2.319521,학교점 간 직선거리 3km 이하,10
212021220,대평초등학교,영도구,209,212021286,보수초등학교,중구,154,12.833333333333334,True,2.453939,학교점 간 직선거리 3km 이하,11
212021220,대평초등학교,영도구,209,212021404,아미초등학교,서구,31,4.428571428571429,True,2.464449,학교점 간 직선거리 3km 이하,12
212021220,대평초등학교,영도구,209,212021492,청동초등학교,영도구,407,19.38095238095238,False,2.59835,학교점 간 직선거리 3km 이하,13
212021220,대평초등학교,영도구,209,212021324,상리초등학교,영도구,106,15.142857142857142,True,2.602144,학교점 간 직선거리 3km 이하,14
212021220,대평초등학교,영도구,209,212021280,봉삼초등학교,영도구,30,4.285714285714286,True,2.663744,학교점 간 직선거리 3km 이하,15
212021220,대평초등학교,영도구,209,212021288,봉래초등학교,중구,171,14.25,True,2.665375,학교점 간 직선거리 3km 이하,16
212021220,대평초등학교,영도구,209,212021292,부민초등학교,서구,574,20.5,False,2.679145,학교점 간 직선거리 3km 이하,17
212021220,대평초등학교,영도구,209,212021456,절영초등학교,영도구,59,8.428571428571429,True,2.739079,학교점 간 직선거리 3km 이하,18
212021220,대평초등학교,영도구,209,212021556,화랑초등학교,서구,171,14.25,True,2.844646,학교점 간 직선거리 3km 이하,19
212021220,대평초등학교,영도구,209,212021116,감천초등학교,사하구,99,12.375,True,2.943029,학교점 간 직선거리 3km 이하,20
212021280,봉삼초등학교,영도구,30,212021456,절영초등학교,영도구,59,8.428571428571429,True,0.217089,학교점 간 직선거리 3km 이하,1
212021280,봉삼초등학교,영도구,30,212021460,중리초등학교,영도구,486,20.25,False,0.603392,학교점 간 직선거리 3km 이하,2
212021280,봉삼초등학교,영도구,30,212021236,동삼초등학교,영도구,421,22.157894736842106,False,1.058348,학교점 간 직선거리 3km 이하,3
212021280,봉삼초등학교,영도구,30,212021324,상리초등학교,영도구,106,15.142857142857142,True,1.069858,학교점 간 직선거리 3km 이하,4
212021280,봉삼초등학교,영도구,30,212021492,청동초등학교,영도구,407,19.38095238095238,False,1.518526,학교점 간 직선거리 3km 이하,5
212021280,봉삼초등학교,영도구,30,212021524,태종대초등학교,영도구,105,15.0,True,1.89841,학교점 간 직선거리 3km 이하,6
212021280,봉삼초등학교,영도구,30,212021500,청학초등학교,영도구,151,13.727272727272727,True,2.078089,학교점 간 직선거리 3km 이하,7
212021280,봉삼초등학교,영도구,30,212021111,남항초등학교,영도구,158,14.363636363636363,True,2.114442,학교점 간 직선거리 3km 이하,8
212021280,봉삼초등학교,영도구,30,212021412,영도초등학교,영도구,224,16.0,True,2.328125,학교점 간 직선거리 3km 이하,9
212021280,봉삼초등학교,영도구,30,212021284,봉학초등학교,영도구,143,14.3,True,2.432979,학교점 간 직선거리 3km 이하,10
212021280,봉삼초등학교,영도구,30,212021220,대평초등학교,영도구,209,19.0,True,2.663744,학교점 간 직선거리 3km 이하,11
212021280,봉삼초등학교,영도구,30,212021204,대교초등학교,영도구,366,19.263157894736842,False,2.745758,학교점 간 직선거리 3km 이하,12
212021284,봉학초등학교,영도구,143,212021500,청학초등학교,영도구,151,13.727272727272727,True,0.484537,학교점 간 직선거리 3km 이하,1
212021284,봉학초등학교,영도구,143,212021204,대교초등학교,영도구,366,19.263157894736842,False,0.850161,학교점 간 직선거리 3km 이하,2
212021284,봉학초등학교,영도구,143,212021412,영도초등학교,영도구,224,16.0,True,1.002548,학교점 간 직선거리 3km 이하,3
212021284,봉학초등학교,영도구,143,212021492,청동초등학교,영도구,407,19.38095238095238,False,1.394571,학교점 간 직선거리 3km 이하,4
212021284,봉학초등학교,영도구,143,212021324,상리초등학교,영도구,106,15.142857142857142,True,1.688536,학교점 간 직선거리 3km 이하,5
212021284,봉학초등학교,영도구,143,212021111,남항초등학교,영도구,158,14.363636363636363,True,1.706591,학교점 간 직선거리 3km 이하,6
212021284,봉학초등학교,영도구,143,212021220,대평초등학교,영도구,209,19.0,True,1.718769,학교점 간 직선거리 3km 이하,7
212021284,봉학초등학교,영도구,143,212021236,동삼초등학교,영도구,421,22.157894736842106,False,2.423717,학교점 간 직선거리 3km 이하,8
212021284,봉학초등학교,영도구,143,212021280,봉삼초등학교,영도구,30,4.285714285714286,True,2.432979,학교점 간 직선거리 3km 이하,9
212021284,봉학초등학교,영도구,143,212021287,광일초등학교,중구,203,16.916666666666668,True,2.480843,학교점 간 직선거리 3km 이하,10
212021284,봉학초등학교,영도구,143,212021288,봉래초등학교,중구,171,14.25,True,2.499086,학교점 간 직선거리 3km 이하,11
212021284,봉학초등학교,영도구,143,212021456,절영초등학교,영도구,59,8.428571428571429,True,2.618133,학교점 간 직선거리 3km 이하,12
212021284,봉학초등학교,영도구,143,212021460,중리초등학교,영도구,486,20.25,False,2.742973,학교점 간 직선거리 3km 이하,13
212021284,봉학초등학교,영도구,143,213021058,초량초등학교,동구,185,14.23076923076923,True,2.814049,학교점 간 직선거리 3km 이하,14
212021284,봉학초등학교,영도구,143,212021156,남부민초등학교,서구,90,12.857142857142858,True,2.968843,학교점 간 직선거리 3km 이하,15
212021324,상리초등학교,영도구,106,212021492,청동초등학교,영도구,407,19.38095238095238,False,0.458225,학교점 간 직선거리 3km 이하,1
212021324,상리초등학교,영도구,106,212021236,동삼초등학교,영도구,421,22.157894736842106,False,0.744463,학교점 간 직선거리 3km 이하,2
212021324,상리초등학교,영도구,106,212021280,봉삼초등학교,영도구,30,4.285714285714286,True,1.069858,학교점 간 직선거리 3km 이하,3
212021324,상리초등학교,영도구,106,212021460,중리초등학교,영도구,486,20.25,False,1.123665,학교점 간 직선거리 3km 이하,4
212021324,상리초등학교,영도구,106,212021500,청학초등학교,영도구,151,13.727272727272727,True,1.233387,학교점 간 직선거리 3km 이하,5
212021324,상리초등학교,영도구,106,212021456,절영초등학교,영도구,59,8.428571428571429,True,1.286667,학교점 간 직선거리 3km 이하,6
212021324,상리초등학교,영도구,106,212021284,봉학초등학교,영도구,143,14.3,True,1.688536,학교점 간 직선거리 3km 이하,7
212021324,상리초등학교,영도구,106,212021412,영도초등학교,영도구,224,16.0,True,2.0214,학교점 간 직선거리 3km 이하,8
212021324,상리초등학교,영도구,106,212021111,남항초등학교,영도구,158,14.363636363636363,True,2.186342,학교점 간 직선거리 3km 이하,9
212021324,상리초등학교,영도구,106,212021204,대교초등학교,영도구,366,19.263157894736842,False,2.279253,학교점 간 직선거리 3km 이하,10
212021324,상리초등학교,영도구,106,212021524,태종대초등학교,영도구,105,15.0,True,2.451971,학교점 간 직선거리 3km 이하,11
212021324,상리초등학교,영도구,106,212021220,대평초등학교,영도구,209,19.0,True,2.602144,학교점 간 직선거리 3km 이하,12
212021412,영도초등학교,영도구,224,212021204,대교초등학교,영도구,366,19.263157894736842,False,0.508781,학교점 간 직선거리 3km 이하,1
212021412,영도초등학교,영도구,224,212021220,대평초등학교,영도구,209,19.0,True,0.727965,학교점 간 직선거리 3km 이하,2
212021412,영도초등학교,영도구,224,212021111,남항초등학교,영도구,158,14.363636363636363,True,0.770248,학교점 간 직선거리 3km 이하,3
212021412,영도초등학교,영도구,224,212021284,봉학초등학교,영도구,143,14.3,True,1.002548,학교점 간 직선거리 3km 이하,4
212021412,영도초등학교,영도구,224,212021500,청학초등학교,영도구,151,13.727272727272727,True,1.259597,학교점 간 직선거리 3km 이하,5
212021412,영도초등학교,영도구,224,212021492,청동초등학교,영도구,407,19.38095238095238,False,1.941541,학교점 간 직선거리 3km 이하,6
212021412,영도초등학교,영도구,224,212021324,상리초등학교,영도구,106,15.142857142857142,True,2.0214,학교점 간 직선거리 3km 이하,7
212021412,영도초등학교,영도구,224,212021156,남부민초등학교,서구,90,12.857142857142858,True,2.088815,학교점 간 직선거리 3km 이하,8
212021412,영도초등학교,영도구,224,212021287,광일초등학교,중구,203,16.916666666666668,True,2.145196,학교점 간 직선거리 3km 이하,9
212021412,영도초등학교,영도구,224,212021280,봉삼초등학교,영도구,30,4.285714285714286,True,2.328125,학교점 간 직선거리 3km 이하,10
212021412,영도초등학교,영도구,224,212021456,절영초등학교,영도구,59,8.428571428571429,True,2.453232,학교점 간 직선거리 3km 이하,11
212021412,영도초등학교,영도구,224,212021532,토성초등학교,서구,401,19.095238095238095,False,2.489258,학교점 간 직선거리 3km 이하,12
212021412,영도초등학교,영도구,224,212021288,봉래초등학교,중구,171,14.25,True,2.552613,학교점 간 직선거리 3km 이하,13
212021412,영도초등학교,영도구,224,212021286,보수초등학교,중구,154,12.833333333333334,True,2.675348,학교점 간 직선거리 3km 이하,14
212021412,영도초등학교,영도구,224,212021484,천마초등학교,서구,84,10.5,True,2.720702,학교점 간 직선거리 3km 이하,15
212021412,영도초등학교,영도구,224,212021236,동삼초등학교,영도구,421,22.157894736842106,False,2.736707,학교점 간 직선거리 3km 이하,16
212021412,영도초등학교,영도구,224,212021460,중리초등학교,영도구,486,20.25,False,2.812509,학교점 간 직선거리 3km 이하,17
212021412,영도초등학교,영도구,224,212021404,아미초등학교,서구,31,4.428571428571429,True,2.954407,학교점 간 직선거리 3km 이하,18
212021412,영도초등학교,영도구,224,212021292,부민초등학교,서구,574,20.5,False,2.973936,학교점 간 직선거리 3km 이하,19
212021412,영도초등학교,영도구,224,213021058,초량초등학교,동구,185,14.23076923076923,True,2.979414,학교점 간 직선거리 3km 이하,20
212021456,절영초등학교,영도구,59,212021280,봉삼초등학교,영도구,30,4.285714285714286,True,0.217089,학교점 간 직선거리 3km 이하,1
212021456,절영초등학교,영도구,59,212021460,중리초등학교,영도구,486,20.25,False,0.668375,학교점 간 직선거리 3km 이하,2
212021456,절영초등학교,영도구,59,212021236,동삼초등학교,영도구,421,22.157894736842106,False,1.223512,학교점 간 직선거리 3km 이하,3
212021456,절영초등학교,영도구,59,212021324,상리초등학교,영도구,106,15.142857142857142,True,1.286667,학교점 간 직선거리 3km 이하,4
212021456,절영초등학교,영도구,59,212021492,청동초등학교,영도구,407,19.38095238095238,False,1.735586,학교점 간 직선거리 3km 이하,5
212021456,절영초등학교,영도구,59,212021524,태종대초등학교,영도구,105,15.0,True,1.830689,학교점 간 직선거리 3km 이하,6
212021456,절영초등학교,영도구,59,212021111,남항초등학교,영도구,158,14.363636363636363,True,2.176587,학교점 간 직선거리 3km 이하,7
212021456,절영초등학교,영도구,59,212021500,청학초등학교,영도구,151,13.727272727272727,True,2.2776,학교점 간 직선거리 3km 이하,8
212021456,절영초등학교,영도구,59,212021412,영도초등학교,영도구,224,16.0,True,2.453232,학교점 간 직선거리 3km 이하,9
212021456,절영초등학교,영도구,59,212021284,봉학초등학교,영도구,143,14.3,True,2.618133,학교점 간 직선거리 3km 이하,10
212021456,절영초등학교,영도구,59,212021220,대평초등학교,영도구,209,19.0,True,2.739079,학교점 간 직선거리 3km 이하,11
212021456,절영초등학교,영도구,59,212021204,대교초등학교,영도구,366,19.263157894736842,False,2.889049,학교점 간 직선거리 3km 이하,12
212021500,청학초등학교,영도구,151,212021284,봉학초등학교,영도구,143,14.3,True,0.484537,학교점 간 직선거리 3km 이하,1
212021500,청학초등학교,영도구,151,212021492,청동초등학교,영도구,407,19.38095238095238,False,0.911719,학교점 간 직선거리 3km 이하,2
212021500,청학초등학교,영도구,151,212021324,상리초등학교,영도구,106,15.142857142857142,True,1.233387,학교점 간 직선거리 3km 이하,3
212021500,청학초등학교,영도구,151,212021412,영도초등학교,영도구,224,16.0,True,1.259597,학교점 간 직선거리 3km 이하,4
212021500,청학초등학교,영도구,151,212021204,대교초등학교,영도구,366,19.263157894736842,False,1.265443,학교점 간 직선거리 3km 이하,5
212021500,청학초등학교,영도구,151,212021111,남항초등학교,영도구,158,14.363636363636363,True,1.831452,학교점 간 직선거리 3km 이하,6
212021500,청학초등학교,영도구,151,212021236,동삼초등학교,영도구,421,22.157894736842106,False,1.956325,학교점 간 직선거리 3km 이하,7
212021500,청학초등학교,영도구,151,212021220,대평초등학교,영도구,209,19.0,True,1.983578,학교점 간 직선거리 3km 이하,8
212021500,청학초등학교,영도구,151,212021280,봉삼초등학교,영도구,30,4.285714285714286,True,2.078089,학교점 간 직선거리 3km 이하,9
212021500,청학초등학교,영도구,151,212021456,절영초등학교,영도구,59,8.428571428571429,True,2.2776,학교점 간 직선거리 3km 이하,10
212021500,청학초등학교,영도구,151,212021460,중리초등학교,영도구,486,20.25,False,2.32337,학교점 간 직선거리 3km 이하,11
212021500,청학초등학교,영도구,151,212021287,광일초등학교,중구,203,16.916666666666668,True,2.95917,학교점 간 직선거리 3km 이하,12
212021500,청학초등학교,영도구,151,212021288,봉래초등학교,중구,171,14.25,True,2.974023,학교점 간 직선거리 3km 이하,13
212021524,태종대초등학교,영도구,105,212021460,중리초등학교,영도구,486,20.25,False,1.402307,학교점 간 직선거리 3km 이하,1
212021524,태종대초등학교,영도구,105,212021236,동삼초등학교,영도구,421,22.157894736842106,False,1.779164,학교점 간 직선거리 3km 이하,2
212021524,태종대초등학교,영도구,105,212021456,절영초등학교,영도구,59,8.428571428571429,True,1.830689,학교점 간 직선거리 3km 이하,3
212021524,태종대초등학교,영도구,105,212021280,봉삼초등학교,영도구,30,4.285714285714286,True,1.89841,학교점 간 직선거리 3km 이하,4
212021524,태종대초등학교,영도구,105,212021324,상리초등학교,영도구,106,15.142857142857142,True,2.451971,학교점 간 직선거리 3km 이하,5
212021524,태종대초등학교,영도구,105,212021492,청동초등학교,영도구,407,19.38095238095238,False,2.845803,학교점 간 직선거리 3km 이하,6
212021287,광일초등학교,중구,203,212021286,보수초등학교,중구,154,12.833333333333334,True,0.562151,학교점 간 직선거리 3km 이하,1
212021287,광일초등학교,중구,203,212021292,부민초등학교,서구,574,20.5,False,0.93109,학교점 간 직선거리 3km 이하,2
212021287,광일초등학교,중구,203,212021532,토성초등학교,서구,401,19.095238095238095,False,0.94305,학교점 간 직선거리 3km 이하,3
212021287,광일초등학교,중구,203,212021288,봉래초등학교,중구,171,14.25,True,0.972261,학교점 간 직선거리 3km 이하,4
212021287,광일초등학교,중구,203,212021556,화랑초등학교,서구,171,14.25,True,0.973179,학교점 간 직선거리 3km 이하,5
212021287,광일초등학교,중구,203,212021404,아미초등학교,서구,31,4.428571428571429,True,1.424396,학교점 간 직선거리 3km 이하,6
212021287,광일초등학교,중구,203,213021058,초량초등학교,동구,185,14.23076923076923,True,1.427885,학교점 간 직선거리 3km 이하,7
212021287,광일초등학교,중구,203,212021244,동신초등학교,서구,288,19.2,False,1.563968,학교점 간 직선거리 3km 이하,8
212021287,광일초등학교,중구,203,212021156,남부민초등학교,서구,90,12.857142857142858,True,1.724373,학교점 간 직선거리 3km 이하,9
212021287,광일초등학교,중구,203,212021204,대교초등학교,영도구,366,19.263157894736842,False,1.78124,학교점 간 직선거리 3km 이하,10
212021287,광일초등학교,중구,203,212021220,대평초등학교,영도구,209,19.0,True,2.005114,학교점 간 직선거리 3km 이하,11
212021287,광일초등학교,중구,203,212021212,대신초등학교,서구,732,23.612903225806452,False,2.130938,학교점 간 직선거리 3km 이하,12
212021287,광일초등학교,중구,203,212021412,영도초등학교,영도구,224,16.0,True,2.145196,학교점 간 직선거리 3km 이하,13
212021287,광일초등학교,중구,203,213021175,동일중앙초등학교,동구,898,22.45,False,2.362448,학교점 간 직선거리 3km 이하,14
212021287,광일초등학교,중구,203,212021132,구덕초등학교,서구,422,20.095238095238095,False,2.410128,학교점 간 직선거리 3km 이하,15
212021287,광일초등학교,중구,203,212021372,승학초등학교,사하구,205,17.083333333333332,True,2.43107,학교점 간 직선거리 3km 이하,16
212021287,광일초등학교,중구,203,212021284,봉학초등학교,영도구,143,14.3,True,2.480843,학교점 간 직선거리 3km 이하,17
212021287,광일초등학교,중구,203,212021111,남항초등학교,영도구,158,14.363636363636363,True,2.561123,학교점 간 직선거리 3km 이하,18
212021287,광일초등학교,중구,203,212021484,천마초등학교,서구,84,10.5,True,2.696846,학교점 간 직선거리 3km 이하,19
212021287,광일초등학교,중구,203,212021124,괴정초등학교,사하구,523,20.115384615384617,False,2.74439,학교점 간 직선거리 3km 이하,20
212021287,광일초등학교,중구,203,212021332,서천초등학교,사하구,129,14.333333333333334,True,2.914156,학교점 간 직선거리 3km 이하,21
212021287,광일초등학교,중구,203,212021500,청학초등학교,영도구,151,13.727272727272727,True,2.95917,학교점 간 직선거리 3km 이하,22
212021286,보수초등학교,중구,154,212021292,부민초등학교,서구,574,20.5,False,0.392168,학교점 간 직선거리 3km 이하,1
212021286,보수초등학교,중구,154,212021556,화랑초등학교,서구,171,14.25,True,0.41568,학교점 간 직선거리 3km 이하,2
212021286,보수초등학교,중구,154,212021287,광일초등학교,중구,203,16.916666666666668,True,0.562151,학교점 간 직선거리 3km 이하,3
212021286,보수초등학교,중구,154,212021532,토성초등학교,서구,401,19.095238095238095,False,0.803924,학교점 간 직선거리 3km 이하,4
212021286,보수초등학교,중구,154,212021244,동신초등학교,서구,288,19.2,False,1.05485,학교점 간 직선거리 3km 이하,5
212021286,보수초등학교,중구,154,212021404,아미초등학교,서구,31,4.428571428571429,True,1.129709,학교점 간 직선거리 3km 이하,6
212021286,보수초등학교,중구,154,212021288,봉래초등학교,중구,171,14.25,True,1.191711,학교점 간 직선거리 3km 이하,7
212021286,보수초등학교,중구,154,213021058,초량초등학교,동구,185,14.23076923076923,True,1.537984,학교점 간 직선거리 3km 이하,8
212021286,보수초등학교,중구,154,212021212,대신초등학교,서구,732,23.612903225806452,False,1.595504,학교점 간 직선거리 3km 이하,9
212021286,보수초등학교,중구,154,212021156,남부민초등학교,서구,90,12.857142857142858,True,1.850131,학교점 간 직선거리 3km 이하,10
212021286,보수초등학교,중구,154,212021132,구덕초등학교,서구,422,20.095238095238095,False,1.915427,학교점 간 직선거리 3km 이하,11
212021286,보수초등학교,중구,154,212021372,승학초등학교,사하구,205,17.083333333333332,True,1.958248,학교점 간 직선거리 3km 이하,12
212021286,보수초등학교,중구,154,212021124,괴정초등학교,사하구,523,20.115384615384617,False,2.24574,학교점 간 직선거리 3km 이하,13
212021286,보수초등학교,중구,154,212021204,대교초등학교,영도구,366,19.263157894736842,False,2.33502,학교점 간 직선거리 3km 이하,14
212021286,보수초등학교,중구,154,213021175,동일중앙초등학교,동구,898,22.45,False,2.345257,학교점 간 직선거리 3km 이하,15
212021286,보수초등학교,중구,154,212021220,대평초등학교,영도구,209,19.0,True,2.453939,학교점 간 직선거리 3km 이하,16
212021286,보수초등학교,중구,154,212021332,서천초등학교,사하구,129,14.333333333333334,True,2.674345,학교점 간 직선거리 3km 이하,17
212021286,보수초등학교,중구,154,212021412,영도초등학교,영도구,224,16.0,True,2.675348,학교점 간 직선거리 3km 이하,18
212021286,보수초등학교,중구,154,212021484,천마초등학교,서구,84,10.5,True,2.763977,학교점 간 직선거리 3km 이하,19
212021288,봉래초등학교,중구,171,213021058,초량초등학교,동구,185,14.23076923076923,True,0.484238,학교점 간 직선거리 3km 이하,1
212021288,봉래초등학교,중구,171,212021287,광일초등학교,중구,203,16.916666666666668,True,0.972261,학교점 간 직선거리 3km 이하,2
212021288,봉래초등학교,중구,171,212021286,보수초등학교,중구,154,12.833333333333334,True,1.191711,학교점 간 직선거리 3km 이하,3
212021288,봉래초등학교,중구,171,212021556,화랑초등학교,서구,171,14.25,True,1.417604,학교점 간 직선거리 3km 이하,4
212021288,봉래초등학교,중구,171,213021175,동일중앙초등학교,동구,898,22.45,False,1.460211,학교점 간 직선거리 3km 이하,5
212021288,봉래초등학교,중구,171,212021292,부민초등학교,서구,574,20.5,False,1.548786,학교점 간 직선거리 3km 이하,6
212021288,봉래초등학교,중구,171,212021244,동신초등학교,서구,288,19.2,False,1.66212,학교점 간 직선거리 3km 이하,7
212021288,봉래초등학교,중구,171,212021532,토성초등학교,서구,401,19.095238095238095,False,1.875304,학교점 간 직선거리 3km 이하,8
212021288,봉래초등학교,중구,171,212021204,대교초등학교,영도구,366,19.263157894736842,False,2.07339,학교점 간 직선거리 3km 이하,9
212021288,봉래초등학교,중구,171,212021212,대신초등학교,서구,732,23.612903225806452,False,2.233316,학교점 간 직선거리 3km 이하,10
212021288,봉래초등학교,중구,171,212021404,아미초등학교,서구,31,4.428571428571429,True,2.298646,학교점 간 직선거리 3km 이하,11
212021288,봉래초등학교,중구,171,212021132,구덕초등학교,서구,422,20.095238095238095,False,2.326343,학교점 간 직선거리 3km 이하,12
212021288,봉래초등학교,중구,171,213021345,수정초등학교,동구,335,18.61111111111111,False,2.428812,학교점 간 직선거리 3km 이하,13
212021288,봉래초등학교,중구,171,212021284,봉학초등학교,영도구,143,14.3,True,2.499086,학교점 간 직선거리 3km 이하,14
212021288,봉래초등학교,중구,171,212021412,영도초등학교,영도구,224,16.0,True,2.552613,학교점 간 직선거리 3km 이하,15
212021288,봉래초등학교,중구,171,213021335,수성초등학교,동구,124,13.777777777777779,True,2.648651,학교점 간 직선거리 3km 이하,16
212021288,봉래초등학교,중구,171,212021220,대평초등학교,영도구,209,19.0,True,2.665375,학교점 간 직선거리 3km 이하,17
212021288,봉래초등학교,중구,171,212021156,남부민초등학교,서구,90,12.857142857142858,True,2.682312,학교점 간 직선거리 3km 이하,18
212021288,봉래초등학교,중구,171,212021500,청학초등학교,영도구,151,13.727272727272727,True,2.974023,학교점 간 직선거리 3km 이하,19
216021238,반석초등학교,해운대구,62,216021569,삼어초등학교,해운대구,272,17.0,False,0.884004,학교점 간 직선거리 3km 이하,1
216021238,반석초등학교,해운대구,62,216021396,인지초등학교,해운대구,502,20.916666666666668,False,0.946028,학교점 간 직선거리 3km 이하,2
216021238,반석초등학교,해운대구,62,216021256,반여초등학교,해운대구,161,12.384615384615385,True,1.045979,학교점 간 직선거리 3km 이하,3
216021238,반석초등학교,해운대구,62,216021412,장산초등학교,해운대구,701,22.612903225806452,False,1.351207,학교점 간 직선거리 3km 이하,4
216021238,반석초등학교,해운대구,62,216021021,반안초등학교,해운대구,516,20.64,False,1.424767,학교점 간 직선거리 3km 이하,5
216021238,반석초등학교,해운대구,62,216021200,무정초등학교,해운대구,504,21.0,False,1.474374,학교점 간 직선거리 3km 이하,6
216021238,반석초등학교,해운대구,62,214021172,금사초등학교,금정구,268,16.75,False,1.634601,학교점 간 직선거리 3km 이하,7
216021238,반석초등학교,해운대구,62,214021253,동상초등학교,금정구,100,14.285714285714286,True,1.6426,학교점 간 직선거리 3km 이하,8
216021238,반석초등학교,해운대구,62,214021514,충렬초등학교,동래구,94,13.428571428571429,True,1.717745,학교점 간 직선거리 3km 이하,9
216021238,반석초등학교,해운대구,62,214021271,명동초등학교,동래구,454,19.73913043478261,False,1.760415,학교점 간 직선거리 3km 이하,10
216021238,반석초등학교,해운대구,62,216021232,반산초등학교,해운대구,291,15.31578947368421,False,2.038165,학교점 간 직선거리 3km 이하,11
216021238,반석초등학교,해운대구,62,216021328,신재초등학교,해운대구,303,17.823529411764707,False,2.188446,학교점 간 직선거리 3km 이하,12
216021238,반석초등학교,해운대구,62,214021289,명서초등학교,동래구,94,13.428571428571429,True,2.197064,학교점 간 직선거리 3km 이하,13
216021238,반석초등학교,해운대구,62,214021379,안락초등학교,동래구,187,15.583333333333334,True,2.247365,학교점 간 직선거리 3km 이하,14
216021238,반석초등학교,해운대구,62,216021570,송수초등학교,해운대구,850,22.36842105263158,False,2.444753,학교점 간 직선거리 3km 이하,15
216021238,반석초등학교,해운대구,62,216021244,반송초등학교,해운대구,104,10.4,True,2.458287,학교점 간 직선거리 3km 이하,16
216021238,반석초등학교,해운대구,62,214021298,명장초등학교,동래구,339,18.833333333333332,False,2.61367,학교점 간 직선거리 3km 이하,17
216021238,반석초등학교,해운대구,62,214021370,안남초등학교,동래구,732,22.875,False,2.692657,학교점 간 직선거리 3km 이하,18
216021238,반석초등학교,해운대구,62,214021024,서동초등학교,금정구,62,8.857142857142858,True,2.699035,학교점 간 직선거리 3km 이하,19
216021238,반석초등학교,해운대구,62,216021364,운송초등학교,해운대구,75,10.714285714285714,True,2.711963,학교점 간 직선거리 3km 이하,20
216021238,반석초등학교,해운대구,62,216021436,재송초등학교,해운대구,336,17.68421052631579,False,2.782607,학교점 간 직선거리 3km 이하,21
216021238,반석초등학교,해운대구,62,214021352,서명초등학교,금정구,36,5.142857142857143,True,2.79586,학교점 간 직선거리 3km 이하,22
216021238,반석초등학교,해운대구,62,214021542,안진초등학교,동래구,394,21.88888888888889,False,2.989694,학교점 간 직선거리 3km 이하,23
216021244,반송초등학교,해운대구,104,216021364,운송초등학교,해운대구,75,10.714285714285714,True,0.576439,학교점 간 직선거리 3km 이하,1
216021244,반송초등학교,해운대구,104,216021280,송운초등학교,해운대구,295,17.352941176470587,False,1.058033,학교점 간 직선거리 3km 이하,2
216021244,반송초등학교,해운대구,104,216021352,운봉초등학교,해운대구,106,10.6,True,1.236149,학교점 간 직선거리 3km 이하,3
216021244,반송초등학교,해운대구,104,216021238,반석초등학교,해운대구,62,8.857142857142858,True,2.458287,학교점 간 직선거리 3km 이하,4
216021244,반송초등학교,해운대구,104,216021256,반여초등학교,해운대구,161,12.384615384615385,True,2.839243,학교점 간 직선거리 3km 이하,5
216021244,반송초등학교,해운대구,104,216021340,신진초등학교,기장군,151,13.727272727272727,False,2.907906,학교점 간 직선거리 3km 이하,6
216021256,반여초등학교,해운대구,161,216021396,인지초등학교,해운대구,502,20.916666666666668,False,0.396916,학교점 간 직선거리 3km 이하,1
216021256,반여초등학교,해운대구,161,216021200,무정초등학교,해운대구,504,21.0,False,0.725554,학교점 간 직선거리 3km 이하,2
216021256,반여초등학교,해운대구,161,216021412,장산초등학교,해운대구,701,22.612903225806452,False,0.942706,학교점 간 직선거리 3km 이하,3
216021256,반여초등학교,해운대구,161,216021232,반산초등학교,해운대구,291,15.31578947368421,False,1.03098,학교점 간 직선거리 3km 이하,4
216021256,반여초등학교,해운대구,161,216021238,반석초등학교,해운대구,62,8.857142857142858,True,1.045979,학교점 간 직선거리 3km 이하,5
216021256,반여초등학교,해운대구,161,216021328,신재초등학교,해운대구,303,17.823529411764707,False,1.360827,학교점 간 직선거리 3km 이하,6
216021256,반여초등학교,해운대구,161,216021569,삼어초등학교,해운대구,272,17.0,False,1.406105,학교점 간 직선거리 3km 이하,7
216021256,반여초등학교,해운대구,161,216021021,반안초등학교,해운대구,516,20.64,False,1.479706,학교점 간 직선거리 3km 이하,8
216021256,반여초등학교,해운대구,161,214021514,충렬초등학교,동래구,94,13.428571428571429,True,1.639025,학교점 간 직선거리 3km 이하,9
216021256,반여초등학교,해운대구,161,216021570,송수초등학교,해운대구,850,22.36842105263158,False,1.702421,학교점 간 직선거리 3km 이하,10
216021256,반여초등학교,해운대구,161,216021436,재송초등학교,해운대구,336,17.68421052631579,False,1.814917,학교점 간 직선거리 3km 이하,11
216021256,반여초등학교,해운대구,161,214021271,명동초등학교,동래구,454,19.73913043478261,False,2.185444,학교점 간 직선거리 3km 이하,12
216021256,반여초등학교,해운대구,161,214021253,동상초등학교,금정구,100,14.285714285714286,True,2.261371,학교점 간 직선거리 3km 이하,13
216021256,반여초등학교,해운대구,161,214021370,안남초등학교,동래구,732,22.875,False,2.328012,학교점 간 직선거리 3km 이하,14
216021256,반여초등학교,해운대구,161,214021379,안락초등학교,동래구,187,15.583333333333334,True,2.405358,학교점 간 직선거리 3km 이하,15
216021256,반여초등학교,해운대구,161,214021159,과정초등학교,연제구,425,20.238095238095237,False,2.487508,학교점 간 직선거리 3km 이하,16
216021256,반여초등학교,해운대구,161,216021571,센텀초등학교,해운대구,1472,26.285714285714285,False,2.49252,학교점 간 직선거리 3km 이하,17
216021256,반여초등학교,해운대구,161,214021172,금사초등학교,금정구,268,16.75,False,2.553915,학교점 간 직선거리 3km 이하,18
216021256,반여초등학교,해운대구,161,214021289,명서초등학교,동래구,94,13.428571428571429,True,2.803773,학교점 간 직선거리 3km 이하,19
216021256,반여초등학교,해운대구,161,216021244,반송초등학교,해운대구,104,10.4,True,2.839243,학교점 간 직선거리 3km 이하,20
216021256,반여초등학교,해운대구,161,214021529,토현초등학교,연제구,242,17.285714285714285,False,2.874692,학교점 간 직선거리 3km 이하,21
216021256,반여초등학교,해운대구,161,214021542,안진초등학교,동래구,394,21.88888888888889,False,2.89734,학교점 간 직선거리 3km 이하,22
216021292,송정초등학교,해운대구,220,216021241,내리초등학교,기장군,124,12.4,False,1.798172,학교점 간 직선거리 3km 이하,1
216021292,송정초등학교,해운대구,220,216021272,상당초등학교,해운대구,739,23.838709677419356,False,2.840748,학교점 간 직선거리 3km 이하,2
216021292,송정초등학교,해운대구,220,216021262,부흥초등학교,해운대구,731,24.366666666666667,False,2.869206,학교점 간 직선거리 3km 이하,3
216021292,송정초등학교,해운대구,220,216021472,좌산초등학교,해운대구,460,21.904761904761905,False,2.986465,학교점 간 직선거리 3km 이하,4
216021352,운봉초등학교,해운대구,106,216021280,송운초등학교,해운대구,295,17.352941176470587,False,0.179364,학교점 간 직선거리 3km 이하,1
216021352,운봉초등학교,해운대구,106,216021364,운송초등학교,해운대구,75,10.714285714285714,True,1.194865,학교점 간 직선거리 3km 이하,2
216021352,운봉초등학교,해운대구,106,216021244,반송초등학교,해운대구,104,10.4,True,1.236149,학교점 간 직선거리 3km 이하,3
216021352,운봉초등학교,해운대구,106,216021340,신진초등학교,기장군,151,13.727272727272727,False,1.708353,학교점 간 직선거리 3km 이하,4
216021364,운송초등학교,해운대구,75,216021244,반송초등학교,해운대구,104,10.4,True,0.576439,학교점 간 직선거리 3km 이하,1
216021364,운송초등학교,해운대구,75,216021280,송운초등학교,해운대구,295,17.352941176470587,False,1.02957,학교점 간 직선거리 3km 이하,2
216021364,운송초등학교,해운대구,75,216021352,운봉초등학교,해운대구,106,10.6,True,1.194865,학교점 간 직선거리 3km 이하,3
216021364,운송초등학교,해운대구,75,216021340,신진초등학교,기장군,151,13.727272727272727,False,2.682903,학교점 간 직선거리 3km 이하,4
216021364,운송초등학교,해운대구,75,216021238,반석초등학교,해운대구,62,8.857142857142858,True,2.711963,학교점 간 직선거리 3km 이하,5
