{
"type": "FeatureCollection",
"name": "school_catchments_2025",
"crs": { "type": "name", "properties": { "name": "urn:ogc:def:crs:OGC:1.3:CRS84" } },
"features": [
{ "type": "Feature", "properties": { "학교코드(KEDI)": "212021111", "학교명_20251001": "남항초등학교", "행정구_20251001": "영도구" }, "geometry": { "type": "Polygon", "coordinates": [ [ [ 129.043786101343613, 35.087598924704572 ], [ 129.045511582090768, 35.087651066621746 ], [ 129.046585812762999, 35.087484719363282 ], [ 129.046316398435408, 35.086787029976875 ], [ 129.046843062410517, 35.08662632592786 ], [ 129.047278415740095, 35.085779236382628 ], [ 129.04739477576743, 35.086047506047386 ], [ 129.048323574749332, 35.085918019552189 ], [ 129.048634774232966, 35.086857833730015 ], [ 129.049577047498815, 35.086576588287116 ], [ 129.050252275962293, 35.086715787526771 ], [ 129.050262658349226, 35.08697179923626 ], [ 129.050465934230402, 35.087062041280454 ], [ 129.050386322606215, 35.087303287491764 ], [ 129.049842396177098, 35.087572266585696 ], [ 129.050265211808522, 35.087762647223641 ], [ 129.050318958940636, 35.088169682908834 ], [ 129.049920800365669, 35.089087746515361 ], [ 129.052076532991009, 35.088319118524332 ], [ 129.05376522742614, 35.086479571596669 ], [ 129.054406922033763, 35.084217205924176 ], [ 129.054883472929731, 35.083412031990797 ], [ 129.055259835594825, 35.082105812289086 ], [ 129.054485976115274, 35.081412812755531 ], [ 129.053456472836018, 35.079878564125217 ], [ 129.052918670406711, 35.076592120047252 ], [ 129.050546299098841, 35.076901976756886 ], [ 129.050403072825588, 35.076227226151005 ], [ 129.050526051947173, 35.078506624050696 ], [ 129.047353641482118, 35.080031763181395 ], [ 129.046417235565286, 35.079937977393094 ], [ 129.046517532984211, 35.079453465339903 ], [ 129.046976613843441, 35.078925707486263 ], [ 129.046939927194188, 35.078403894239706 ], [ 129.046769257271166, 35.078369288872729 ], [ 129.04730990892844, 35.077619431369968 ], [ 129.047028279021873, 35.077394984231553 ], [ 129.047451031329587, 35.077036502032684 ], [ 129.047797225951768, 35.077363112395659 ], [ 129.048181641629753, 35.076096330410202 ], [ 129.049043529932817, 35.075605377525278 ], [ 129.048066808561998, 35.074854219868364 ], [ 129.047428947938329, 35.075438006477292 ], [ 129.04687242440815, 35.075624647385396 ], [ 129.046332897791473, 35.076541493413707 ], [ 129.045452963663337, 35.077558279333331 ], [ 129.044085594835025, 35.078813902548013 ], [ 129.042001264844288, 35.080320333201236 ], [ 129.041498112823405, 35.08094642853365 ], [ 129.040943749996899, 35.081196847632754 ], [ 129.040104711525515, 35.080732481013605 ], [ 129.038806378925045, 35.081803954773065 ], [ 129.038467052286563, 35.081586622127162 ], [ 129.038283321176436, 35.081781069183876 ], [ 129.039015197855946, 35.082324611490208 ], [ 129.039540304326664, 35.083012298230649 ], [ 129.042338950306629, 35.088103644770094 ], [ 129.043786101343613, 35.087598924704572 ] ] ] } },
{ "type": "Feature", "properties": { "학교코드(KEDI)": "212021116", "학교명_20251001": "감천초등학교", "행정구_20251001": "사하구" }, "geometry": { "type": "Polygon", "coordinates": [ [ [ 129.008891967908255, 35.094230484726189 ], [ 129.009318065638041, 35.093214846052192 ], [ 129.008812273783604, 35.092701042817041 ], [ 129.010539711332399, 35.092519609216048 ], [ 129.0108164536461, 35.092508600149344 ], [ 129.010869756347233, 35.092651129621217 ], [ 129.011421665582873, 35.092475597859355 ], [ 129.012132969407105, 35.092529475017017 ], [ 129.014345070289295, 35.09166858886524 ], [ 129.01436465015874, 35.09104978399693 ], [ 129.013495529485823, 35.089507159249116 ], [ 129.013040967715284, 35.088199967008805 ], [ 129.012105467362289, 35.084515510195715 ], [ 129.012166486295655, 35.084143082865452 ], [ 129.011901237479407, 35.084060795577166 ], [ 129.010954309617375, 35.082762607832528 ], [ 129.0111892485032, 35.082425119005045 ], [ 129.011189506610918, 35.081936398715918 ], [ 129.011515803799909, 35.081954266704507 ], [ 129.011618247333416, 35.081820441864004 ], [ 129.01165104634623, 35.080740896990875 ], [ 129.011459711249955, 35.079888675024726 ], [ 129.011628537786123, 35.078881438281115 ], [ 129.011217123108281, 35.078239977878212 ], [ 129.011169397897277, 35.076797189832952 ], [ 129.010091658505615, 35.077020070788649 ], [ 129.008993692702802, 35.077536154475418 ], [ 129.007778203064021, 35.078863411449042 ], [ 129.007153441473463, 35.079105233170765 ], [ 129.006268513791554, 35.079279205422274 ], [ 129.006245245511366, 35.078439651345107 ], [ 129.005561854132935, 35.078390872794458 ], [ 129.005505105466113, 35.078548894993936 ], [ 129.004451347333003, 35.078439672639462 ], [ 129.004039096044323, 35.081334900347706 ], [ 129.005232028004144, 35.084418190716654 ], [ 129.004359142971595, 35.08516355436393 ], [ 129.003890818379972, 35.086347723961609 ], [ 129.004045424381417, 35.086764767343233 ], [ 129.004461328188142, 35.086997840995608 ], [ 129.004717770928096, 35.087575112866496 ], [ 129.005045398423391, 35.087477252468716 ], [ 129.005676648020426, 35.089716026442694 ], [ 129.006940253432049, 35.090968683309484 ], [ 129.006976681553368, 35.091282835585446 ], [ 129.007337546887385, 35.0913105711657 ], [ 129.007556557447202, 35.091609138648579 ], [ 129.007526453896844, 35.092328959665373 ], [ 129.007957297781644, 35.093151433425618 ], [ 129.008172590556796, 35.094021519452092 ], [ 129.008414394027028, 35.09421629160402 ], [ 129.008575145227525, 35.094101166773143 ], [ 129.008891967908255, 35.094230484726189 ] ] ] } },
{ "type": "Feature", "properties": { "학교코드(KEDI)": "212021124", "학교명_20251001": "괴정초등학교", "행정구_20251001": "사하구" }, "geometry": { "type": "Polygon", "coordinates": [ [ [ 128.99988140592086, 35.118553723463499 ], [ 129.000941115291084, 35.118277370068498 ], [ 129.001908501423344, 35.118312233622937 ], [ 129.002705100579163, 35.117263999863411 ], [ 129.002234532296427, 35.116129251759759 ], [ 129.002516122211574, 35.114946455274222 ], [ 129.001988960313014, 35.114257736641505 ], [ 129.003912182977245, 35.113116824668346 ], [ 129.003503790883457, 35.111245333646615 ], [ 129.004066778551135, 35.110513397661038 ], [ 129.004621636109988, 35.109939730711233 ], [ 129.006333245928346, 35.109441408998549 ], [ 129.008207768394726, 35.107389000380508 ], [ 129.008607512240587, 35.107336138556057 ], [ 129.007879827364775, 35.10688691407703 ], [ 129.00767656534353, 35.106409757896273 ], [ 129.007114285065313, 35.105901743848271 ], [ 129.003502681437595, 35.103796325630128 ], [ 129.002750866118561, 35.103556313768323 ], [ 129.000232398768645, 35.103158849307206 ], [ 128.994757134185164, 35.100613652061291 ], [ 128.993156253366038, 35.100196970308922 ], [ 128.992483140787726, 35.102439337710528 ], [ 128.992518396624746, 35.102707716773189 ], [ 128.992992026232201, 35.102624223266574 ], [ 128.993117855672153, 35.102810724464121 ], [ 128.993513534184814, 35.105318794640802 ], [ 128.992555208699088, 35.106932087032753 ], [ 128.99293982636587, 35.107734697111901 ], [ 128.991952431336387, 35.109384793131717 ], [ 128.991483512997178, 35.109740749126779 ], [ 128.992058557427328, 35.110720260938599 ], [ 128.991651616909252, 35.111816832966113 ], [ 128.993338853720445, 35.11218744446527 ], [ 128.993866489275689, 35.112456385109247 ], [ 128.994747782276903, 35.114369263997915 ], [ 128.995332762669989, 35.115073927790156 ], [ 128.996004358612026, 35.115599641972615 ], [ 128.99655855777317, 35.115715242122242 ], [ 128.997411049109502, 35.11618868554141 ], [ 128.99791525275981, 35.117306632640201 ], [ 128.998444473694036, 35.117775326569884 ], [ 128.99988140592086, 35.118553723463499 ] ] ] } },
{ "type": "Feature", "properties": { "학교코드(KEDI)": "212021132", "학교명_20251001": "구덕초등학교", "행정구_20251001": "서구" }, "geometry": { "type": "Polygon", "coordinates": [ [ [ 128.999493485406788, 35.140799448036852 ], [ 129.001677097703237, 35.140718358229527 ], [ 129.002149046479929, 35.140348682613997 ], [ 129.003959332108593, 35.13955545456929 ], [ 129.004475077760361, 35.139140835717306 ], [ 129.006318483831905, 35.139267064991664 ], [ 129.007657493800565, 35.139528344564248 ], [ 129.00871065233423, 35.139402050449128 ], [ 129.010576093096347, 35.138834085900008 ], [ 129.012693624605902, 35.137031398871613 ], [ 129.015738274277851, 35.136143004045138 ], [ 129.016484350708026, 35.135507519629705 ], [ 129.017998606102907, 35.136426726242163 ], [ 129.021537386784132, 35.136795685076905 ], [ 129.022448139617836, 35.136791050333684 ], [ 129.022989809425127, 35.136597813437902 ], [ 129.021122165113582, 35.132839986715084 ], [ 129.020507578335753, 35.130390001968244 ], [ 129.018707402913719, 35.125274388277113 ], [ 129.018945705715652, 35.124821645295327 ], [ 129.018326681176944, 35.1227518933688 ], [ 129.01794408770732, 35.121762486064128 ], [ 129.017658165489962, 35.121552932152241 ], [ 129.017954275661708, 35.121510176675692 ], [ 129.018153618405705, 35.121767613181646 ], [ 129.020675081148767, 35.122574226998097 ], [ 129.021958283086718, 35.12102037461537 ], [ 129.020807712785995, 35.120793684443967 ], [ 129.020261520644226, 35.120204384116441 ], [ 129.020433002066, 35.119830866232199 ], [ 129.020164674764004, 35.11981144659147 ], [ 129.020062177593644, 35.118926306717547 ], [ 129.020893418928779, 35.118504160190668 ], [ 129.020150274007875, 35.118007392402269 ], [ 129.020154664726618, 35.117530374170876 ], [ 129.019233821009379, 35.117370706108673 ], [ 129.018786886249558, 35.118075767472241 ], [ 129.017773387764379, 35.115998845630685 ], [ 129.014187584472523, 35.114581903867091 ], [ 129.013488914985174, 35.115937467043764 ], [ 129.012921797647465, 35.116310344802741 ], [ 129.012666366877767, 35.116721245548263 ], [ 129.011465129847579, 35.116605444727085 ], [ 129.009681717414452, 35.117204802554987 ], [ 129.009639494286205, 35.11706766242483 ], [ 129.007922013678922, 35.117465682989874 ], [ 129.006368402152731, 35.117462013015995 ], [ 129.006134589374909, 35.117077368678764 ], [ 129.004005281136557, 35.117671429725362 ], [ 129.003759110764435, 35.11791908390142 ], [ 129.003489563320443, 35.118677295403742 ], [ 129.00287347975808, 35.118666759072447 ], [ 129.002098344852158, 35.119128298534683 ], [ 128.99988140592086, 35.118553723463499 ], [ 128.998994677043555, 35.118544337586968 ], [ 128.998763724878927, 35.119795989980886 ], [ 128.999168594661313, 35.120192308554515 ], [ 128.999349370605813, 35.122064762647383 ], [ 128.99975181274732, 35.123258937335756 ], [ 129.000015004163942, 35.123691666181664 ], [ 129.001293178097569, 35.124701152385278 ], [ 129.003026370450613, 35.125449235622732 ], [ 129.003547771989105, 35.126445284359789 ], [ 129.004030411950083, 35.128027170549622 ], [ 129.002873037280523, 35.127783830998254 ], [ 129.003210190657683, 35.130977292226014 ], [ 129.002834605284562, 35.132389734566559 ], [ 129.00254383389327, 35.132863005240573 ], [ 129.002971686812941, 35.132822429919209 ], [ 129.003416065079506, 35.132434767580456 ], [ 129.003970200887863, 35.132245507833566 ], [ 129.004848120496263, 35.132245503891795 ], [ 129.005083847540021, 35.132380718939999 ], [ 129.004250153864007, 35.13238070487705 ], [ 129.003542445442577, 35.13256996090707 ], [ 129.002752458453926, 35.133025147611491 ], [ 129.002697455343082, 35.133719257831899 ], [ 129.0024890406645, 35.133831967067465 ], [ 129.00365219784851, 35.134616060908321 ], [ 129.003712438677724, 35.134724195123077 ], [ 129.003383189894123, 35.13502617419995 ], [ 129.003377862783452, 35.135760853929781 ], [ 129.004321548188557, 35.136400719417715 ], [ 128.999504578864361, 35.138911031021209 ], [ 128.998884379736467, 35.138685688299866 ], [ 128.998423719233841, 35.138703695580958 ], [ 128.996014962700542, 35.140402663008771 ], [ 128.998494959394066, 35.140988685124555 ], [ 128.999493485406788, 35.140799448036852 ] ] ] } },
{ "type": "Feature", "properties": { "학교코드(KEDI)": "212021140", "학교명_20251001": "구평초등학교", "행정구_20251001": "사하구" }, "geometry": { "type": "Polygon", "coordinates": [ [ [ 128.995255444000264, 35.087954666688127 ], [ 128.996311038198485, 35.086641955941602 ], [ 128.996418668904198, 35.085955070268668 ], [ 128.997220748081872, 35.084804737870527 ], [ 128.997050772987336, 35.084601452032643 ], [ 128.996996877085138, 35.083960689969494 ], [ 128.997143267203768, 35.08395817007635 ], [ 128.99676958976633, 35.083478178802643 ], [ 128.996731382038092, 35.083179880078745 ], [ 128.993047056697094, 35.083939297439152 ], [ 128.992619834949039, 35.080133903775781 ], [ 128.992962812401089, 35.079502097098086 ], [ 128.992242062251535, 35.07932031183072 ], [ 128.99247620124504, 35.078861235472786 ], [ 128.993204826995026, 35.079055787689285 ], [ 128.994942673405546, 35.075745563777836 ], [ 128.994999911956967, 35.074578295333758 ], [ 128.994654675300467, 35.074383887600575 ], [ 128.99465075472375, 35.074574608687158 ], [ 128.993687766816606, 35.073783599331492 ], [ 128.993328879065132, 35.073774427407578 ], [ 128.993326246576714, 35.073553114240383 ], [ 128.993692479973532, 35.073554986546313 ], [ 128.993330816868138, 35.073459265311513 ], [ 128.993331016276215, 35.073228190789983 ], [ 128.99369391361904, 35.073233486599158 ], [ 128.993704757131695, 35.072650780002078 ], [ 128.994067683990863, 35.072558926426929 ], [ 128.993227082201741, 35.072503455484245 ], [ 128.993260308737405, 35.072235662526701 ], [ 128.994069210969826, 35.072283477314883 ], [ 128.994054655278717, 35.071741456993827 ], [ 128.99419805317649, 35.071736146099326 ], [ 128.994179549237913, 35.07144018200934 ], [ 128.994323928564398, 35.071348115693937 ], [ 128.995330668031244, 35.071347765225461 ], [ 128.995326995949, 35.063382358116222 ], [ 128.999255076368797, 35.053691357186182 ], [ 129.001275928574728, 35.048166075749933 ], [ 128.999774046381589, 35.04781400461335 ], [ 128.998008346492355, 35.050318819035638 ], [ 128.996359673196878, 35.051385759853666 ], [ 128.995854046007963, 35.052031768692338 ], [ 128.995061893047847, 35.053988480640157 ], [ 128.995348276346476, 35.056893091114254 ], [ 128.994535281352512, 35.059195156407512 ], [ 128.992539173193819, 35.058853279500617 ], [ 128.990965655399947, 35.060688163309571 ], [ 128.988894233000593, 35.061237803118701 ], [ 128.988935508915205, 35.062293761933482 ], [ 128.988475640378283, 35.062911691697408 ], [ 128.987773304205319, 35.064636476126182 ], [ 128.987251258720619, 35.064601262767994 ], [ 128.986988887053116, 35.065392813551611 ], [ 128.986300066420142, 35.066061995983972 ], [ 128.986053956582396, 35.066619155164226 ], [ 128.985656110196715, 35.066913647814545 ], [ 128.985290307791985, 35.067781593789036 ], [ 128.985481093437869, 35.067916007170552 ], [ 128.985315412629092, 35.068034876143891 ], [ 128.9849792984202, 35.067930452468097 ], [ 128.985284709283547, 35.068068584064541 ], [ 128.983362879085718, 35.070000805525346 ], [ 128.983471947956673, 35.070189954149122 ], [ 128.982995696448086, 35.070584017212603 ], [ 128.981949796536156, 35.070568929778787 ], [ 128.982148335104881, 35.070923344026824 ], [ 128.983082902100705, 35.071491046029543 ], [ 128.982846725077678, 35.072278183594591 ], [ 128.982915889346685, 35.072555463563184 ], [ 128.983743183686073, 35.072633500396805 ], [ 128.984058756122351, 35.073002856478908 ], [ 128.984392411510157, 35.073995741942959 ], [ 128.984700275866913, 35.074061280678158 ], [ 128.985103703929326, 35.073910181961359 ], [ 128.985444100995181, 35.074326804999949 ], [ 128.985822310156266, 35.075777426108026 ], [ 128.985493990063134, 35.076014352801593 ], [ 128.985028189937509, 35.077266110570875 ], [ 128.984117994040759, 35.077942108853115 ], [ 128.98469103674762, 35.078791700247542 ], [ 128.983946027914214, 35.079631416868757 ], [ 128.982783579805727, 35.080376943453665 ], [ 128.982545304059528, 35.080878517316492 ], [ 128.982992586233621, 35.081293306549213 ], [ 128.983159726003038, 35.082624649267252 ], [ 128.983581303135452, 35.08330587591675 ], [ 128.983690202325988, 35.084766827223469 ], [ 128.982734868091114, 35.084823558346365 ], [ 128.98271396946339, 35.085102168462392 ], [ 128.983074582893494, 35.085099522823938 ], [ 128.983059795594698, 35.085419031552469 ], [ 128.983392121792633, 35.085779629152533 ], [ 128.981774014764454, 35.086778000172529 ], [ 128.983106844023013, 35.088643514248147 ], [ 128.983703973978066, 35.089232826344137 ], [ 128.983699954727427, 35.089611036753787 ], [ 128.984067402068831, 35.089645181326922 ], [ 128.98419592158686, 35.090462341516769 ], [ 128.984824070352261, 35.092097500265183 ], [ 128.986934575428506, 35.091847873700353 ], [ 128.987408709368424, 35.091448934075295 ], [ 128.988351881884938, 35.091911248280617 ], [ 128.989789907996766, 35.091487491535624 ], [ 128.99059823382234, 35.09116571505615 ], [ 128.991456906934133, 35.089284369677081 ], [ 128.993497495954728, 35.088163130168098 ], [ 128.994410483655173, 35.088580784230658 ], [ 128.995255444000264, 35.087954666688127 ] ] ] } },
{ "type": "Feature", "properties": { "학교코드(KEDI)": "212021148", "학교명_20251001": "낙동초등학교", "행정구_20251001": "사하구" }, "geometry": { "type": "Polygon", "coordinates": [ [ [ 128.991171746295095, 35.124415230045223 ], [ 128.995432881925751, 35.123606499940458 ], [ 128.996806136644636, 35.123625992908764 ], [ 128.999757298319935, 35.123258990984525 ], [ 128.999349370605813, 35.122064762647383 ], [ 128.999168594661313, 35.120192308554515 ], [ 128.998763724878927, 35.119795989980886 ], [ 128.998994677043555, 35.118544337586968 ], [ 128.999815147192379, 35.118559665396262 ], [ 128.998444473694036, 35.117775326569884 ], [ 128.99791525275981, 35.117306632640201 ], [ 128.997411049109502, 35.11618868554141 ], [ 128.99655855777317, 35.115715242122242 ], [ 128.996004358612026, 35.115599641972615 ], [ 128.995332762669989, 35.115073927790156 ], [ 128.994747782276903, 35.114369263997915 ], [ 128.993866489275689, 35.112456385109247 ], [ 128.993338853720445, 35.11218744446527 ], [ 128.9912305094727, 35.111724327954732 ], [ 128.989665837326186, 35.111135309686219 ], [ 128.98694562214331, 35.109983730146858 ], [ 128.984992857761767, 35.108972071633993 ], [ 128.984542901590942, 35.10894071374954 ], [ 128.982897765423871, 35.108183712162635 ], [ 128.978813508829347, 35.1045900017604 ], [ 128.978634300783455, 35.105011823528059 ], [ 128.977327260750144, 35.10460771613149 ], [ 128.977719442992225, 35.104309990694695 ], [ 128.978209488447874, 35.104225691962434 ], [ 128.977981450707063, 35.103802131792719 ], [ 128.978370444385462, 35.103570457316216 ], [ 128.978077490916291, 35.103214004786665 ], [ 128.976219678916721, 35.10427354887667 ], [ 128.975561699549161, 35.102951744665113 ], [ 128.970263397303853, 35.104707975863832 ], [ 128.969232799908724, 35.105316649093524 ], [ 128.968611382064694, 35.10596807062484 ], [ 128.965596841002338, 35.110576172479057 ], [ 128.966596637604425, 35.111014031801915 ], [ 128.967777828636656, 35.111051148503897 ], [ 128.969462700700433, 35.111406427518816 ], [ 128.971996115526963, 35.111070380798083 ], [ 128.974371419675634, 35.114493676221322 ], [ 128.975890947299433, 35.117064040699582 ], [ 128.977004089599177, 35.116924793751508 ], [ 128.978388982467294, 35.117161294610177 ], [ 128.980055499887811, 35.117123534922399 ], [ 128.981458508488004, 35.118659802030706 ], [ 128.981602133908439, 35.119679871206792 ], [ 128.982207248412806, 35.12030967547134 ], [ 128.983175563276632, 35.120919454050728 ], [ 128.984654267227569, 35.122264631836735 ], [ 128.985379438048, 35.122641670281432 ], [ 128.986946547922742, 35.124222908408584 ], [ 128.989488058315999, 35.12459859278578 ], [ 128.991171746295095, 35.124415230045223 ] ] ] } },
{ "type": "Feature", "properties": { "학교코드(KEDI)": "212021156", "학교명_20251001": "남부민초등학교", "행정구_20251001": "서구" }, "geometry": { "type": "Polygon", "coordinates": [ [ [ 129.025222733727247, 35.093511680083708 ], [ 129.025671361002452, 35.090203500553848 ], [ 129.027097066606359, 35.090302474217125 ], [ 129.027162485094522, 35.08958128726487 ], [ 129.025747758585908, 35.089482419032713 ], [ 129.025901042013231, 35.087977152472533 ], [ 129.027348289908133, 35.088076037778016 ], [ 129.027414047486332, 35.087354852064593 ], [ 129.025966468007027, 35.087255963846445 ], [ 129.026119483194265, 35.08582279718938 ], [ 129.026317018822567, 35.085678547376297 ], [ 129.02786322615222, 35.085804358293892 ], [ 129.027873928064565, 35.085669285580323 ], [ 129.02652533881934, 35.085471173280212 ], [ 129.025637601512727, 35.081653914611813 ], [ 129.025401582166808, 35.081326550792852 ], [ 129.024883285036452, 35.081649479362014 ], [ 129.024112001768543, 35.081069332405065 ], [ 129.023730998745833, 35.081563237747652 ], [ 129.023434851461872, 35.0814742758417 ], [ 129.022445442329115, 35.081759435731989 ], [ 129.021022429750417, 35.083413681544464 ], [ 129.019913708265847, 35.083901692294056 ], [ 129.020950799558136, 35.084503808434583 ], [ 129.020294968001707, 35.085062326071558 ], [ 129.021017558200157, 35.085855925642072 ], [ 129.020619684130907, 35.086296192520983 ], [ 129.020968440059988, 35.087139758312873 ], [ 129.021116434496491, 35.088097049637 ], [ 129.021026829236035, 35.088692946682222 ], [ 129.020715521322131, 35.088862201878023 ], [ 129.020653378691208, 35.089997832427279 ], [ 129.0203993397499, 35.090442092813255 ], [ 129.019864967490236, 35.090809201211819 ], [ 129.018429065047741, 35.091311146078269 ], [ 129.018066934944358, 35.091566400569278 ], [ 129.018550628717634, 35.092053296044817 ], [ 129.018804405835056, 35.092050976305757 ], [ 129.019301108003731, 35.092601162500628 ], [ 129.021392114947105, 35.093255634258249 ], [ 129.021962171512826, 35.093290874644381 ], [ 129.021958791036411, 35.093400669257832 ], [ 129.022639029896879, 35.093254342830221 ], [ 129.025222733727247, 35.093511680083708 ] ] ] } },
{ "type": "Feature", "properties": { "학교코드(KEDI)": "212021180", "학교명_20251001": "다대초등학교", "행정구_20251001": "사하구" }, "geometry": { "type": "MultiPolygon", "coordinates": [ [ [ [ 128.944053686227335, 35.059245236082369 ], [ 128.945701408720907, 35.0592002418703 ], [ 128.946580789175044, 35.058861719309576 ], [ 128.948263348354857, 35.058668140347393 ], [ 128.948290454984686, 35.058569551960403 ], [ 128.947777770783517, 35.058181251038242 ], [ 128.947310193494815, 35.058120760017395 ], [ 128.946469410374391, 35.057559016352172 ], [ 128.945795120996536, 35.05734608529923 ], [ 128.943508348180529, 35.057044363538303 ], [ 128.942292886769053, 35.057118454083209 ], [ 128.940994489586757, 35.056886045152702 ], [ 128.939565111963248, 35.056372265242167 ], [ 128.938385989416616, 35.055794907938711 ], [ 128.937941440640515, 35.055319127594942 ], [ 128.937265212164561, 35.055062983051961 ], [ 128.936718724661716, 35.055198298089344 ], [ 128.936311727361868, 35.055658615902225 ], [ 128.936077611383638, 35.05541692148369 ], [ 128.936262410221303, 35.055091239052395 ], [ 128.937795976696833, 35.053884649753442 ], [ 128.938277448407945, 35.053244007351736 ], [ 128.939272292483139, 35.052981276749229 ], [ 128.940968946236637, 35.053156927730846 ], [ 128.942541700026368, 35.053681911669486 ], [ 128.943348044733455, 35.05378981605854 ], [ 128.945146983561926, 35.054522512954769 ], [ 128.947192611524599, 35.055143065394198 ], [ 128.947637170145669, 35.055043003804691 ], [ 128.947738305205604, 35.05446954312194 ], [ 128.944906493479209, 35.053710920084313 ], [ 128.941805394539983, 35.053089751783652 ], [ 128.940938466936501, 35.052736808362994 ], [ 128.9389617042807, 35.052533675622854 ], [ 128.937856965665503, 35.052827021544026 ], [ 128.936915843481898, 35.053726345523927 ], [ 128.93547271993836, 35.054020011385958 ], [ 128.93529127717855, 35.054342403811901 ], [ 128.935312493446617, 35.055140750979547 ], [ 128.93504735750642, 35.055879028367272 ], [ 128.934762257227703, 35.057804533052057 ], [ 128.934410536526599, 35.058778628241726 ], [ 128.934399139463835, 35.059094371935238 ], [ 128.934578367897302, 35.05928752694421 ], [ 128.934911574655672, 35.059271376306498 ], [ 128.934972069854695, 35.058859096812988 ], [ 128.935118836304241, 35.059273131845252 ], [ 128.936183385327325, 35.059202501122591 ], [ 128.936321062820127, 35.058796326210192 ], [ 128.935774250138309, 35.058483572139949 ], [ 128.935895777328142, 35.057972741557712 ], [ 128.936776400304581, 35.058527285181853 ], [ 128.936663760444191, 35.05897856039816 ], [ 128.937486585950467, 35.059289571657366 ], [ 128.937728883017854, 35.05915065368918 ], [ 128.938069598182523, 35.059219995404064 ], [ 128.938364177253476, 35.058931133777882 ], [ 128.938942137303144, 35.059025399785511 ], [ 128.939410662537284, 35.059314168694968 ], [ 128.939839575314551, 35.059086674983611 ], [ 128.942016900209182, 35.059161122977528 ], [ 128.942469355160256, 35.058959698586129 ], [ 128.944053686227335, 35.059245236082369 ] ] ], [ [ [ 128.968856743817412, 35.065678549252645 ], [ 128.969080838273499, 35.066484071754516 ], [ 128.970569180421307, 35.066550695646647 ], [ 128.971769104097604, 35.063255665427903 ], [ 128.972362260834331, 35.062524315587112 ], [ 128.973445816327768, 35.062424694767046 ], [ 128.973801424851445, 35.062255351248226 ], [ 128.976850861040703, 35.063135656535863 ], [ 128.977256583920365, 35.062696659976162 ], [ 128.97656551212998, 35.062256065911996 ], [ 128.976458300315585, 35.061778547859824 ], [ 128.976989988022837, 35.061935286390863 ], [ 128.978385801334639, 35.060395602714642 ], [ 128.978918809743391, 35.060557069634442 ], [ 128.979861470879399, 35.058649055294815 ], [ 128.978614520048495, 35.057446209148381 ], [ 128.977610507133591, 35.057238777675757 ], [ 128.977194286715161, 35.056475451353776 ], [ 128.976986742230906, 35.055494844475625 ], [ 128.976616430783849, 35.05550552231005 ], [ 128.976018953397244, 35.055966972946671 ], [ 128.97599010725196, 35.055779039946586 ], [ 128.975861109553392, 35.055812254630638 ], [ 128.975645622025922, 35.056691045853881 ], [ 128.974648737609925, 35.057008733713033 ], [ 128.974660821643397, 35.05675635293418 ], [ 128.974597886855605, 35.05700181873074 ], [ 128.973831078308876, 35.05694572579057 ], [ 128.973475100825169, 35.056855200315646 ], [ 128.973499577460416, 35.056733142898374 ], [ 128.973387181487112, 35.05687310851571 ], [ 128.972772735266432, 35.056872820120027 ], [ 128.972614097727217, 35.055929291779158 ], [ 128.973129592227224, 35.055874581962996 ], [ 128.973037331076512, 35.055356767722266 ], [ 128.972509044584115, 35.055420271731656 ], [ 128.972370625176637, 35.054448686022411 ], [ 128.973628567833259, 35.05329610934379 ], [ 128.973579979792277, 35.052840421966302 ], [ 128.973249495225474, 35.05251198218032 ], [ 128.97099378717553, 35.052459250093108 ], [ 128.97064481348832, 35.054412142808765 ], [ 128.968674799959842, 35.054727547920301 ], [ 128.968457149458544, 35.053949130499831 ], [ 128.967792797970162, 35.053935353451394 ], [ 128.967732290544774, 35.055983674458837 ], [ 128.968047535652005, 35.056613025299804 ], [ 128.967444114706296, 35.057444652621633 ], [ 128.967874038608443, 35.058258826838262 ], [ 128.968578741717408, 35.058677862817326 ], [ 128.967127995672001, 35.058517481825859 ], [ 128.964730727123879, 35.059136400584464 ], [ 128.965993622536075, 35.06038115557628 ], [ 128.965987540243276, 35.060878333067656 ], [ 128.966405490743313, 35.06147048294811 ], [ 128.966531180578045, 35.062132566493609 ], [ 128.966922368606646, 35.062547938836772 ], [ 128.967387368493405, 35.064586147362682 ], [ 128.967321253663641, 35.064762022475158 ], [ 128.966789263275189, 35.06500757635353 ], [ 128.965897418088076, 35.066116785968212 ], [ 128.964839299262081, 35.066742670176936 ], [ 128.964908911118215, 35.067296642942601 ], [ 128.967428521822939, 35.065836977992049 ], [ 128.968856743817412, 35.065678549252645 ] ] ] ] } },
{ "type": "Feature", "properties": { "학교코드(KEDI)": "212021188", "학교명_20251001": "다선초등학교", "행정구_20251001": "사하구" }, "geometry": { "type": "Polygon", "coordinates": [ [ [ 128.985052609371138, 35.064812754041569 ], [ 128.985339692839858, 35.064196795572784 ], [ 128.986697660284761, 35.063817734425548 ], [ 128.987284103949293, 35.063308409832572 ], [ 128.987342261712058, 35.062864971395882 ], [ 128.986886092924436, 35.061814291608222 ], [ 128.987125743344478, 35.06138687251407 ], [ 128.984860527162937, 35.0608595827144 ], [ 128.984557233210978, 35.061220902417631 ], [ 128.984134707254668, 35.061250609979808 ], [ 128.983648059708031, 35.062281427241821 ], [ 128.978385801334639, 35.060395602714642 ], [ 128.976989988022837, 35.061935286390863 ], [ 128.978280523254028, 35.062845428562838 ], [ 128.979455452133323, 35.063314359425263 ], [ 128.979519366815907, 35.064779392817805 ], [ 128.981481225867356, 35.064925345077647 ], [ 128.981126532034921, 35.066108283238108 ], [ 128.983148690541611, 35.067320134291322 ], [ 128.98354826043942, 35.066700377193172 ], [ 128.983712356686397, 35.065980198688855 ], [ 128.985052609371138, 35.064812754041569 ] ] ] } },
{ "type": "Feature", "properties": { "학교코드(KEDI)": "212021192", "학교명_20251001": "다송초등학교", "행정구_20251001": "사하구" }, "geometry": { "type": "Polygon", "coordinates": [ [ [ 128.982148335104881, 35.070923344026824 ], [ 128.981949796536156, 35.070568929778787 ], [ 128.982995696448086, 35.070584017212603 ], [ 128.983471947956673, 35.070189954149122 ], [ 128.983362879085718, 35.070000805525346 ], [ 128.985284709283547, 35.068068584064541 ], [ 128.9849792984202, 35.067930452468097 ], [ 128.985315412629092, 35.068034876143891 ], [ 128.985481093437869, 35.067916007170552 ], [ 128.985290307791985, 35.067781593789036 ], [ 128.985656110196715, 35.066913647814545 ], [ 128.986053956582396, 35.066619155164226 ], [ 128.986300066420142, 35.066061995983972 ], [ 128.986988887053116, 35.065392813551611 ], [ 128.987251258720619, 35.064601262767994 ], [ 128.987773304205319, 35.064636476126182 ], [ 128.988022393033191, 35.064011416105998 ], [ 128.986645744505239, 35.06389511576797 ], [ 128.985339692839858, 35.064196795572784 ], [ 128.984963200327627, 35.06499966794884 ], [ 128.983712356686397, 35.065980198688855 ], [ 128.98354826043942, 35.066700377193172 ], [ 128.983148690541611, 35.067320134291322 ], [ 128.981126532034921, 35.066108283238108 ], [ 128.981481225867356, 35.064925345077647 ], [ 128.979519366815907, 35.064779392817805 ], [ 128.979569464368552, 35.063563104522395 ], [ 128.979359039297606, 35.063216876373801 ], [ 128.978280523254028, 35.062845428562838 ], [ 128.977079162836731, 35.061979879622491 ], [ 128.976458300315585, 35.061778547859824 ], [ 128.97656551212998, 35.062256065911996 ], [ 128.977256583920365, 35.062696659976162 ], [ 128.976850861040703, 35.063135656535863 ], [ 128.978201801776436, 35.064138667750093 ], [ 128.97856833177525, 35.066130630028582 ], [ 128.978532212377189, 35.06641991548058 ], [ 128.977085022531696, 35.068178725089368 ], [ 128.977999579455201, 35.068816518080332 ], [ 128.977472177194699, 35.069925813856237 ], [ 128.978353687873863, 35.07017990087941 ], [ 128.978534043910742, 35.070831209221538 ], [ 128.980039159134947, 35.070998006030493 ], [ 128.980081021093753, 35.071937950461987 ], [ 128.982826880490023, 35.072424299621296 ], [ 128.983082902100705, 35.071491046029543 ], [ 128.982148335104881, 35.070923344026824 ] ] ] } },
{ "type": "Feature", "properties": { "학교코드(KEDI)": "212021196", "학교명_20251001": "당리초등학교", "행정구_20251001": "사하구" }, "geometry": { "type": "Polygon", "coordinates": [ [ [ 128.971969145086632, 35.104138958560583 ], [ 128.97676814987193, 35.102548302548463 ], [ 128.979807211284196, 35.100669637465927 ], [ 128.979189353156158, 35.099596299312694 ], [ 128.978015292013566, 35.099335331263603 ], [ 128.978326393474873, 35.098803777491788 ], [ 128.978068446827052, 35.097732198587664 ], [ 128.977793537998281, 35.097641309829264 ], [ 128.977621500114452, 35.098076684333329 ], [ 128.977502480534497, 35.097671086812781 ], [ 128.977133085375215, 35.097454269944627 ], [ 128.976657149561106, 35.097453379748281 ], [ 128.974659155375832, 35.09686834234207 ], [ 128.974437275381206, 35.097245693430807 ], [ 128.97354371034433, 35.097745207688156 ], [ 128.972569158809648, 35.098044144432222 ], [ 128.971067713571102, 35.098077938680646 ], [ 128.968847604047141, 35.099347015430489 ], [ 128.969371719881849, 35.102086228960168 ], [ 128.971085095868091, 35.103702120121461 ], [ 128.971969145086632, 35.104138958560583 ] ] ] } },
{ "type": "Feature", "properties": { "학교코드(KEDI)": "212021204", "학교명_20251001": "대교초등학교", "행정구_20251001": "영도구" }, "geometry": { "type": "Polygon", "coordinates": [ [ [ 129.045487010975023, 35.097103699917447 ], [ 129.047197432108504, 35.09649979311736 ], [ 129.04699205133582, 35.095794165403333 ], [ 129.047301742971115, 35.09568181027992 ], [ 129.047386322157308, 35.095843230635531 ], [ 129.047221721718813, 35.095927066149798 ], [ 129.047518595678639, 35.095823125846245 ], [ 129.047446664692927, 35.095687993602553 ], [ 129.048808342515798, 35.095190654342474 ], [ 129.048579326624946, 35.094699008595839 ], [ 129.047758725177999, 35.094474322901156 ], [ 129.048121159061168, 35.093931815461318 ], [ 129.048918453102146, 35.093831272135084 ], [ 129.050399721562258, 35.092647064076104 ], [ 129.050994053518849, 35.091948436937571 ], [ 129.051618427971306, 35.091834770313724 ], [ 129.052055863200565, 35.090861312035933 ], [ 129.05230105920549, 35.08977844461225 ], [ 129.05232356891571, 35.088641596627433 ], [ 129.052076532991009, 35.088319118524332 ], [ 129.049920800365669, 35.089087746515361 ], [ 129.049731324972612, 35.089314957202227 ], [ 129.049102797513939, 35.089150062052077 ], [ 129.048740031961586, 35.08921063502531 ], [ 129.048773351079831, 35.089412041874191 ], [ 129.048418328790689, 35.089527350052315 ], [ 129.048676658803259, 35.090196583887234 ], [ 129.048990271643191, 35.090390665451679 ], [ 129.04881338973928, 35.090480157282066 ], [ 129.049013722969903, 35.090733277068033 ], [ 129.048135391223809, 35.091312152000384 ], [ 129.047508242879275, 35.091285300575628 ], [ 129.046806275984494, 35.092457984995846 ], [ 129.046496127437848, 35.092582842085385 ], [ 129.046679780605785, 35.092728384116384 ], [ 129.046108980371372, 35.093138045942148 ], [ 129.045847943026786, 35.093581293114937 ], [ 129.044935652768459, 35.09281795687987 ], [ 129.039967771628625, 35.094610414355358 ], [ 129.039405318216524, 35.095155052979578 ], [ 129.040754521703064, 35.095857279546898 ], [ 129.04201089777456, 35.096254592552576 ], [ 129.041971303269833, 35.096358930660202 ], [ 129.042072838263778, 35.096273068354321 ], [ 129.044196852887751, 35.096947433540848 ], [ 129.045189833448944, 35.096492123615349 ], [ 129.045487010975023, 35.097103699917447 ] ] ] } },
{ "type": "Feature", "properties": { "학교코드(KEDI)": "212021212", "학교명_20251001": "대신초등학교", "행정구_20251001": "서구" }, "geometry": { "type": "Polygon", "coordinates": [ [ [ 129.002098344852158, 35.119128298534683 ], [ 129.00287347975808, 35.118666759072447 ], [ 129.003489563320443, 35.118677295403742 ], [ 129.003759110764435, 35.11791908390142 ], [ 129.004005281136557, 35.117671429725362 ], [ 129.006134589374909, 35.117077368678764 ], [ 129.006368402152731, 35.117462013015995 ], [ 129.007922013678922, 35.117465682989874 ], [ 129.009639494286205, 35.11706766242483 ], [ 129.009681717414452, 35.117204802554987 ], [ 129.011465129847579, 35.116605444727085 ], [ 129.012666366877767, 35.116721245548263 ], [ 129.012921797647465, 35.116310344802741 ], [ 129.013488914985174, 35.115937467043764 ], [ 129.014187584472523, 35.114581903867091 ], [ 129.015183941745818, 35.115015940375955 ], [ 129.018036104188781, 35.109967846401219 ], [ 129.017834697736077, 35.109895854764716 ], [ 129.01775559965165, 35.110026305923888 ], [ 129.015533630157137, 35.10922383915247 ], [ 129.014673220513231, 35.109655337761076 ], [ 129.014403934928112, 35.109309942370992 ], [ 129.013901850468613, 35.109354596904787 ], [ 129.013561295125271, 35.10889234325024 ], [ 129.014289356664563, 35.10852306730655 ], [ 129.01387651373679, 35.1081949243449 ], [ 129.013051306363451, 35.108137981205211 ], [ 129.01308956507836, 35.107724688346288 ], [ 129.012587017001977, 35.106857509035386 ], [ 129.012784132689944, 35.106577630443979 ], [ 129.012203352114, 35.106381027297708 ], [ 129.01162195966586, 35.10637650945575 ], [ 129.01161365115351, 35.106078067261521 ], [ 129.010322925940244, 35.105844619898555 ], [ 129.00909410793011, 35.106797589124106 ], [ 129.008814630135078, 35.107282596293842 ], [ 129.008207768394726, 35.107389000380508 ], [ 129.006333245928346, 35.109441408998549 ], [ 129.004621636109988, 35.109939730711233 ], [ 129.003503790883457, 35.111245333646615 ], [ 129.003912182977245, 35.113116824668346 ], [ 129.001988960313014, 35.114257736641505 ], [ 129.002516122211574, 35.114946455274222 ], [ 129.002234532296427, 35.116129251759759 ], [ 129.002705100579163, 35.117263999863411 ], [ 129.001908501423344, 35.118312233622937 ], [ 129.000941115291084, 35.118277370068498 ], [ 128.99988140592086, 35.118553723463499 ], [ 129.002098344852158, 35.119128298534683 ] ] ] } },
{ "type": "Feature", "properties": { "학교코드(KEDI)": "212021220", "학교명_20251001": "대평초등학교", "행정구_20251001": "영도구" }, "geometry": { "type": "Polygon", "coordinates": [ [ [ 129.042335103674162, 35.08809693996033 ], [ 129.039331990047458, 35.082692657566511 ], [ 129.038283321176436, 35.081781069183876 ], [ 129.038076405842389, 35.082000405145045 ], [ 129.038358819432915, 35.082181666561731 ], [ 129.034615400772026, 35.085363607155465 ], [ 129.034020035258436, 35.085375071488599 ], [ 129.033253622730939, 35.084784492685834 ], [ 129.033171177891091, 35.084855028265203 ], [ 129.034278944681944, 35.085675958728764 ], [ 129.034114116218404, 35.086274159127555 ], [ 129.034463364711627, 35.086353168812401 ], [ 129.034466341008056, 35.086632744847108 ], [ 129.034156953314891, 35.086829911243775 ], [ 129.034104861536576, 35.087182440625305 ], [ 129.034326038771383, 35.087197082143071 ], [ 129.03438393792888, 35.08735448130443 ], [ 129.03389105898475, 35.088563148129786 ], [ 129.033047475127972, 35.088775777221585 ], [ 129.032192783111384, 35.08873615641631 ], [ 129.032171577260158, 35.088746951175459 ], [ 129.033048651503805, 35.088784475469481 ], [ 129.033378030225293, 35.088727927596146 ], [ 129.033434418037416, 35.088979375857228 ], [ 129.033279307375352, 35.089021736002621 ], [ 129.033623198812847, 35.08917499373343 ], [ 129.033649827170365, 35.089344407844457 ], [ 129.034188527038538, 35.089474167479295 ], [ 129.035818952912649, 35.088956972560347 ], [ 129.036111690873611, 35.089050243932817 ], [ 129.036420544863574, 35.089624722085489 ], [ 129.034794872668101, 35.090205100746807 ], [ 129.034514807946692, 35.089835824889064 ], [ 129.033281069901562, 35.089636375251494 ], [ 129.032621876058187, 35.09060995064744 ], [ 129.032311204901617, 35.090453480108337 ], [ 129.032004723961705, 35.090853656332868 ], [ 129.03226114375309, 35.090974355797144 ], [ 129.03137254021965, 35.092252787166508 ], [ 129.031422212561466, 35.093374838030215 ], [ 129.030993621246949, 35.093405950469339 ], [ 129.03143047040561, 35.093402390960073 ], [ 129.03162988633332, 35.094017442589227 ], [ 129.033134002111268, 35.094344019970116 ], [ 129.033497173673624, 35.093988065761984 ], [ 129.033035591279969, 35.093902917786345 ], [ 129.03331870332363, 35.093718180389068 ], [ 129.03330142130477, 35.093523481151365 ], [ 129.033120763264861, 35.093486258016554 ], [ 129.033173718144639, 35.093307295608064 ], [ 129.034012495423156, 35.09333160880017 ], [ 129.034718449494875, 35.09272047072519 ], [ 129.037109074182155, 35.091847675668376 ], [ 129.037414176084411, 35.092375668124909 ], [ 129.03671256955451, 35.092638316378249 ], [ 129.036058549205706, 35.094500462493279 ], [ 129.036777035489678, 35.094669420351828 ], [ 129.037359819206586, 35.093056359706019 ], [ 129.042348967660928, 35.091201176350957 ], [ 129.040984102159939, 35.088600512426048 ], [ 129.042335103674162, 35.08809693996033 ] ] ] } },
{ "type": "Feature", "properties": { "학교코드(KEDI)": "212021236", "학교명_20251001": "동삼초등학교", "행정구_20251001": "영도구" }, "geometry": { "type": "Polygon", "coordinates": [ [ [ 129.077600817095032, 35.089611493192209 ], [ 129.079548946209854, 35.088097584066219 ], [ 129.079516713816218, 35.087871632243228 ], [ 129.078438978454017, 35.087173763103507 ], [ 129.078111474842558, 35.087110604957971 ], [ 129.078056881996929, 35.086661036310751 ], [ 129.077776801390854, 35.086479887118351 ], [ 129.079265042043602, 35.084822545016912 ], [ 129.077242330855938, 35.083354074441985 ], [ 129.076602260330588, 35.082040633503276 ], [ 129.075124503686425, 35.080827686858427 ], [ 129.074928211948361, 35.080158733221481 ], [ 129.074957566200794, 35.077703427142417 ], [ 129.075190472052242, 35.076077163730282 ], [ 129.076163007396531, 35.073579501374034 ], [ 129.077108823806014, 35.072461497324284 ], [ 129.078133428867943, 35.072093184944677 ], [ 129.07801320731545, 35.071410016893331 ], [ 129.075967316192049, 35.07172969182605 ], [ 129.074656508273478, 35.073346073768711 ], [ 129.074229541443657, 35.074795783820136 ], [ 129.07212298508, 35.075973845675982 ], [ 129.07059159847239, 35.077481509100991 ], [ 129.068107965834628, 35.077747735423436 ], [ 129.068138227254281, 35.078297438063906 ], [ 129.068361431600664, 35.078407125158158 ], [ 129.0680763285323, 35.078647224656201 ], [ 129.067383970606528, 35.079027516766914 ], [ 129.066830930788143, 35.079042272245623 ], [ 129.066040563854244, 35.07933399895321 ], [ 129.066242493620763, 35.080394539230895 ], [ 129.064798046534776, 35.080336467235412 ], [ 129.064070227459865, 35.080718665956226 ], [ 129.06376106851917, 35.080663808962726 ], [ 129.063675384780026, 35.081292259469727 ], [ 129.063232673607899, 35.08173469717137 ], [ 129.062617982821308, 35.082051386913278 ], [ 129.064441666415888, 35.082167040122812 ], [ 129.065152478481849, 35.082522721891422 ], [ 129.067037273014705, 35.0825608465044 ], [ 129.067323086891093, 35.082810252070146 ], [ 129.068506501423855, 35.083040868272931 ], [ 129.06939164241038, 35.082669081102772 ], [ 129.0697115274086, 35.083078215566516 ], [ 129.071614356543137, 35.083540622445625 ], [ 129.072718232772615, 35.084756654752965 ], [ 129.072390062324899, 35.084883492971144 ], [ 129.072132032713142, 35.085279390133216 ], [ 129.072377721472009, 35.086016455515015 ], [ 129.071594029471697, 35.087017111417573 ], [ 129.071838608501167, 35.087112405761964 ], [ 129.071390201818048, 35.088267225187181 ], [ 129.07186406424097, 35.088674473157326 ], [ 129.072949858110235, 35.086758012861182 ], [ 129.073893458687508, 35.087404301014914 ], [ 129.074485163427482, 35.087132427597993 ], [ 129.075814173768435, 35.088389492088474 ], [ 129.076396858629579, 35.08774716568977 ], [ 129.077650398893667, 35.086917011521237 ], [ 129.079328225283774, 35.088004524048863 ], [ 129.078730725005755, 35.088627029420934 ], [ 129.077489087450033, 35.089511513273223 ], [ 129.077600817095032, 35.089611493192209 ] ] ] } },
{ "type": "Feature", "properties": { "학교코드(KEDI)": "212021244", "학교명_20251001": "동신초등학교", "행정구_20251001": "서구" }, "geometry": { "type": "Polygon", "coordinates": [ [ [ 129.024653768787715, 35.117889121232146 ], [ 129.026161706950489, 35.116541332178798 ], [ 129.026424814931602, 35.115775022122136 ], [ 129.027468688605694, 35.11550835127013 ], [ 129.027937710371731, 35.114463743490909 ], [ 129.027902254399862, 35.113703109844387 ], [ 129.025957458970026, 35.113089023658183 ], [ 129.025775096160601, 35.113284990537814 ], [ 129.025437892626854, 35.113081133173758 ], [ 129.025183040671948, 35.113243797643896 ], [ 129.024827817724088, 35.113207099402764 ], [ 129.024655555937557, 35.113018604334556 ], [ 129.024819247898677, 35.112962032981571 ], [ 129.024757294979509, 35.112315101942052 ], [ 129.023576278066201, 35.112071005784507 ], [ 129.017963479548939, 35.110100279713798 ], [ 129.015183941745818, 35.115015940375955 ], [ 129.017773387764379, 35.115998845630685 ], [ 129.018786886249558, 35.118075767472241 ], [ 129.019233821009379, 35.117370706108673 ], [ 129.020154664726618, 35.117530374170876 ], [ 129.020289285095856, 35.117372920292937 ], [ 129.021016968261705, 35.117436285532236 ], [ 129.023521588982902, 35.118306726341132 ], [ 129.024316828752234, 35.118793518833577 ], [ 129.024653768787715, 35.117889121232146 ] ] ] } },
{ "type": "Feature", "properties": { "학교코드(KEDI)": "212021265", "학교명_20251001": "보림초등학교", "행정구_20251001": "사하구" }, "geometry": { "type": "MultiPolygon", "coordinates": [ [ [ [ 128.944730813821991, 35.06931592783544 ], [ 128.943585657530406, 35.071006528826004 ], [ 128.942629546402145, 35.071842484289199 ], [ 128.942619678371244, 35.072149043409205 ], [ 128.942213901797231, 35.07283771688364 ], [ 128.944434997527139, 35.074371999258048 ], [ 128.946203585602177, 35.072398723542221 ], [ 128.946655634593156, 35.071230722083889 ], [ 128.944730813821991, 35.06931592783544 ] ] ], [ [ [ 128.977404248194887, 35.085091785195154 ], [ 128.977342824353428, 35.082229727394328 ], [ 128.974979359483541, 35.082313034466026 ], [ 128.974275786136985, 35.082839221322487 ], [ 128.972672313717226, 35.083523019964147 ], [ 128.972641029935517, 35.0824086617096 ], [ 128.970505948775923, 35.082462946088611 ], [ 128.970506624029042, 35.080673626259014 ], [ 128.968262630151628, 35.080787050043206 ], [ 128.968130461006041, 35.080579597259913 ], [ 128.96744227874504, 35.07882286628891 ], [ 128.96759359612102, 35.078311102977835 ], [ 128.967364129045137, 35.077650228297315 ], [ 128.968792547762803, 35.076766660531902 ], [ 128.969103571722655, 35.076312456104191 ], [ 128.969029653067423, 35.07607718265723 ], [ 128.968156015247075, 35.075553836007018 ], [ 128.968049534871852, 35.075264393652951 ], [ 128.967006104157718, 35.074932523696077 ], [ 128.966582637509703, 35.073372684485491 ], [ 128.966647940544988, 35.072860266114773 ], [ 128.967452597383044, 35.072277751982988 ], [ 128.967619985220779, 35.071920375504149 ], [ 128.96800584856544, 35.070713389487864 ], [ 128.968199195211497, 35.069266690877392 ], [ 128.96860695140262, 35.068931770635125 ], [ 128.968337650067639, 35.067840285557502 ], [ 128.968484319849978, 35.067098990703521 ], [ 128.969118924293639, 35.066486394712186 ], [ 128.968856743817412, 35.065678549252645 ], [ 128.967428521822939, 35.065836977992049 ], [ 128.966765997893191, 35.066164527895481 ], [ 128.963169172661708, 35.068386943404327 ], [ 128.961442147435207, 35.068983092867086 ], [ 128.960101483791249, 35.069733483877542 ], [ 128.958567753322598, 35.070849657119425 ], [ 128.957360781614653, 35.070812391770701 ], [ 128.956884821982044, 35.072650107181076 ], [ 128.957742758757007, 35.072795197895914 ], [ 128.957902415834042, 35.072595352246893 ], [ 128.958006934955307, 35.072841074067128 ], [ 128.958305864188333, 35.072950859611325 ], [ 128.958202248925716, 35.073503531211472 ], [ 128.958129457765921, 35.07333869105581 ], [ 128.957668103255514, 35.073312900216514 ], [ 128.957533111445485, 35.073154128737464 ], [ 128.952776430977593, 35.072322964803149 ], [ 128.950982029960414, 35.079361901850383 ], [ 128.959577899720728, 35.081513997066139 ], [ 128.963550948932095, 35.082851557473887 ], [ 128.966641219669953, 35.083559871791479 ], [ 128.966657022345146, 35.08391868170483 ], [ 128.96639471059234, 35.084072163241949 ], [ 128.968084643145261, 35.084528782925211 ], [ 128.967726285772471, 35.085368589707755 ], [ 128.977404248194887, 35.085091785195154 ] ] ] ] } },
{ "type": "Feature", "properties": { "학교코드(KEDI)": "212021280", "학교명_20251001": "봉삼초등학교", "행정구_20251001": "영도구" }, "geometry": { "type": "Polygon", "coordinates": [ [ [ 129.068138227254281, 35.078297438063906 ], [ 129.068173298583304, 35.07420980789918 ], [ 129.066503207633076, 35.074201756136482 ], [ 129.065574315260335, 35.073684440572571 ], [ 129.064565347305006, 35.074270227371827 ], [ 129.064046948455115, 35.074085558528857 ], [ 129.062769065141509, 35.074549324738719 ], [ 129.063128771353973, 35.075051688368355 ], [ 129.063858379115658, 35.075381920316509 ], [ 129.064159557451035, 35.076155473615799 ], [ 129.063590142739372, 35.076559630564347 ], [ 129.063534100189969, 35.077121154939178 ], [ 129.064645996961133, 35.077488111901076 ], [ 129.06433179800149, 35.0786304529665 ], [ 129.063749534657347, 35.079452774970981 ], [ 129.06376106851917, 35.080663808962726 ], [ 129.064070227459865, 35.080718665956226 ], [ 129.064798046534776, 35.080336467235412 ], [ 129.066242493620763, 35.080394539230895 ], [ 129.066040563854244, 35.07933399895321 ], [ 129.066830930788143, 35.079042272245623 ], [ 129.067383970606528, 35.079027516766914 ], [ 129.0680763285323, 35.078647224656201 ], [ 129.068361431600664, 35.078407125158158 ], [ 129.068138227254281, 35.078297438063906 ] ] ] } },
{ "type": "Feature", "properties": { "학교코드(KEDI)": "212021284", "학교명_20251001": "봉학초등학교", "행정구_20251001": "영도구" }, "geometry": { "type": "MultiPolygon", "coordinates": [ [ [ [ 129.057711619824119, 35.097049330587474 ], [ 129.057383965177223, 35.096750630950282 ], [ 129.057012778908216, 35.096685681304677 ], [ 129.056851899176905, 35.096421582289146 ], [ 129.056720548084456, 35.093996010168077 ], [ 129.055645988535986, 35.093725065045909 ], [ 129.055014164674759, 35.093834419879371 ], [ 129.056052160316568, 35.092919885539104 ], [ 129.055733499661756, 35.092131457893558 ], [ 129.055885937920635, 35.092022487214535 ], [ 129.055585217767629, 35.09090570837791 ], [ 129.055212865814894, 35.091046383779279 ], [ 129.054853807011057, 35.091416582823513 ], [ 129.054043190337666, 35.091255144089594 ], [ 129.054027131858049, 35.091502948322358 ], [ 129.05346456618463, 35.091583907530492 ], [ 129.052646660307232, 35.091514448412234 ], [ 129.052795118624346, 35.091414014576365 ], [ 129.052534237710546, 35.091246298000364 ], [ 129.052638465930727, 35.091059938613348 ], [ 129.052344008278226, 35.091112178800849 ], [ 129.052175794106802, 35.090786746153313 ], [ 129.051618427971306, 35.091834770313724 ], [ 129.050994053518849, 35.091948436937571 ], [ 129.049248325267172, 35.093611616262926 ], [ 129.04880776988918, 35.09387853885061 ], [ 129.048121159061168, 35.093931815461318 ], [ 129.047758725177999, 35.094474322901156 ], [ 129.048359245172861, 35.094690663396293 ], [ 129.050223961898155, 35.094679897309675 ], [ 129.052777225681893, 35.095398290338778 ], [ 129.05480960760255, 35.096674584066093 ], [ 129.055911293202399, 35.098073534338099 ], [ 129.056598035079531, 35.098529494723003 ], [ 129.058238635345475, 35.098060765922277 ], [ 129.058062992554596, 35.09774391076364 ], [ 129.057600359049218, 35.097486969707816 ], [ 129.057711619824119, 35.097049330587474 ] ] ], [ [ [ 129.060621844856655, 35.098352193940158 ], [ 129.060375577113035, 35.098098182218955 ], [ 129.060724113085286, 35.097541859783227 ], [ 129.061212233873277, 35.097302407314977 ], [ 129.060910799778839, 35.096640788575733 ], [ 129.05868967781629, 35.097908216763194 ], [ 129.059070978072327, 35.09843340788855 ], [ 129.059298648627873, 35.098341780961583 ], [ 129.059883101018642, 35.09887834154982 ], [ 129.060621844856655, 35.098352193940158 ] ] ] ] } },
{ "type": "Feature", "properties": { "학교코드(KEDI)": "212021286", "학교명_20251001": "보수초등학교", "행정구_20251001": "중구" }, "geometry": { "type": "Polygon", "coordinates": [ [ [ 129.028120786140391, 35.109222110565625 ], [ 129.028102042169678, 35.107956708300314 ], [ 129.028340511531354, 35.10685098046357 ], [ 129.028095105504008, 35.105885656068537 ], [ 129.027501713514624, 35.104976565143616 ], [ 129.027228454217152, 35.105343232401196 ], [ 129.026148606572093, 35.104981549770876 ], [ 129.025973002838185, 35.104732697175692 ], [ 129.026310575709374, 35.104585898516476 ], [ 129.026799751881668, 35.103906281262162 ], [ 129.027197731175733, 35.10385575180446 ], [ 129.027126645566284, 35.10304027133833 ], [ 129.021196611535146, 35.103304715981572 ], [ 129.021389948936985, 35.105884223281095 ], [ 129.022195906402771, 35.107048082447953 ], [ 129.022745283190858, 35.10896418549963 ], [ 129.023470383512802, 35.108818177893717 ], [ 129.024364745404682, 35.108862989391966 ], [ 129.024465789599191, 35.109136961868558 ], [ 129.025413040391328, 35.109988087837962 ], [ 129.025702278277862, 35.110619450099236 ], [ 129.02602388228587, 35.11080473322766 ], [ 129.027028168073542, 35.1102845652578 ], [ 129.027570352412766, 35.110222947087159 ], [ 129.027664767266288, 35.10943006304899 ], [ 129.028120786140391, 35.109222110565625 ] ] ] } },
{ "type": "Feature", "properties": { "학교코드(KEDI)": "212021287", "학교명_20251001": "광일초등학교", "행정구_20251001": "중구" }, "geometry": { "type": "Polygon", "coordinates": [ [ [ 129.040853336214809, 35.108098001071546 ], [ 129.044443235087982, 35.105728998863938 ], [ 129.043995762444524, 35.105251462478726 ], [ 129.040794894854969, 35.107251892322729 ], [ 129.040520749900196, 35.106963337589434 ], [ 129.040327128949457, 35.107073610132481 ], [ 129.03973810187577, 35.105727682900529 ], [ 129.040081824919611, 35.105507733280746 ], [ 129.040011565985338, 35.105425135803344 ], [ 129.043209391048606, 35.103428159552564 ], [ 129.042608773602097, 35.102937149541503 ], [ 129.040134363838121, 35.104466848538451 ], [ 129.03998180453604, 35.104298900398007 ], [ 129.039695770656294, 35.104426777356586 ], [ 129.038172505517309, 35.104356492263761 ], [ 129.037740775775205, 35.103518334732286 ], [ 129.037827861282238, 35.101784517453183 ], [ 129.038312604641732, 35.101806365556328 ], [ 129.038409428440957, 35.100175588106893 ], [ 129.037993262234494, 35.100154847182672 ], [ 129.038208072245794, 35.097608033503612 ], [ 129.03806250872816, 35.097277221791146 ], [ 129.036875284249362, 35.096577250162937 ], [ 129.035462287949144, 35.096235859907239 ], [ 129.035327717561529, 35.096598162632255 ], [ 129.034433092699487, 35.096730907158999 ], [ 129.031497323237119, 35.09644473922944 ], [ 129.031422937352289, 35.096964562092928 ], [ 129.03079310439449, 35.096924108851226 ], [ 129.030675675905286, 35.098156309939583 ], [ 129.033470620114656, 35.097532455098516 ], [ 129.033552294730725, 35.097783827358604 ], [ 129.030608998906359, 35.098439685184786 ], [ 129.030658878454204, 35.098845041662273 ], [ 129.029271437682979, 35.098916012310177 ], [ 129.027850859210133, 35.098785304893781 ], [ 129.027816088854365, 35.099412899632448 ], [ 129.026354346130034, 35.099473797511969 ], [ 129.026417972397667, 35.100469857949996 ], [ 129.025067770200252, 35.100532655084862 ], [ 129.025208421251364, 35.103127696037312 ], [ 129.027126645566284, 35.10304027133833 ], [ 129.027197731175733, 35.10385575180446 ], [ 129.026799751881668, 35.103906281262162 ], [ 129.026310575709374, 35.104585898516476 ], [ 129.025973002838185, 35.104732697175692 ], [ 129.026018353168951, 35.104876908410354 ], [ 129.027228454217152, 35.105343232401196 ], [ 129.027501713514624, 35.104976565143616 ], [ 129.027647468961334, 35.105145987813437 ], [ 129.028095105504008, 35.105885656068537 ], [ 129.028340511531354, 35.10685098046357 ], [ 129.028088102808084, 35.108194282164213 ], [ 129.028948580181464, 35.108366269905765 ], [ 129.028918169308213, 35.108643823538401 ], [ 129.029409943097193, 35.108931561499681 ], [ 129.03084762894008, 35.108421905359087 ], [ 129.031421274778893, 35.108007942600004 ], [ 129.031874847681223, 35.108081272732747 ], [ 129.032369816798649, 35.108507114765615 ], [ 129.032252024676467, 35.108602972734872 ], [ 129.032597785723709, 35.108805577312339 ], [ 129.033898629536282, 35.108686770136593 ], [ 129.034310454025615, 35.108904069291945 ], [ 129.034590242812783, 35.108497673981745 ], [ 129.034589063445509, 35.108125258634303 ], [ 129.033752585928511, 35.107676534634749 ], [ 129.035220746934527, 35.106945238170852 ], [ 129.035689149155729, 35.106371722992542 ], [ 129.038145825441887, 35.106475633225138 ], [ 129.038264940812013, 35.107483484146698 ], [ 129.0400539611081, 35.111434182000025 ], [ 129.041596909309476, 35.110967822124081 ], [ 129.040871719578377, 35.109509429921502 ], [ 129.041265291632016, 35.108896915817127 ], [ 129.040853336214809, 35.108098001071546 ] ] ] } },
{ "type": "Feature", "properties": { "학교코드(KEDI)": "212021288", "학교명_20251001": "봉래초등학교", "행정구_20251001": "중구" }, "geometry": { "type": "Polygon", "coordinates": [ [ [ 129.031693562493132, 35.116054257175911 ], [ 129.033002603033395, 35.116165759179651 ], [ 129.03344662513922, 35.115608649919004 ], [ 129.034482170457238, 35.114978203132218 ], [ 129.034553129136611, 35.114495080820831 ], [ 129.035565279492999, 35.114074307069309 ], [ 129.036046546669411, 35.113586673235254 ], [ 129.036086795648941, 35.113186685606209 ], [ 129.036943369923421, 35.112685207628758 ], [ 129.036938691605826, 35.112529494288161 ], [ 129.037802647153427, 35.112213417865306 ], [ 129.037890980189729, 35.112006371326771 ], [ 129.0400539611081, 35.111434182000025 ], [ 129.038264940812013, 35.107483484146698 ], [ 129.038145825441887, 35.106475633225138 ], [ 129.035689149155729, 35.106371722992542 ], [ 129.035220746934527, 35.106945238170852 ], [ 129.033752585928511, 35.107676534634749 ], [ 129.034589063445509, 35.108125258634303 ], [ 129.034590242812783, 35.108497673981745 ], [ 129.034310454025615, 35.108904069291945 ], [ 129.033898629536282, 35.108686770136593 ], [ 129.032597785723709, 35.108805577312339 ], [ 129.032252024676467, 35.108602972734872 ], [ 129.032369816798649, 35.108507114765615 ], [ 129.031874847681223, 35.108081272732747 ], [ 129.031421274778893, 35.108007942600004 ], [ 129.03084762894008, 35.108421905359087 ], [ 129.029409943097193, 35.108931561499681 ], [ 129.028918169308213, 35.108643823538401 ], [ 129.028948580181464, 35.108366269905765 ], [ 129.028088102808084, 35.108194282164213 ], [ 129.028120786140391, 35.109222110565625 ], [ 129.027664767266288, 35.10943006304899 ], [ 129.027520012515538, 35.109927142538965 ], [ 129.027697598035132, 35.111286206147547 ], [ 129.028075041249849, 35.11214896043964 ], [ 129.028096383979374, 35.113079624211331 ], [ 129.027893836130886, 35.113730017398574 ], [ 129.027937710371731, 35.114463743490909 ], [ 129.02746870146629, 35.115522854546647 ], [ 129.028257304907896, 35.115452781890959 ], [ 129.028905535237328, 35.115776207217536 ], [ 129.02952142545854, 35.116370812835349 ], [ 129.031693562493132, 35.116054257175911 ] ] ] } },
{ "type": "Feature", "properties": { "학교코드(KEDI)": "212021292", "학교명_20251001": "부민초등학교", "행정구_20251001": "서구" }, "geometry": { "type": "Polygon", "coordinates": [ [ [ 129.013051306363451, 35.108137981205211 ], [ 129.01387651373679, 35.1081949243449 ], [ 129.014289356664563, 35.10852306730655 ], [ 129.013561295125271, 35.10889234325024 ], [ 129.013901850468613, 35.109354596904787 ], [ 129.014403934928112, 35.109309942370992 ], [ 129.014673220513231, 35.109655337761076 ], [ 129.015533630157137, 35.10922383915247 ], [ 129.01775559965165, 35.110026305923888 ], [ 129.01849034686407, 35.109086065075857 ], [ 129.020135275870132, 35.107600196413422 ], [ 129.020735165902494, 35.107667827380624 ], [ 129.02233003957636, 35.107459449571046 ], [ 129.021344958892172, 35.105672069019491 ], [ 129.02117696290847, 35.102877437163727 ], [ 129.021519016116599, 35.10194030642117 ], [ 129.016918160757882, 35.102123794249117 ], [ 129.016648674860988, 35.101815863997714 ], [ 129.01607762403367, 35.102073214153613 ], [ 129.014942239358135, 35.102010233530706 ], [ 129.013845731856037, 35.102141409301261 ], [ 129.013084890961295, 35.102394931226335 ], [ 129.012963088122831, 35.102834465647113 ], [ 129.014036232364191, 35.104828598597926 ], [ 129.011749164190519, 35.105048276441131 ], [ 129.010322925940244, 35.105844619898555 ], [ 129.01161365115351, 35.106078067261521 ], [ 129.01162195966586, 35.10637650945575 ], [ 129.012203352114, 35.106381027297708 ], [ 129.012784132689944, 35.106577630443979 ], [ 129.012587017001977, 35.106857509035386 ], [ 129.01308956507836, 35.107724688346288 ], [ 129.013051306363451, 35.108137981205211 ] ] ] } },
{ "type": "Feature", "properties": { "학교코드(KEDI)": "212021300", "학교명_20251001": "사남초등학교", "행정구_20251001": "사하구" }, "geometry": { "type": "Polygon", "coordinates": [ [ [ 128.989620125779481, 35.097029433255024 ], [ 128.988347007566006, 35.093513612071732 ], [ 128.989234893910833, 35.093520503150806 ], [ 128.990184033764251, 35.09250290932404 ], [ 128.989895639557204, 35.092165280951683 ], [ 128.989630043267454, 35.092168541581657 ], [ 128.989748809387805, 35.091499941085026 ], [ 128.988351881884938, 35.091911248280617 ], [ 128.987408709368424, 35.091448934075295 ], [ 128.986934575428506, 35.091847873700353 ], [ 128.984824070352261, 35.092097500265183 ], [ 128.98488572212986, 35.092655432564996 ], [ 128.983499969016947, 35.093243656409015 ], [ 128.98310060149953, 35.09301468457145 ], [ 128.982162601118546, 35.094310557974907 ], [ 128.981192281509749, 35.094199252692235 ], [ 128.980419297233254, 35.094356210136333 ], [ 128.97990791991154, 35.095279390500302 ], [ 128.9791399848813, 35.095425126038926 ], [ 128.979032326751934, 35.096376756888034 ], [ 128.978456502746468, 35.096217172914614 ], [ 128.977863438750489, 35.095819990519189 ], [ 128.977959989177492, 35.096116274796948 ], [ 128.976597784659987, 35.096286293952325 ], [ 128.974659155375832, 35.09686834234207 ], [ 128.976657149561106, 35.097453379748281 ], [ 128.977133085375215, 35.097454269944627 ], [ 128.977502480534497, 35.097671086812781 ], [ 128.977621500114452, 35.098076684333329 ], [ 128.977793537998281, 35.097641309829264 ], [ 128.978068446827052, 35.097732198587664 ], [ 128.978326393474873, 35.098803777491788 ], [ 128.988116755423391, 35.096643947512739 ], [ 128.989620125779481, 35.097029433255024 ] ] ] } },
{ "type": "Feature", "properties": { "학교코드(KEDI)": "212021303", "학교명_20251001": "몰운대초등학교", "행정구_20251001": "사하구" }, "geometry": { "type": "Polygon", "coordinates": [ [ [ 128.963824674071986, 35.059144347683123 ], [ 128.965520261527445, 35.059021465953606 ], [ 128.966325983639564, 35.058681610789655 ], [ 128.967592519173195, 35.058505633917456 ], [ 128.966472532090961, 35.056568039566329 ], [ 128.966007916518834, 35.056056963594408 ], [ 128.965083121005648, 35.054281408360112 ], [ 128.965557218456127, 35.053948849075645 ], [ 128.965997889258972, 35.053330858687715 ], [ 128.962036833956461, 35.053314337808175 ], [ 128.961909351159164, 35.052894359339653 ], [ 128.960663813642981, 35.051941668497605 ], [ 128.959383240927593, 35.053127545758528 ], [ 128.960283312588246, 35.053855104409195 ], [ 128.961057450591028, 35.055334913366814 ], [ 128.96076987807723, 35.056122475975791 ], [ 128.960842817400987, 35.056578223571663 ], [ 128.961656055741969, 35.057153851191998 ], [ 128.96309436477199, 35.058976361588513 ], [ 128.963824674071986, 35.059144347683123 ] ] ] } },
{ "type": "Feature", "properties": { "학교코드(KEDI)": "212021308", "학교명_20251001": "사동초등학교", "행정구_20251001": "사하구" }, "geometry": { "type": "Polygon", "coordinates": [ [ [ 128.987307938367167, 35.105544858252728 ], [ 128.987605913310489, 35.104330099471795 ], [ 128.987322302718354, 35.103206047831137 ], [ 128.985940372362592, 35.102841165383595 ], [ 128.985570003496065, 35.102333948749923 ], [ 128.985483239294553, 35.101669732675745 ], [ 128.984760900451192, 35.101802496975793 ], [ 128.98329956595137, 35.101246018079955 ], [ 128.982606350053942, 35.101154434294976 ], [ 128.981970347643482, 35.100553956545276 ], [ 128.981722374735256, 35.100090194984695 ], [ 128.979809212713775, 35.100668422416803 ], [ 128.97676814987193, 35.102548302548463 ], [ 128.975561699549161, 35.102951744665113 ], [ 128.976219678916721, 35.10427354887667 ], [ 128.978077490916291, 35.103214004786665 ], [ 128.978370444385462, 35.103570457316216 ], [ 128.977981450707063, 35.103802131792719 ], [ 128.978209488447874, 35.104225691962434 ], [ 128.977719442992225, 35.104309990694695 ], [ 128.977327260750144, 35.10460771613149 ], [ 128.978634300783455, 35.105011823528059 ], [ 128.978813508829347, 35.1045900017604 ], [ 128.982897765423871, 35.108183712162635 ], [ 128.984542901590942, 35.10894071374954 ], [ 128.984992857761767, 35.108972071633993 ], [ 128.985169951602415, 35.108351218895507 ], [ 128.986257869031391, 35.107299750232244 ], [ 128.987704898014016, 35.106503674925939 ], [ 128.987307938367167, 35.105544858252728 ] ] ] } },
{ "type": "Feature", "properties": { "학교코드(KEDI)": "212021316", "학교명_20251001": "사하초등학교", "행정구_20251001": "사하구" }, "geometry": { "type": "Polygon", "coordinates": [ [ [ 128.993513534184814, 35.105318794640802 ], [ 128.992992026232201, 35.102624223266574 ], [ 128.992518396624746, 35.102707716773189 ], [ 128.992483140787726, 35.102439337710528 ], [ 128.993156253366038, 35.100196970308922 ], [ 128.994890057570785, 35.100678160656727 ], [ 128.995995477019051, 35.099126966971539 ], [ 128.996270659133813, 35.098304249811456 ], [ 128.995329058559889, 35.097544425122138 ], [ 128.994855073468102, 35.09738055138741 ], [ 128.994300530577277, 35.097303839870911 ], [ 128.992982699595274, 35.097461058690456 ], [ 128.992640739913185, 35.09651602809803 ], [ 128.989612515438296, 35.097029859181298 ], [ 128.988116755423391, 35.096643947512739 ], [ 128.978326393474873, 35.098803777491788 ], [ 128.978028585996157, 35.09929510707979 ], [ 128.979189353156158, 35.099596299312694 ], [ 128.979807211284196, 35.100669637465927 ], [ 128.981722374735256, 35.100090194984695 ], [ 128.981970347643482, 35.100553956545276 ], [ 128.982606350053942, 35.101154434294976 ], [ 128.98329956595137, 35.101246018079955 ], [ 128.984760900451192, 35.101802496975793 ], [ 128.985483239294553, 35.101669732675745 ], [ 128.985570003496065, 35.102333948749923 ], [ 128.985940372362592, 35.102841165383595 ], [ 128.987322302718354, 35.103206047831137 ], [ 128.987605913310489, 35.104330099471795 ], [ 128.987307938367167, 35.105544858252728 ], [ 128.987704898014016, 35.106503674925939 ], [ 128.988348922842675, 35.10713640443204 ], [ 128.989881888173358, 35.107847410843576 ], [ 128.990618472327668, 35.108555617360814 ], [ 128.990741374205612, 35.108925609819913 ], [ 128.991483512997178, 35.109740749126779 ], [ 128.991952431336387, 35.109384793131717 ], [ 128.99293982636587, 35.107734697111901 ], [ 128.992555208699088, 35.106932087032753 ], [ 128.993513534184814, 35.105318794640802 ] ] ] } },
{ "type": "Feature", "properties": { "학교코드(KEDI)": "212021324", "학교명_20251001": "상리초등학교", "행정구_20251001": "영도구" }, "geometry": { "type": "MultiPolygon", "coordinates": [ [ [ [ 129.071154960715262, 35.086863887529724 ], [ 129.071594091346327, 35.087017043673569 ], [ 129.072283625583253, 35.086197928570705 ], [ 129.072390736836468, 35.085840193220676 ], [ 129.072132032713142, 35.085279390133216 ], [ 129.072390062324899, 35.084883492971144 ], [ 129.072718232772615, 35.084756654752965 ], [ 129.071614356543137, 35.083540622445625 ], [ 129.0697115274086, 35.083078215566516 ], [ 129.06939164241038, 35.082669081102772 ], [ 129.068506501423855, 35.083040868272931 ], [ 129.067323086891093, 35.082810252070146 ], [ 129.067037273014705, 35.0825608465044 ], [ 129.065880797005974, 35.082572452728883 ], [ 129.066122107663489, 35.082891607857952 ], [ 129.066064190309845, 35.083100916848515 ], [ 129.065043287062025, 35.083497843015941 ], [ 129.065398526218587, 35.084090908755378 ], [ 129.065190424031044, 35.084970466179229 ], [ 129.065663392768613, 35.085222821895215 ], [ 129.06604971827889, 35.085730157159041 ], [ 129.066495874060109, 35.085848196486211 ], [ 129.066941757110015, 35.085623235421707 ], [ 129.06706234267125, 35.086252560516265 ], [ 129.068248058470147, 35.086251866410855 ], [ 129.070557840533695, 35.087568486889239 ], [ 129.071154960715262, 35.086863887529724 ] ] ], [ [ [ 129.078333720285741, 35.087108796833618 ], [ 129.078360550173244, 35.086988184097827 ], [ 129.078316484473362, 35.086926182346232 ], [ 129.078180688993427, 35.086977256625616 ], [ 129.078333720285741, 35.087108796833618 ] ] ] ] } },
{ "type": "Feature", "properties": { "학교코드(KEDI)": "212021332", "학교명_20251001": "서천초등학교", "행정구_20251001": "사하구" }, "geometry": { "type": "Polygon", "coordinates": [ [ [ 129.007218865588698, 35.099515665316503 ], [ 129.010138159073819, 35.099387769371745 ], [ 129.010308300235124, 35.09922757798897 ], [ 129.010578636785908, 35.098435522392052 ], [ 129.011288035820115, 35.097801775110938 ], [ 129.011129898116394, 35.097653215682037 ], [ 129.012115026297408, 35.096229877121239 ], [ 129.012767906939786, 35.095733111695544 ], [ 129.014198231300128, 35.093772132290191 ], [ 129.014345070289295, 35.09166858886524 ], [ 129.012132969407105, 35.092529475017017 ], [ 129.011421665582873, 35.092475597859355 ], [ 129.010869756347233, 35.092651129621217 ], [ 129.0108164536461, 35.092508600149344 ], [ 129.010539711332399, 35.092519609216048 ], [ 129.008812273783604, 35.092701042817041 ], [ 129.009318065638041, 35.093214846052192 ], [ 129.00925773841891, 35.093463598586006 ], [ 129.008880805891977, 35.094255508057664 ], [ 129.008575145227525, 35.094101166773143 ], [ 129.008414394027028, 35.09421629160402 ], [ 129.008161796810867, 35.094002645534822 ], [ 129.007957297781644, 35.093151433425618 ], [ 129.007554216656899, 35.092411911306613 ], [ 129.007441045515179, 35.091413377817489 ], [ 129.006976681553368, 35.091282835585446 ], [ 129.006940253432049, 35.090968683309484 ], [ 129.005676648020426, 35.089716026442694 ], [ 129.005045398423391, 35.087477252468716 ], [ 129.001636272435178, 35.088472765144253 ], [ 128.999644605726445, 35.089701799269456 ], [ 128.999728973730782, 35.089988690248127 ], [ 128.999222375330561, 35.090673782808722 ], [ 128.999593991667098, 35.090917437117575 ], [ 128.999482715697667, 35.09147150468651 ], [ 128.999288598552283, 35.091581370678 ], [ 128.998834419291171, 35.091475744969713 ], [ 128.998780096583999, 35.091592922154142 ], [ 128.999068644967878, 35.092119783544298 ], [ 128.999351022972718, 35.092205013470611 ], [ 128.999600353292095, 35.091933056470701 ], [ 129.002673364954802, 35.093343143369708 ], [ 129.002227757601531, 35.093944899381938 ], [ 129.000844593346216, 35.094980820138254 ], [ 129.00162586196825, 35.096043341365707 ], [ 129.000963587894034, 35.096414693629207 ], [ 129.001520887540835, 35.096965049410201 ], [ 129.003212512799735, 35.096830778564431 ], [ 129.004934637998474, 35.09736091386474 ], [ 129.005292966917921, 35.097959337043108 ], [ 129.005988612082461, 35.098073300099678 ], [ 129.006734432209839, 35.099214325019894 ], [ 129.007218865588698, 35.099515665316503 ] ] ] } },
{ "type": "Feature", "properties": { "학교코드(KEDI)": "212021348", "학교명_20251001": "송도초등학교", "행정구_20251001": "서구" }, "geometry": { "type": "Polygon", "coordinates": [ [ [ 129.01640878035613, 35.083233810767297 ], [ 129.01633214862315, 35.083166536291209 ], [ 129.016687718411021, 35.082905254823679 ], [ 129.016536520421482, 35.082419210625339 ], [ 129.016767971512479, 35.08213567258106 ], [ 129.016643016705416, 35.081973229229227 ], [ 129.017534436304402, 35.081559404193698 ], [ 129.017544463915726, 35.081375616437029 ], [ 129.018951691006293, 35.079769187137714 ], [ 129.019445060966291, 35.079815770004281 ], [ 129.019746433230949, 35.080692498718108 ], [ 129.019982541901982, 35.080667392276837 ], [ 129.019978504756779, 35.080523857447673 ], [ 129.020385882813201, 35.080624502663568 ], [ 129.023629151644826, 35.079169136105435 ], [ 129.025036053918086, 35.078879641348649 ], [ 129.024449895622354, 35.076178528992656 ], [ 129.023890775295399, 35.076259818384067 ], [ 129.023594852286209, 35.075998338995809 ], [ 129.022947843564481, 35.076043634406723 ], [ 129.022037831079729, 35.076620629831154 ], [ 129.02106382106345, 35.077537123699592 ], [ 129.020538751557126, 35.077740709636039 ], [ 129.019797777811618, 35.07761821920807 ], [ 129.018885207309211, 35.077022189204833 ], [ 129.018103308401805, 35.076884444114093 ], [ 129.018184189207886, 35.07681151328083 ], [ 129.017564570500298, 35.076357839551441 ], [ 129.017566812833223, 35.076162395589172 ], [ 129.017294682598703, 35.07614267341404 ], [ 129.016799410701054, 35.075689096391436 ], [ 129.016263716524861, 35.074556026559598 ], [ 129.016239182058882, 35.074262130406012 ], [ 129.01649212398587, 35.073956137649375 ], [ 129.016438026334754, 35.07378069428097 ], [ 129.016686985549683, 35.073639166285922 ], [ 129.017274516573252, 35.071978852641045 ], [ 129.01863746344543, 35.071275571204616 ], [ 129.019182853557879, 35.070463277079767 ], [ 129.020515470350034, 35.069422149758083 ], [ 129.021016518160963, 35.068526495637435 ], [ 129.020643441531746, 35.067634200179405 ], [ 129.020737877473294, 35.067490574852144 ], [ 129.020245562120977, 35.066708453798817 ], [ 129.02104849243355, 35.065569965183421 ], [ 129.020313899853619, 35.065074446019331 ], [ 129.020098848788507, 35.06468529594018 ], [ 129.018651451322938, 35.065311418978261 ], [ 129.017081620978615, 35.065484488302587 ], [ 129.016049611399836, 35.067962830324127 ], [ 129.015467111500072, 35.068506587908395 ], [ 129.015471189901888, 35.068705762489486 ], [ 129.014283409869449, 35.069192705424847 ], [ 129.012387858521151, 35.069071829102612 ], [ 129.012222954750001, 35.069486869823088 ], [ 129.012854582279033, 35.069603395973374 ], [ 129.013398726142611, 35.070356353794651 ], [ 129.013383199508041, 35.071027759987153 ], [ 129.013015544133481, 35.071739541247915 ], [ 129.011781694300083, 35.072950894670441 ], [ 129.011263895277295, 35.074763326733645 ], [ 129.011369649948534, 35.076161160288436 ], [ 129.011130159248523, 35.077529908717871 ], [ 129.011217123108281, 35.078239977878212 ], [ 129.011628537786123, 35.078881438281115 ], [ 129.011459711249955, 35.079888675024726 ], [ 129.01165104634623, 35.080740896990875 ], [ 129.011618247333416, 35.081820441864004 ], [ 129.011515803799909, 35.081954266704507 ], [ 129.011189506610918, 35.081936398715918 ], [ 129.0111892485032, 35.082425119005045 ], [ 129.010954309617375, 35.082762607832528 ], [ 129.011901237479407, 35.084060795577166 ], [ 129.013488790331138, 35.084555723086851 ], [ 129.015595643706348, 35.084305689996398 ], [ 129.015639015810763, 35.083945345647692 ], [ 129.01640878035613, 35.083233810767297 ] ] ] } },
{ "type": "Feature", "properties": { "학교코드(KEDI)": "212021372", "학교명_20251001": "승학초등학교", "행정구_20251001": "사하구" }, "geometry": { "type": "Polygon", "coordinates": [ [ [ 129.010469919379261, 35.105699797898751 ], [ 129.009977518624481, 35.10481703462392 ], [ 129.00954744278053, 35.104816703408481 ], [ 129.009420611263408, 35.104661244405804 ], [ 129.008978189473311, 35.103403266676274 ], [ 129.008349285765945, 35.102938588879731 ], [ 129.00760004543838, 35.101870288833005 ], [ 129.007369872225382, 35.101259048365648 ], [ 129.007218865588698, 35.099515665316503 ], [ 129.006734432209839, 35.099214325019894 ], [ 129.005988612082461, 35.098073300099678 ], [ 129.005292966917921, 35.097959337043108 ], [ 129.004934637998474, 35.09736091386474 ], [ 129.003457247087169, 35.096875878296849 ], [ 129.00161500871414, 35.096940648289198 ], [ 129.000676809319998, 35.097215241276054 ], [ 129.000310376438478, 35.097100835847691 ], [ 129.000172166379571, 35.097195152678289 ], [ 128.998820581530765, 35.096602754541784 ], [ 128.997660413298917, 35.097752578977122 ], [ 128.997311837177136, 35.097909796336026 ], [ 128.996979716990154, 35.097628777984276 ], [ 128.99672899852672, 35.097912832117053 ], [ 128.996700291994784, 35.098420398301805 ], [ 128.996270659133813, 35.098304249811456 ], [ 128.995995477019051, 35.099126966971539 ], [ 128.994890057570785, 35.100678160656727 ], [ 129.000232398768645, 35.103158849307206 ], [ 129.002750866118561, 35.103556313768323 ], [ 129.003502681437595, 35.103796325630128 ], [ 129.007114285065313, 35.105901743848271 ], [ 129.00767656534353, 35.106409757896273 ], [ 129.007879827364775, 35.10688691407703 ], [ 129.008607512240587, 35.107336138556057 ], [ 129.010469919379261, 35.105699797898751 ] ] ] } },
{ "type": "Feature", "properties": { "학교코드(KEDI)": "212021376", "학교명_20251001": "신남초등학교", "행정구_20251001": "사하구" }, "geometry": { "type": "Polygon", "coordinates": [ [ [ 128.964985351042117, 35.100717980485783 ], [ 128.965791918385122, 35.100469353736109 ], [ 128.966188665277855, 35.100617653535274 ], [ 128.96689573859021, 35.100391795249941 ], [ 128.970217300644094, 35.09866432958875 ], [ 128.971067713571102, 35.098077938680646 ], [ 128.971195060250324, 35.097625052540842 ], [ 128.970612577131959, 35.097125550513752 ], [ 128.969416349724924, 35.096726052064248 ], [ 128.968009101421558, 35.095949483223592 ], [ 128.967771406046722, 35.095718466007412 ], [ 128.967896802001775, 35.094821660728385 ], [ 128.967616080043058, 35.094179540316993 ], [ 128.967297691722024, 35.093936724143944 ], [ 128.966551100970548, 35.094263343595031 ], [ 128.966058071796397, 35.094028133817382 ], [ 128.966408924556191, 35.093235590509842 ], [ 128.966428268389933, 35.092591489453334 ], [ 128.965714145047087, 35.0923429404533 ], [ 128.965224917450428, 35.09320671062536 ], [ 128.965166959565749, 35.093648830701589 ], [ 128.963683282180341, 35.094202213596226 ], [ 128.963221202118802, 35.094047559831608 ], [ 128.962578783889398, 35.094115190021824 ], [ 128.961040101035991, 35.097953020942754 ], [ 128.961412410039003, 35.098559995530152 ], [ 128.961228964161393, 35.098769585039093 ], [ 128.961693018335581, 35.099381818441167 ], [ 128.961940057828855, 35.099304035760944 ], [ 128.962177471495238, 35.099644840890221 ], [ 128.963339151380296, 35.099894077148512 ], [ 128.963862035447647, 35.100724847401885 ], [ 128.964985351042117, 35.100717980485783 ] ] ] } },
{ "type": "Feature", "properties": { "학교코드(KEDI)": "212021388", "학교명_20251001": "신촌초등학교", "행정구_20251001": "사하구" }, "geometry": { "type": "Polygon", "coordinates": [ [ [ 128.97990791991154, 35.095279390500302 ], [ 128.980419297233254, 35.094356210136333 ], [ 128.981192281509749, 35.094199252692235 ], [ 128.982162601118546, 35.094310557974907 ], [ 128.98310060149953, 35.09301468457145 ], [ 128.983499969016947, 35.093243656409015 ], [ 128.98488572212986, 35.092655432564996 ], [ 128.984942417233412, 35.092443763842887 ], [ 128.98419592158686, 35.090462341516769 ], [ 128.984067402068831, 35.089645181326922 ], [ 128.983699954727427, 35.089611036753787 ], [ 128.983703973978066, 35.089232826344137 ], [ 128.983106844023013, 35.088643514248147 ], [ 128.981774014764454, 35.086778000172529 ], [ 128.983392121792633, 35.085779629152533 ], [ 128.983059795594698, 35.085419031552469 ], [ 128.983074582893494, 35.085099522823938 ], [ 128.98271396946339, 35.085102168462392 ], [ 128.982727769711119, 35.084918093537304 ], [ 128.977404248194887, 35.085091785195154 ], [ 128.977748708328903, 35.089611978250069 ], [ 128.974872068356234, 35.089722026838807 ], [ 128.975401563649854, 35.090916220117414 ], [ 128.97718473682616, 35.092163873019651 ], [ 128.976164273478417, 35.093154399995164 ], [ 128.976554379463124, 35.093421878015867 ], [ 128.976309038792664, 35.093791162775908 ], [ 128.976432674298735, 35.094225612898221 ], [ 128.976903937312557, 35.094284604276979 ], [ 128.977169234849697, 35.094610721959022 ], [ 128.976822815923128, 35.094897762422413 ], [ 128.978286538362283, 35.096129816057314 ], [ 128.979032326751934, 35.096376756888034 ], [ 128.9791399848813, 35.095425126038926 ], [ 128.97990791991154, 35.095279390500302 ] ] ] } },
{ "type": "Feature", "properties": { "학교코드(KEDI)": "212021396", "학교명_20251001": "신평초등학교", "행정구_20251001": "사하구" }, "geometry": { "type": "Polygon", "coordinates": [ [ [ 128.966408924556191, 35.093235590509842 ], [ 128.966058071796397, 35.094028133817382 ], [ 128.966551100970548, 35.094263343595031 ], [ 128.967297691722024, 35.093936724143944 ], [ 128.967516432496751, 35.094076128086776 ], [ 128.967896802001775, 35.094821660728385 ], [ 128.967771406046722, 35.095718466007412 ], [ 128.969416349724924, 35.096726052064248 ], [ 128.970612577131959, 35.097125550513752 ], [ 128.971195060250324, 35.097625052540842 ], [ 128.971067713571102, 35.098077938680646 ], [ 128.972569158809648, 35.098044144432222 ], [ 128.97354371034433, 35.097745207688156 ], [ 128.974437275381206, 35.097245693430807 ], [ 128.974659155375832, 35.09686834234207 ], [ 128.975077932937126, 35.096714391076475 ], [ 128.976597784659987, 35.096286293952325 ], [ 128.977959989177492, 35.096116274796948 ], [ 128.977863438750489, 35.095819990519189 ], [ 128.976822815923128, 35.094897762422413 ], [ 128.977169234849697, 35.094610721959022 ], [ 128.976903937312557, 35.094284604276979 ], [ 128.976432674298735, 35.094225612898221 ], [ 128.976309038792664, 35.093791162775908 ], [ 128.976554379463124, 35.093421878015867 ], [ 128.976164273478417, 35.093154399995164 ], [ 128.97718473682616, 35.092163873019651 ], [ 128.975401563649854, 35.090916220117414 ], [ 128.974872068356234, 35.089722026838807 ], [ 128.974725067730759, 35.09003853234767 ], [ 128.973548992243224, 35.090862594740273 ], [ 128.968081417457483, 35.091166345060387 ], [ 128.968035424061924, 35.091803271165475 ], [ 128.96817769649283, 35.09201633597241 ], [ 128.967348957182764, 35.09206647029707 ], [ 128.967003540920643, 35.091854044606769 ], [ 128.965714145047087, 35.0923429404533 ], [ 128.966428268389933, 35.092591489453334 ], [ 128.966408924556191, 35.093235590509842 ] ] ] } },
{ "type": "Feature", "properties": { "학교코드(KEDI)": "212021404", "학교명_20251001": "아미초등학교", "행정구_20251001": "서구" }, "geometry": { "type": "Polygon", "coordinates": [ [ [ 129.010469919379261, 35.105699797898751 ], [ 129.011749164190519, 35.105048276441131 ], [ 129.014036232364191, 35.104828598597926 ], [ 129.012963088122831, 35.102834465647113 ], [ 129.013084890961295, 35.102394931226335 ], [ 129.013845731856037, 35.102141409301261 ], [ 129.014942239358135, 35.102010233530706 ], [ 129.01607762403367, 35.102073214153613 ], [ 129.016648674860988, 35.101815863997714 ], [ 129.01677718598819, 35.101824263853523 ], [ 129.016806166739059, 35.102116597614014 ], [ 129.018629239216921, 35.102055295137689 ], [ 129.018594751930863, 35.101279820722368 ], [ 129.017392954391113, 35.101332606087851 ], [ 129.01743771358241, 35.099978922968383 ], [ 129.017213059999278, 35.09919151116506 ], [ 129.017454518840481, 35.098838402736625 ], [ 129.017995093459518, 35.098941195919785 ], [ 129.01806364709978, 35.09879873714101 ], [ 129.018411598766136, 35.098781112155926 ], [ 129.018411662327196, 35.098263368249157 ], [ 129.01809284575657, 35.097804203105206 ], [ 129.018159456619742, 35.097576752282073 ], [ 129.017484254611162, 35.097460740155988 ], [ 129.017283570959478, 35.097288634739897 ], [ 129.016990888704669, 35.097379150300057 ], [ 129.016586531261311, 35.097183704134217 ], [ 129.016695934883501, 35.096752095601104 ], [ 129.017005437608219, 35.096539634575151 ], [ 129.017189102439232, 35.095623815818414 ], [ 129.017598204908779, 35.094748100934105 ], [ 129.017230467736653, 35.093700587400058 ], [ 129.01588038903418, 35.093646339487265 ], [ 129.01520161927067, 35.09389881131262 ], [ 129.014894488861501, 35.093619885640976 ], [ 129.014603462031289, 35.092955725752368 ], [ 129.014312785220227, 35.092758058284154 ], [ 129.014198231300128, 35.093772132290191 ], [ 129.012767906939786, 35.095733111695544 ], [ 129.012115026297408, 35.096229877121239 ], [ 129.011129898116394, 35.097653215682037 ], [ 129.011288035820115, 35.097801775110938 ], [ 129.010578636785908, 35.098435522392052 ], [ 129.010308300235124, 35.09922757798897 ], [ 129.010138159073819, 35.099387769371745 ], [ 129.007218865588698, 35.099515665316503 ], [ 129.007369872225382, 35.101259048365648 ], [ 129.00760004543838, 35.101870288833005 ], [ 129.008349285765945, 35.102938588879731 ], [ 129.008978189473311, 35.103403266676274 ], [ 129.009420611263408, 35.104661244405804 ], [ 129.00954744278053, 35.104816703408481 ], [ 129.009977518624481, 35.10481703462392 ], [ 129.010469919379261, 35.105699797898751 ] ] ] } },
{ "type": "Feature", "properties": { "학교코드(KEDI)": "212021412", "학교명_20251001": "영도초등학교", "행정구_20251001": "영도구" }, "geometry": { "type": "Polygon", "coordinates": [ [ [ 129.039661562103788, 35.09479388319798 ], [ 129.044935652768459, 35.09281795687987 ], [ 129.045847943026786, 35.093581293114937 ], [ 129.046108980371372, 35.093138045942148 ], [ 129.046679780605785, 35.092728384116384 ], [ 129.046496127437848, 35.092582842085385 ], [ 129.046806275984494, 35.092457984995846 ], [ 129.047508242879275, 35.091285300575628 ], [ 129.048135391223809, 35.091312152000384 ], [ 129.049013722969903, 35.090733277068033 ], [ 129.04881338973928, 35.090480157282066 ], [ 129.048990271643191, 35.090390665451679 ], [ 129.048676658803259, 35.090196583887234 ], [ 129.048418328790689, 35.089527350052315 ], [ 129.048773351079831, 35.089412041874191 ], [ 129.048740031961586, 35.08921063502531 ], [ 129.049102797513939, 35.089150062052077 ], [ 129.049731324972612, 35.089314957202227 ], [ 129.049920800365669, 35.089087746515361 ], [ 129.050318958940636, 35.088169682908834 ], [ 129.050265211808522, 35.087762647223641 ], [ 129.049842396177098, 35.087572266585696 ], [ 129.050386322606215, 35.087303287491764 ], [ 129.050465934230402, 35.087062041280454 ], [ 129.050262658349226, 35.08697179923626 ], [ 129.050252275962293, 35.086715787526771 ], [ 129.049577047498815, 35.086576588287116 ], [ 129.048634774232966, 35.086857833730015 ], [ 129.048323574749332, 35.085918019552189 ], [ 129.04739477576743, 35.086047506047386 ], [ 129.047323607874915, 35.085769455042971 ], [ 129.046843062410517, 35.08662632592786 ], [ 129.046316398435408, 35.086787029976875 ], [ 129.046585812762999, 35.087484719363282 ], [ 129.045511582090768, 35.087651066621746 ], [ 129.043730122723474, 35.087604352807446 ], [ 129.040984102159939, 35.088600512426048 ], [ 129.042353923634749, 35.091199425669565 ], [ 129.037359819206586, 35.093056359706019 ], [ 129.036777035489678, 35.094669420351828 ], [ 129.037376658242948, 35.09478858693172 ], [ 129.037703045777363, 35.09362370360769 ], [ 129.03836534959018, 35.093511580396687 ], [ 129.038718004036582, 35.09476594152548 ], [ 129.03812399379845, 35.094808211958203 ], [ 129.038844222446443, 35.094803999908571 ], [ 129.039405318216524, 35.095155052979578 ], [ 129.039661562103788, 35.09479388319798 ] ] ] } },
{ "type": "Feature", "properties": { "학교코드(KEDI)": "212021428", "학교명_20251001": "옥천초등학교", "행정구_20251001": "사하구" }, "geometry": { "type": "Polygon", "coordinates": [ [ [ 128.996804406853471, 35.097787635782666 ], [ 128.996979716990154, 35.097628777984276 ], [ 128.997311837177136, 35.097909796336026 ], [ 128.997660413298917, 35.097752578977122 ], [ 128.998820581530765, 35.096602754541784 ], [ 129.000172166379571, 35.097195152678289 ], [ 129.000310376438478, 35.097100835847691 ], [ 129.000676809319998, 35.097215241276054 ], [ 129.001520831372574, 35.096964994464535 ], [ 129.000963587894034, 35.096414693629207 ], [ 129.00162586196825, 35.096043341365707 ], [ 129.000844593346216, 35.094980820138254 ], [ 129.002227757601531, 35.093944899381938 ], [ 129.002673364954802, 35.093343143369708 ], [ 128.999600353292095, 35.091933056470701 ], [ 128.999351022972718, 35.092205013470611 ], [ 128.999068644967878, 35.092119783544298 ], [ 128.998781984803088, 35.091571368979068 ], [ 128.999482715697667, 35.09147150468651 ], [ 128.999593991667098, 35.090917437117575 ], [ 128.999222375330561, 35.090673782808722 ], [ 128.999728973730782, 35.089988690248127 ], [ 128.999644605726445, 35.089701799269456 ], [ 129.001636272435178, 35.088472765144253 ], [ 129.004717770928096, 35.087575112866496 ], [ 129.004461328188142, 35.086997840995608 ], [ 129.004045424381417, 35.086764767343233 ], [ 129.003890818379972, 35.086347723961609 ], [ 129.003544508034196, 35.086484145185629 ], [ 129.002123005433333, 35.086132637949113 ], [ 129.002632858689395, 35.084662622055198 ], [ 129.001264321173267, 35.084935994123271 ], [ 129.000756988391799, 35.084798200690749 ], [ 129.00111263849692, 35.083859050598114 ], [ 128.999043228551841, 35.083334720969226 ], [ 128.999676187206774, 35.081656819773677 ], [ 129.001691750022758, 35.081212142821848 ], [ 129.00123219290407, 35.079816555417956 ], [ 128.998279906478587, 35.080467040388335 ], [ 128.997311619295061, 35.083062326843418 ], [ 128.996731382038092, 35.083179880078745 ], [ 128.99676958976633, 35.083478178802643 ], [ 128.997143267203768, 35.08395817007635 ], [ 128.996996877085138, 35.083960689969494 ], [ 128.997050772987336, 35.084601452032643 ], [ 128.997220748081872, 35.084804737870527 ], [ 128.996418668904198, 35.085955070268668 ], [ 128.996311038198485, 35.086641955941602 ], [ 128.995255444000264, 35.087954666688127 ], [ 128.994410483655173, 35.088580784230658 ], [ 128.993497495954728, 35.088163130168098 ], [ 128.991456906934133, 35.089284369677081 ], [ 128.99059823382234, 35.09116571505615 ], [ 128.989748809387805, 35.091499941085026 ], [ 128.989630043267454, 35.092168541581657 ], [ 128.989895639557204, 35.092165280951683 ], [ 128.990184033764251, 35.09250290932404 ], [ 128.989234893910833, 35.093520503150806 ], [ 128.988347007566006, 35.093513612071732 ], [ 128.989620125779481, 35.097029433255024 ], [ 128.992640739913185, 35.09651602809803 ], [ 128.992982699595274, 35.097461058690456 ], [ 128.994300530577277, 35.097303839870911 ], [ 128.994855073468102, 35.09738055138741 ], [ 128.995329058559889, 35.097544425122138 ], [ 128.995948530279492, 35.098142241765593 ], [ 128.996700291994784, 35.098420398301805 ], [ 128.996804406853471, 35.097787635782666 ] ] ] } },
{ "type": "Feature", "properties": { "학교코드(KEDI)": "212021430", "학교명_20251001": "을숙도초등학교", "행정구_20251001": "사하구" }, "geometry": { "type": "Polygon", "coordinates": [ [ [ 128.958903667653203, 35.109596609226919 ], [ 128.958717940424975, 35.107559044220615 ], [ 128.957278943912257, 35.108154488038146 ], [ 128.957983968337146, 35.111389947975702 ], [ 128.957147257335521, 35.107550127984155 ], [ 128.957104873880354, 35.106439741297741 ], [ 128.958598422478275, 35.106246765627205 ], [ 128.958490760616229, 35.10523369400947 ], [ 128.961097008225778, 35.105231419608202 ], [ 128.961052399274621, 35.104816376761924 ], [ 128.956363383958262, 35.104757353296563 ], [ 128.956494069818859, 35.105861120705413 ], [ 128.956288884852853, 35.106180551934749 ], [ 128.956015147479462, 35.106255513682214 ], [ 128.95605554271782, 35.106554926759735 ], [ 128.950532618466667, 35.107360741933221 ], [ 128.950423927901738, 35.107012716305292 ], [ 128.950006181484184, 35.106940862431614 ], [ 128.949810808296149, 35.10668054687315 ], [ 128.948491062436062, 35.102545317625662 ], [ 128.948369972002325, 35.10256895243861 ], [ 128.949784891260549, 35.106973704428256 ], [ 128.94866117257456, 35.107146516641876 ], [ 128.947094017785844, 35.101985646505796 ], [ 128.947017899762926, 35.100599738680792 ], [ 128.947348568777784, 35.098898229944538 ], [ 128.943789462284059, 35.088172465797058 ], [ 128.942387966397348, 35.088570320201768 ], [ 128.942204636691912, 35.088554664372836 ], [ 128.942020593800436, 35.088248534456696 ], [ 128.941353492418813, 35.088074187344688 ], [ 128.940647393637448, 35.088307398412162 ], [ 128.939087302888396, 35.08846463252867 ], [ 128.936919150308569, 35.086126733554835 ], [ 128.93472113509992, 35.08517826354241 ], [ 128.934073630777533, 35.085397232772593 ], [ 128.932548318712065, 35.091442210807628 ], [ 128.934614543379439, 35.100619045149152 ], [ 128.936536920072257, 35.106660451275275 ], [ 128.937867211351573, 35.106918566683021 ], [ 128.938445093389589, 35.10722644127253 ], [ 128.939095613840408, 35.108040202414664 ], [ 128.939329173344987, 35.108858235959602 ], [ 128.935286960939976, 35.109860468863715 ], [ 128.934863600887212, 35.11190066888414 ], [ 128.938163030092227, 35.114118406149117 ], [ 128.938268175808673, 35.114767126170094 ], [ 128.938647712720325, 35.115482012396342 ], [ 128.94204170945676, 35.119089196083173 ], [ 128.945781950815956, 35.121878527467274 ], [ 128.947782597018801, 35.122697181380111 ], [ 128.949666143642077, 35.126383166899991 ], [ 128.951262915437553, 35.129018223105838 ], [ 128.953081173004193, 35.131277102542654 ], [ 128.956745499695472, 35.13510957246443 ], [ 128.959411301455958, 35.13662921672401 ], [ 128.963435401395998, 35.136845168049376 ], [ 128.961957326177497, 35.13526584889069 ], [ 128.961569537113519, 35.133518906466435 ], [ 128.960569480716345, 35.131040078435802 ], [ 128.958825735684968, 35.128193644159808 ], [ 128.957990817181212, 35.12630675502546 ], [ 128.957444715465471, 35.123839445492976 ], [ 128.957579080217556, 35.122090954853363 ], [ 128.958254219294361, 35.118747931156101 ], [ 128.959442103101253, 35.117713649441313 ], [ 128.959982134098937, 35.119096541326769 ], [ 128.960586814319811, 35.120101295616053 ], [ 128.961825722385015, 35.119723324196464 ], [ 128.962105155478326, 35.119821732963317 ], [ 128.962822586251946, 35.120987290061095 ], [ 128.963196530542064, 35.120929703795497 ], [ 128.963686531180684, 35.121938417307774 ], [ 128.967318171628875, 35.12072969689229 ], [ 128.96897177845878, 35.120607675181311 ], [ 128.968917929181487, 35.120235687099445 ], [ 128.969605945717063, 35.119869817037085 ], [ 128.971904736205857, 35.119084764130285 ], [ 128.975890947299433, 35.117064040699582 ], [ 128.974371419675634, 35.114493676221322 ], [ 128.971996115526963, 35.111070380798083 ], [ 128.969462700700433, 35.111406427518816 ], [ 128.967777828636656, 35.111051148503897 ], [ 128.966596637604425, 35.111014031801915 ], [ 128.964909555652014, 35.110287131620254 ], [ 128.960856382547689, 35.110668717177589 ], [ 128.960913149955246, 35.111323242607007 ], [ 128.959395548613969, 35.111428861447969 ], [ 128.958903667653203, 35.109596609226919 ] ] ] } },
{ "type": "Feature", "properties": { "학교코드(KEDI)": "212021432", "학교명_20251001": "응봉초등학교", "행정구_20251001": "사하구" }, "geometry": { "type": "Polygon", "coordinates": [ [ [ 128.968939301741813, 35.051933729783066 ], [ 128.968559525598835, 35.051559115889773 ], [ 128.967370966144813, 35.051812065219544 ], [ 128.965696644604606, 35.051174083062996 ], [ 128.965034710037799, 35.052218878366766 ], [ 128.961965034112865, 35.051044675254822 ], [ 128.961249258279992, 35.051142465087985 ], [ 128.960663813642981, 35.051941668497605 ], [ 128.961909351159164, 35.052894359339653 ], [ 128.962036833956461, 35.053314337808175 ], [ 128.965997889258972, 35.053330858687715 ], [ 128.965557218456127, 35.053948849075645 ], [ 128.965083121005648, 35.054281408360112 ], [ 128.966007916518834, 35.056056963594408 ], [ 128.966472532090961, 35.056568039566329 ], [ 128.967592519173195, 35.058505633917456 ], [ 128.968455672885398, 35.058698324339943 ], [ 128.968578741717408, 35.058677862817326 ], [ 128.967783128210783, 35.058155702536006 ], [ 128.967444114706296, 35.057444652621633 ], [ 128.968047535652005, 35.056613025299804 ], [ 128.967732290544774, 35.055983674458837 ], [ 128.967792797970162, 35.053935353451394 ], [ 128.968457149458544, 35.053949130499831 ], [ 128.968674799959842, 35.054727547920301 ], [ 128.97064481348832, 35.054412142808765 ], [ 128.970892243829553, 35.053048159039449 ], [ 128.970262570655422, 35.052224331777921 ], [ 128.968950478931674, 35.052259763991628 ], [ 128.968939301741813, 35.051933729783066 ] ] ] } },
{ "type": "Feature", "properties": { "학교코드(KEDI)": "212021436", "학교명_20251001": "장림초등학교", "행정구_20251001": "사하구" }, "geometry": { "type": "MultiPolygon", "coordinates": [ [ [ [ 128.970506624029042, 35.080673626259014 ], [ 128.970505948775923, 35.082462946088611 ], [ 128.972641029935517, 35.0824086617096 ], [ 128.972672313717226, 35.083523019964147 ], [ 128.974275786136985, 35.082839221322487 ], [ 128.974979359483541, 35.082313034466026 ], [ 128.977342824353428, 35.082229727394328 ], [ 128.977404248194887, 35.085091785195154 ], [ 128.982727769711119, 35.084918093537304 ], [ 128.982734868091114, 35.084823558346365 ], [ 128.983690202325988, 35.084766827223469 ], [ 128.983581303135452, 35.08330587591675 ], [ 128.983159726003038, 35.082624649267252 ], [ 128.982992586233621, 35.081293306549213 ], [ 128.982545304059528, 35.080878517316492 ], [ 128.982783579805727, 35.080376943453665 ], [ 128.983946027914214, 35.079631416868757 ], [ 128.98469103674762, 35.078791700247542 ], [ 128.984117994040759, 35.077942108853115 ], [ 128.984988645442513, 35.077297380395478 ], [ 128.984495817710666, 35.076830586378854 ], [ 128.9846219498246, 35.075995612116451 ], [ 128.984888815750082, 35.075473772503749 ], [ 128.983455797614937, 35.074164261796092 ], [ 128.982894234623188, 35.074145840919215 ], [ 128.982972645376691, 35.075267870662096 ], [ 128.980271366675538, 35.075683137237448 ], [ 128.980255432411724, 35.07544439887063 ], [ 128.979309785354786, 35.075546721567747 ], [ 128.979376038753429, 35.075959107653432 ], [ 128.978276020510577, 35.076102051275178 ], [ 128.977134452113745, 35.075472860144224 ], [ 128.976794097806589, 35.075499352155553 ], [ 128.976830048427757, 35.07573630123003 ], [ 128.976407049830328, 35.07565926662383 ], [ 128.976161302335498, 35.075072215447392 ], [ 128.975893552685278, 35.075569598321756 ], [ 128.975910533456698, 35.076035077513573 ], [ 128.975309316345999, 35.076770964533651 ], [ 128.974964834235124, 35.076630200446516 ], [ 128.974988402309862, 35.076308101115764 ], [ 128.974496539049056, 35.076166955461986 ], [ 128.974280901848601, 35.076698913694486 ], [ 128.974397363982632, 35.076976235975529 ], [ 128.973843259301219, 35.077463714581718 ], [ 128.973398574274029, 35.077632095605161 ], [ 128.974529612172716, 35.077862580288574 ], [ 128.974081517310736, 35.078129510278579 ], [ 128.972824380068914, 35.078445788249574 ], [ 128.972691887261874, 35.080651078779383 ], [ 128.970506624029042, 35.080673626259014 ] ] ], [ [ [ 128.970506624029042, 35.080673626259014 ], [ 128.970278715681275, 35.079475809363295 ], [ 128.969353394304221, 35.079731089301717 ], [ 128.968603837714369, 35.080155523586292 ], [ 128.968628277604012, 35.080686316601053 ], [ 128.970506624029042, 35.080673626259014 ] ] ] ] } },
{ "type": "Feature", "properties": { "학교코드(KEDI)": "212021456", "학교명_20251001": "절영초등학교", "행정구_20251001": "영도구" }, "geometry": { "type": "Polygon", "coordinates": [ [ [ 129.063983049667854, 35.074104689705159 ], [ 129.064565347305006, 35.074270227371827 ], [ 129.065574315260335, 35.073684440572571 ], [ 129.06641904096162, 35.074181854672659 ], [ 129.067039055733858, 35.074207439736789 ], [ 129.067046748867028, 35.0727637288282 ], [ 129.067757343645155, 35.072385245016498 ], [ 129.067935605720436, 35.071760183291765 ], [ 129.068497052896134, 35.071582898957885 ], [ 129.069406466427324, 35.071562089319585 ], [ 129.07001164885537, 35.0706947724955 ], [ 129.070839759910996, 35.070691328100793 ], [ 129.071542159609919, 35.070470723407581 ], [ 129.07238760378749, 35.06993392058839 ], [ 129.072214462540103, 35.069678422394283 ], [ 129.072753879298347, 35.069051702692597 ], [ 129.072629040789337, 35.068857695219577 ], [ 129.072091665093524, 35.068702717936496 ], [ 129.07232861792437, 35.067936158036339 ], [ 129.072183927902131, 35.067682597486062 ], [ 129.071555593459294, 35.067240175509099 ], [ 129.071402154516875, 35.067287520455501 ], [ 129.068954145586474, 35.066371518103352 ], [ 129.068512167548135, 35.066631407547163 ], [ 129.066873266794119, 35.066972401677845 ], [ 129.06607959578642, 35.066818127249235 ], [ 129.065765958593744, 35.067750255602476 ], [ 129.065299924507997, 35.068347270252836 ], [ 129.065093779553877, 35.068530780164302 ], [ 129.064812815579614, 35.068411063122404 ], [ 129.065093902114512, 35.068634384101323 ], [ 129.065324304584124, 35.068429409567749 ], [ 129.065450820880102, 35.068525256815093 ], [ 129.065175993603532, 35.068757558497026 ], [ 129.064783211046063, 35.068449306623087 ], [ 129.064709608093267, 35.068669981259369 ], [ 129.064870116533825, 35.068960197313366 ], [ 129.063731023647392, 35.069523470004647 ], [ 129.062741593835767, 35.070231783633758 ], [ 129.062446246695117, 35.070327675424217 ], [ 129.061364338592142, 35.070170927277978 ], [ 129.060384885354154, 35.070250754375841 ], [ 129.058693790830461, 35.070897802682865 ], [ 129.059177631688556, 35.072071602679578 ], [ 129.059875943937612, 35.072253255911704 ], [ 129.060257852627757, 35.072610822268473 ], [ 129.060717681669445, 35.072611050873277 ], [ 129.06135309202989, 35.073129474943428 ], [ 129.062071164360248, 35.073267486918539 ], [ 129.062421426499867, 35.073584501772856 ], [ 129.0618074932826, 35.074357525880345 ], [ 129.062873869248762, 35.074695704973507 ], [ 129.062769065141509, 35.074549324738719 ], [ 129.063983049667854, 35.074104689705159 ] ] ] } },
{ "type": "Feature", "properties": { "학교코드(KEDI)": "212021460", "학교명_20251001": "중리초등학교", "행정구_20251001": "영도구" }, "geometry": { "type": "Polygon", "coordinates": [ [ [ 129.069290790434081, 35.077672102493196 ], [ 129.07059159847239, 35.077481509100991 ], [ 129.07212298508, 35.075973845675982 ], [ 129.074229541443657, 35.074795783820136 ], [ 129.074602877852698, 35.073449393319535 ], [ 129.075443301654786, 35.072276761498308 ], [ 129.076045972051304, 35.071683437814087 ], [ 129.077012736996323, 35.071547650415106 ], [ 129.076964348117002, 35.070648441205726 ], [ 129.076385366678267, 35.069795295303415 ], [ 129.075420546598679, 35.070218746375808 ], [ 129.075399919895631, 35.070623935893856 ], [ 129.075003256553032, 35.070607634016838 ], [ 129.074242124094098, 35.070953091579973 ], [ 129.073690687586947, 35.071816595068675 ], [ 129.072965397276107, 35.0720412300034 ], [ 129.072446689902108, 35.071697324080638 ], [ 129.072146252129414, 35.070762763499431 ], [ 129.072151161395453, 35.07053478784465 ], [ 129.072987921341507, 35.07019784503683 ], [ 129.073396499230427, 35.06962174982791 ], [ 129.073470981140048, 35.069222709963448 ], [ 129.072753879298347, 35.069051702692597 ], [ 129.072362537009923, 35.069405096654179 ], [ 129.072214462540103, 35.069678422394283 ], [ 129.07238760378749, 35.06993392058839 ], [ 129.072087502376831, 35.070185731246355 ], [ 129.070839759910996, 35.070691328100793 ], [ 129.07001164885537, 35.0706947724955 ], [ 129.069406466427324, 35.071562089319585 ], [ 129.068497052896134, 35.071582898957885 ], [ 129.067935605720436, 35.071760183291765 ], [ 129.067757343645155, 35.072385245016498 ], [ 129.067142044651376, 35.072649023140194 ], [ 129.067039055733858, 35.074207439736789 ], [ 129.068173298583304, 35.07420980789918 ], [ 129.068182125825331, 35.075455213029436 ], [ 129.069899421591003, 35.075636712631344 ], [ 129.069647302983327, 35.076988085487905 ], [ 129.06941200245447, 35.076985217501282 ], [ 129.069290790434081, 35.077672102493196 ] ] ] } },
{ "type": "Feature", "properties": { "학교코드(KEDI)": "212021480", "학교명_20251001": "중현초등학교", "행정구_20251001": "사하구" }, "geometry": { "type": "Polygon", "coordinates": [ [ [ 128.956884821982044, 35.072650107181076 ], [ 128.957360781614653, 35.070812391770701 ], [ 128.958567753322598, 35.070849657119425 ], [ 128.960101483791249, 35.069733483877542 ], [ 128.961442147435207, 35.068983092867086 ], [ 128.963169172661708, 35.068386943404327 ], [ 128.964639008637391, 35.067468814085935 ], [ 128.964908911118215, 35.067296642942601 ], [ 128.964839299262081, 35.066742670176936 ], [ 128.965897418088076, 35.066116785968212 ], [ 128.966789263275189, 35.06500757635353 ], [ 128.967321253663641, 35.064762022475158 ], [ 128.967387368493405, 35.064586147362682 ], [ 128.966922368606646, 35.062547938836772 ], [ 128.966531180578045, 35.062132566493609 ], [ 128.966405490743313, 35.06147048294811 ], [ 128.965987540243276, 35.060878333067656 ], [ 128.965993622536075, 35.06038115557628 ], [ 128.965742304259948, 35.06006889792657 ], [ 128.965046373827818, 35.05958660450132 ], [ 128.964730727123879, 35.059136400584464 ], [ 128.963824674071986, 35.059144347683123 ], [ 128.96309436477199, 35.058976361588513 ], [ 128.961656055741969, 35.057153851191998 ], [ 128.960842817400987, 35.056578223571663 ], [ 128.96076987807723, 35.056122475975791 ], [ 128.961057450591028, 35.055334913366814 ], [ 128.960283312588246, 35.053855104409195 ], [ 128.959383240927593, 35.053127545758528 ], [ 128.960663813642981, 35.051941668497605 ], [ 128.961249258279992, 35.051142465087985 ], [ 128.961965034112865, 35.051044675254822 ], [ 128.965034710037799, 35.052218878366766 ], [ 128.965696644604606, 35.051174083062996 ], [ 128.967370966144813, 35.051812065219544 ], [ 128.968559525598835, 35.051559115889773 ], [ 128.968917402699361, 35.051877649016468 ], [ 128.968950478931674, 35.052259763991628 ], [ 128.970262570655422, 35.052224331777921 ], [ 128.970892243829553, 35.053048159039449 ], [ 128.97099378717553, 35.052459250093108 ], [ 128.973249495225474, 35.05251198218032 ], [ 128.973579979792277, 35.052840421966302 ], [ 128.973628567833259, 35.05329610934379 ], [ 128.974655920256311, 35.053136897330496 ], [ 128.974818575027797, 35.053392950176956 ], [ 128.975665010685987, 35.052688756519018 ], [ 128.976041662725436, 35.052685860306291 ], [ 128.97614348683507, 35.052846696730846 ], [ 128.97659531251503, 35.052708943261145 ], [ 128.977854837767637, 35.05276249233826 ], [ 128.978594293225115, 35.052978133683951 ], [ 128.980484435149833, 35.052795369323569 ], [ 128.982591054815344, 35.051664907942545 ], [ 128.9837313530534, 35.053119145838949 ], [ 128.983512311345038, 35.053904080548982 ], [ 128.983857388153439, 35.053289577251327 ], [ 128.983818928725725, 35.053015905752289 ], [ 128.982120864932227, 35.050871087565127 ], [ 128.982244458543107, 35.05023134151709 ], [ 128.981752143448659, 35.048918297453547 ], [ 128.981756501938264, 35.047879331202829 ], [ 128.982344306020991, 35.047105696348943 ], [ 128.981890856842256, 35.046692499803711 ], [ 128.98037990452903, 35.046958656500692 ], [ 128.979789775627353, 35.047551095848661 ], [ 128.979644813218528, 35.048327638139959 ], [ 128.978156195450509, 35.048058455579074 ], [ 128.978142163406602, 35.048527589022513 ], [ 128.976436192086055, 35.048263192096385 ], [ 128.976455810885113, 35.048053772335571 ], [ 128.976025091816609, 35.047829997577303 ], [ 128.975665066764606, 35.048109870735253 ], [ 128.974960252698224, 35.047595423710135 ], [ 128.974440838957605, 35.048695153332922 ], [ 128.973303577527645, 35.049194381357879 ], [ 128.971265764981723, 35.048587358237633 ], [ 128.96957119100486, 35.047398122925976 ], [ 128.969082172334993, 35.046170730779998 ], [ 128.969326642070399, 35.045426938819148 ], [ 128.969773263303523, 35.044830961065884 ], [ 128.970063979273448, 35.044816100621006 ], [ 128.972281122180618, 35.043627139580387 ], [ 128.97308954059892, 35.04365258853543 ], [ 128.974065390834852, 35.04248150516208 ], [ 128.976077591643758, 35.042442571022725 ], [ 128.976873773299985, 35.04132044392194 ], [ 128.977382850899858, 35.041032079660255 ], [ 128.977465014209116, 35.040248956933105 ], [ 128.977236867249076, 35.039989360418332 ], [ 128.975856581554353, 35.040273459753116 ], [ 128.974588927382456, 35.041639541059375 ], [ 128.973281081781067, 35.041250204809735 ], [ 128.972303645656552, 35.040074402411818 ], [ 128.971132389937566, 35.039552852613085 ], [ 128.970747858811166, 35.038297854330523 ], [ 128.971331999319744, 35.037626693850378 ], [ 128.970870501556078, 35.037572523097303 ], [ 128.970166782281666, 35.038126345314552 ], [ 128.969475335435817, 35.037336075475842 ], [ 128.968590645662687, 35.037482493140963 ], [ 128.967739084840076, 35.037040082891167 ], [ 128.967157936496847, 35.035921459724278 ], [ 128.96690255856879, 35.034980055891744 ], [ 128.967378698615562, 35.034274197482382 ], [ 128.967440369545272, 35.033332431696905 ], [ 128.966424110228047, 35.033831180714039 ], [ 128.964942333219227, 35.033649171209255 ], [ 128.964388188767828, 35.033900756003099 ], [ 128.964792018154895, 35.035452152835902 ], [ 128.964455353022231, 35.036507486624402 ], [ 128.965920166391498, 35.037666738852742 ], [ 128.966157564896577, 35.038357782807452 ], [ 128.967074257468113, 35.039703453778039 ], [ 128.967252148332818, 35.040082449970207 ], [ 128.966289628578949, 35.040369667372865 ], [ 128.966480056277021, 35.041085989631746 ], [ 128.9674279763953, 35.041532906260286 ], [ 128.967376087102082, 35.04196814727382 ], [ 128.967780680450261, 35.042290934221953 ], [ 128.967778553699532, 35.042958849427798 ], [ 128.968556373964816, 35.043808282512479 ], [ 128.9690904477456, 35.044731079667365 ], [ 128.96898271730845, 35.045179483910715 ], [ 128.967376651316528, 35.047421746486648 ], [ 128.966963110816749, 35.047727537221377 ], [ 128.960704606665473, 35.049567813367219 ], [ 128.959587065528467, 35.050194867830079 ], [ 128.95816356812611, 35.050645063737349 ], [ 128.958036295932402, 35.05115206564475 ], [ 128.958535556853462, 35.051667271716106 ], [ 128.957735553721193, 35.053030687853685 ], [ 128.955661177126728, 35.06123553773763 ], [ 128.959705262447528, 35.061956012670066 ], [ 128.959569919895273, 35.062442749207733 ], [ 128.955529631310498, 35.061737813137704 ], [ 128.952873460711857, 35.071937985573889 ], [ 128.956884821982044, 35.072650107181076 ] ] ] } },
{ "type": "Feature", "properties": { "학교코드(KEDI)": "212021484", "학교명_20251001": "천마초등학교", "행정구_20251001": "서구" }, "geometry": { "type": "Polygon", "coordinates": [ [ [ 129.017172779953341, 35.08755646356164 ], [ 129.016112313763728, 35.085999550165397 ], [ 129.020489068623419, 35.086461929252216 ], [ 129.021017558200157, 35.085855925642072 ], [ 129.020294968001707, 35.085062326071558 ], [ 129.020950799558136, 35.084503808434583 ], [ 129.020002870508705, 35.084009032933999 ], [ 129.020002813423105, 35.08376195933846 ], [ 129.021022429750417, 35.083413681544464 ], [ 129.022445442329115, 35.081759435731989 ], [ 129.023434851461872, 35.0814742758417 ], [ 129.023730998745833, 35.081563237747652 ], [ 129.024112001768543, 35.081069332405065 ], [ 129.024883285036452, 35.081649479362014 ], [ 129.025401582166808, 35.081326550792852 ], [ 129.025637601512727, 35.081653914611813 ], [ 129.025036053918086, 35.078879641348649 ], [ 129.023629151644826, 35.079169136105435 ], [ 129.020385882813201, 35.080624502663568 ], [ 129.019978504756779, 35.080523857447673 ], [ 129.019982541901982, 35.080667392276837 ], [ 129.019746433230949, 35.080692498718108 ], [ 129.019445060966291, 35.079815770004281 ], [ 129.018951691006293, 35.079769187137714 ], [ 129.017544463915726, 35.081375616437029 ], [ 129.017534436304402, 35.081559404193698 ], [ 129.016643016705416, 35.081973229229227 ], [ 129.016767971512479, 35.08213567258106 ], [ 129.016536520421482, 35.082419210625339 ], [ 129.016687718411021, 35.082905254823679 ], [ 129.015639015810763, 35.083945345647692 ], [ 129.015595643706348, 35.084305689996398 ], [ 129.013488790331138, 35.084555723086851 ], [ 129.012166486295655, 35.084143082865452 ], [ 129.012105467362289, 35.084515510195715 ], [ 129.01350337794355, 35.089521000766247 ], [ 129.015675717273012, 35.088500044702606 ], [ 129.017172779953341, 35.08755646356164 ] ] ] } },
{ "type": "Feature", "properties": { "학교코드(KEDI)": "212021492", "학교명_20251001": "청동초등학교", "행정구_20251001": "영도구" }, "geometry": { "type": "Polygon", "coordinates": [ [ [ 129.065424909082367, 35.094720083220516 ], [ 129.067514703429936, 35.093725072962755 ], [ 129.067931416412733, 35.093907569669604 ], [ 129.068145514227382, 35.093577329340114 ], [ 129.069612164733257, 35.092563034256081 ], [ 129.07186406424097, 35.088674473157326 ], [ 129.071390201818048, 35.088267225187181 ], [ 129.071838608501167, 35.087112405761964 ], [ 129.071154960715262, 35.086863887529724 ], [ 129.070557840533695, 35.087568486889239 ], [ 129.068248058470147, 35.086251866410855 ], [ 129.06706234267125, 35.086252560516265 ], [ 129.066941757110015, 35.085623235421707 ], [ 129.066495874060109, 35.085848196486211 ], [ 129.06604971827889, 35.085730157159041 ], [ 129.065663392768613, 35.085222821895215 ], [ 129.065190424031044, 35.084970466179229 ], [ 129.065401840839286, 35.084365381292734 ], [ 129.064099232598807, 35.083906292033639 ], [ 129.063370894896451, 35.083427589956784 ], [ 129.062349769974333, 35.083511115148923 ], [ 129.05714256575277, 35.081363453047118 ], [ 129.057026357871422, 35.081559274506745 ], [ 129.055509915991024, 35.081882477008193 ], [ 129.055259835594825, 35.082105812289086 ], [ 129.054883472929731, 35.083412031990797 ], [ 129.054406922033763, 35.084217205924176 ], [ 129.053922195071948, 35.086060927051733 ], [ 129.054478153714683, 35.08618032424522 ], [ 129.055038065133431, 35.085845761946075 ], [ 129.056080567451147, 35.085668267361953 ], [ 129.056126555321413, 35.085070821126308 ], [ 129.056634053199872, 35.084920873500501 ], [ 129.056735131761286, 35.084723789745063 ], [ 129.057809313027462, 35.084106994795569 ], [ 129.058334686849349, 35.084212417233033 ], [ 129.05842264608745, 35.084374242986812 ], [ 129.05800399147364, 35.085232638341829 ], [ 129.058209279068791, 35.085657463519581 ], [ 129.057959407917025, 35.085872162142557 ], [ 129.057805367864944, 35.086694367877783 ], [ 129.058228877965291, 35.08719636628858 ], [ 129.058873817518275, 35.08724730565509 ], [ 129.059547782646206, 35.088311721100055 ], [ 129.059607091862546, 35.08890692818057 ], [ 129.06098364545764, 35.089121750584106 ], [ 129.062066987745283, 35.089147896895874 ], [ 129.062324136398956, 35.088960759057962 ], [ 129.062969318485443, 35.089049851164376 ], [ 129.062835695192831, 35.089497487410881 ], [ 129.062259457158234, 35.089876145735317 ], [ 129.063202290209432, 35.090961968481317 ], [ 129.063427192207854, 35.092531337679475 ], [ 129.064534640890827, 35.094305092619052 ], [ 129.064828194347143, 35.09387116763876 ], [ 129.065424909082367, 35.094720083220516 ] ] ] } },
{ "type": "Feature", "properties": { "학교코드(KEDI)": "212021500", "학교명_20251001": "청학초등학교", "행정구_20251001": "영도구" }, "geometry": { "type": "Polygon", "coordinates": [ [ [ 129.06231907743242, 35.098794377640353 ], [ 129.065982478138807, 35.097092002127916 ], [ 129.065179109945063, 35.095588105566037 ], [ 129.066697921161875, 35.094884381994618 ], [ 129.067931416412733, 35.093907569669604 ], [ 129.067514703429936, 35.093725072962755 ], [ 129.065424909082367, 35.094720083220516 ], [ 129.064828194347143, 35.09387116763876 ], [ 129.064534640890827, 35.094305092619052 ], [ 129.063427192207854, 35.092531337679475 ], [ 129.063202290209432, 35.090961968481317 ], [ 129.062259457158234, 35.089876145735317 ], [ 129.062835695192831, 35.089497487410881 ], [ 129.062969318485443, 35.089049851164376 ], [ 129.062324136398956, 35.088960759057962 ], [ 129.062066987745283, 35.089147896895874 ], [ 129.06098364545764, 35.089121750584106 ], [ 129.059514563907669, 35.088898634377934 ], [ 129.058198505796867, 35.089489289257287 ], [ 129.057654545634875, 35.088916326632223 ], [ 129.057303907515347, 35.088767120271058 ], [ 129.056775414738155, 35.08898668953244 ], [ 129.056055512052069, 35.088950170642967 ], [ 129.055627382858376, 35.089181967283281 ], [ 129.054819141786851, 35.089885194608776 ], [ 129.055488757856011, 35.090928318113619 ], [ 129.055642305153299, 35.090944743204631 ], [ 129.055885937920635, 35.092022487214535 ], [ 129.055733499661756, 35.092131457893558 ], [ 129.056052160316568, 35.092919885539104 ], [ 129.055014164674759, 35.093834419879371 ], [ 129.055645988535986, 35.093725065045909 ], [ 129.056720548084456, 35.093996010168077 ], [ 129.056851899176905, 35.096421582289146 ], [ 129.057012778908216, 35.096685681304677 ], [ 129.057383965177223, 35.096750630950282 ], [ 129.057718786762109, 35.097055536923854 ], [ 129.057642193604067, 35.097542243766469 ], [ 129.058062992554596, 35.09774391076364 ], [ 129.058238635345475, 35.098060765922277 ], [ 129.058437997804475, 35.098009791020573 ], [ 129.060910799778839, 35.096640788575733 ], [ 129.061212233873277, 35.097302407314977 ], [ 129.061098822379137, 35.097358177367589 ], [ 129.06231907743242, 35.098794377640353 ] ] ] } },
{ "type": "Feature", "properties": { "학교코드(KEDI)": "212021524", "학교명_20251001": "태종대초등학교", "행정구_20251001": "영도구" }, "geometry": { "type": "MultiPolygon", "coordinates": [ [ [ [ 129.093055857713154, 35.037713317221275 ], [ 129.093327991555924, 35.0374824050052 ], [ 129.093021154795338, 35.03735518324779 ], [ 129.093421151024131, 35.037174092468149 ], [ 129.093132124034071, 35.036812013904409 ], [ 129.092309444556946, 35.036725540683072 ], [ 129.092294449781093, 35.037148259536615 ], [ 129.092160191335779, 35.037190337037053 ], [ 129.092284482592561, 35.037431280357254 ], [ 129.092557029691307, 35.037599462675992 ], [ 129.092644755298693, 35.037331869243154 ], [ 129.092738526234371, 35.03734512062082 ], [ 129.093055857713154, 35.037713317221275 ] ] ], [ [ [ 129.07988803632287, 35.070887449622916 ], [ 129.080216586993458, 35.0703757194321 ], [ 129.080465512279659, 35.070358530647361 ], [ 129.081131959662343, 35.069726559627249 ], [ 129.081481857530235, 35.070223182734431 ], [ 129.081253393603248, 35.071113378847684 ], [ 129.081581232118623, 35.070188021538762 ], [ 129.084529962503467, 35.069661427246274 ], [ 129.083946556650716, 35.071455520517517 ], [ 129.084627776018408, 35.069717686058489 ], [ 129.084634483593419, 35.067997491680963 ], [ 129.084430551762267, 35.067704462011768 ], [ 129.085051431114636, 35.067517425300935 ], [ 129.084941242975788, 35.06702475868169 ], [ 129.085445054865573, 35.06627480653097 ], [ 129.085264223226773, 35.066150388786014 ], [ 129.085654299553056, 35.066041052231348 ], [ 129.085457819951472, 35.065679343156937 ], [ 129.085996621111519, 35.064935006828698 ], [ 129.086034015976963, 35.064533033181689 ], [ 129.086415356503949, 35.064390440070028 ], [ 129.086627072067756, 35.063716553902943 ], [ 129.087128169142062, 35.063172198430287 ], [ 129.08755148109347, 35.062782398807038 ], [ 129.089133152216363, 35.062201658426567 ], [ 129.089194212614984, 35.061861310842538 ], [ 129.089996788149875, 35.061425240228992 ], [ 129.09021987550139, 35.061486037249182 ], [ 129.090751819282588, 35.060963203325606 ], [ 129.091463759666709, 35.060812391944779 ], [ 129.091627222987682, 35.060944871860713 ], [ 129.091983454530521, 35.060813636740683 ], [ 129.091934958116326, 35.060674709441805 ], [ 129.092809138558124, 35.06060405254226 ], [ 129.09289389427866, 35.060748227414912 ], [ 129.093090145395848, 35.060730907702883 ], [ 129.092944058039677, 35.060619626329128 ], [ 129.093144278778936, 35.060516385514887 ], [ 129.093388639292471, 35.060641228574731 ], [ 129.093815285135719, 35.060438728212439 ], [ 129.093948742545081, 35.060207506990068 ], [ 129.094314836180871, 35.06014717714384 ], [ 129.094199110097577, 35.060032413428559 ], [ 129.094386060833187, 35.059936589318959 ], [ 129.095222612580187, 35.060002556775387 ], [ 129.095291869552881, 35.059876222009855 ], [ 129.095767988406834, 35.059919046409149 ], [ 129.09621032582038, 35.059758221304385 ], [ 129.096279289449427, 35.059529705855432 ], [ 129.095611851976827, 35.059031019868641 ], [ 129.095975981616704, 35.058480036707287 ], [ 129.095562369018069, 35.058486334989112 ], [ 129.095125390487908, 35.058172717177904 ], [ 129.095539440282295, 35.058117466815801 ], [ 129.094841645347088, 35.05786057422813 ], [ 129.095027852115095, 35.057712182489823 ], [ 129.094518898367568, 35.056910651676198 ], [ 129.094692492430312, 35.05672926306034 ], [ 129.09387821975244, 35.056129546309045 ], [ 129.093975296989754, 35.055975401197323 ], [ 129.093156755755416, 35.055488038662723 ], [ 129.092913162644692, 35.055091664702694 ], [ 129.093036494237793, 35.054956148512233 ], [ 129.092474440072777, 35.054652757395431 ], [ 129.092110124094773, 35.053978940125567 ], [ 129.091972761160008, 35.053240710947996 ], [ 129.092304561318514, 35.053002572960814 ], [ 129.09233165150917, 35.052601948455141 ], [ 129.093032804211248, 35.052564338012225 ], [ 129.092860441999363, 35.052165980748534 ], [ 129.092138862633021, 35.051976090846154 ], [ 129.091994451156268, 35.051838747785411 ], [ 129.092325909001318, 35.051810918038541 ], [ 129.09233272020478, 35.051705578154568 ], [ 129.092011570442793, 35.05149869347094 ], [ 129.09160258684912, 35.051546688595003 ], [ 129.091610356799578, 35.051664762811143 ], [ 129.091408193160703, 35.051589071074332 ], [ 129.091213317574415, 35.051351379778033 ], [ 129.091566046618595, 35.051441355704824 ], [ 129.09173775298467, 35.051192232262231 ], [ 129.091328087930464, 35.051027134954346 ], [ 129.091270527200521, 35.051164321432744 ], [ 129.090754765362931, 35.050702957394584 ], [ 129.090495520839397, 35.050718624738181 ], [ 129.090531498959848, 35.050852442853937 ], [ 129.089106581739117, 35.050388020520501 ], [ 129.089097708442949, 35.050229324080732 ], [ 129.08808313323911, 35.049890704363918 ], [ 129.088222308990197, 35.049730042435719 ], [ 129.087757631462011, 35.049551686622543 ], [ 129.087190392794952, 35.049675117468531 ], [ 129.086997648517126, 35.049489507867804 ], [ 129.086321225426417, 35.049323292041834 ], [ 129.085960732719371, 35.049545839479151 ], [ 129.086285587565385, 35.049680693195931 ], [ 129.08627236449027, 35.049802919415797 ], [ 129.085615712531478, 35.049948027769226 ], [ 129.0856123758671, 35.0501665416474 ], [ 129.085137835341754, 35.050138819326904 ], [ 129.085225545021103, 35.050266726541963 ], [ 129.085054769248444, 35.050328442779509 ], [ 129.084380240563547, 35.050305271595846 ], [ 129.084216078451192, 35.050512374304638 ], [ 129.083679411461958, 35.05033108745981 ], [ 129.082843885815919, 35.050450703419116 ], [ 129.082273999159497, 35.050849246809179 ], [ 129.08211348411902, 35.051124452370033 ], [ 129.082433631478523, 35.051520473826976 ], [ 129.082267794854005, 35.051649489195775 ], [ 129.082053065831076, 35.051583308355276 ], [ 129.082338644218538, 35.052068227534434 ], [ 129.081954770298893, 35.052044975615772 ], [ 129.081857396646171, 35.052274249062997 ], [ 129.082036360561858, 35.052530102862519 ], [ 129.081633625626012, 35.052636062960573 ], [ 129.081472554297022, 35.053045157097806 ], [ 129.081474508719594, 35.053610938491275 ], [ 129.082067557409459, 35.054070081848174 ], [ 129.082002470919264, 35.054296126323401 ], [ 129.082242899919208, 35.054751743086342 ], [ 129.08179132503642, 35.055096403064368 ], [ 129.081887806393894, 35.055954389981466 ], [ 129.080842215324139, 35.056569786849572 ], [ 129.080246081427731, 35.055876786343596 ], [ 129.080026125151591, 35.056026909857842 ], [ 129.079991344234543, 35.056462860581412 ], [ 129.079569340204699, 35.056410754783066 ], [ 129.079665458253913, 35.057219645100112 ], [ 129.079870246965072, 35.05752627609025 ], [ 129.079342176264475, 35.058253202305131 ], [ 129.078968427003645, 35.05841830187277 ], [ 129.079572911717435, 35.058489465097978 ], [ 129.078527976036384, 35.058935023689784 ], [ 129.077901614078371, 35.059832111734266 ], [ 129.077271981956898, 35.059874221253345 ], [ 129.077838369082201, 35.05995827993722 ], [ 129.077442741607427, 35.060705656040966 ], [ 129.076265784516494, 35.060963196864613 ], [ 129.074806301868648, 35.060874185324337 ], [ 129.072790699259542, 35.060078288237804 ], [ 129.07244620400283, 35.060172801762477 ], [ 129.071639676640558, 35.060021111018436 ], [ 129.071327661816468, 35.06028230964818 ], [ 129.070812947977856, 35.060399836846223 ], [ 129.070197391031769, 35.060307345923803 ], [ 129.071020642027946, 35.062481999183099 ], [ 129.071036564029811, 35.0631957206297 ], [ 129.071554144422976, 35.063913273866447 ], [ 129.073034177671531, 35.064730347945904 ], [ 129.072646624165714, 35.065673966943002 ], [ 129.072748667770384, 35.066668530689732 ], [ 129.074090116463992, 35.06801333515461 ], [ 129.074638838106523, 35.068355540376928 ], [ 129.076014529985457, 35.068850565014209 ], [ 129.076386156357984, 35.069797304005114 ], [ 129.076964348117002, 35.070648441205726 ], [ 129.077012736996323, 35.071547650415106 ], [ 129.07801320731545, 35.071410016893331 ], [ 129.078133428867943, 35.072093184944677 ], [ 129.079564185855133, 35.071689064043376 ], [ 129.079855483776726, 35.071425561101762 ], [ 129.07988803632287, 35.070887449622916 ] ] ], [ [ [ 129.092327425678974, 35.063022726253067 ], [ 129.092590352540299, 35.063031560217532 ], [ 129.092590189814501, 35.062797133163293 ], [ 129.092327152859099, 35.062797438929543 ], [ 129.092327425678974, 35.063022726253067 ] ] ] ] } },
{ "type": "Feature", "properties": { "학교코드(KEDI)": "212021532", "학교명_20251001": "토성초등학교", "행정구_20251001": "서구" }, "geometry": { "type": "Polygon", "coordinates": [ [ [ 129.021196611535146, 35.103304715981572 ], [ 129.025208421251364, 35.103127696037312 ], [ 129.025067770200252, 35.100532655084862 ], [ 129.026417972397667, 35.100469857949996 ], [ 129.026354346130034, 35.099473797511969 ], [ 129.027816088854365, 35.099412899632448 ], [ 129.027850859210133, 35.098785304893781 ], [ 129.029271437682979, 35.098916012310177 ], [ 129.030658878454204, 35.098845041662273 ], [ 129.030608998906359, 35.098439685184786 ], [ 129.033552294730725, 35.097783827358604 ], [ 129.033470620114656, 35.097532455098516 ], [ 129.030675675905286, 35.098156309939583 ], [ 129.03079310439449, 35.096924108851226 ], [ 129.031422937352289, 35.096964562092928 ], [ 129.03147682475506, 35.09656419118911 ], [ 129.028878530879808, 35.096051872919915 ], [ 129.028803551325893, 35.09626195398603 ], [ 129.025639791267821, 35.09541351332075 ], [ 129.025222733727247, 35.093511680083708 ], [ 129.022639029896879, 35.093254342830221 ], [ 129.021958791036411, 35.093400669257832 ], [ 129.021962171512826, 35.093290874644381 ], [ 129.02165339194849, 35.093321833329306 ], [ 129.019749637259196, 35.092751985569279 ], [ 129.019175383809653, 35.09251431972487 ], [ 129.018804405835056, 35.092050976305757 ], [ 129.018550628717634, 35.092053296044817 ], [ 129.017293304245442, 35.09092592414197 ], [ 129.017128952993261, 35.091397942908841 ], [ 129.016830796959113, 35.091641981824473 ], [ 129.017089128040169, 35.092061714733568 ], [ 129.016761782581938, 35.092278156724909 ], [ 129.01641227150958, 35.092073923183506 ], [ 129.016375339345871, 35.092194493523536 ], [ 129.016406560733088, 35.09243569555197 ], [ 129.017045998621541, 35.092474391964863 ], [ 129.01708220289936, 35.092962819534968 ], [ 129.016671647635775, 35.093678136390096 ], [ 129.017230467736653, 35.093700587400058 ], [ 129.017598204908779, 35.094748100934105 ], [ 129.017189102439232, 35.095623815818414 ], [ 129.017005437608219, 35.096539634575151 ], [ 129.016695934883501, 35.096752095601104 ], [ 129.016586531261311, 35.097183704134217 ], [ 129.016990888704669, 35.097379150300057 ], [ 129.017283570959478, 35.097288634739897 ], [ 129.017484254611162, 35.097460740155988 ], [ 129.018138095691, 35.097545485643408 ], [ 129.018100771573785, 35.097840509357923 ], [ 129.018411662327196, 35.098263368249157 ], [ 129.018411598766136, 35.098781112155926 ], [ 129.01806364709978, 35.09879873714101 ], [ 129.017995093459518, 35.098941195919785 ], [ 129.017454518840481, 35.098838402736625 ], [ 129.017213059999278, 35.09919151116506 ], [ 129.01743771358241, 35.099978922968383 ], [ 129.017392954391113, 35.101332606087851 ], [ 129.018594751930863, 35.101279820722368 ], [ 129.018629239216921, 35.102055295137689 ], [ 129.021519016116599, 35.10194030642117 ], [ 129.021207717525471, 35.10251251542131 ], [ 129.021196611535146, 35.103304715981572 ] ] ] } },
{ "type": "Feature", "properties": { "학교코드(KEDI)": "212021540", "학교명_20251001": "하남초등학교", "행정구_20251001": "사하구" }, "geometry": { "type": "Polygon", "coordinates": [ [ [ 128.961052399274621, 35.104816376761924 ], [ 128.960907582920157, 35.103119179035154 ], [ 128.962206166865144, 35.103416745970094 ], [ 128.962633750439011, 35.102372609394756 ], [ 128.963406308054942, 35.101558938396359 ], [ 128.963862035447647, 35.100724847401885 ], [ 128.963339151380296, 35.099894077148512 ], [ 128.962177471495238, 35.099644840890221 ], [ 128.961940057828855, 35.099304035760944 ], [ 128.961693018335581, 35.099381818441167 ], [ 128.961228964161393, 35.098769585039093 ], [ 128.961412410039003, 35.098559995530152 ], [ 128.961040101035991, 35.097953020942754 ], [ 128.96073896685175, 35.098824668725854 ], [ 128.960380853493149, 35.09885310857544 ], [ 128.96021156643053, 35.096070874208223 ], [ 128.955415698428936, 35.09646489638854 ], [ 128.956363383958262, 35.104757353296563 ], [ 128.961052399274621, 35.104816376761924 ] ] ] } },
{ "type": "Feature", "properties": { "학교코드(KEDI)": "212021548", "학교명_20251001": "하단초등학교", "행정구_20251001": "사하구" }, "geometry": { "type": "Polygon", "coordinates": [ [ [ 128.964909555652014, 35.110287131620254 ], [ 128.965596841002338, 35.110576172479057 ], [ 128.968611382064694, 35.10596807062484 ], [ 128.969232799908724, 35.105316649093524 ], [ 128.970038899728479, 35.104792366329136 ], [ 128.971969145086632, 35.104138958560583 ], [ 128.971085095868091, 35.103702120121461 ], [ 128.969371719881849, 35.102086228960168 ], [ 128.968847604047141, 35.099347015430489 ], [ 128.96689573859021, 35.100391795249941 ], [ 128.966188665277855, 35.100617653535274 ], [ 128.965791918385122, 35.100469353736109 ], [ 128.964344577593295, 35.10080900431354 ], [ 128.963862035447647, 35.100724847401885 ], [ 128.963406308054942, 35.101558938396359 ], [ 128.962633750439011, 35.102372609394756 ], [ 128.962206166865144, 35.103416745970094 ], [ 128.960907582920157, 35.103119179035154 ], [ 128.961097008225778, 35.105231419608202 ], [ 128.958490760616229, 35.10523369400947 ], [ 128.958598422478275, 35.106246765627205 ], [ 128.957104873880354, 35.106439741297741 ], [ 128.957147257335521, 35.107550127984155 ], [ 128.958137001419544, 35.112095750734284 ], [ 128.959523459726483, 35.111797808237903 ], [ 128.959395548613969, 35.111428861447969 ], [ 128.960913149955246, 35.111323242607007 ], [ 128.960856382547689, 35.110668717177589 ], [ 128.964909555652014, 35.110287131620254 ] ] ] } },
{ "type": "Feature", "properties": { "학교코드(KEDI)": "212021556", "학교명_20251001": "화랑초등학교", "행정구_20251001": "서구" }, "geometry": { "type": "Polygon", "coordinates": [ [ [ 129.027902254399862, 35.113703109844387 ], [ 129.028075041249849, 35.11214896043964 ], [ 129.027697598035132, 35.111286206147547 ], [ 129.027570352412766, 35.110222947087159 ], [ 129.027028168073542, 35.1102845652578 ], [ 129.026038919973445, 35.110803494117121 ], [ 129.02589134849876, 35.110753435490416 ], [ 129.025244077898492, 35.109773457375304 ], [ 129.024465789599191, 35.109136961868558 ], [ 129.024364745404682, 35.108862989391966 ], [ 129.023470383512802, 35.108818177893717 ], [ 129.022745283190858, 35.10896418549963 ], [ 129.022440306641613, 35.108285512338981 ], [ 129.02233003957636, 35.107459449571046 ], [ 129.020735165902494, 35.107667827380624 ], [ 129.020135275870132, 35.107600196413422 ], [ 129.01849034686407, 35.109086065075857 ], [ 129.01794848326179, 35.109936527061102 ], [ 129.017963479548939, 35.110100279713798 ], [ 129.021314900651703, 35.111299642578985 ], [ 129.023576278066201, 35.112071005784507 ], [ 129.024757294979509, 35.112315101942052 ], [ 129.024819247898677, 35.112962032981571 ], [ 129.024655555937557, 35.113018604334556 ], [ 129.024827817724088, 35.113207099402764 ], [ 129.025183040671948, 35.113243797643896 ], [ 129.025437892626854, 35.113081133173758 ], [ 129.025775096160601, 35.113284990537814 ], [ 129.025957458970026, 35.113089023658183 ], [ 129.027902254399862, 35.113703109844387 ] ] ] } },
{ "type": "Feature", "properties": { "학교코드(KEDI)": "212021564", "학교명_20251001": "효림초등학교", "행정구_20251001": "사하구" }, "geometry": { "type": "Polygon", "coordinates": [ [ [ 128.969353394304221, 35.079731089301717 ], [ 128.970278715681275, 35.079475809363295 ], [ 128.970506624029042, 35.080673626259014 ], [ 128.972691887261874, 35.080651078779383 ], [ 128.972824380068914, 35.078445788249574 ], [ 128.974081517310736, 35.078129510278579 ], [ 128.974529612172716, 35.077862580288574 ], [ 128.973398574274029, 35.077632095605161 ], [ 128.973843259301219, 35.077463714581718 ], [ 128.974397363982632, 35.076976235975529 ], [ 128.974280901848601, 35.076698913694486 ], [ 128.974496539049056, 35.076166955461986 ], [ 128.974988402309862, 35.076308101115764 ], [ 128.974964834235124, 35.076630200446516 ], [ 128.975309316345999, 35.076770964533651 ], [ 128.975910533456698, 35.076035077513573 ], [ 128.975893552685278, 35.075569598321756 ], [ 128.976161302335498, 35.075072215447392 ], [ 128.976407049830328, 35.07565926662383 ], [ 128.976830048427757, 35.07573630123003 ], [ 128.976794097806589, 35.075499352155553 ], [ 128.977134452113745, 35.075472860144224 ], [ 128.978276020510577, 35.076102051275178 ], [ 128.979376038753429, 35.075959107653432 ], [ 128.979309785354786, 35.075546721567747 ], [ 128.979006881638782, 35.075229513392621 ], [ 128.978617494090571, 35.075125940345337 ], [ 128.978379234099606, 35.074376997528773 ], [ 128.978260882905289, 35.073830485302928 ], [ 128.978431695412809, 35.072127196511246 ], [ 128.976654402955631, 35.07217148125838 ], [ 128.977999579455201, 35.068816518080332 ], [ 128.977109736446636, 35.068196025052835 ], [ 128.975248647950764, 35.067565774403668 ], [ 128.972729804416616, 35.068025039483025 ], [ 128.970569180421307, 35.066550695646647 ], [ 128.969118924293639, 35.066486394712186 ], [ 128.968484319849978, 35.067098990703521 ], [ 128.968342965578273, 35.068157360865087 ], [ 128.96860695140262, 35.068931770635125 ], [ 128.968199195211497, 35.069266690877392 ], [ 128.96800584856544, 35.070713389487864 ], [ 128.967619985220779, 35.071920375504149 ], [ 128.967452597383044, 35.072277751982988 ], [ 128.966647940544988, 35.072860266114773 ], [ 128.966582637509703, 35.073372684485491 ], [ 128.967006104157718, 35.074932523696077 ], [ 128.968049534871852, 35.075264393652951 ], [ 128.968156015247075, 35.075553836007018 ], [ 128.969029653067423, 35.07607718265723 ], [ 128.969103571722655, 35.076312456104191 ], [ 128.968792547762803, 35.076766660531902 ], [ 128.967364129045137, 35.077650228297315 ], [ 128.96759359612102, 35.078311102977835 ], [ 128.96744227874504, 35.07882286628891 ], [ 128.968262630151628, 35.080787050043206 ], [ 128.968628277604012, 35.080686316601053 ], [ 128.968603837714369, 35.080155523586292 ], [ 128.969353394304221, 35.079731089301717 ] ] ] } },
{ "type": "Feature", "properties": { "학교코드(KEDI)": "213021058", "학교명_20251001": "초량초등학교", "행정구_20251001": "동구" }, "geometry": { "type": "MultiPolygon", "coordinates": [ [ [ [ 129.045762938150176, 35.115356926213401 ], [ 129.044016329025567, 35.115904633226542 ], [ 129.044895374699337, 35.116869042786846 ], [ 129.045285045520671, 35.117052756949164 ], [ 129.046823951576101, 35.11650780127156 ], [ 129.045762938150176, 35.115356926213401 ] ] ], [ [ [ 129.038477850460339, 35.120355671925374 ], [ 129.03949653133904, 35.119952122239582 ], [ 129.041285798486285, 35.118007117492013 ], [ 129.03961707230539, 35.115152561968067 ], [ 129.039542494772377, 35.114693031113468 ], [ 129.041025601367608, 35.114221784884769 ], [ 129.040024601104392, 35.111443084220731 ], [ 129.037890980189729, 35.112006371326771 ], [ 129.037802647153427, 35.112213417865306 ], [ 129.036938691605826, 35.112529494288161 ], [ 129.036943369923421, 35.112685207628758 ], [ 129.036086795648941, 35.113186685606209 ], [ 129.036046546669411, 35.113586673235254 ], [ 129.035565279492999, 35.114074307069309 ], [ 129.034553129136611, 35.114495080820831 ], [ 129.034482170457238, 35.114978203132218 ], [ 129.03344662513922, 35.115608649919004 ], [ 129.033002603033395, 35.116165759179651 ], [ 129.031693562493132, 35.116054257175911 ], [ 129.032114364060249, 35.117797272812616 ], [ 129.029832975039, 35.118602734797342 ], [ 129.029591342515715, 35.118840011500986 ], [ 129.029962667025899, 35.119462241958431 ], [ 129.03313914966634, 35.121487311232016 ], [ 129.033897404104493, 35.121616782702468 ], [ 129.033957807846889, 35.121799363533427 ], [ 129.034386238346173, 35.121756405786563 ], [ 129.034674291330134, 35.121511112765887 ], [ 129.034558302956697, 35.120914984373677 ], [ 129.034936995904445, 35.120734662554419 ], [ 129.035792217100436, 35.12198950318701 ], [ 129.036615836725616, 35.122209052265497 ], [ 129.037443545716741, 35.123012889420011 ], [ 129.037847357200718, 35.122708791921312 ], [ 129.038172413207036, 35.12097285150287 ], [ 129.038477850460339, 35.120355671925374 ] ] ], [ [ [ 129.046655404389611, 35.118631436367558 ], [ 129.047020982919747, 35.119440708330842 ], [ 129.04718135651035, 35.11947137898197 ], [ 129.048406993527379, 35.11858514614682 ], [ 129.047894652080288, 35.11805732782976 ], [ 129.046655404389611, 35.118631436367558 ] ] ] ] } },
{ "type": "Feature", "properties": { "학교코드(KEDI)": "213021089", "학교명_20251001": "백운초등학교", "행정구_20251001": "남구" }, "geometry": { "type": "Polygon", "coordinates": [ [ [ 129.112061628261642, 35.119635579159137 ], [ 129.111020545053975, 35.116353805455653 ], [ 129.110990502464915, 35.113110878235133 ], [ 129.110193143048093, 35.113113515162134 ], [ 129.110190072050585, 35.111453584699937 ], [ 129.10955240994474, 35.111376336399132 ], [ 129.109246773434705, 35.111767716009531 ], [ 129.108304952958633, 35.111694626135858 ], [ 129.107868670567171, 35.112296999137868 ], [ 129.107424652665969, 35.112513001792841 ], [ 129.107294619711126, 35.114259747861063 ], [ 129.107514605623521, 35.11432947433633 ], [ 129.107143078863061, 35.115024302017105 ], [ 129.107286889246438, 35.115124702492864 ], [ 129.105893900592179, 35.115438825356335 ], [ 129.106378213931379, 35.116616996593557 ], [ 129.106037480322442, 35.116880472470335 ], [ 129.105581575408394, 35.117073818383339 ], [ 129.105114907467879, 35.117069177622412 ], [ 129.103305677626565, 35.116048590169079 ], [ 129.102695210191996, 35.116526795395679 ], [ 129.102677098977978, 35.116953487739529 ], [ 129.10335031641182, 35.117389543731278 ], [ 129.104167206045304, 35.118315362369842 ], [ 129.104220582407976, 35.118784227402486 ], [ 129.105845062247937, 35.118767971429676 ], [ 129.109151963633792, 35.120257703932772 ], [ 129.112061628261642, 35.119635579159137 ] ] ] } },
{ "type": "Feature", "properties": { "학교코드(KEDI)": "213021106", "학교명_20251001": "가남초등학교", "행정구_20251001": "부산진구" }, "geometry": { "type": "Polygon", "coordinates": [ [ [ 129.047107162027714, 35.154715637806561 ], [ 129.046708156315049, 35.154692780898593 ], [ 129.046562149477722, 35.154025929470436 ], [ 129.045902857862217, 35.15306372337411 ], [ 129.045493337940769, 35.15281491585791 ], [ 129.04516776344974, 35.152803273903238 ], [ 129.044200884447008, 35.152074432108101 ], [ 129.042723928661388, 35.152200879600954 ], [ 129.042503865819924, 35.152941526824996 ], [ 129.042510992394909, 35.153972417183091 ], [ 129.042014268248863, 35.154115167026461 ], [ 129.041964583871646, 35.154286870312148 ], [ 129.040534069322575, 35.154112929534016 ], [ 129.040421195897778, 35.154305535132941 ], [ 129.040466995007904, 35.154561094871248 ], [ 129.040899204353963, 35.154604598399423 ], [ 129.040805307636901, 35.154890155251564 ], [ 129.042008587739673, 35.155149704921264 ], [ 129.041642039509725, 35.155328987819772 ], [ 129.04135462466482, 35.155954845048939 ], [ 129.042630787561819, 35.156474303067448 ], [ 129.044117417073466, 35.157512314024167 ], [ 129.045681732555039, 35.156968379319053 ], [ 129.046661624509113, 35.156256345938246 ], [ 129.047716668602447, 35.155243563612622 ], [ 129.047667539377045, 35.1549900684386 ], [ 129.047107162027714, 35.154715637806561 ] ] ] } },
{ "type": "Feature", "properties": { "학교코드(KEDI)": "213021124", "학교명_20251001": "가야초등학교", "행정구_20251001": "부산진구" }, "geometry": { "type": "Polygon", "coordinates": [ [ [ 129.042008587739673, 35.155149704921264 ], [ 129.040805307636901, 35.154890155251564 ], [ 129.040899204353963, 35.154604598399423 ], [ 129.040466995007904, 35.154561094871248 ], [ 129.040534069322575, 35.154112929534016 ], [ 129.040237954418615, 35.153901682446502 ], [ 129.040310559532372, 35.153600509691103 ], [ 129.040048797651821, 35.153623199318936 ], [ 129.039614211169152, 35.153377683022541 ], [ 129.039281460607953, 35.152956965956569 ], [ 129.039725232216597, 35.152591841599666 ], [ 129.039536558075696, 35.152360400224957 ], [ 129.039145787608788, 35.152266837009897 ], [ 129.038940595863437, 35.151933523679226 ], [ 129.039650683739865, 35.151752057074511 ], [ 129.040361364409364, 35.149431229742071 ], [ 129.04002036960847, 35.149144890987451 ], [ 129.039337024273664, 35.148953729801285 ], [ 129.038757355679991, 35.149136353144179 ], [ 129.038424373795863, 35.149496505726098 ], [ 129.037972553973589, 35.149573880081469 ], [ 129.037572503576854, 35.148723439134727 ], [ 129.037669666448181, 35.148545363143477 ], [ 129.036628130962981, 35.147378712149276 ], [ 129.037222972183997, 35.146870589883953 ], [ 129.035278156611042, 35.145799462910503 ], [ 129.034918709332658, 35.145435271583047 ], [ 129.034248264275419, 35.145445975485003 ], [ 129.034182920132423, 35.145998298820921 ], [ 129.033585876552621, 35.146674158985462 ], [ 129.033592659743078, 35.147684058586734 ], [ 129.033763769637858, 35.147562759435992 ], [ 129.034074531890951, 35.147801936977359 ], [ 129.033525033425946, 35.150188296270905 ], [ 129.03296634385228, 35.151452613158433 ], [ 129.029920207955598, 35.151183882096127 ], [ 129.029595570249313, 35.153535087977062 ], [ 129.028614145560084, 35.153362647418227 ], [ 129.02890687970293, 35.153979804309394 ], [ 129.028470815234982, 35.154389586706415 ], [ 129.028559138950357, 35.15467992015634 ], [ 129.029547816899793, 35.155743646112555 ], [ 129.033819092949614, 35.156354630948677 ], [ 129.035079549668296, 35.157456886133296 ], [ 129.039283751146172, 35.158480792376466 ], [ 129.040718021043233, 35.158696111668576 ], [ 129.040847662848506, 35.158673544460285 ], [ 129.041111230626285, 35.157385732643888 ], [ 129.04313771047606, 35.157588562848538 ], [ 129.044117417073466, 35.157512314024167 ], [ 129.042630787561819, 35.156474303067448 ], [ 129.04135462466482, 35.155954845048939 ], [ 129.041642039509725, 35.155328987819772 ], [ 129.042008587739673, 35.155149704921264 ] ] ] } },
{ "type": "Feature", "properties": { "학교코드(KEDI)": "213021130", "학교명_20251001": "가평초등학교", "행정구_20251001": "부산진구" }, "geometry": { "type": "Polygon", "coordinates": [ [ [ 129.025505819961069, 35.145809513802043 ], [ 129.023495142526315, 35.145831773030615 ], [ 129.023329024231543, 35.145621164364208 ], [ 129.021416862459773, 35.145711579542166 ], [ 129.022187248140284, 35.14669538019055 ], [ 129.022482562108394, 35.14678105500446 ], [ 129.022667852763391, 35.147464653854293 ], [ 129.021358518569457, 35.147460284127078 ], [ 129.0208484376233, 35.148198406921523 ], [ 129.020167063755679, 35.150125198437358 ], [ 129.02324291655782, 35.150910817299234 ], [ 129.024664596133704, 35.151018440695381 ], [ 129.024751554480559, 35.152069563984867 ], [ 129.025586503066108, 35.152049161276842 ], [ 129.025936524300334, 35.152695236186929 ], [ 129.025502990707963, 35.152927439913746 ], [ 129.02560993436046, 35.153165993201398 ], [ 129.025757886735562, 35.153163492497207 ], [ 129.025645871338014, 35.153844507878269 ], [ 129.025877607208656, 35.154198284203773 ], [ 129.027581347025347, 35.153853609047815 ], [ 129.027652265111243, 35.153193630393879 ], [ 129.029595570249313, 35.153535087977062 ], [ 129.029920207955598, 35.151183882096127 ], [ 129.032551867723214, 35.151432635430012 ], [ 129.032761794335727, 35.14950634541232 ], [ 129.033203942810815, 35.147959614739804 ], [ 129.033592659743078, 35.147684058586734 ], [ 129.033609493128836, 35.146602704428545 ], [ 129.034182920132423, 35.145998298820921 ], [ 129.034248264275419, 35.145445975485003 ], [ 129.028711017181024, 35.145474331880109 ], [ 129.028598073965895, 35.145874046660694 ], [ 129.02806498398067, 35.145357326752887 ], [ 129.026414826177103, 35.146226887422671 ], [ 129.025505819961069, 35.145809513802043 ] ] ] } },
{ "type": "Feature", "properties": { "학교코드(KEDI)": "213021142", "학교명_20251001": "개금초등학교", "행정구_20251001": "부산진구" }, "geometry": { "type": "Polygon", "coordinates": [ [ [ 129.024664596133704, 35.151018440695381 ], [ 129.02324291655782, 35.150910817299234 ], [ 129.018545067775165, 35.149797036552812 ], [ 129.017049598428144, 35.149734846839038 ], [ 129.017146944825157, 35.151067948564076 ], [ 129.016994666657979, 35.151898561712201 ], [ 129.015972501604011, 35.151566655398511 ], [ 129.013605493144922, 35.151368456701697 ], [ 129.013649432101175, 35.15112050864321 ], [ 129.011625236786358, 35.150963649063293 ], [ 129.011592246452551, 35.151202507468682 ], [ 129.009198025753591, 35.151007502892057 ], [ 129.008883006672335, 35.151586958190478 ], [ 129.009792228813808, 35.151668440187798 ], [ 129.009758932070042, 35.152588122760768 ], [ 129.01290002054003, 35.152841486575554 ], [ 129.015934613415425, 35.153778518561566 ], [ 129.015710843509822, 35.154541646302633 ], [ 129.016143692848885, 35.154670349760892 ], [ 129.015911832668365, 35.155341883186644 ], [ 129.016665416929072, 35.155184631836221 ], [ 129.017871238670864, 35.154286637760755 ], [ 129.021735874328698, 35.155241898391765 ], [ 129.022027247395243, 35.154859197948902 ], [ 129.022669131977239, 35.154910842348229 ], [ 129.022722371316434, 35.154808152567576 ], [ 129.025571031976909, 35.1557113021085 ], [ 129.026714532386478, 35.156327749672819 ], [ 129.026436856871271, 35.155817284491718 ], [ 129.026531986402006, 35.155460498852946 ], [ 129.026922359228962, 35.155422578433281 ], [ 129.026883104524927, 35.155176405276514 ], [ 129.029547816899793, 35.155743646112555 ], [ 129.028559138950357, 35.15467992015634 ], [ 129.028470815234982, 35.154389586706415 ], [ 129.02890687970293, 35.153979804309394 ], [ 129.028614145560084, 35.153362647418227 ], [ 129.027652265111243, 35.153193630393879 ], [ 129.027581347025347, 35.153853609047815 ], [ 129.025877607208656, 35.154198284203773 ], [ 129.025645871338014, 35.153844507878269 ], [ 129.025757886735562, 35.153163492497207 ], [ 129.02560993436046, 35.153165993201398 ], [ 129.025502990707963, 35.152927439913746 ], [ 129.025936524300334, 35.152695236186929 ], [ 129.025586503066108, 35.152049161276842 ], [ 129.024751554480559, 35.152069563984867 ], [ 129.024664596133704, 35.151018440695381 ] ] ] } },
{ "type": "Feature", "properties": { "학교코드(KEDI)": "213021148", "학교명_20251001": "개포초등학교", "행정구_20251001": "부산진구" }, "geometry": { "type": "MultiPolygon", "coordinates": [ [ [ [ 129.025102425555076, 35.162073321905751 ], [ 129.028717497195231, 35.162709011870767 ], [ 129.029302116434224, 35.162250649755173 ], [ 129.029598310434864, 35.161148350663623 ], [ 129.031000854345535, 35.161466851247013 ], [ 129.031816524267612, 35.15906765852607 ], [ 129.025953402064658, 35.157674718857827 ], [ 129.025296659533211, 35.159255751923396 ], [ 129.025620893620726, 35.159703586248398 ], [ 129.025616957266209, 35.160256736977601 ], [ 129.026100606791772, 35.1604697623603 ], [ 129.025102425555076, 35.162073321905751 ] ] ], [ [ [ 129.025102425555076, 35.162073321905751 ], [ 129.023794997607581, 35.161811369703869 ], [ 129.023336085648197, 35.161577742900832 ], [ 129.023119396815929, 35.161602398176932 ], [ 129.023109733202858, 35.162164447258355 ], [ 129.023553744539527, 35.162341519588843 ], [ 129.024780139001734, 35.16250785984456 ], [ 129.025102425555076, 35.162073321905751 ] ] ] ] } },
{ "type": "Feature", "properties": { "학교코드(KEDI)": "213021150", "학교명_20251001": "대연초등학교", "행정구_20251001": "남구" }, "geometry": { "type": "Polygon", "coordinates": [ [ [ 129.095119205287972, 35.141050870881593 ], [ 129.096005501499661, 35.141223802044159 ], [ 129.097137355833155, 35.141035665900809 ], [ 129.098887889661256, 35.140453370897575 ], [ 129.09897164517173, 35.139922441267892 ], [ 129.099468246523912, 35.139527067519985 ], [ 129.101209366409563, 35.13934333567822 ], [ 129.101472546339807, 35.138038472393674 ], [ 129.099522888520511, 35.137240643966265 ], [ 129.099581011132273, 35.137156354320162 ], [ 129.096788376128927, 35.13585992019852 ], [ 129.098272994483978, 35.134185678764958 ], [ 129.098183299905543, 35.133626781582471 ], [ 129.09467622856377, 35.133424135390023 ], [ 129.094724424011076, 35.131221899283489 ], [ 129.091309866557935, 35.131267669654058 ], [ 129.089703465681225, 35.132267293942199 ], [ 129.088312023444189, 35.131989188014906 ], [ 129.088157057330534, 35.133134867144769 ], [ 129.087006226028848, 35.133248680153571 ], [ 129.086649465898148, 35.1324919342903 ], [ 129.085258161286731, 35.131676665704717 ], [ 129.085058252524021, 35.131272543165146 ], [ 129.083821813404768, 35.132050379287378 ], [ 129.082233016746699, 35.131995836904316 ], [ 129.082677769654254, 35.132806808949503 ], [ 129.082443040715333, 35.133426475941313 ], [ 129.082472667063769, 35.134125815415167 ], [ 129.082637070216947, 35.134159231084226 ], [ 129.08272297907294, 35.134785600915734 ], [ 129.084164625781739, 35.13554555293387 ], [ 129.08704743665956, 35.135763472460447 ], [ 129.086943723710732, 35.136826600109615 ], [ 129.086208478294935, 35.137393546568433 ], [ 129.086664130621301, 35.137626158370495 ], [ 129.086393238976541, 35.138087236575188 ], [ 129.087276967031841, 35.138049230768523 ], [ 129.087129545344084, 35.138854422787709 ], [ 129.087118902183931, 35.141993218176452 ], [ 129.086969619564144, 35.142115006457992 ], [ 129.092132898117399, 35.145207093400465 ], [ 129.0934791833144, 35.143342965379631 ], [ 129.094805536062097, 35.142257814577093 ], [ 129.095119205287972, 35.141050870881593 ] ] ] } },
{ "type": "Feature", "properties": { "학교코드(KEDI)": "213021154", "학교명_20251001": "개화초등학교", "행정구_20251001": "부산진구" }, "geometry": { "type": "Polygon", "coordinates": [ [ [ 129.025210065105853, 35.161788284688093 ], [ 129.026100606791772, 35.1604697623603 ], [ 129.025616957266209, 35.160256736977601 ], [ 129.025620893620726, 35.159703586248398 ], [ 129.025296659533211, 35.159255751923396 ], [ 129.025953402064658, 35.157674718857827 ], [ 129.025114406127329, 35.157370206040092 ], [ 129.021878072831043, 35.155138211447905 ], [ 129.021205171030061, 35.155956828332414 ], [ 129.020356660003188, 35.155974796320763 ], [ 129.020297298175223, 35.156388038460435 ], [ 129.020667920345659, 35.156997361469372 ], [ 129.020514097290402, 35.157352995357982 ], [ 129.020218938748428, 35.157287208118028 ], [ 129.019550493436327, 35.157488430551545 ], [ 129.019066570225249, 35.15722378276287 ], [ 129.018385209637472, 35.157608819407841 ], [ 129.018011108089155, 35.158106526564936 ], [ 129.023357540889833, 35.161302664976745 ], [ 129.023547103595178, 35.161203395208496 ], [ 129.025210065105853, 35.161788284688093 ] ] ] } },
{ "type": "Feature", "properties": { "학교코드(KEDI)": "213021160", "학교명_20251001": "대천초등학교", "행정구_20251001": "남구" }, "geometry": { "type": "Polygon", "coordinates": [ [ [ 129.102208709429846, 35.138387767265769 ], [ 129.103895679540386, 35.135878221756784 ], [ 129.103871437124923, 35.13569878188251 ], [ 129.100783653022859, 35.135404886268283 ], [ 129.101265789001161, 35.131871319392758 ], [ 129.101825887639222, 35.131409937423399 ], [ 129.104979544506506, 35.130111850607619 ], [ 129.106097485442206, 35.129300015141936 ], [ 129.105555280016233, 35.129149001704867 ], [ 129.105933750005505, 35.127878727127197 ], [ 129.105244759287871, 35.127367075598187 ], [ 129.102943820483688, 35.126539772809139 ], [ 129.100782553187628, 35.125402128130943 ], [ 129.100501624050281, 35.125477377816466 ], [ 129.101901827306648, 35.127380486524125 ], [ 129.097314120477677, 35.130120896879077 ], [ 129.089221293874232, 35.130193378654951 ], [ 129.088371789051479, 35.131545720608926 ], [ 129.088312023444189, 35.131989188014906 ], [ 129.089703465681225, 35.132267293942199 ], [ 129.091309866557935, 35.131267669654058 ], [ 129.094724424011076, 35.131221899283489 ], [ 129.09467622856377, 35.133424135390023 ], [ 129.098183299905543, 35.133626781582471 ], [ 129.098272994483978, 35.134185678764958 ], [ 129.096788376128927, 35.13585992019852 ], [ 129.101237917796112, 35.138016805589125 ], [ 129.102208709429846, 35.138387767265769 ] ] ] } },
{ "type": "Feature", "properties": { "학교코드(KEDI)": "213021175", "학교명_20251001": "동일중앙초등학교", "행정구_20251001": "동구" }, "geometry": { "type": "Polygon", "coordinates": [ [ [ 129.03421832577925, 35.130427899696173 ], [ 129.034496902988224, 35.130118703563419 ], [ 129.035439898913609, 35.130391436494968 ], [ 129.035681210743093, 35.129915172227065 ], [ 129.036578942878691, 35.129202499011136 ], [ 129.035923981706674, 35.12835816688424 ], [ 129.035952885395687, 35.128143265644717 ], [ 129.036581779747451, 35.127897994543183 ], [ 129.038944724666351, 35.128657953477834 ], [ 129.039216741231684, 35.129114119874693 ], [ 129.039963215119343, 35.128281668497223 ], [ 129.040178318415542, 35.128927640111577 ], [ 129.041102683801654, 35.128733784542703 ], [ 129.041404177509747, 35.128346596193282 ], [ 129.041042182899048, 35.127954127832247 ], [ 129.041964040371369, 35.128106568078906 ], [ 129.042653591362836, 35.127917480238324 ], [ 129.042902278145789, 35.128059946915585 ], [ 129.043412740233151, 35.127744215213113 ], [ 129.044455545610901, 35.127564299030333 ], [ 129.044934594644076, 35.127621804706394 ], [ 129.045097365110706, 35.127883874652696 ], [ 129.045403927255677, 35.127682395908785 ], [ 129.044587175210978, 35.125997777874872 ], [ 129.046994413695899, 35.127181545529083 ], [ 129.047148468919659, 35.12701126836766 ], [ 129.046919855944083, 35.126399969938255 ], [ 129.047155961675571, 35.126267225247773 ], [ 129.043994773055715, 35.119205947164282 ], [ 129.042345597968648, 35.116703849129308 ], [ 129.041925525064528, 35.115763690094305 ], [ 129.040265828910123, 35.116302624425408 ], [ 129.041285798486285, 35.118007117492013 ], [ 129.03949653133904, 35.119952122239582 ], [ 129.038477850460339, 35.120355671925374 ], [ 129.038172413207036, 35.12097285150287 ], [ 129.037847357200718, 35.122708791921312 ], [ 129.037614245218492, 35.122953913659018 ], [ 129.037443545716741, 35.123012889420011 ], [ 129.036615836725616, 35.122209052265497 ], [ 129.035792217100436, 35.12198950318701 ], [ 129.034936995904445, 35.120734662554419 ], [ 129.034558302956697, 35.120914984373677 ], [ 129.034714106150204, 35.12143176013997 ], [ 129.034386238346173, 35.121756405786563 ], [ 129.033957807846889, 35.121799363533427 ], [ 129.033897404104493, 35.121616782702468 ], [ 129.03313914966634, 35.121487311232016 ], [ 129.032440459733465, 35.121012866506319 ], [ 129.03174157792796, 35.121497407807901 ], [ 129.032220422598584, 35.121997467907768 ], [ 129.032457478989699, 35.123595777945511 ], [ 129.032371482105788, 35.125323074359173 ], [ 129.032777397513797, 35.127069444845439 ], [ 129.034050049939879, 35.127396436060707 ], [ 129.034050076078216, 35.127396516727273 ], [ 129.033028507198111, 35.128499782279555 ], [ 129.033022685810835, 35.128979922976612 ], [ 129.032415660019808, 35.129577266025166 ], [ 129.032517868349743, 35.130349631968791 ], [ 129.03421832577925, 35.130427899696173 ] ] ] } },
{ "type": "Feature", "properties": { "학교코드(KEDI)": "213021180", "학교명_20251001": "동천초등학교", "행정구_20251001": "남구" }, "geometry": { "type": "Polygon", "coordinates": [ [ [ 129.087750257203453, 35.124033849964498 ], [ 129.087694282660067, 35.123729710180811 ], [ 129.088127304496084, 35.123727994447357 ], [ 129.088531776214495, 35.122441865897223 ], [ 129.089749267133385, 35.121424779442258 ], [ 129.089767125663286, 35.121019302175711 ], [ 129.09054112410135, 35.120273372432081 ], [ 129.090742911710151, 35.119882735531405 ], [ 129.090678041079798, 35.119647583093077 ], [ 129.089818869751269, 35.119289560697119 ], [ 129.088613969436636, 35.11945992448986 ], [ 129.086441972994351, 35.118782283475603 ], [ 129.086352179998187, 35.119366210172764 ], [ 129.085856037914425, 35.119915676852251 ], [ 129.085025071334883, 35.119619658981776 ], [ 129.084656078182547, 35.119240823589763 ], [ 129.083576266930805, 35.118919624985644 ], [ 129.083238665773536, 35.118123842248686 ], [ 129.082791310894322, 35.118116337656737 ], [ 129.082882316135255, 35.117798122643521 ], [ 129.082324408591461, 35.116971272404008 ], [ 129.081600878532612, 35.116860998696708 ], [ 129.081332744621562, 35.118015446819122 ], [ 129.080693756374075, 35.117878592940244 ], [ 129.081142891583625, 35.116511264507309 ], [ 129.080921518032653, 35.116404883153791 ], [ 129.080610354469513, 35.116606542470549 ], [ 129.07994291379643, 35.116466503413577 ], [ 129.079796504645344, 35.116283356145438 ], [ 129.07967814984147, 35.116488572998882 ], [ 129.079893616513232, 35.117121660198265 ], [ 129.078491435117428, 35.117224212955662 ], [ 129.078135348654058, 35.116955709134039 ], [ 129.078041769244948, 35.116035251206952 ], [ 129.07791100313915, 35.116027955884334 ], [ 129.077526481664307, 35.117052963137382 ], [ 129.077290025918671, 35.117109947994052 ], [ 129.077951001940392, 35.118136533343446 ], [ 129.079390010580681, 35.119038952059874 ], [ 129.079720798338087, 35.119479631628955 ], [ 129.078677331998222, 35.120967784325444 ], [ 129.079375712261196, 35.121199532717952 ], [ 129.078901804831958, 35.122190567413625 ], [ 129.079003897423888, 35.122226060669654 ], [ 129.079468266201815, 35.121276449964583 ], [ 129.080979827328662, 35.121779051006477 ], [ 129.080563911816228, 35.122596470841074 ], [ 129.083085275607289, 35.123134014990598 ], [ 129.083002875186395, 35.12330756990012 ], [ 129.083506750041437, 35.124043852322693 ], [ 129.083855150502217, 35.124119925557899 ], [ 129.084308377994915, 35.124520270777197 ], [ 129.085144469266311, 35.124615095708322 ], [ 129.08513028220375, 35.124900553902393 ], [ 129.085619430789933, 35.125112579145437 ], [ 129.085210345380432, 35.125914044131456 ], [ 129.08574836973574, 35.126937106123492 ], [ 129.086045402531738, 35.127045009291678 ], [ 129.086883613449629, 35.127001960730169 ], [ 129.087888086373965, 35.126205218322191 ], [ 129.088284073309865, 35.124463161245302 ], [ 129.087750257203453, 35.124033849964498 ] ] ] } },
{ "type": "Feature", "properties": { "학교코드(KEDI)": "213021190", "학교명_20251001": "동항초등학교", "행정구_20251001": "남구" }, "geometry": { "type": "Polygon", "coordinates": [ [ [ 129.086352179998187, 35.119366210172764 ], [ 129.086441972994351, 35.118782283475603 ], [ 129.086687098859244, 35.11879886092899 ], [ 129.086608287336588, 35.118511839149235 ], [ 129.087094465646089, 35.118248281600174 ], [ 129.087862454589725, 35.116860315020389 ], [ 129.088270040700706, 35.116529341295269 ], [ 129.087761389513702, 35.114388167949677 ], [ 129.087433467016837, 35.114221354996999 ], [ 129.087508509012139, 35.114008624248385 ], [ 129.087062747323898, 35.113490908995168 ], [ 129.087008818756374, 35.113194542497006 ], [ 129.086508120158726, 35.112950564003768 ], [ 129.086297586564939, 35.112052161084677 ], [ 129.08590445935593, 35.112017327852165 ], [ 129.085362429339256, 35.112694076734641 ], [ 129.084958164864076, 35.112370353426016 ], [ 129.084993683487767, 35.111956923008648 ], [ 129.084160585255347, 35.111781211436387 ], [ 129.084000567502898, 35.111354596166997 ], [ 129.082899988146693, 35.110854436491017 ], [ 129.083046607780432, 35.110595790959017 ], [ 129.08284644287022, 35.110601140374968 ], [ 129.082148160221749, 35.109884966211801 ], [ 129.080774854632608, 35.109552332655007 ], [ 129.080705019021991, 35.109306901140798 ], [ 129.080672127177678, 35.109526890434992 ], [ 129.080285351515727, 35.109556972064446 ], [ 129.079743651758349, 35.110167201165289 ], [ 129.078274086006644, 35.111291633524175 ], [ 129.077557746845343, 35.112562847197687 ], [ 129.080162768594619, 35.112929827283679 ], [ 129.080122442795385, 35.113293616563872 ], [ 129.080466679723258, 35.113584271553286 ], [ 129.08007328733072, 35.114317770811077 ], [ 129.080259437144491, 35.114577256246456 ], [ 129.07986983325867, 35.115415711440541 ], [ 129.079787052629712, 35.116375056790872 ], [ 129.080761205588061, 35.116623121575302 ], [ 129.080921518032653, 35.116404883153791 ], [ 129.081142891583625, 35.116511264507309 ], [ 129.080693756374075, 35.117878592940244 ], [ 129.081332744621562, 35.118015446819122 ], [ 129.081600878532612, 35.116860998696708 ], [ 129.082324408591461, 35.116971272404008 ], [ 129.082882316135255, 35.117798122643521 ], [ 129.082791310894322, 35.118116337656737 ], [ 129.083238665773536, 35.118123842248686 ], [ 129.083576266930805, 35.118919624985644 ], [ 129.084656078182547, 35.119240823589763 ], [ 129.085025071334883, 35.119619658981776 ], [ 129.085856037914425, 35.119915676852251 ], [ 129.086352179998187, 35.119366210172764 ] ], [ [ 129.080685749363994, 35.11193227478698 ], [ 129.080668180128612, 35.110608726667166 ], [ 129.082264305391135, 35.110614403803432 ], [ 129.081519810062531, 35.111663264951432 ], [ 129.081635213991007, 35.111861398547227 ], [ 129.08122556173322, 35.112303290138932 ], [ 129.080859355295161, 35.11218708422637 ], [ 129.080685749363994, 35.11193227478698 ] ] ] } },
{ "type": "Feature", "properties": { "학교코드(KEDI)": "213021196", "학교명_20251001": "당감초등학교", "행정구_20251001": "부산진구" }, "geometry": { "type": "Polygon", "coordinates": [ [ [ 129.04374221999791, 35.170312171440777 ], [ 129.043125430970264, 35.169642525969273 ], [ 129.04326610485154, 35.169436184681899 ], [ 129.043806070143233, 35.169518796072616 ], [ 129.044169416564898, 35.169388972623551 ], [ 129.044294381562935, 35.169144978013023 ], [ 129.043895912648082, 35.168983594247408 ], [ 129.043944242655357, 35.168830780975497 ], [ 129.043544561927632, 35.168359646784843 ], [ 129.043350721586023, 35.168348543455856 ], [ 129.04324823002662, 35.167795196450584 ], [ 129.042989930745364, 35.167704094315887 ], [ 129.043458092195635, 35.16621636442143 ], [ 129.042480745513473, 35.166195215225876 ], [ 129.042974068229455, 35.164683280750218 ], [ 129.043771739811973, 35.164864531784879 ], [ 129.044159846128082, 35.163929641140385 ], [ 129.04508771043939, 35.164513064299499 ], [ 129.045360278201287, 35.164081187389158 ], [ 129.045242141160031, 35.163974815014235 ], [ 129.045450327831588, 35.163497435957055 ], [ 129.045040875490173, 35.163223762998214 ], [ 129.045022162731982, 35.162707617231035 ], [ 129.03706695831616, 35.160869470393202 ], [ 129.036592932721305, 35.161447556864928 ], [ 129.036151289574065, 35.163239856296634 ], [ 129.036319302724763, 35.163579330060685 ], [ 129.036816443484838, 35.16372579145137 ], [ 129.037010154096862, 35.163934047563494 ], [ 129.036851999555893, 35.164469453562155 ], [ 129.036954467697342, 35.165192172523739 ], [ 129.036613277175434, 35.165822742510052 ], [ 129.036696328118893, 35.166305032761549 ], [ 129.037372706959701, 35.166217117853925 ], [ 129.037683017710918, 35.165637795660778 ], [ 129.038836019702472, 35.165747920944042 ], [ 129.038712801541607, 35.166075099810286 ], [ 129.039031093603711, 35.16613363869687 ], [ 129.03877216808047, 35.16735734668481 ], [ 129.039641448446787, 35.167766678845588 ], [ 129.039199363846279, 35.170029451196562 ], [ 129.040170863660876, 35.169915535567753 ], [ 129.040444157290779, 35.170281568675385 ], [ 129.0405566339019, 35.170901078248093 ], [ 129.041962821093421, 35.172627008510261 ], [ 129.044246508043045, 35.17128662905106 ], [ 129.04374221999791, 35.170312171440777 ] ] ] } },
{ "type": "Feature", "properties": { "학교코드(KEDI)": "213021202", "학교명_20251001": "당평초등학교", "행정구_20251001": "부산진구" }, "geometry": { "type": "Polygon", "coordinates": [ [ [ 129.029741636540535, 35.168040056350932 ], [ 129.030054416204791, 35.167331760823089 ], [ 129.031474395887614, 35.167661736114191 ], [ 129.031442579562423, 35.167478001188357 ], [ 129.031694317677506, 35.167299544475661 ], [ 129.031427458242547, 35.166624594380956 ], [ 129.031555639814172, 35.16627555167728 ], [ 129.032054284465829, 35.165924737312857 ], [ 129.032695840175961, 35.165786864832093 ], [ 129.032899702194953, 35.165294501342629 ], [ 129.033287343251999, 35.165121286412948 ], [ 129.03332870500418, 35.16477159273812 ], [ 129.036952394092083, 35.165163684612693 ], [ 129.036851999555893, 35.164469453562155 ], [ 129.037010154096862, 35.163934047563494 ], [ 129.036816443484838, 35.16372579145137 ], [ 129.036319302724763, 35.163579330060685 ], [ 129.036151289574065, 35.163239856296634 ], [ 129.036592932721305, 35.161447556864928 ], [ 129.03706695831616, 35.160869470393202 ], [ 129.034042378734455, 35.15959638191314 ], [ 129.031816524267612, 35.15906765852607 ], [ 129.030489131713949, 35.162974295923007 ], [ 129.028284815940708, 35.166616258319372 ], [ 129.029188112466045, 35.166868675999524 ], [ 129.029240453705825, 35.167076147754052 ], [ 129.028909576187658, 35.167684355465127 ], [ 129.029741636540535, 35.168040056350932 ] ] ] } },
{ "type": "Feature", "properties": { "학교코드(KEDI)": "213021210", "학교명_20251001": "문현초등학교", "행정구_20251001": "남구" }, "geometry": { "type": "Polygon", "coordinates": [ [ [ 129.079172804675267, 35.134978254458304 ], [ 129.077614074044021, 35.135058270042123 ], [ 129.077414532364401, 35.13435593021191 ], [ 129.077617767643119, 35.133910490693758 ], [ 129.073315044125479, 35.135989655322554 ], [ 129.073391134789716, 35.136085849731153 ], [ 129.072226031528686, 35.136684768638318 ], [ 129.071083237294999, 35.136871301597331 ], [ 129.071161373247435, 35.143327518792944 ], [ 129.071295491796178, 35.143951908628196 ], [ 129.071189003916686, 35.144952378946726 ], [ 129.070994103703327, 35.145227451427992 ], [ 129.070885758811613, 35.145152860141096 ], [ 129.070670947486889, 35.146275299587479 ], [ 129.070813461762555, 35.147459168285692 ], [ 129.070709604306529, 35.148134634123444 ], [ 129.071527986037296, 35.149080668465132 ], [ 129.075041104782798, 35.150570285238508 ], [ 129.078668004315034, 35.150541033007208 ], [ 129.080505911641069, 35.150216685304763 ], [ 129.083440202832634, 35.148942743550094 ], [ 129.084094576406386, 35.147612253881853 ], [ 129.083755816468596, 35.147073742817049 ], [ 129.083963701835017, 35.146572358769447 ], [ 129.083840107135558, 35.145016339735832 ], [ 129.082622782957429, 35.144227750877107 ], [ 129.081963441676862, 35.143379669672647 ], [ 129.080363704505544, 35.142512711443395 ], [ 129.080465129659643, 35.142219916308861 ], [ 129.07971749797008, 35.141729035384124 ], [ 129.079813944083497, 35.141621754399878 ], [ 129.077708177989933, 35.140782989032388 ], [ 129.07749621318024, 35.140725931434041 ], [ 129.077485458237646, 35.140869985337247 ], [ 129.07642197575862, 35.140448586185329 ], [ 129.076627451801329, 35.14000078405094 ], [ 129.077415889962595, 35.139325084378093 ], [ 129.07750404957693, 35.138317625071636 ], [ 129.076976783550407, 35.138409083430993 ], [ 129.07602296063888, 35.137291442961377 ], [ 129.076156992606428, 35.137213952906926 ], [ 129.076311076046778, 35.137342486837959 ], [ 129.076541636289505, 35.136996537568315 ], [ 129.077374424584661, 35.136734069011133 ], [ 129.07919357305812, 35.135137283704175 ], [ 129.079172804675267, 35.134978254458304 ] ] ] } },
{ "type": "Feature", "properties": { "학교코드(KEDI)": "213021213", "학교명_20251001": "성천초등학교", "행정구_20251001": "남구" }, "geometry": { "type": "Polygon", "coordinates": [ [ [ 129.06791059381672, 35.136897012086258 ], [ 129.068882652714393, 35.135682570041674 ], [ 129.070258928186547, 35.135674547262255 ], [ 129.070235413592144, 35.135411294954366 ], [ 129.069933179012679, 35.135294307061578 ], [ 129.070193495935513, 35.135225667009941 ], [ 129.070206107463378, 35.134904089510478 ], [ 129.071139043846529, 35.133795768896093 ], [ 129.071390605653676, 35.133773287623939 ], [ 129.072161997233991, 35.13242122463258 ], [ 129.072881333565164, 35.131964486199642 ], [ 129.073081465029532, 35.131212386177054 ], [ 129.074506763226083, 35.128630581582584 ], [ 129.073171746960043, 35.128473009127568 ], [ 129.071774194710059, 35.127911610157064 ], [ 129.06984321631748, 35.127740706374816 ], [ 129.069308096403546, 35.127353061484051 ], [ 129.069127821600631, 35.126418670042547 ], [ 129.068829709070286, 35.126250723075877 ], [ 129.068121481223955, 35.126476213407514 ], [ 129.067520366630617, 35.126867735306085 ], [ 129.067559469576878, 35.12822156162818 ], [ 129.066463132594123, 35.128045784836722 ], [ 129.066331608762113, 35.128226145201019 ], [ 129.06632083601491, 35.128505554832735 ], [ 129.066661402256926, 35.128974124098526 ], [ 129.066526133386731, 35.130229351254393 ], [ 129.066872334250576, 35.131507653014133 ], [ 129.066771981859375, 35.133783474311066 ], [ 129.06791059381672, 35.136897012086258 ] ] ] } },
{ "type": "Feature", "properties": { "학교코드(KEDI)": "213021238", "학교명_20251001": "대남초등학교", "행정구_20251001": "남구" }, "geometry": { "type": "Polygon", "coordinates": [ [ [ 129.102822995612684, 35.146394929733624 ], [ 129.103413471523879, 35.144772044961165 ], [ 129.103374195953307, 35.143924802816876 ], [ 129.102289537187346, 35.142819861692708 ], [ 129.101214490566178, 35.143793820419006 ], [ 129.097702776433522, 35.145426771361443 ], [ 129.096480564683475, 35.144403601919336 ], [ 129.084423093411175, 35.151140644213854 ], [ 129.088202657593001, 35.154658112499511 ], [ 129.08973001331006, 35.156297623264635 ], [ 129.096963999295582, 35.150318572586635 ], [ 129.102822995612684, 35.146394929733624 ] ] ] } },
{ "type": "Feature", "properties": { "학교코드(KEDI)": "213021257", "학교명_20251001": "개림초등학교", "행정구_20251001": "부산진구" }, "geometry": { "type": "Polygon", "coordinates": [ [ [ 129.013119013073606, 35.15290911143304 ], [ 129.013034196493265, 35.153135441018783 ], [ 129.012523406042391, 35.153083128588513 ], [ 129.01235318726998, 35.153951478313459 ], [ 129.011125909819867, 35.153982593217279 ], [ 129.011130859896269, 35.155245027496839 ], [ 129.014896761205364, 35.156130802698804 ], [ 129.016603594994081, 35.157063703448486 ], [ 129.017474822511247, 35.156499380277019 ], [ 129.017741543352116, 35.156523424663 ], [ 129.017840723658395, 35.156342241978592 ], [ 129.01891662720908, 35.157303796598868 ], [ 129.019122013876625, 35.157225165410566 ], [ 129.019550493436327, 35.157488430551545 ], [ 129.020598613118494, 35.157273381795626 ], [ 129.020667920345659, 35.156997361469372 ], [ 129.020297298175223, 35.156388038460435 ], [ 129.020356660003188, 35.155974796320763 ], [ 129.021205171030061, 35.155956828332414 ], [ 129.021735874306387, 35.15524189749096 ], [ 129.017871238670864, 35.154286637760755 ], [ 129.016665416929072, 35.155184631836221 ], [ 129.015911832668365, 35.155341883186644 ], [ 129.016143692848885, 35.154670349760892 ], [ 129.015710843509822, 35.154541646302633 ], [ 129.015934613415425, 35.153778518561566 ], [ 129.013119013073606, 35.15290911143304 ] ] ] } },
{ "type": "Feature", "properties": { "학교코드(KEDI)": "213021264", "학교명_20251001": "동평초등학교", "행정구_20251001": "부산진구" }, "geometry": { "type": "Polygon", "coordinates": [ [ [ 129.039154600102506, 35.172525896809589 ], [ 129.041592862416621, 35.172177742011499 ], [ 129.0405566339019, 35.170901078248093 ], [ 129.040444157290779, 35.170281568675385 ], [ 129.040170863660876, 35.169915535567753 ], [ 129.039199363846279, 35.170029451196562 ], [ 129.039641448446787, 35.167766678845588 ], [ 129.03877216808047, 35.16735734668481 ], [ 129.039031093603711, 35.16613363869687 ], [ 129.038712801541607, 35.166075099810286 ], [ 129.038836019702472, 35.165747920944042 ], [ 129.037683017710918, 35.165637795660778 ], [ 129.037372706959701, 35.166217117853925 ], [ 129.036696328118893, 35.166305032761549 ], [ 129.036613277175434, 35.165822742510052 ], [ 129.036952394092083, 35.165163684612693 ], [ 129.034898897021918, 35.164953745410628 ], [ 129.033199464189124, 35.165759536819124 ], [ 129.032054233515396, 35.165924806656477 ], [ 129.031690657764528, 35.166125449193068 ], [ 129.031427458242547, 35.166624594380956 ], [ 129.031694330271051, 35.167271691016765 ], [ 129.031442579562423, 35.167478001188357 ], [ 129.031474403545246, 35.167661779241705 ], [ 129.032388271924077, 35.167931171482287 ], [ 129.033088494964232, 35.167893282255548 ], [ 129.033465103184, 35.169868550810932 ], [ 129.033950939012811, 35.170128055265437 ], [ 129.034746130562297, 35.170113129362903 ], [ 129.034136645441208, 35.170737315506301 ], [ 129.035345828248268, 35.170739900473393 ], [ 129.035563850326298, 35.171820977819813 ], [ 129.035790997129283, 35.171943112163689 ], [ 129.036067800795081, 35.171833199221638 ], [ 129.035884262572637, 35.17224840332085 ], [ 129.03644230502502, 35.171926600765197 ], [ 129.03682069378209, 35.172206411996314 ], [ 129.036358024456632, 35.173588916080526 ], [ 129.036405974339402, 35.173847140394663 ], [ 129.036565673316773, 35.173890799503106 ], [ 129.037566437609968, 35.173294196933973 ], [ 129.037632023963511, 35.172934121609082 ], [ 129.039191020111502, 35.172688127432828 ], [ 129.039154600102506, 35.172525896809589 ] ] ] } },
{ "type": "Feature", "properties": { "학교코드(KEDI)": "213021268", "학교명_20251001": "동원초등학교", "행정구_20251001": "부산진구" }, "geometry": { "type": "Polygon", "coordinates": [ [ [ 129.034347062366095, 35.175260259545453 ], [ 129.036235385857481, 35.17390485416815 ], [ 129.035745641562954, 35.173410875512701 ], [ 129.034734618524311, 35.174152941269526 ], [ 129.034535708437744, 35.172949309360071 ], [ 129.035106716359593, 35.172609954756055 ], [ 129.035281061468851, 35.172263834607399 ], [ 129.035884262572637, 35.17224840332085 ], [ 129.036067800795081, 35.171833199221638 ], [ 129.035790997129283, 35.171943112163689 ], [ 129.035563850326298, 35.171820977819813 ], [ 129.035345828248268, 35.170739900473393 ], [ 129.034136645441208, 35.170737315506301 ], [ 129.034744627697194, 35.170113156419184 ], [ 129.033950939012811, 35.170128055265437 ], [ 129.033465103184, 35.169868550810932 ], [ 129.033088494964232, 35.167893282255548 ], [ 129.032546085609539, 35.167919399242045 ], [ 129.031920719137645, 35.169839423017173 ], [ 129.031355316655038, 35.170718930169429 ], [ 129.030826678657263, 35.170955583349794 ], [ 129.029651907363018, 35.171030900467706 ], [ 129.029450426528967, 35.170435946369196 ], [ 129.027031379320704, 35.169421750974941 ], [ 129.026200734334139, 35.170706970769032 ], [ 129.025194363778382, 35.171557773527013 ], [ 129.02532469973201, 35.171672689388409 ], [ 129.025179591203511, 35.171849495838252 ], [ 129.024573964025961, 35.172229273224175 ], [ 129.024465232258677, 35.172021980794568 ], [ 129.024233663247827, 35.17220680298233 ], [ 129.025547936761114, 35.173187223012818 ], [ 129.027540233116099, 35.172835280201085 ], [ 129.029051961503143, 35.172301591251781 ], [ 129.031707025679196, 35.174248217370653 ], [ 129.032362463227059, 35.175376861743004 ], [ 129.033343010646433, 35.175501128553357 ], [ 129.033285873643877, 35.175757881917555 ], [ 129.033602458130531, 35.175824159051892 ], [ 129.033975907458569, 35.175721349799701 ], [ 129.034347062366095, 35.175260259545453 ] ] ] } },
{ "type": "Feature", "properties": { "학교코드(KEDI)": "213021269", "학교명_20251001": "성북초등학교", "행정구_20251001": "부산진구" }, "geometry": { "type": "Polygon", "coordinates": [ [ [ 129.071532740841803, 35.15573482645167 ], [ 129.071824576417924, 35.154189846993319 ], [ 129.073221223118082, 35.15496252061908 ], [ 129.073768889202626, 35.155052033738279 ], [ 129.074345765968076, 35.154877979293211 ], [ 129.07434853588353, 35.154082485309075 ], [ 129.075749544569021, 35.154067438524088 ], [ 129.076664201484874, 35.155000931525784 ], [ 129.077969408104451, 35.155169915863006 ], [ 129.079142310090077, 35.155078541764041 ], [ 129.079997916606317, 35.154356626082823 ], [ 129.080102742177445, 35.153284703275553 ], [ 129.079794765900886, 35.152446705913988 ], [ 129.07866795157409, 35.15054094379645 ], [ 129.075041104782798, 35.150570285238508 ], [ 129.071527986037296, 35.149080668465132 ], [ 129.070709604306529, 35.148134634123444 ], [ 129.070813461762555, 35.147459168285692 ], [ 129.070661738410564, 35.146350649944267 ], [ 129.070822072003892, 35.14569704487819 ], [ 129.069938496063514, 35.14548443527876 ], [ 129.069502974861109, 35.144870628930349 ], [ 129.067013714737755, 35.144979659981509 ], [ 129.066751399524179, 35.144840777442838 ], [ 129.066786075674145, 35.147749328755609 ], [ 129.065547387143113, 35.149462505037341 ], [ 129.065228980910888, 35.149480745670651 ], [ 129.063259028110394, 35.148794711235524 ], [ 129.062480687379519, 35.150430098534052 ], [ 129.05992002392486, 35.150412434738193 ], [ 129.059916312240091, 35.152172502525325 ], [ 129.062385184403439, 35.152183563108125 ], [ 129.0623578996003, 35.154479960255188 ], [ 129.066142909223913, 35.154518620891338 ], [ 129.066132649866546, 35.155409997598248 ], [ 129.068335478949933, 35.155428706813431 ], [ 129.068326563468588, 35.155638097803759 ], [ 129.071532740841803, 35.15573482645167 ] ] ] } },
{ "type": "Feature", "properties": { "학교코드(KEDI)": "213021283", "학교명_20251001": "범일초등학교", "행정구_20251001": "동구" }, "geometry": { "type": "Polygon", "coordinates": [ [ [ 129.042956064179975, 35.148526214420933 ], [ 129.0454734883306, 35.148349695876142 ], [ 129.046469544894109, 35.14811096548646 ], [ 129.049602820015423, 35.146848871092928 ], [ 129.050708678311338, 35.146250905470986 ], [ 129.050725469782464, 35.146547603834257 ], [ 129.051041845937675, 35.146339491868225 ], [ 129.051014785525524, 35.145545751234465 ], [ 129.05156714088281, 35.145049668413805 ], [ 129.051465948924317, 35.144668435673893 ], [ 129.050648944104466, 35.14421583056599 ], [ 129.048290063258321, 35.144475229372404 ], [ 129.048045566459024, 35.144215057045507 ], [ 129.048256093846618, 35.143789469355632 ], [ 129.048745506055326, 35.143442138554867 ], [ 129.050647356494125, 35.14316246136535 ], [ 129.052038453526279, 35.141934811931904 ], [ 129.052463698919354, 35.141946204508265 ], [ 129.052701898825887, 35.142138160818199 ], [ 129.054524102986136, 35.141833411289461 ], [ 129.055429225161731, 35.141818477513127 ], [ 129.055885079161499, 35.14221136322341 ], [ 129.055994699841648, 35.142057991554829 ], [ 129.056557304102142, 35.142112064868698 ], [ 129.056405635899694, 35.136360681834944 ], [ 129.053190444513376, 35.133130145339649 ], [ 129.052971795844968, 35.133273556986474 ], [ 129.052861692899597, 35.133916811059869 ], [ 129.053000905475187, 35.134097568928709 ], [ 129.05275262256788, 35.134289185677105 ], [ 129.053154161843565, 35.134935372377207 ], [ 129.052812967939758, 35.13504487351895 ], [ 129.052554457715189, 35.134921691991181 ], [ 129.05264785436745, 35.135491377823961 ], [ 129.052107571207301, 35.135879402609355 ], [ 129.051398809472005, 35.135452688521752 ], [ 129.050665751268525, 35.135289374353441 ], [ 129.050688342171838, 35.134171478275711 ], [ 129.049621164819769, 35.134053962755623 ], [ 129.049596726760768, 35.13438210820275 ], [ 129.04997901223507, 35.134832867500286 ], [ 129.049903257439354, 35.135570561470374 ], [ 129.049139988778762, 35.135418249639329 ], [ 129.048801471327721, 35.135026909394149 ], [ 129.047863591004614, 35.135682031636755 ], [ 129.048231434011825, 35.135960920350414 ], [ 129.047151317663435, 35.136703830444439 ], [ 129.047460711965215, 35.137058163596748 ], [ 129.047788298637357, 35.13804451205926 ], [ 129.047093152331172, 35.138198205216085 ], [ 129.046766844274885, 35.138563393881412 ], [ 129.045982828683378, 35.137866304201097 ], [ 129.045702511954175, 35.138061040567884 ], [ 129.045354099417096, 35.137945071694332 ], [ 129.044251200312203, 35.13877072241403 ], [ 129.04494018442432, 35.139535784221948 ], [ 129.044275116036175, 35.140039440250881 ], [ 129.041869185816779, 35.140543602020891 ], [ 129.040618664146166, 35.140410061655523 ], [ 129.038731741261756, 35.13967245462748 ], [ 129.037712360379885, 35.139730359638776 ], [ 129.037708538716288, 35.144035068632505 ], [ 129.038298327446626, 35.145053710445836 ], [ 129.03874673213349, 35.146501340708554 ], [ 129.040129969917956, 35.146736722121467 ], [ 129.042956064179975, 35.148526214420933 ] ] ] } },
{ "type": "Feature", "properties": { "학교코드(KEDI)": "213021289", "학교명_20251001": "분포초등학교", "행정구_20251001": "남구" }, "geometry": { "type": "Polygon", "coordinates": [ [ [ 129.117646123211017, 35.131206967416695 ], [ 129.113089084802539, 35.126263104274251 ], [ 129.112578886798872, 35.124935194718745 ], [ 129.109055882833502, 35.126703793659743 ], [ 129.11245668358589, 35.130650574014545 ], [ 129.111413514006586, 35.131250114377835 ], [ 129.112846836143405, 35.132866805483687 ], [ 129.110474137719024, 35.134233529837729 ], [ 129.111327987061543, 35.134783322028476 ], [ 129.112284071168148, 35.135078277398307 ], [ 129.112739753497294, 35.134998539311887 ], [ 129.117796955809922, 35.132109985274354 ], [ 129.117231288629398, 35.131445052599638 ], [ 129.117646123211017, 35.131206967416695 ] ] ] } },
{ "type": "Feature", "properties": { "학교코드(KEDI)": "213021290", "학교명_20251001": "석포초등학교", "행정구_20251001": "남구" }, "geometry": { "type": "Polygon", "coordinates": [ [ [ 129.088371789051479, 35.131545720608926 ], [ 129.089221293874232, 35.130193378654951 ], [ 129.097314120477677, 35.130120896879077 ], [ 129.101901827306648, 35.127380486524125 ], [ 129.100181705524051, 35.125042336851649 ], [ 129.099305985072959, 35.125034655555659 ], [ 129.097820061609326, 35.124773007423535 ], [ 129.094711655489306, 35.125147566081161 ], [ 129.094496685826499, 35.124412014517297 ], [ 129.094901782151283, 35.123443215372362 ], [ 129.094486872157944, 35.12336089291712 ], [ 129.094508166312551, 35.12306744775956 ], [ 129.094128313512471, 35.122810453497756 ], [ 129.093970002611712, 35.121951702275368 ], [ 129.091360489909732, 35.119589247671428 ], [ 129.090657838250593, 35.120056085585453 ], [ 129.089767125663286, 35.121019302175711 ], [ 129.089608282865726, 35.121588399952479 ], [ 129.088531776214495, 35.122441865897223 ], [ 129.088127304496084, 35.123727994447357 ], [ 129.087694282660067, 35.123729710180811 ], [ 129.087750257203453, 35.124033849964498 ], [ 129.088284073309865, 35.124463161245302 ], [ 129.087888086373965, 35.126205218322191 ], [ 129.08721297939519, 35.126807448492698 ], [ 129.08652115452341, 35.127059706016333 ], [ 129.08574836973574, 35.126937106123492 ], [ 129.085283996554637, 35.126207479649047 ], [ 129.085322229182765, 35.126642646606527 ], [ 129.085047813971897, 35.127178419544414 ], [ 129.085554334241721, 35.127519497532553 ], [ 129.084576265133279, 35.128912224622482 ], [ 129.084113363568321, 35.128844415626702 ], [ 129.083856745479835, 35.129078692791772 ], [ 129.08293700037089, 35.128807562057403 ], [ 129.082033390205765, 35.130637599727422 ], [ 129.082185820830802, 35.131007464134761 ], [ 129.084138997231577, 35.13181841609692 ], [ 129.085058252524021, 35.131272543165146 ], [ 129.085258161286731, 35.131676665704717 ], [ 129.086649465898148, 35.1324919342903 ], [ 129.087006226028848, 35.133248680153571 ], [ 129.088157057330534, 35.133134867144769 ], [ 129.088371789051479, 35.131545720608926 ] ] ] } },
{ "type": "Feature", "properties": { "학교코드(KEDI)": "213021295", "학교명_20251001": "성남초등학교", "행정구_20251001": "동구" }, "geometry": { "type": "Polygon", "coordinates": [ [ [ 129.058059683239918, 35.142016968852992 ], [ 129.059143549198808, 35.141290377389268 ], [ 129.059212865090302, 35.141582904737 ], [ 129.059458620995798, 35.141567281828316 ], [ 129.059477090811356, 35.141290225635117 ], [ 129.064531585650826, 35.141413883271447 ], [ 129.065649503880337, 35.139835974063026 ], [ 129.066131396745902, 35.138691038791258 ], [ 129.066218556581504, 35.137852738921623 ], [ 129.066086087723278, 35.136951448511148 ], [ 129.06545956800997, 35.135626712432057 ], [ 129.065465808016143, 35.135004808288791 ], [ 129.065732427329777, 35.134702883325197 ], [ 129.065627654380734, 35.133417980574634 ], [ 129.065897561931763, 35.130237572035909 ], [ 129.058605349587566, 35.12964135715297 ], [ 129.057739507372133, 35.129202160302057 ], [ 129.054829976885344, 35.126383663500896 ], [ 129.051599720028406, 35.125977175632883 ], [ 129.049857535859644, 35.125123639139289 ], [ 129.051807418404934, 35.128963752359255 ], [ 129.053577330991686, 35.131860707037809 ], [ 129.052908175613055, 35.132348277179588 ], [ 129.052524465089533, 35.132442404811286 ], [ 129.056405635899694, 35.136360681834944 ], [ 129.056557304102142, 35.142112064868698 ], [ 129.058059683239918, 35.142016968852992 ] ] ] } },
{ "type": "Feature", "properties": { "학교코드(KEDI)": "213021300", "학교명_20251001": "성동초등학교", "행정구_20251001": "남구" }, "geometry": { "type": "Polygon", "coordinates": [ [ [ 129.06807235664192, 35.136898774370465 ], [ 129.066093158476434, 35.136981370906909 ], [ 129.06620778610062, 35.138078074732668 ], [ 129.065939698712469, 35.13927245336523 ], [ 129.063691374898269, 35.142592268003021 ], [ 129.065071919111432, 35.142511473163218 ], [ 129.065839810266027, 35.142068245965568 ], [ 129.066318988093343, 35.141457313575231 ], [ 129.066685064459051, 35.141477535362242 ], [ 129.066864218586687, 35.144977174483515 ], [ 129.069056028820143, 35.144975718007672 ], [ 129.069460955418862, 35.144852626120212 ], [ 129.069938496063514, 35.14548443527876 ], [ 129.070822072003892, 35.14569704487819 ], [ 129.070885758811613, 35.145152860141096 ], [ 129.070994103703327, 35.145227451427992 ], [ 129.071189003916686, 35.144952378946726 ], [ 129.071295491796178, 35.143951908628196 ], [ 129.071161373247435, 35.143327518792944 ], [ 129.071083237294999, 35.136871301597331 ], [ 129.072226031528686, 35.136684768638318 ], [ 129.073391134789716, 35.136085849731153 ], [ 129.073315044125479, 35.135989655322554 ], [ 129.076836602840785, 35.134300084635107 ], [ 129.076750629152968, 35.134187512902145 ], [ 129.077395043821184, 35.133590122739129 ], [ 129.078381385151943, 35.133285676054697 ], [ 129.077541490341957, 35.132991074545046 ], [ 129.076512397566091, 35.132843744857375 ], [ 129.07590442084512, 35.133918233690586 ], [ 129.075537330155839, 35.133509990905573 ], [ 129.075550018300788, 35.133104198211598 ], [ 129.075707390281252, 35.133092663211542 ], [ 129.075542912581795, 35.130935240811027 ], [ 129.075344328866237, 35.130905870352855 ], [ 129.074665424025568, 35.131639973627266 ], [ 129.073331902794905, 35.131629702196378 ], [ 129.073210794623066, 35.131817329719219 ], [ 129.072929746286462, 35.131773508803384 ], [ 129.072881333565164, 35.131964486199642 ], [ 129.072161997233991, 35.13242122463258 ], [ 129.071390605653676, 35.133773287623939 ], [ 129.071139043846529, 35.133795768896093 ], [ 129.070206107463378, 35.134904089510478 ], [ 129.070193495935513, 35.135225667009941 ], [ 129.069933179012679, 35.135294307061578 ], [ 129.070235413592144, 35.135411294954366 ], [ 129.070258928186547, 35.135674547262255 ], [ 129.068882652714393, 35.135682570041674 ], [ 129.06807235664192, 35.136898774370465 ] ] ] } },
{ "type": "Feature", "properties": { "학교코드(KEDI)": "213021335", "학교명_20251001": "수성초등학교", "행정구_20251001": "동구" }, "geometry": { "type": "Polygon", "coordinates": [ [ [ 129.044275116036175, 35.140039440250881 ], [ 129.04494018442432, 35.139535784221948 ], [ 129.044251200312203, 35.13877072241403 ], [ 129.045354099417096, 35.137945071694332 ], [ 129.045702511954175, 35.138061040567884 ], [ 129.045982828683378, 35.137866304201097 ], [ 129.046766844274885, 35.138563393881412 ], [ 129.047093152331172, 35.138198205216085 ], [ 129.047788298637357, 35.13804451205926 ], [ 129.047460711965215, 35.137058163596748 ], [ 129.047151317663435, 35.136703830444439 ], [ 129.048231434011825, 35.135960920350414 ], [ 129.047893788847517, 35.135724834842129 ], [ 129.047442362802855, 35.134929447808304 ], [ 129.046287247779816, 35.134955824190051 ], [ 129.045726239683262, 35.135131010626573 ], [ 129.045493848054917, 35.135502149044775 ], [ 129.044699173326421, 35.133703314994243 ], [ 129.044919507835516, 35.133046043471047 ], [ 129.044225079145122, 35.133364085112419 ], [ 129.044241046692832, 35.132803317786518 ], [ 129.043753758287579, 35.133115758728763 ], [ 129.043727693668444, 35.132588136248835 ], [ 129.043284006858784, 35.132019867507061 ], [ 129.043018898688672, 35.132300496400184 ], [ 129.042845024334696, 35.132340486411778 ], [ 129.042728889453201, 35.132187375214386 ], [ 129.0417659597274, 35.132552713860591 ], [ 129.04141097564596, 35.132512605068769 ], [ 129.041962727846538, 35.131941883360625 ], [ 129.041655809449111, 35.131609424262166 ], [ 129.041061516980136, 35.131598100492518 ], [ 129.041844181500096, 35.131235568032224 ], [ 129.041625202164511, 35.130983072444849 ], [ 129.041325927175706, 35.130996273005294 ], [ 129.041699127296425, 35.130576897055917 ], [ 129.042235760228778, 35.130507625019945 ], [ 129.042442902693267, 35.129644405010964 ], [ 129.041982350267233, 35.129851878513591 ], [ 129.041331174046292, 35.129507380851649 ], [ 129.041846171094846, 35.129161540472829 ], [ 129.042653591362836, 35.127917480238324 ], [ 129.041964040371369, 35.128106568078906 ], [ 129.041042182899048, 35.127954127832247 ], [ 129.041378126077717, 35.128243525027635 ], [ 129.041334253378295, 35.128495883419262 ], [ 129.041102683801654, 35.128733784542703 ], [ 129.040178318415542, 35.128927640111577 ], [ 129.039963215119343, 35.128281668497223 ], [ 129.039216741231684, 35.129114119874693 ], [ 129.038944724666351, 35.128657953477834 ], [ 129.036581779747451, 35.127897994543183 ], [ 129.035952885395687, 35.128143265644717 ], [ 129.035923981706674, 35.12835816688424 ], [ 129.036578942878691, 35.129202499011136 ], [ 129.035681210743093, 35.129915172227065 ], [ 129.035234976100412, 35.131102207924712 ], [ 129.03483414616332, 35.131301953791692 ], [ 129.034101288007122, 35.132274631179861 ], [ 129.033198082778625, 35.133015024614643 ], [ 129.030792910091378, 35.134314770056505 ], [ 129.027506400120075, 35.135079742641338 ], [ 129.026475493803105, 35.135837702925251 ], [ 129.027649049290147, 35.136361875442745 ], [ 129.028318381905649, 35.136893492274616 ], [ 129.030853127839691, 35.137208424924033 ], [ 129.031994638321777, 35.137785049455495 ], [ 129.03313555887442, 35.137081604253517 ], [ 129.03361845372973, 35.137117576556228 ], [ 129.034518425878161, 35.13765809533205 ], [ 129.035165764696529, 35.137702994777563 ], [ 129.035418124084089, 35.137856181818115 ], [ 129.035978123246849, 35.138469001368811 ], [ 129.03727315675664, 35.139054543998043 ], [ 129.037712360379885, 35.139730359638776 ], [ 129.038731741261756, 35.13967245462748 ], [ 129.040618664146166, 35.140410061655523 ], [ 129.041869185816779, 35.140543602020891 ], [ 129.044275116036175, 35.140039440250881 ] ] ] } },
{ "type": "Feature", "properties": { "학교코드(KEDI)": "213021345", "학교명_20251001": "수정초등학교", "행정구_20251001": "동구" }, "geometry": { "type": "Polygon", "coordinates": [ [ [ 129.05264785436745, 35.135491377823961 ], [ 129.052554457715189, 35.134921691991181 ], [ 129.052812967939758, 35.13504487351895 ], [ 129.053154161843565, 35.134935372377207 ], [ 129.05275262256788, 35.134289185677105 ], [ 129.053000905475187, 35.134097568928709 ], [ 129.052861692899597, 35.133916811059869 ], [ 129.052971795844968, 35.133273556986474 ], [ 129.053190444513376, 35.133130145339649 ], [ 129.052524465089533, 35.132442404811286 ], [ 129.052908175613055, 35.132348277179588 ], [ 129.053577180153098, 35.131860815932434 ], [ 129.047953727959737, 35.12682885658036 ], [ 129.047609932908301, 35.127089573016107 ], [ 129.046994413695899, 35.127181545529083 ], [ 129.044587175210978, 35.125997777874872 ], [ 129.045403927255677, 35.127682395908785 ], [ 129.045097365110706, 35.127883874652696 ], [ 129.044934594644076, 35.127621804706394 ], [ 129.044317773985597, 35.127579000533871 ], [ 129.043412740233151, 35.127744215213113 ], [ 129.043103538496268, 35.128017271031183 ], [ 129.042654604467458, 35.128018370690867 ], [ 129.041830511346092, 35.129179283481363 ], [ 129.041331174046292, 35.129507380851649 ], [ 129.041982350267233, 35.129851878513591 ], [ 129.042442902693267, 35.129644405010964 ], [ 129.042235760228778, 35.130507625019945 ], [ 129.041699127296425, 35.130576897055917 ], [ 129.041325927175706, 35.130996273005294 ], [ 129.041625202164511, 35.130983072444849 ], [ 129.041844181500096, 35.131235568032224 ], [ 129.041061516980136, 35.131598100492518 ], [ 129.041655809449111, 35.131609424262166 ], [ 129.041962727846538, 35.131941883360625 ], [ 129.04141097564596, 35.132512605068769 ], [ 129.0417659597274, 35.132552713860591 ], [ 129.042728889453201, 35.132187375214386 ], [ 129.042845024334696, 35.132340486411778 ], [ 129.043018898688672, 35.132300496400184 ], [ 129.043284006858784, 35.132019867507061 ], [ 129.043727693668444, 35.132588136248835 ], [ 129.043753759406627, 35.133115759611051 ], [ 129.044241046692832, 35.132803317786518 ], [ 129.044225079145122, 35.133364085112419 ], [ 129.044919508954564, 35.133046044353321 ], [ 129.044699173326421, 35.133703314994243 ], [ 129.045493848054917, 35.135502149044775 ], [ 129.045726239683262, 35.135131010626573 ], [ 129.046663311796607, 35.134914888862014 ], [ 129.047442362802855, 35.134929447808304 ], [ 129.047863591004614, 35.135682031636755 ], [ 129.048801471327721, 35.135026909394149 ], [ 129.049139988778762, 35.135418249639329 ], [ 129.049903257439354, 35.135570561470374 ], [ 129.04997901223507, 35.134832867500286 ], [ 129.049596726760768, 35.13438210820275 ], [ 129.049621164819769, 35.134053962755623 ], [ 129.050688342171838, 35.134171478275711 ], [ 129.050665751268525, 35.135289374353441 ], [ 129.051398809472005, 35.135452688521752 ], [ 129.052107571207301, 35.135879402609355 ], [ 129.05264785436745, 35.135491377823961 ] ] ] } },
{ "type": "Feature", "properties": { "학교코드(KEDI)": "213021346", "학교명_20251001": "부암초등학교", "행정구_20251001": "부산진구" }, "geometry": { "type": "Polygon", "coordinates": [ [ [ 129.044058801949774, 35.170336369617388 ], [ 129.043937027079153, 35.169815178996799 ], [ 129.044340238197265, 35.169519738532756 ], [ 129.045280256985819, 35.170000387512793 ], [ 129.04605635809358, 35.170003144554705 ], [ 129.046796274572301, 35.169518541964855 ], [ 129.0467391494997, 35.168861431338755 ], [ 129.047698291069025, 35.168246950378645 ], [ 129.048389623573257, 35.168613559512401 ], [ 129.048154879232698, 35.168701071708128 ], [ 129.049113933924218, 35.168676028198526 ], [ 129.049345413630419, 35.168789218704973 ], [ 129.049893208643482, 35.168559048046589 ], [ 129.050486897947764, 35.168937341358365 ], [ 129.050673852618274, 35.168804640479109 ], [ 129.051572281649356, 35.169707905527737 ], [ 129.051884020925542, 35.169558257197437 ], [ 129.050450935416961, 35.168354211479055 ], [ 129.050144671790747, 35.164609515092749 ], [ 129.051494119327032, 35.164837061256407 ], [ 129.052025701140991, 35.163170943945978 ], [ 129.049777173559164, 35.162052826762178 ], [ 129.04555751464261, 35.162727117098562 ], [ 129.045022162731982, 35.162707617231035 ], [ 129.045040875490173, 35.163223762998214 ], [ 129.045450327831588, 35.163497435957055 ], [ 129.045242141160031, 35.163974815014235 ], [ 129.045360278201287, 35.164081187389158 ], [ 129.04508771043939, 35.164513064299499 ], [ 129.044159846128082, 35.163929641140385 ], [ 129.043771739811973, 35.164864531784879 ], [ 129.042974068229455, 35.164683280750218 ], [ 129.042480745513473, 35.166195215225876 ], [ 129.043458092195635, 35.16621636442143 ], [ 129.042989930745364, 35.167704094315887 ], [ 129.04324823002662, 35.167795196450584 ], [ 129.043350721586023, 35.168348543455856 ], [ 129.043544561927632, 35.168359646784843 ], [ 129.043944242655357, 35.168830780975497 ], [ 129.043895912648082, 35.168983594247408 ], [ 129.044294381562935, 35.169144978013023 ], [ 129.044169416564898, 35.169388972623551 ], [ 129.043806070143233, 35.169518796072616 ], [ 129.04326610485154, 35.169436184681899 ], [ 129.043125430970264, 35.169642525969273 ], [ 129.04374221999791, 35.170312171440777 ], [ 129.044058801949774, 35.170336369617388 ] ] ] } },
{ "type": "Feature", "properties": { "학교코드(KEDI)": "213021352", "학교명_20251001": "부산진초등학교", "행정구_20251001": "부산진구" }, "geometry": { "type": "Polygon", "coordinates": [ [ [ 129.058965925580736, 35.154468709786158 ], [ 129.058982346066244, 35.153449181228709 ], [ 129.059161351022993, 35.153449942599337 ], [ 129.059224646522409, 35.148079013403844 ], [ 129.05904882305822, 35.148063012328464 ], [ 129.058919838766428, 35.14774960849433 ], [ 129.059122255639522, 35.147722196495593 ], [ 129.059129530122874, 35.147166310789679 ], [ 129.058789763162196, 35.146877572713336 ], [ 129.057804347001706, 35.144785913533227 ], [ 129.056663890867384, 35.143569020945876 ], [ 129.056556916214646, 35.142112084070654 ], [ 129.055994699841648, 35.142057991554829 ], [ 129.055885079161499, 35.14221136322341 ], [ 129.055429225161731, 35.141818477513127 ], [ 129.054524102986136, 35.141833411289461 ], [ 129.052701898825887, 35.142138160818199 ], [ 129.052463698919354, 35.141946204508265 ], [ 129.052038453526279, 35.141934811931904 ], [ 129.050647356494125, 35.14316246136535 ], [ 129.048745506055326, 35.143442138554867 ], [ 129.048256093846618, 35.143789469355632 ], [ 129.048045566459024, 35.144215057045507 ], [ 129.048290063258321, 35.144475229372404 ], [ 129.050648944104466, 35.14421583056599 ], [ 129.051465948924317, 35.144668435673893 ], [ 129.05156714088281, 35.145049668413805 ], [ 129.051014785525524, 35.145545751234465 ], [ 129.05112306084331, 35.146210700817136 ], [ 129.050612563559326, 35.146621869965621 ], [ 129.051650288858241, 35.147137178222785 ], [ 129.051767838569901, 35.147282109368689 ], [ 129.051427953206428, 35.147621469685802 ], [ 129.054022309144557, 35.14916497996478 ], [ 129.055855230960276, 35.147295024021069 ], [ 129.05492817151756, 35.152191301464839 ], [ 129.054381669242701, 35.15406418485739 ], [ 129.055380431876131, 35.154403768944114 ], [ 129.058965925580736, 35.154468709786158 ] ] ] } },
{ "type": "Feature", "properties": { "학교코드(KEDI)": "213021358", "학교명_20251001": "부전초등학교", "행정구_20251001": "부산진구" }, "geometry": { "type": "Polygon", "coordinates": [ [ [ 129.055727180002037, 35.160201276216291 ], [ 129.057057666577521, 35.160283272532141 ], [ 129.058640499126511, 35.158312516725942 ], [ 129.058298173664923, 35.157865406655667 ], [ 129.058046603926385, 35.157855664480536 ], [ 129.058050005177591, 35.157504940914258 ], [ 129.057795903450995, 35.15748594302989 ], [ 129.057813236459367, 35.154455172338665 ], [ 129.055380431876131, 35.154403768944114 ], [ 129.054381669242701, 35.15406418485739 ], [ 129.05492817151756, 35.152191301464839 ], [ 129.054836277792617, 35.152068639651546 ], [ 129.051534312251277, 35.155145268435291 ], [ 129.050911535529877, 35.155255715811819 ], [ 129.050360445422399, 35.154997384894443 ], [ 129.04797538417111, 35.156586314822881 ], [ 129.047698591278106, 35.155260249734752 ], [ 129.046143417119026, 35.156693200660101 ], [ 129.045099533806194, 35.157243152858825 ], [ 129.044117417073466, 35.157512314024167 ], [ 129.044125564058447, 35.157736134085454 ], [ 129.044556362908025, 35.158033663011445 ], [ 129.045813025195571, 35.158236933748285 ], [ 129.045737297447403, 35.159274907482484 ], [ 129.050138109342811, 35.160067231741415 ], [ 129.0499045095452, 35.16117557304338 ], [ 129.051018009493816, 35.16018625103991 ], [ 129.051803735698229, 35.160383258325183 ], [ 129.051898496409194, 35.160064059374989 ], [ 129.052944102056983, 35.160060145329666 ], [ 129.053810276333678, 35.161137797059894 ], [ 129.05497648682578, 35.161863784568254 ], [ 129.055531695009194, 35.16108919009681 ], [ 129.055727180002037, 35.160201276216291 ] ] ] } },
{ "type": "Feature", "properties": { "학교코드(KEDI)": "213021360", "학교명_20251001": "오륙도초등학교", "행정구_20251001": "남구" }, "geometry": { "type": "Polygon", "coordinates": [ [ [ 129.121609636897603, 35.104685430670671 ], [ 129.122124266324761, 35.10371769500091 ], [ 129.121875282116605, 35.102974768572913 ], [ 129.121914084593072, 35.102368924277776 ], [ 129.122396957455919, 35.101473767581766 ], [ 129.120357463526773, 35.101232642386165 ], [ 129.118209754071927, 35.101218387885396 ], [ 129.116639318473887, 35.101614840596277 ], [ 129.115699102726438, 35.102370224861687 ], [ 129.115613804039469, 35.10447546086565 ], [ 129.117270960394023, 35.104484205175893 ], [ 129.117275916879606, 35.103792791699711 ], [ 129.121004082972206, 35.10498798604592 ], [ 129.121609636897603, 35.104685430670671 ] ] ] } },
{ "type": "Feature", "properties": { "학교코드(KEDI)": "213021370", "학교명_20251001": "연포초등학교", "행정구_20251001": "남구" }, "geometry": { "type": "Polygon", "coordinates": [ [ [ 129.082716943888585, 35.142553019977065 ], [ 129.083012209499088, 35.141393784143261 ], [ 129.083386381977903, 35.140864005002122 ], [ 129.083777889355417, 35.140824271900755 ], [ 129.084464186005732, 35.141047055324812 ], [ 129.086169767678712, 35.140766139397165 ], [ 129.086657095557484, 35.140240337562631 ], [ 129.086980522214844, 35.139003902796276 ], [ 129.087256533326212, 35.138724810767606 ], [ 129.087276967031841, 35.138049230768523 ], [ 129.086393238976541, 35.138087236575188 ], [ 129.086664130621301, 35.137626158370495 ], [ 129.086208478294935, 35.137393546568433 ], [ 129.086943723710732, 35.136826600109615 ], [ 129.08704743665956, 35.135763472460447 ], [ 129.084164625781739, 35.13554555293387 ], [ 129.08272297907294, 35.134785600915734 ], [ 129.082674450693872, 35.13462051894124 ], [ 129.081366461863382, 35.134491254728474 ], [ 129.079080473307755, 35.133706024875202 ], [ 129.077891064499966, 35.133794104195736 ], [ 129.077617767643119, 35.133910490693758 ], [ 129.077414532364401, 35.13435593021191 ], [ 129.077614074044021, 35.135058270042123 ], [ 129.079172804675267, 35.134978254458304 ], [ 129.07919357305812, 35.135137283704175 ], [ 129.077374424584661, 35.136734069011133 ], [ 129.076753642419163, 35.137030415763746 ], [ 129.076541636289505, 35.136996537568315 ], [ 129.076311076046778, 35.137342486837959 ], [ 129.076156992606428, 35.137213952906926 ], [ 129.07602296063888, 35.137291442961377 ], [ 129.076976783550407, 35.138409083430993 ], [ 129.07750404957693, 35.138317625071636 ], [ 129.077415888751545, 35.139325079893041 ], [ 129.076627451801329, 35.14000078405094 ], [ 129.076462840956935, 35.140523401171379 ], [ 129.077485458237646, 35.140869985337247 ], [ 129.07749621318024, 35.140725931434041 ], [ 129.077708177989933, 35.140782989032388 ], [ 129.079813944083497, 35.141621754399878 ], [ 129.07971749797008, 35.141729035384124 ], [ 129.080465129659643, 35.142219916308861 ], [ 129.080363704505544, 35.142512711443395 ], [ 129.081961413837661, 35.143379094442899 ], [ 129.082716943888585, 35.142553019977065 ] ] ] } },
{ "type": "Feature", "properties": { "학교코드(KEDI)": "213021380", "학교명_20251001": "용당초등학교", "행정구_20251001": "남구" }, "geometry": { "type": "Polygon", "coordinates": [ [ [ 129.103633294553106, 35.12676029789619 ], [ 129.10467035294127, 35.125459459426878 ], [ 129.104274190416504, 35.125067822020462 ], [ 129.104116393439625, 35.124401276355009 ], [ 129.104190333953255, 35.123456523086645 ], [ 129.104418250620427, 35.122366135567262 ], [ 129.105224322679703, 35.120164325518985 ], [ 129.104360227959859, 35.119061615417181 ], [ 129.104167206045304, 35.118315362369842 ], [ 129.10335031641182, 35.117389543731278 ], [ 129.102677098977978, 35.116953487739529 ], [ 129.102637889520338, 35.116737464630248 ], [ 129.102695210191996, 35.116526795395679 ], [ 129.103305677626565, 35.116048590169079 ], [ 129.103925308810204, 35.114463078565123 ], [ 129.104512286899393, 35.113974899424299 ], [ 129.105713031437176, 35.114002580233731 ], [ 129.106159043827859, 35.113600036163596 ], [ 129.106165528089264, 35.112581806710651 ], [ 129.106642598500457, 35.111228540845907 ], [ 129.106875137284504, 35.109605435678098 ], [ 129.105033249051019, 35.10727456789914 ], [ 129.104043620997089, 35.104527516130574 ], [ 129.102851653422277, 35.102626280358415 ], [ 129.101347398576394, 35.102269597812246 ], [ 129.100961297114225, 35.101430656666153 ], [ 129.100305400179337, 35.101231361237602 ], [ 129.099629574475074, 35.100600866312185 ], [ 129.099347507614112, 35.098818150243083 ], [ 129.099144903779035, 35.098846753442267 ], [ 129.099178077146917, 35.098990927113441 ], [ 129.098772150297236, 35.098982322388913 ], [ 129.09875026600858, 35.099144483419472 ], [ 129.098443370586295, 35.099189780504666 ], [ 129.098487548010411, 35.099496252397401 ], [ 129.098367048343306, 35.099514397566907 ], [ 129.098616143839791, 35.096972340915471 ], [ 129.095644033181742, 35.096758312328923 ], [ 129.095665472008562, 35.0966051656332 ], [ 129.09531483402688, 35.096587284320556 ], [ 129.095021579691718, 35.099282588882943 ], [ 129.094637577816172, 35.099246839368625 ], [ 129.093791281862394, 35.107332732012615 ], [ 129.093945029227541, 35.107341628295742 ], [ 129.09384738544972, 35.108468486587491 ], [ 129.092926865360312, 35.109271343107814 ], [ 129.0924992903023, 35.109235639150235 ], [ 129.09203760839344, 35.108280484501087 ], [ 129.09294749282995, 35.107973320612928 ], [ 129.092738483655154, 35.107558877585532 ], [ 129.091324196839764, 35.108028642906035 ], [ 129.091731129188162, 35.108866599590158 ], [ 129.090282899738838, 35.108759497521142 ], [ 129.090166024829898, 35.108535828161109 ], [ 129.08696343839847, 35.108407738900233 ], [ 129.086826667776251, 35.1103956596491 ], [ 129.085411468241432, 35.110446861810644 ], [ 129.08572557726211, 35.112360533926498 ], [ 129.08590445935593, 35.112017327852165 ], [ 129.08612688164402, 35.111966831172758 ], [ 129.086404930715418, 35.112157563836924 ], [ 129.086508120158726, 35.112950564003768 ], [ 129.087008818756374, 35.113194542497006 ], [ 129.087062747323898, 35.113490908995168 ], [ 129.087508509012139, 35.114008624248385 ], [ 129.087433467016837, 35.114221354996999 ], [ 129.087761389513702, 35.114388167949677 ], [ 129.087882650475592, 35.114637398299244 ], [ 129.088255773700951, 35.116325843463898 ], [ 129.088270040700706, 35.116529341295269 ], [ 129.087862454589725, 35.116860315020389 ], [ 129.087094465646089, 35.118248281600174 ], [ 129.086608287336588, 35.118511839149235 ], [ 129.08656362714791, 35.118680649749869 ], [ 129.087009261450703, 35.118984006117692 ], [ 129.088613969436636, 35.11945992448986 ], [ 129.089684801823381, 35.119278914354332 ], [ 129.090293386834389, 35.119441598060291 ], [ 129.090736459191731, 35.119729932454483 ], [ 129.090657838250593, 35.120056085585453 ], [ 129.091360489909732, 35.119589247671428 ], [ 129.093970002611712, 35.121951702275368 ], [ 129.094128313512471, 35.122810453497756 ], [ 129.094508166312551, 35.12306744775956 ], [ 129.094486872157944, 35.12336089291712 ], [ 129.094901782151283, 35.123443215372362 ], [ 129.094496685826499, 35.124412014517297 ], [ 129.094711655489306, 35.125147566081161 ], [ 129.097820061609326, 35.124773007423535 ], [ 129.099305985072959, 35.125034655555659 ], [ 129.100181705524051, 35.125042336851649 ], [ 129.100501624050281, 35.125477377816466 ], [ 129.100782553187628, 35.125402128130943 ], [ 129.102028866548665, 35.126128163559578 ], [ 129.103633294553106, 35.12676029789619 ] ] ] } },
{ "type": "Feature", "properties": { "학교코드(KEDI)": "213021385", "학교명_20251001": "용문초등학교", "행정구_20251001": "남구" }, "geometry": { "type": "Polygon", "coordinates": [ [ [ 129.112846836143405, 35.132866805483687 ], [ 129.111413514006586, 35.131250114377835 ], [ 129.11245668358589, 35.130650574014545 ], [ 129.109055882833502, 35.126703793659743 ], [ 129.105995619036349, 35.129395545996424 ], [ 129.10630527398132, 35.129548137138386 ], [ 129.10663495582105, 35.130196390257623 ], [ 129.106851276014226, 35.130000352188098 ], [ 129.110466479626893, 35.134233567734874 ], [ 129.112846836143405, 35.132866805483687 ] ] ] } },
{ "type": "Feature", "properties": { "학교코드(KEDI)": "213021390", "학교명_20251001": "용산초등학교", "행정구_20251001": "남구" }, "geometry": { "type": "Polygon", "coordinates": [ [ [ 129.116060728376084, 35.120874154926923 ], [ 129.117942765095052, 35.120469813544815 ], [ 129.118465306253569, 35.118783279452622 ], [ 129.117880286616781, 35.118726642996293 ], [ 129.118486928887023, 35.118415999410459 ], [ 129.118335106298872, 35.118064813258194 ], [ 129.11801666096585, 35.118113846739661 ], [ 129.117729967313295, 35.117532978674753 ], [ 129.117892657103937, 35.117165815633768 ], [ 129.11773833498097, 35.116650521269001 ], [ 129.115884506036508, 35.114273655559735 ], [ 129.115748640034695, 35.113075577021533 ], [ 129.110990313988538, 35.113084957006024 ], [ 129.111020545053975, 35.116353805455653 ], [ 129.112130868270128, 35.12018630730136 ], [ 129.112902183774423, 35.120163321774143 ], [ 129.112899538462244, 35.120056927782592 ], [ 129.113474645339636, 35.119917369358156 ], [ 129.113708371821673, 35.120427272997624 ], [ 129.114552354178045, 35.120510215227888 ], [ 129.114710622232309, 35.120974779022482 ], [ 129.116060728376084, 35.120874154926923 ] ] ] } },
{ "type": "Feature", "properties": { "학교코드(KEDI)": "213021394", "학교명_20251001": "선암초등학교", "행정구_20251001": "부산진구" }, "geometry": { "type": "Polygon", "coordinates": [ [ [ 129.047716668602447, 35.155243563612622 ], [ 129.054022309144557, 35.14916497996478 ], [ 129.051427953206428, 35.147621469685802 ], [ 129.051767838569901, 35.147282109368689 ], [ 129.051466152498534, 35.147008921664522 ], [ 129.05071485250204, 35.146736810237741 ], [ 129.050708678311338, 35.146250905470986 ], [ 129.049602820015423, 35.146848871092928 ], [ 129.046469544894109, 35.14811096548646 ], [ 129.0454734883306, 35.148349695876142 ], [ 129.043909669400449, 35.148371149918077 ], [ 129.040924920856327, 35.148768136446598 ], [ 129.041530619763847, 35.150223281602116 ], [ 129.042230387753676, 35.15114900754682 ], [ 129.042980939132718, 35.151780506807206 ], [ 129.043783143883132, 35.152110215791076 ], [ 129.044303757791681, 35.152093304505414 ], [ 129.04516776344974, 35.152803273903238 ], [ 129.045493337940769, 35.15281491585791 ], [ 129.045902857862217, 35.15306372337411 ], [ 129.046562149477722, 35.154025929470436 ], [ 129.046708156315049, 35.154692780898593 ], [ 129.046932082427531, 35.154618373948203 ], [ 129.047667539377045, 35.1549900684386 ], [ 129.047716668602447, 35.155243563612622 ] ] ] } },
{ "type": "Feature", "properties": { "학교코드(KEDI)": "213021400", "학교명_20251001": "용호초등학교", "행정구_20251001": "남구" }, "geometry": { "type": "Polygon", "coordinates": [ [ [ 129.112532144939792, 35.124437190985446 ], [ 129.114468958213308, 35.124326632094395 ], [ 129.114906566893069, 35.124548381139682 ], [ 129.115748075237889, 35.124577543977907 ], [ 129.116381385237304, 35.125077477239977 ], [ 129.117161400143033, 35.124611838265878 ], [ 129.118148671959375, 35.123695906265709 ], [ 129.11865422211352, 35.122799643222002 ], [ 129.11813081646315, 35.122195151439236 ], [ 129.117616157726701, 35.121872603857334 ], [ 129.116993002526044, 35.121701226266552 ], [ 129.116559097173024, 35.121736789901455 ], [ 129.115551298734005, 35.121167077581937 ], [ 129.115339423103848, 35.121275102033998 ], [ 129.115358231124162, 35.120925967674786 ], [ 129.114710622232309, 35.120974779022482 ], [ 129.114552354178045, 35.120510215227888 ], [ 129.113708371821673, 35.120427272997624 ], [ 129.113474645339636, 35.119917369358156 ], [ 129.112899538462244, 35.120056927782592 ], [ 129.112902183774423, 35.120163321774143 ], [ 129.112130868270128, 35.12018630730136 ], [ 129.112061628261642, 35.119635579159137 ], [ 129.109151963633792, 35.120257703932772 ], [ 129.105845062247937, 35.118767971429676 ], [ 129.104220582407976, 35.118784227402486 ], [ 129.105224322679703, 35.120164325518985 ], [ 129.104214430331524, 35.123249730390647 ], [ 129.104116393439625, 35.124401276355009 ], [ 129.104274190416504, 35.125067822020462 ], [ 129.10467035294127, 35.125459459426878 ], [ 129.104165177124401, 35.126112924415231 ], [ 129.106011144589729, 35.126962391861582 ], [ 129.10741512281686, 35.128105732543553 ], [ 129.108838926725127, 35.126812969676614 ], [ 129.112580039125788, 35.124934624919838 ], [ 129.112532144939792, 35.124437190985446 ] ] ] } },
{ "type": "Feature", "properties": { "학교코드(KEDI)": "213021406", "학교명_20251001": "성서초등학교", "행정구_20251001": "부산진구" }, "geometry": { "type": "Polygon", "coordinates": [ [ [ 129.062480687379519, 35.150430098534052 ], [ 129.063259028110394, 35.148794711235524 ], [ 129.065228980910888, 35.149480745670651 ], [ 129.065547387143113, 35.149462505037341 ], [ 129.066717235208699, 35.14792848294789 ], [ 129.066685064459051, 35.141477535362242 ], [ 129.066318988093343, 35.141457313575231 ], [ 129.065839810266027, 35.142068245965568 ], [ 129.064772072872017, 35.14258906893955 ], [ 129.063691374898269, 35.142592268003021 ], [ 129.064531585650826, 35.141413883271447 ], [ 129.064059510393776, 35.141414182000851 ], [ 129.064114380715125, 35.14133298576953 ], [ 129.059477090811356, 35.141290225635117 ], [ 129.059458620995798, 35.141567281828316 ], [ 129.059212865090302, 35.141582904737 ], [ 129.059143549198808, 35.141290377389268 ], [ 129.058059683239918, 35.142016968852992 ], [ 129.056556916214646, 35.142112084070654 ], [ 129.056663890867384, 35.143569020945876 ], [ 129.057804347001706, 35.144785913533227 ], [ 129.058789763162196, 35.146877572713336 ], [ 129.059129530122874, 35.147166310789679 ], [ 129.059122255639522, 35.147722196495593 ], [ 129.058919838766428, 35.14774960849433 ], [ 129.05904882305822, 35.148063012328464 ], [ 129.059224646522409, 35.148079013403844 ], [ 129.059197205347942, 35.15040743911446 ], [ 129.062480687379519, 35.150430098534052 ] ] ] } },
{ "type": "Feature", "properties": { "학교코드(KEDI)": "213021410", "학교명_20251001": "우암초등학교", "행정구_20251001": "남구" }, "geometry": { "type": "Polygon", "coordinates": [ [ [ 129.07595394820973, 35.127827546594084 ], [ 129.076063962294825, 35.128061098316138 ], [ 129.076874633305096, 35.127900581697133 ], [ 129.07750493985759, 35.126671803680125 ], [ 129.077759093748796, 35.126671553567967 ], [ 129.078134784283776, 35.126962738620549 ], [ 129.0785545435769, 35.126986537616389 ], [ 129.078664208361715, 35.127062157848485 ], [ 129.07851545904532, 35.127220760666397 ], [ 129.078895650196017, 35.127299164660606 ], [ 129.079065330646387, 35.127566841302617 ], [ 129.079527002790087, 35.127553699871498 ], [ 129.079349728330527, 35.127910373149859 ], [ 129.080349215198169, 35.128986653600457 ], [ 129.079812514262386, 35.13022637107251 ], [ 129.081093701232419, 35.130918337721653 ], [ 129.081598087206942, 35.130899097790376 ], [ 129.082082037271533, 35.130755639455039 ], [ 129.08293700037089, 35.128807562057403 ], [ 129.083856745479835, 35.129078692791772 ], [ 129.084113363568321, 35.128844415626702 ], [ 129.084576265133279, 35.128912224622482 ], [ 129.085554334241721, 35.127519497532553 ], [ 129.085047813971897, 35.127178419544414 ], [ 129.085322229182765, 35.126642646606527 ], [ 129.085210345380432, 35.125914044131456 ], [ 129.085619430789933, 35.125112579145437 ], [ 129.08513028220375, 35.124900553902393 ], [ 129.085144469266311, 35.124615095708322 ], [ 129.084308377994915, 35.124520270777197 ], [ 129.083855150502217, 35.124119925557899 ], [ 129.083506750041437, 35.124043852322693 ], [ 129.083002875186395, 35.12330756990012 ], [ 129.083085275607289, 35.123134014990598 ], [ 129.080563911816228, 35.122596470841074 ], [ 129.079845891507233, 35.123820049974135 ], [ 129.079267065836547, 35.124177104965661 ], [ 129.078223754190276, 35.124462051097012 ], [ 129.074701304679564, 35.124717937857717 ], [ 129.072821433131537, 35.125203138303775 ], [ 129.069844423480873, 35.12522542356546 ], [ 129.068841392512041, 35.125401644562501 ], [ 129.067595572866935, 35.126853569692955 ], [ 129.068121481223955, 35.126476213407514 ], [ 129.06903044425286, 35.12627982172566 ], [ 129.069308096403546, 35.127353061484051 ], [ 129.06984321631748, 35.127740706374816 ], [ 129.071774194710059, 35.127911610157064 ], [ 129.073657188631302, 35.128594885715735 ], [ 129.074506763226083, 35.128630581582584 ], [ 129.07595394820973, 35.127827546594084 ] ] ] } },
{ "type": "Feature", "properties": { "학교코드(KEDI)": "213021412", "학교명_20251001": "성전초등학교", "행정구_20251001": "부산진구" }, "geometry": { "type": "Polygon", "coordinates": [ [ [ 129.068522816593855, 35.168438824692366 ], [ 129.069237646322449, 35.168190309453699 ], [ 129.069264983294801, 35.167670927895799 ], [ 129.069652133848223, 35.167121352261937 ], [ 129.070130289753848, 35.167070141245702 ], [ 129.069674764107191, 35.165772227610454 ], [ 129.070417620792767, 35.165642414947186 ], [ 129.070264354571265, 35.164370130268168 ], [ 129.070454739584875, 35.164216617757468 ], [ 129.070205313607801, 35.163759205571225 ], [ 129.070258206025585, 35.163204263114473 ], [ 129.068959133416001, 35.163355027145535 ], [ 129.069147908263517, 35.161796876723621 ], [ 129.069316374710326, 35.161476160838845 ], [ 129.069679597013362, 35.161267778428495 ], [ 129.068450097903991, 35.159660549238957 ], [ 129.069719475078614, 35.159084279309461 ], [ 129.068123252659291, 35.158964913276826 ], [ 129.067179716885704, 35.159736489043681 ], [ 129.063199906618053, 35.161278176441698 ], [ 129.063523181782557, 35.161781168211597 ], [ 129.063383423969128, 35.162122168031487 ], [ 129.062961570365928, 35.162343764838738 ], [ 129.063744785849792, 35.163309958194802 ], [ 129.063595361482868, 35.163366318324051 ], [ 129.068086155781685, 35.169012335557682 ], [ 129.068522816593855, 35.168438824692366 ] ] ] } },
{ "type": "Feature", "properties": { "학교코드(KEDI)": "213021418", "학교명_20251001": "성지초등학교", "행정구_20251001": "부산진구" }, "geometry": { "type": "Polygon", "coordinates": [ [ [ 129.061703631971994, 35.17153580376231 ], [ 129.062665221917882, 35.171514713902276 ], [ 129.062597901068642, 35.171264811969259 ], [ 129.062946093081791, 35.171205924499901 ], [ 129.063499126187082, 35.170598940274004 ], [ 129.063674731598496, 35.170649249342318 ], [ 129.063857778968043, 35.170496331531972 ], [ 129.063441985757891, 35.170129831206921 ], [ 129.062831476578083, 35.170044133686119 ], [ 129.06326886981401, 35.169313354613841 ], [ 129.063099090805679, 35.168602290742655 ], [ 129.063943312362113, 35.167532195051464 ], [ 129.064301748031511, 35.167393940802732 ], [ 129.064655614979188, 35.167449424494052 ], [ 129.065143511576679, 35.167993378633078 ], [ 129.065207078436174, 35.167491593878061 ], [ 129.065943878325299, 35.167004068295391 ], [ 129.066639896477739, 35.168073127897564 ], [ 129.067129947925793, 35.167810221675012 ], [ 129.05969591931887, 35.158183990458156 ], [ 129.060034584542734, 35.157674639998561 ], [ 129.059511366989653, 35.157164013483268 ], [ 129.059015463715212, 35.156993685735372 ], [ 129.05841574715086, 35.157405322216931 ], [ 129.057893979734587, 35.157410279341903 ], [ 129.058050005177591, 35.157504940914258 ], [ 129.058046603926385, 35.157855664480536 ], [ 129.058298173664923, 35.157865406655667 ], [ 129.058640499126511, 35.158312516725942 ], [ 129.057057666577521, 35.160283272532141 ], [ 129.055778822758555, 35.160124458584207 ], [ 129.055531695009194, 35.16108919009681 ], [ 129.05497648682578, 35.161863784568254 ], [ 129.053810276333678, 35.161137797059894 ], [ 129.052944102056983, 35.160060145329666 ], [ 129.051898496409194, 35.160064059374989 ], [ 129.051803735698229, 35.160383258325183 ], [ 129.051018009493816, 35.16018625103991 ], [ 129.0499045095452, 35.16117557304338 ], [ 129.049777173559164, 35.162052826762178 ], [ 129.052025701140991, 35.163170943945978 ], [ 129.051494119327032, 35.164837061256407 ], [ 129.050144671790747, 35.164609515092749 ], [ 129.050450935416961, 35.168354211479055 ], [ 129.05226278502181, 35.169792716212783 ], [ 129.053195945155181, 35.167188790127092 ], [ 129.054607720381199, 35.164143081716972 ], [ 129.056280693601394, 35.164744204509745 ], [ 129.05746861895031, 35.164974522757646 ], [ 129.057158818912995, 35.166733661050507 ], [ 129.057299503966505, 35.166777295073189 ], [ 129.058088161942891, 35.166844556487774 ], [ 129.058890052067426, 35.16606018325588 ], [ 129.059091900831646, 35.165967022514799 ], [ 129.059519901162957, 35.166093923236076 ], [ 129.059694959208429, 35.165602939966462 ], [ 129.060730451531469, 35.165662103430329 ], [ 129.062886696111349, 35.166697352740499 ], [ 129.063079345198844, 35.167249612590417 ], [ 129.063107673937083, 35.167902476534913 ], [ 129.061831513657665, 35.169632789394967 ], [ 129.061703631971994, 35.17153580376231 ] ] ] } },
{ "type": "Feature", "properties": { "학교코드(KEDI)": "213021430", "학교명_20251001": "운산초등학교", "행정구_20251001": "남구" }, "geometry": { "type": "MultiPolygon", "coordinates": [ [ [ [ 129.115748134665125, 35.11304280355494 ], [ 129.116061081351887, 35.112712502310821 ], [ 129.11606830971246, 35.112289630689133 ], [ 129.115740777780275, 35.112496317163327 ], [ 129.115722508198928, 35.112082869861283 ], [ 129.116846644852444, 35.111316972171736 ], [ 129.116845395778853, 35.110408211294128 ], [ 129.115657850619982, 35.110120566267582 ], [ 129.11577365340932, 35.109328710453603 ], [ 129.114861051368194, 35.108966631035123 ], [ 129.115654636292078, 35.108777027158361 ], [ 129.116855566555643, 35.108020325384821 ], [ 129.115750829256996, 35.107617405108684 ], [ 129.114641057220979, 35.108094734177726 ], [ 129.114230049490004, 35.107883685093547 ], [ 129.112188214315466, 35.108017753155103 ], [ 129.112126938697514, 35.108330120965718 ], [ 129.111680321157451, 35.108221915733012 ], [ 129.111210167911707, 35.109342154600782 ], [ 129.110240309434971, 35.109088189791954 ], [ 129.109552651484108, 35.111376261903693 ], [ 129.110190072050585, 35.111453584699937 ], [ 129.110193143048093, 35.113113515162134 ], [ 129.115748134665125, 35.11304280355494 ] ] ], [ [ [ 129.10937812180191, 35.111578335529657 ], [ 129.108498468658752, 35.110863097703017 ], [ 129.108369903987267, 35.110765684610897 ], [ 129.108152941742048, 35.111364577537955 ], [ 129.108304262404232, 35.111694511988794 ], [ 129.109246773434705, 35.111767716009531 ], [ 129.10937812180191, 35.111578335529657 ] ] ] ] } },
{ "type": "Feature", "properties": { "학교코드(KEDI)": "213021448", "학교명_20251001": "양동초등학교", "행정구_20251001": "부산진구" }, "geometry": { "type": "Polygon", "coordinates": [ [ [ 129.076734265759512, 35.170641844009566 ], [ 129.077000249568272, 35.171021181980997 ], [ 129.077978419759404, 35.171433576054504 ], [ 129.077573596980841, 35.172413324327501 ], [ 129.0769773137188, 35.173234169066077 ], [ 129.077121474204773, 35.173534363141904 ], [ 129.076967335375741, 35.173935951187104 ], [ 129.077330379152869, 35.174064510020543 ], [ 129.076746695352625, 35.175058873311144 ], [ 129.077485528316828, 35.175334407313336 ], [ 129.078976812735618, 35.17559209506458 ], [ 129.078409341639741, 35.175886566896224 ], [ 129.078396620285389, 35.175774722886331 ], [ 129.07757214577984, 35.17569179672158 ], [ 129.077609705442882, 35.176005654008385 ], [ 129.077983249961932, 35.176180689646266 ], [ 129.079037755953721, 35.175602532950293 ], [ 129.087734310698238, 35.174483904582182 ], [ 129.087701512960109, 35.172772876286302 ], [ 129.087193480088047, 35.17229326647707 ], [ 129.086846689727793, 35.169978846714201 ], [ 129.087089677993447, 35.168827087763219 ], [ 129.087619721872613, 35.168390934547624 ], [ 129.087828587810577, 35.167488703004686 ], [ 129.088730463312089, 35.165514001447974 ], [ 129.088837724003639, 35.164271750165661 ], [ 129.088414554756838, 35.163733377493088 ], [ 129.088068772060694, 35.163506620486238 ], [ 129.087919182542805, 35.163643875756307 ], [ 129.087627618760109, 35.163090553455717 ], [ 129.087181224087658, 35.162861837118413 ], [ 129.086048466819904, 35.161286723169411 ], [ 129.085794412760492, 35.160696305163299 ], [ 129.085090637561507, 35.160407935831266 ], [ 129.082831854357039, 35.158173762628621 ], [ 129.082347265208057, 35.158736443180949 ], [ 129.081042037647308, 35.159728725338866 ], [ 129.079704614208538, 35.161288995069533 ], [ 129.078597354467831, 35.163002296187891 ], [ 129.078093805352324, 35.164372665518876 ], [ 129.079369445180504, 35.16674235822407 ], [ 129.080621714995516, 35.167679035333293 ], [ 129.081302323427508, 35.167633556274737 ], [ 129.081665886438884, 35.169021286048306 ], [ 129.081607769048674, 35.169697384718766 ], [ 129.080006537278763, 35.169923824226856 ], [ 129.079177061533727, 35.169763196966237 ], [ 129.077786616613849, 35.169218148515291 ], [ 129.077450592848265, 35.170733186501572 ], [ 129.076957332305795, 35.170522262536643 ], [ 129.076734265759512, 35.170641844009566 ] ] ] } },
{ "type": "Feature", "properties": { "학교코드(KEDI)": "213021454", "학교명_20251001": "양성초등학교", "행정구_20251001": "부산진구" }, "geometry": { "type": "Polygon", "coordinates": [ [ [ 129.067623277624449, 35.174682972821572 ], [ 129.067371196873609, 35.168113519170404 ], [ 129.067129947925793, 35.167810221675012 ], [ 129.066639896477739, 35.168073127897564 ], [ 129.065943878325299, 35.167004068295391 ], [ 129.065207078436174, 35.167491593878061 ], [ 129.065143511576679, 35.167993378633078 ], [ 129.064701863960209, 35.167470644044798 ], [ 129.064152193275532, 35.167424276627671 ], [ 129.063099090805679, 35.168602290742655 ], [ 129.06326886981401, 35.169313354613841 ], [ 129.062831476578083, 35.170044133686119 ], [ 129.063441985757891, 35.170129831206921 ], [ 129.063857778968043, 35.170496331531972 ], [ 129.063674731598496, 35.170649249342318 ], [ 129.063499126187082, 35.170598940274004 ], [ 129.062946093081791, 35.171205924499901 ], [ 129.062597901068642, 35.171264811969259 ], [ 129.062665221917882, 35.171514713902276 ], [ 129.062013815848303, 35.172009811887925 ], [ 129.06096209917402, 35.172500714069713 ], [ 129.060611981807796, 35.172977792205991 ], [ 129.060727234076296, 35.173333379503411 ], [ 129.060944628416024, 35.173261057884375 ], [ 129.060793320734973, 35.173591924876064 ], [ 129.061433816699605, 35.174249815925094 ], [ 129.062539393316882, 35.17474302508856 ], [ 129.063815415604779, 35.174833236488475 ], [ 129.067623277624449, 35.174682972821572 ] ] ] } },
{ "type": "Feature", "properties": { "학교코드(KEDI)": "213021460", "학교명_20251001": "양정초등학교", "행정구_20251001": "부산진구" }, "geometry": { "type": "Polygon", "coordinates": [ [ [ 129.072405215019074, 35.180669211493765 ], [ 129.072031392182652, 35.179824394993688 ], [ 129.075093027466494, 35.178201699373503 ], [ 129.075143778860678, 35.177883571947291 ], [ 129.074840348178952, 35.177496504091934 ], [ 129.075964977356421, 35.176848710148953 ], [ 129.07569190855105, 35.176508603030229 ], [ 129.077006893658989, 35.175766515727346 ], [ 129.077309021075905, 35.175278100889081 ], [ 129.076746695352625, 35.175058873311144 ], [ 129.077330379152869, 35.174064510020543 ], [ 129.076967335375741, 35.173935951187104 ], [ 129.077121474204773, 35.173534363141904 ], [ 129.0769773137188, 35.173234169066077 ], [ 129.077573596980841, 35.172413324327501 ], [ 129.077978419759404, 35.171433576054504 ], [ 129.077000249568272, 35.171021181980997 ], [ 129.076734265759512, 35.170641844009566 ], [ 129.076957332305795, 35.170522262536643 ], [ 129.077450592848265, 35.170733186501572 ], [ 129.077786616613849, 35.169218148515291 ], [ 129.076523719285717, 35.168753255066974 ], [ 129.075680316139682, 35.16882575912598 ], [ 129.075974494965493, 35.167489862838792 ], [ 129.074841993012768, 35.167500618530468 ], [ 129.074664434476603, 35.167755788613391 ], [ 129.074018601328504, 35.167590262103126 ], [ 129.071992399135496, 35.166295214555817 ], [ 129.071099347286804, 35.166750916470306 ], [ 129.07030899012625, 35.168280455064902 ], [ 129.069203082284986, 35.168187401798775 ], [ 129.068639382006296, 35.168375385148821 ], [ 129.068086155781685, 35.169012335557682 ], [ 129.068079374052274, 35.169524902708162 ], [ 129.067421871513631, 35.169759549562698 ], [ 129.067623277624449, 35.174682972821572 ], [ 129.067136538062471, 35.174701472187067 ], [ 129.067223691343258, 35.176645428456126 ], [ 129.068239956809606, 35.179916608796646 ], [ 129.069022337540389, 35.179936248628572 ], [ 129.069308654680043, 35.180684913992259 ], [ 129.070525186760506, 35.1801587183067 ], [ 129.071167376240709, 35.18129420672922 ], [ 129.072405215019074, 35.180669211493765 ] ] ] } },
{ "type": "Feature", "properties": { "학교코드(KEDI)": "213021478", "학교명_20251001": "연지초등학교", "행정구_20251001": "부산진구" }, "geometry": { "type": "Polygon", "coordinates": [ [ [ 129.057642431329953, 35.175203572058756 ], [ 129.060727234076296, 35.173333379503411 ], [ 129.060611981807796, 35.172977792205991 ], [ 129.06096209917402, 35.172500714069713 ], [ 129.062013815848303, 35.172009811887925 ], [ 129.062560049430573, 35.171516176538717 ], [ 129.061703631971994, 35.17153580376231 ], [ 129.061787655601762, 35.169831296701091 ], [ 129.060390707758756, 35.169435429694133 ], [ 129.060385154993099, 35.170250963579427 ], [ 129.059873941588279, 35.170359802675144 ], [ 129.059854590347669, 35.169938105766299 ], [ 129.058660412565899, 35.169908344168306 ], [ 129.05822731527536, 35.169314855835431 ], [ 129.058496936753471, 35.1689526243185 ], [ 129.057720582418881, 35.168679700238826 ], [ 129.057328213098799, 35.16762772628045 ], [ 129.056612360020836, 35.167911699335093 ], [ 129.056695885567848, 35.168461060639629 ], [ 129.056306939490838, 35.168582113744755 ], [ 129.055279862746318, 35.167576673849915 ], [ 129.053188796609533, 35.167218602828342 ], [ 129.05226278502181, 35.169792716212783 ], [ 129.051884020925542, 35.169558257197437 ], [ 129.051572281649356, 35.169707905527737 ], [ 129.050673852618274, 35.168804640479109 ], [ 129.050486897947764, 35.168937341358365 ], [ 129.049893208643482, 35.168559048046589 ], [ 129.049345413630419, 35.168789218704973 ], [ 129.049113933924218, 35.168676028198526 ], [ 129.048154879232698, 35.168701071708128 ], [ 129.048389623573257, 35.168613559512401 ], [ 129.047697292491847, 35.16824761069558 ], [ 129.0467391494997, 35.168861431338755 ], [ 129.046796274572301, 35.169518541964855 ], [ 129.04605635809358, 35.170003144554705 ], [ 129.045280256985819, 35.170000387512793 ], [ 129.044785320062346, 35.171079038355252 ], [ 129.044821652716507, 35.171787007665252 ], [ 129.045554976040108, 35.171944414992261 ], [ 129.046084009908498, 35.172202995785923 ], [ 129.046392341255455, 35.172550621095994 ], [ 129.046420213907766, 35.173418730337637 ], [ 129.047354278611834, 35.173617569937491 ], [ 129.047614665634683, 35.173970439873408 ], [ 129.048378454904451, 35.174359314989495 ], [ 129.049044824205083, 35.173408262968323 ], [ 129.049974466123217, 35.173027356625987 ], [ 129.050065226465051, 35.173981935736123 ], [ 129.049663556387486, 35.174942166096876 ], [ 129.048939805901966, 35.174799433861097 ], [ 129.048437991038242, 35.176551703752502 ], [ 129.049179891904856, 35.176676487671337 ], [ 129.049084460061607, 35.177068604090344 ], [ 129.050509101020197, 35.176997757398837 ], [ 129.050616531368433, 35.17583937015749 ], [ 129.05211821466628, 35.175990831342837 ], [ 129.051938406061026, 35.176362446483978 ], [ 129.052880366027239, 35.176909838189502 ], [ 129.053451751087266, 35.176044062219049 ], [ 129.055158463596086, 35.176131166208705 ], [ 129.055673014757446, 35.176971816449488 ], [ 129.056235846921908, 35.176697183798339 ], [ 129.056639392784945, 35.176139239562907 ], [ 129.057679765489809, 35.176268530740657 ], [ 129.057642431329953, 35.175203572058756 ] ] ] } },
{ "type": "Feature", "properties": { "학교코드(KEDI)": "213021484", "학교명_20251001": "연학초등학교", "행정구_20251001": "부산진구" }, "geometry": { "type": "Polygon", "coordinates": [ [ [ 129.048789443625594, 35.181069640443177 ], [ 129.048024275670429, 35.180909666113514 ], [ 129.048309956550099, 35.179853344563142 ], [ 129.048671267174484, 35.179925571132038 ], [ 129.048736319396937, 35.179665348606989 ], [ 129.049251657713029, 35.179688737395864 ], [ 129.049340024394752, 35.178514153937897 ], [ 129.049554462325972, 35.178638097937458 ], [ 129.049795187485188, 35.178350641678541 ], [ 129.049454496381031, 35.177794307795786 ], [ 129.048900586397053, 35.177743611149211 ], [ 129.049179891904856, 35.176676487671337 ], [ 129.048437991038242, 35.176551703752502 ], [ 129.048939805901966, 35.174799433861097 ], [ 129.049663556387486, 35.174942166096876 ], [ 129.050065226465051, 35.173981935736123 ], [ 129.049974466123217, 35.173027356625987 ], [ 129.049044824205083, 35.173408262968323 ], [ 129.048378454904451, 35.174359314989495 ], [ 129.047614665634683, 35.173970439873408 ], [ 129.047354278611834, 35.173617569937491 ], [ 129.046420213907766, 35.173418730337637 ], [ 129.046404006611596, 35.173207387821982 ], [ 129.045892514656913, 35.17270542351369 ], [ 129.04567822618597, 35.173029070434907 ], [ 129.045966740632593, 35.173421116451003 ], [ 129.046253698784938, 35.173495614671303 ], [ 129.045915029219429, 35.174428360992174 ], [ 129.045509815964863, 35.174504446270618 ], [ 129.045223140376919, 35.174963060447183 ], [ 129.045601087386729, 35.175484904859125 ], [ 129.045353856290035, 35.17587839095669 ], [ 129.045129874339409, 35.175835784369653 ], [ 129.044650378334609, 35.175238261508447 ], [ 129.044103241752765, 35.174941526007537 ], [ 129.044258275483486, 35.174348786546645 ], [ 129.043932192494168, 35.173503085263029 ], [ 129.043336598144379, 35.173548902192543 ], [ 129.042596661557553, 35.174963374317706 ], [ 129.043186696035008, 35.176087168749184 ], [ 129.043726064501243, 35.175993378992494 ], [ 129.044233844663751, 35.177224541874878 ], [ 129.04396009876811, 35.177592512204583 ], [ 129.043079916183359, 35.177807165575942 ], [ 129.043185391189382, 35.17796036767399 ], [ 129.044089784558253, 35.177778199011584 ], [ 129.044676109356033, 35.177882746482524 ], [ 129.044154592404794, 35.178394646304447 ], [ 129.044406150420997, 35.179020132979872 ], [ 129.041056245880696, 35.180593168191507 ], [ 129.04129467736152, 35.180837118672883 ], [ 129.042797925496274, 35.181182547506957 ], [ 129.041121757241683, 35.187392172495571 ], [ 129.041786848859147, 35.187972270601961 ], [ 129.043276600671589, 35.188080657991478 ], [ 129.045312102923049, 35.184904934791163 ], [ 129.04784703561225, 35.184538409691285 ], [ 129.047050402508745, 35.182118935121629 ], [ 129.048838167866279, 35.181572637117732 ], [ 129.048789443625594, 35.181069640443177 ] ] ] } },
{ "type": "Feature", "properties": { "학교코드(KEDI)": "213021490", "학교명_20251001": "전포초등학교", "행정구_20251001": "부산진구" }, "geometry": { "type": "Polygon", "coordinates": [ [ [ 129.070736211656481, 35.162238395656757 ], [ 129.0707433637333, 35.161569814847887 ], [ 129.071527826210939, 35.161205351652683 ], [ 129.072080506504051, 35.160745246254301 ], [ 129.072836190228003, 35.159333880265116 ], [ 129.072993409432144, 35.158453741858132 ], [ 129.072550057179257, 35.158277038491093 ], [ 129.072806590713213, 35.157677521220663 ], [ 129.072683737338565, 35.157412579630957 ], [ 129.072831005949951, 35.156768337810909 ], [ 129.072412787459882, 35.156590709708958 ], [ 129.072494477851706, 35.156091584026512 ], [ 129.073221223118082, 35.15496252061908 ], [ 129.071824576417924, 35.154189846993319 ], [ 129.071532740841803, 35.15573482645167 ], [ 129.068326563468588, 35.155638097803759 ], [ 129.068335478949933, 35.155428706813431 ], [ 129.066132649866546, 35.155409997598248 ], [ 129.066142909223913, 35.154518620891338 ], [ 129.0623578996003, 35.154479960255188 ], [ 129.062385184403439, 35.152183563108125 ], [ 129.059916312240091, 35.152172502525325 ], [ 129.05992002392486, 35.150412434738193 ], [ 129.059197205347942, 35.15040743911446 ], [ 129.058930410433959, 35.156992728355895 ], [ 129.059511366989653, 35.157164013483268 ], [ 129.060032535598708, 35.157736366608987 ], [ 129.062318996489324, 35.157753958152469 ], [ 129.06227538537243, 35.161423340818999 ], [ 129.062961570365928, 35.162343764838738 ], [ 129.063383423969128, 35.162122168031487 ], [ 129.063523181782557, 35.161781168211597 ], [ 129.063199906618053, 35.161278176441698 ], [ 129.067179716885704, 35.159736489043681 ], [ 129.068123252659291, 35.158964913276826 ], [ 129.069719475078614, 35.159084279309461 ], [ 129.068450097903991, 35.159660549238957 ], [ 129.069679597013362, 35.161267778428495 ], [ 129.069316374710326, 35.161476160838845 ], [ 129.069094122942744, 35.162119398031123 ], [ 129.070736211656481, 35.162238395656757 ] ] ] } },
{ "type": "Feature", "properties": { "학교코드(KEDI)": "213021502", "학교명_20251001": "주례초등학교", "행정구_20251001": "부산진구" }, "geometry": { "type": "Polygon", "coordinates": [ [ [ 129.016994666657979, 35.151898561712201 ], [ 129.017049598428144, 35.149734846839038 ], [ 129.018545067775165, 35.149797036552812 ], [ 129.020167063755679, 35.150125198437358 ], [ 129.0208484376233, 35.148198406921523 ], [ 129.021358518569457, 35.147460284127078 ], [ 129.022667852763391, 35.147464653854293 ], [ 129.022482562108394, 35.14678105500446 ], [ 129.022187248140284, 35.14669538019055 ], [ 129.021416862459773, 35.145711579542166 ], [ 129.023329024231543, 35.145621164364208 ], [ 129.023495142526315, 35.145831773030615 ], [ 129.024498265888383, 35.145735817793096 ], [ 129.023841921547444, 35.145249424761339 ], [ 129.02314912060902, 35.145160811746699 ], [ 129.022204001597657, 35.142529074197547 ], [ 129.021113696519478, 35.142824579872808 ], [ 129.02046291816751, 35.143185235474945 ], [ 129.018791979358156, 35.142763774912503 ], [ 129.017819288201821, 35.142913699935491 ], [ 129.016228008591014, 35.14340770234903 ], [ 129.016019381674766, 35.143863174029526 ], [ 129.015010145288841, 35.144494152289802 ], [ 129.014208632797533, 35.145629188776674 ], [ 129.016008131553519, 35.146922951402409 ], [ 129.01585669441161, 35.147061237013595 ], [ 129.015971037444217, 35.14717759744002 ], [ 129.014982553797324, 35.147932318234851 ], [ 129.015012484921584, 35.148686944682787 ], [ 129.015266981700677, 35.148694870931621 ], [ 129.015033470710961, 35.151488029180584 ], [ 129.016413692861676, 35.15165121066115 ], [ 129.016994666657979, 35.151898561712201 ] ] ] } },
{ "type": "Feature", "properties": { "학교코드(KEDI)": "213021526", "학교명_20251001": "초읍초등학교", "행정구_20251001": "부산진구" }, "geometry": { "type": "Polygon", "coordinates": [ [ [ 129.054966588240717, 35.185427045363745 ], [ 129.05743898495146, 35.184078530113666 ], [ 129.059140891661457, 35.184140862895077 ], [ 129.060008451318026, 35.184347738517872 ], [ 129.061138841581084, 35.18401367017168 ], [ 129.061347237082231, 35.183436765380634 ], [ 129.06151198527553, 35.183481696345581 ], [ 129.061764136668529, 35.183157074877187 ], [ 129.062179880994421, 35.181119867688921 ], [ 129.061800948098494, 35.180307750227144 ], [ 129.061004079145306, 35.180308143043057 ], [ 129.060333013336674, 35.18008263380198 ], [ 129.059755356615142, 35.179124476951067 ], [ 129.058644738105329, 35.178443022780584 ], [ 129.05785262728017, 35.177500291205384 ], [ 129.057604849894318, 35.176904459437942 ], [ 129.057679764370022, 35.176268529858525 ], [ 129.056639392784945, 35.176139239562907 ], [ 129.056235846921908, 35.176697183798339 ], [ 129.055673014757446, 35.176971816449488 ], [ 129.055158463596086, 35.176131166208705 ], [ 129.053451751087266, 35.176044062219049 ], [ 129.052880366027239, 35.176909838189502 ], [ 129.051938406061026, 35.176362446483978 ], [ 129.05211821466628, 35.175990831342837 ], [ 129.050616531368433, 35.17583937015749 ], [ 129.050509101020197, 35.176997757398837 ], [ 129.049084460061607, 35.177068604090344 ], [ 129.048900586397053, 35.177743611149211 ], [ 129.049665851201183, 35.177941398794978 ], [ 129.049784613039066, 35.178402897018643 ], [ 129.049554462325972, 35.178638097937458 ], [ 129.049340024394752, 35.178514153937897 ], [ 129.049251657713029, 35.179688737395864 ], [ 129.048736319396937, 35.179665348606989 ], [ 129.048671267174484, 35.179925571132038 ], [ 129.048309956550099, 35.179853344563142 ], [ 129.048024275670429, 35.180909666113514 ], [ 129.048789443625594, 35.181069640443177 ], [ 129.048838167866279, 35.181572637117732 ], [ 129.047050402508745, 35.182118935121629 ], [ 129.04784703561225, 35.184538409691285 ], [ 129.046402888697145, 35.184747225565424 ], [ 129.046809843573044, 35.185521805882701 ], [ 129.046035431657913, 35.188053293449265 ], [ 129.046617343038605, 35.18882253046759 ], [ 129.048091465930156, 35.189693034475724 ], [ 129.048643761617001, 35.192126862950971 ], [ 129.051273925106614, 35.19218961796998 ], [ 129.053987215765886, 35.190939528034875 ], [ 129.054659381150458, 35.189950549581852 ], [ 129.054783531595774, 35.189113930372095 ], [ 129.055480094701068, 35.188517946100717 ], [ 129.056986215835536, 35.18777706847731 ], [ 129.054117693848355, 35.185739492223306 ], [ 129.054966588240717, 35.185427045363745 ] ] ] } },
{ "type": "Feature", "properties": { "학교코드(KEDI)": "213021551", "학교명_20251001": "동양초등학교", "행정구_20251001": "부산진구" }, "geometry": { "type": "Polygon", "coordinates": [ [ [ 129.035619464714273, 35.174266589040386 ], [ 129.036235385857481, 35.17390485416815 ], [ 129.035745641562954, 35.173410875512701 ], [ 129.034734618524311, 35.174152941269526 ], [ 129.034535708437744, 35.172949309360071 ], [ 129.035106716359593, 35.172609954756055 ], [ 129.035281061468851, 35.172263834607399 ], [ 129.035884262572637, 35.17224840332085 ], [ 129.036067800795081, 35.171833199221638 ], [ 129.035790997129283, 35.171943112163689 ], [ 129.035563850326298, 35.171820977819813 ], [ 129.035345828248268, 35.170739900473393 ], [ 129.034136645441208, 35.170737315506301 ], [ 129.034744627697194, 35.170113156419184 ], [ 129.033950939012811, 35.170128055265437 ], [ 129.033465103184, 35.169868550810932 ], [ 129.033088494964232, 35.167893282255548 ], [ 129.032546085609539, 35.167919399242045 ], [ 129.031920719137645, 35.169839423017173 ], [ 129.031355316655038, 35.170718930169429 ], [ 129.030826678657263, 35.170955583349794 ], [ 129.029651907363018, 35.171030900467706 ], [ 129.029450426528967, 35.170435946369196 ], [ 129.027031379320704, 35.169421750974941 ], [ 129.026200734334139, 35.170706970769032 ], [ 129.025194363778382, 35.171557773527013 ], [ 129.02532469973201, 35.171672689388409 ], [ 129.025179591203511, 35.171849495838252 ], [ 129.024573964025961, 35.172229273224175 ], [ 129.024465232258677, 35.172021980794568 ], [ 129.024233663247827, 35.17220680298233 ], [ 129.025547936761114, 35.173187223012818 ], [ 129.027540233116099, 35.172835280201085 ], [ 129.029051961503143, 35.172301591251781 ], [ 129.029631044316744, 35.172729605785293 ], [ 129.028987655342803, 35.174295692993972 ], [ 129.02897403196053, 35.175275041553746 ], [ 129.028770371659618, 35.175826600854151 ], [ 129.029068203641884, 35.175869436782754 ], [ 129.031917715339858, 35.177972548669217 ], [ 129.033070675130944, 35.176834325094319 ], [ 129.033285873643877, 35.175757881917555 ], [ 129.033975907458569, 35.175721349799701 ], [ 129.034347062366095, 35.175260259545453 ], [ 129.035619464714273, 35.174266589040386 ] ] ] } },
{ "type": "Feature", "properties": { "학교코드(KEDI)": "213021623", "학교명_20251001": "개원초등학교", "행정구_20251001": "부산진구" }, "geometry": { "type": "Polygon", "coordinates": [ [ [ 129.028666392449963, 35.170152784435089 ], [ 129.029746076787859, 35.168041953675541 ], [ 129.028909528591555, 35.167684427454773 ], [ 129.029240399461344, 35.167076217151745 ], [ 129.029188058244046, 35.166868746297986 ], [ 129.028284767158198, 35.166616326723997 ], [ 129.03030210540112, 35.163326532100548 ], [ 129.029714261423862, 35.163363635795598 ], [ 129.029555040355717, 35.16300767406333 ], [ 129.029090704956019, 35.162776106947611 ], [ 129.025102425555076, 35.162073321905751 ], [ 129.024780139001734, 35.16250785984456 ], [ 129.023553744539527, 35.162341519588843 ], [ 129.023109733202858, 35.162164447258355 ], [ 129.023119396815929, 35.161602398176932 ], [ 129.022410722251067, 35.161433464367818 ], [ 129.021673573001237, 35.161721355461935 ], [ 129.021741871167393, 35.161973335581173 ], [ 129.020907835339784, 35.161896029540408 ], [ 129.019817113085139, 35.162381219454957 ], [ 129.018782684888407, 35.16509664616737 ], [ 129.022525517420434, 35.164859340087403 ], [ 129.023242437191868, 35.166582350612607 ], [ 129.022085629792258, 35.166629124465928 ], [ 129.021989963392571, 35.168569792299941 ], [ 129.025094798743538, 35.168652754680181 ], [ 129.028666392449963, 35.170152784435089 ] ] ] } },
{ "type": "Feature", "properties": { "학교코드(KEDI)": "213021711", "학교명_20251001": "용소초등학교", "행정구_20251001": "남구" }, "geometry": { "type": "Polygon", "coordinates": [ [ [ 129.105505389292887, 35.139941945386965 ], [ 129.101472546339807, 35.138038472393674 ], [ 129.101209366409563, 35.13934333567822 ], [ 129.099545141668756, 35.139506004800069 ], [ 129.09897164517173, 35.139922441267892 ], [ 129.098768597167464, 35.141381359386585 ], [ 129.099498867816351, 35.142012468475201 ], [ 129.098823594398056, 35.14259044624584 ], [ 129.097688602766425, 35.144454793342888 ], [ 129.098918932981007, 35.144814034152965 ], [ 129.101430990627051, 35.143652075865745 ], [ 129.102289537187346, 35.142819861692708 ], [ 129.102201568423339, 35.142626928043434 ], [ 129.103064030414998, 35.141649145411982 ], [ 129.105505389292887, 35.139941945386965 ] ] ] } },
{ "type": "Feature", "properties": { "학교코드(KEDI)": "214021024", "학교명_20251001": "서동초등학교", "행정구_20251001": "금정구" }, "geometry": { "type": "Polygon", "coordinates": [ [ [ 129.09685408530558, 35.220032623108807 ], [ 129.098756805575448, 35.220139133699931 ], [ 129.100290976675097, 35.22109360093004 ], [ 129.100660599253018, 35.220889806965943 ], [ 129.100828504521729, 35.220957161655868 ], [ 129.101645087690201, 35.220078812090108 ], [ 129.101770977063012, 35.220111365716278 ], [ 129.101879341785491, 35.219969632880371 ], [ 129.101445783307184, 35.219610476515527 ], [ 129.101878316526097, 35.219268480677357 ], [ 129.100312082799945, 35.217963946236708 ], [ 129.100603837142444, 35.217711537289773 ], [ 129.100922677129461, 35.21685960224918 ], [ 129.101436942372487, 35.21677381968918 ], [ 129.100794708889509, 35.215703199719783 ], [ 129.098935214746007, 35.216445897330118 ], [ 129.096322987963759, 35.21697305247546 ], [ 129.0951187776474, 35.217637118985138 ], [ 129.0948010803709, 35.217244111537845 ], [ 129.093224642020289, 35.218101761714124 ], [ 129.093207219424386, 35.218624714429751 ], [ 129.092954254477348, 35.218752514627113 ], [ 129.093923520421811, 35.219049061562984 ], [ 129.093969659093972, 35.219397323627206 ], [ 129.093686852590565, 35.219585561746761 ], [ 129.094182483223136, 35.220140892090136 ], [ 129.093611650841353, 35.220427347867911 ], [ 129.093599208661431, 35.220959694334496 ], [ 129.093817235973034, 35.221184338548085 ], [ 129.094794180511997, 35.221624491460247 ], [ 129.095422178148993, 35.221574465405602 ], [ 129.095686648670835, 35.22111899563739 ], [ 129.095689224955805, 35.220411676718946 ], [ 129.09685408530558, 35.220032623108807 ] ] ] } },
{ "type": "Feature", "properties": { "학교코드(KEDI)": "214021127", "학교명_20251001": "공덕초등학교", "행정구_20251001": "금정구" }, "geometry": { "type": "Polygon", "coordinates": [ [ [ 129.127126773469399, 35.319026275610895 ], [ 129.12187266946907, 35.301918097329569 ], [ 129.114617696166817, 35.263755647633928 ], [ 129.106040468707135, 35.264110885286321 ], [ 129.109334432847902, 35.272746450003105 ], [ 129.109273357872866, 35.274595320489006 ], [ 129.108636072582698, 35.276367810495621 ], [ 129.1068598509911, 35.279643568056052 ], [ 129.105729504813581, 35.282992097200157 ], [ 129.101955747421584, 35.290754138633687 ], [ 129.101852370247116, 35.291241601700101 ], [ 129.100656689769522, 35.291318126287813 ], [ 129.099247455397631, 35.292094837927657 ], [ 129.101927197206493, 35.29512102905543 ], [ 129.106713933447054, 35.30507054660049 ], [ 129.107386674654265, 35.305951678343845 ], [ 129.108595880492317, 35.305553963026327 ], [ 129.108561700411343, 35.304580635557095 ], [ 129.109432090208145, 35.305940810844042 ], [ 129.110587662560192, 35.306705905730929 ], [ 129.111479880128599, 35.307885878906134 ], [ 129.111932452617765, 35.309345553622677 ], [ 129.112406531723281, 35.310138291687267 ], [ 129.112343547347734, 35.312499920682399 ], [ 129.112047920574668, 35.313313001935697 ], [ 129.111895627011023, 35.314618350035332 ], [ 129.112008504960386, 35.316727415617237 ], [ 129.112175527315344, 35.317350496774345 ], [ 129.113750934279039, 35.320313169359508 ], [ 129.115192408036279, 35.3209517035517 ], [ 129.116105422724303, 35.321140175117918 ], [ 129.117877888199473, 35.32225611344132 ], [ 129.118679459083978, 35.323159168106869 ], [ 129.127199413136537, 35.320996775495189 ], [ 129.127126773469399, 35.319026275610895 ] ] ] } },
{ "type": "Feature", "properties": { "학교코드(KEDI)": "214021145", "학교명_20251001": "교동초등학교", "행정구_20251001": "동래구" }, "geometry": { "type": "MultiPolygon", "coordinates": [ [ [ [ 129.083276279762231, 35.214729432603946 ], [ 129.082741788222933, 35.213724259630681 ], [ 129.082920902368159, 35.213697495640496 ], [ 129.082708520901491, 35.212688850526291 ], [ 129.082299019072025, 35.212777952268048 ], [ 129.082233964383562, 35.212563402778628 ], [ 129.081433255981011, 35.212753281335779 ], [ 129.081361205423633, 35.212525557877392 ], [ 129.080672138139107, 35.21274072970958 ], [ 129.080773752070144, 35.213069807812111 ], [ 129.080605882456922, 35.213162991079678 ], [ 129.081750706730048, 35.214688432943113 ], [ 129.082123765862264, 35.214630390855753 ], [ 129.082962421652354, 35.214931824753016 ], [ 129.083276279762231, 35.214729432603946 ] ] ], [ [ [ 129.083958384047975, 35.214561818481187 ], [ 129.084646113790939, 35.214097910944083 ], [ 129.084496840962714, 35.213804829234931 ], [ 129.085909441334934, 35.213330333922322 ], [ 129.085892889438725, 35.212865204985292 ], [ 129.08308853074567, 35.213140398373383 ], [ 129.08337196086967, 35.214572468615074 ], [ 129.083904478326048, 35.214362465200622 ], [ 129.083958384047975, 35.214561818481187 ] ] ], [ [ [ 129.087372679681891, 35.218474713696729 ], [ 129.089055752193985, 35.218166312538997 ], [ 129.089582015987816, 35.218839149051547 ], [ 129.090739443632174, 35.218597418386729 ], [ 129.090828994750495, 35.216804553022278 ], [ 129.092113660206508, 35.216560170640143 ], [ 129.093861335773653, 35.215466349884359 ], [ 129.092665566600971, 35.212993137298348 ], [ 129.09302919289496, 35.212130354073174 ], [ 129.092751964264522, 35.211675591255627 ], [ 129.093151039799807, 35.210997050895052 ], [ 129.091900311515445, 35.211697692000577 ], [ 129.090907311889652, 35.211973204325687 ], [ 129.090032737229677, 35.212576776081391 ], [ 129.085396057727024, 35.214561971690692 ], [ 129.085381120892521, 35.214667295045977 ], [ 129.086019105865489, 35.214666166383985 ], [ 129.086201011338034, 35.214844993568526 ], [ 129.085350770690269, 35.214881294126783 ], [ 129.083935286055038, 35.215199959267672 ], [ 129.082888341160384, 35.21596303973741 ], [ 129.084114514630102, 35.217167023539588 ], [ 129.084678699836132, 35.217365472349258 ], [ 129.085865096778491, 35.218783009135336 ], [ 129.086284982876208, 35.21934993540313 ], [ 129.086130938115502, 35.219421284783152 ], [ 129.08709982874484, 35.221432402619911 ], [ 129.08835169434272, 35.220452318717903 ], [ 129.087372679681891, 35.218474713696729 ] ] ] ] } },
{ "type": "Feature", "properties": { "학교코드(KEDI)": "214021156", "학교명_20251001": "거제초등학교", "행정구_20251001": "연제구" }, "geometry": { "type": "Polygon", "coordinates": [ [ [ 129.071197524432705, 35.185328454132716 ], [ 129.070481163771063, 35.183762210259403 ], [ 129.071348542134558, 35.183447035671925 ], [ 129.07092310154647, 35.182804667282461 ], [ 129.071957338857061, 35.182592594869362 ], [ 129.070525186760506, 35.1801587183067 ], [ 129.069308654680043, 35.180684913992259 ], [ 129.069022337540389, 35.179936248628572 ], [ 129.068239956809606, 35.179916608796646 ], [ 129.067223691343258, 35.176645428456126 ], [ 129.067136538062471, 35.174701472187067 ], [ 129.063814797137297, 35.174833257844242 ], [ 129.062539393316882, 35.17474302508856 ], [ 129.061433816699605, 35.174249815925094 ], [ 129.060793320734973, 35.173591924876064 ], [ 129.060944628416024, 35.173261057884375 ], [ 129.05948115464264, 35.173998444093478 ], [ 129.057642430210166, 35.175203571176617 ], [ 129.057604849894318, 35.176904459437942 ], [ 129.05785262728017, 35.177500291205384 ], [ 129.058644738105329, 35.178443022780584 ], [ 129.059755356615142, 35.179124476951067 ], [ 129.060333013336674, 35.18008263380198 ], [ 129.061004079145306, 35.180308143043057 ], [ 129.061800948098494, 35.180307750227144 ], [ 129.062179880994421, 35.181119867688921 ], [ 129.062004761436583, 35.181723806049064 ], [ 129.062081663620887, 35.182120417253635 ], [ 129.061764136668529, 35.183157074877187 ], [ 129.06151198527553, 35.183481696345581 ], [ 129.061347237082231, 35.183436765380634 ], [ 129.061182972508306, 35.183891505751888 ], [ 129.061285015231647, 35.184125041056888 ], [ 129.066864696137856, 35.184945270522384 ], [ 129.065707601103071, 35.185786733575959 ], [ 129.064818936392214, 35.186093623601685 ], [ 129.064401354774446, 35.187168076060672 ], [ 129.067360881815091, 35.187799188451613 ], [ 129.068481465092276, 35.188180611871282 ], [ 129.071197524432705, 35.185328454132716 ] ] ] } },
{ "type": "Feature", "properties": { "학교코드(KEDI)": "214021158", "학교명_20251001": "거학초등학교", "행정구_20251001": "연제구" }, "geometry": { "type": "Polygon", "coordinates": [ [ [ 129.080335300693122, 35.199147672961175 ], [ 129.080564394709484, 35.199343488474291 ], [ 129.082001933309499, 35.198107729458343 ], [ 129.082517113706842, 35.197350216490676 ], [ 129.082682639210674, 35.196600227410897 ], [ 129.082984849027667, 35.196364956708457 ], [ 129.082580324298618, 35.195970209373257 ], [ 129.083009744210131, 35.193945157281583 ], [ 129.082194653547816, 35.193589613070827 ], [ 129.081836736950862, 35.193080162495605 ], [ 129.081392369345906, 35.1930061080351 ], [ 129.081735712787662, 35.191850039322297 ], [ 129.079981024820682, 35.191542996279622 ], [ 129.078440170080285, 35.189389542518967 ], [ 129.077127428431567, 35.19069461171933 ], [ 129.075730053521426, 35.18981748513734 ], [ 129.075041452068916, 35.19030172462444 ], [ 129.076387150902093, 35.191611092144612 ], [ 129.073101936037119, 35.193970315535871 ], [ 129.072676381690997, 35.194192135366507 ], [ 129.07230533742765, 35.194118065310526 ], [ 129.071687840507593, 35.195755016132566 ], [ 129.073078793120629, 35.196053743785285 ], [ 129.072800532936981, 35.196655864605056 ], [ 129.073376865140659, 35.197226236667028 ], [ 129.071815270869678, 35.201251127069469 ], [ 129.075411219952144, 35.202666035232504 ], [ 129.078500005712272, 35.202524972141227 ], [ 129.078788800832399, 35.201127217755165 ], [ 129.080335300693122, 35.199147672961175 ] ] ] } },
{ "type": "Feature", "properties": { "학교코드(KEDI)": "214021159", "학교명_20251001": "과정초등학교", "행정구_20251001": "연제구" }, "geometry": { "type": "Polygon", "coordinates": [ [ [ 129.115176989635728, 35.183542758600026 ], [ 129.114450885291689, 35.181709715995503 ], [ 129.113878645982908, 35.181989139714425 ], [ 129.111082941423774, 35.182355870701656 ], [ 129.110369002290895, 35.18181122926034 ], [ 129.109866996315645, 35.181811688346599 ], [ 129.109866301066887, 35.181602756367674 ], [ 129.107120281439762, 35.181606498379722 ], [ 129.107150326194528, 35.190272829766727 ], [ 129.108389385050202, 35.190299677842631 ], [ 129.110013120750608, 35.189110148737001 ], [ 129.109939220652933, 35.189008497717595 ], [ 129.113630086718388, 35.184514982833932 ], [ 129.114354158023588, 35.184273243812228 ], [ 129.115176989635728, 35.183542758600026 ] ] ] } },
{ "type": "Feature", "properties": { "학교코드(KEDI)": "214021163", "학교명_20251001": "금강초등학교", "행정구_20251001": "동래구" }, "geometry": { "type": "Polygon", "coordinates": [ [ [ 129.068277934224483, 35.205580377474433 ], [ 129.069587853447416, 35.205699143506344 ], [ 129.069433868752668, 35.201934190705686 ], [ 129.069848915090461, 35.200751375458168 ], [ 129.068626408622919, 35.200462396381731 ], [ 129.067773154696056, 35.200743286893207 ], [ 129.06690976796628, 35.199765648664005 ], [ 129.067061622803777, 35.199395836497956 ], [ 129.067481577294473, 35.199383436545702 ], [ 129.066727679179678, 35.198989406200916 ], [ 129.066317529878347, 35.198929163384982 ], [ 129.066215697095004, 35.199218361336406 ], [ 129.065778775590189, 35.199114728881831 ], [ 129.065992820112939, 35.198299049740378 ], [ 129.064771643005912, 35.198102367490527 ], [ 129.064438187150841, 35.198468464339015 ], [ 129.063795752922715, 35.198020156093413 ], [ 129.062907170508055, 35.19862701667509 ], [ 129.062330315657618, 35.198208417740879 ], [ 129.061001739577478, 35.199460708852548 ], [ 129.060087752800513, 35.198802862297285 ], [ 129.059921661753947, 35.199348401606379 ], [ 129.059049103471352, 35.199648894646671 ], [ 129.058695043284473, 35.200833112942291 ], [ 129.059951319029693, 35.201734175758013 ], [ 129.059477136629198, 35.201854518149503 ], [ 129.062500688483397, 35.204973888226782 ], [ 129.062703481609645, 35.205492943899962 ], [ 129.062788593136645, 35.207144945718596 ], [ 129.064372358278661, 35.209499590884569 ], [ 129.069672810072035, 35.20788155437986 ], [ 129.068277934224483, 35.205580377474433 ] ] ] } },
{ "type": "Feature", "properties": { "학교코드(KEDI)": "214021172", "학교명_20251001": "금사초등학교", "행정구_20251001": "금정구" }, "geometry": { "type": "Polygon", "coordinates": [ [ [ 129.139974741513839, 35.240842998174379 ], [ 129.137950553682003, 35.238930910758675 ], [ 129.137242072337983, 35.238524247179868 ], [ 129.136899970299197, 35.237677449002113 ], [ 129.135949151284365, 35.237295338607076 ], [ 129.135662024528358, 35.236358297394233 ], [ 129.134784653773863, 35.236814057840625 ], [ 129.13372356635108, 35.236716461122107 ], [ 129.132777750951419, 35.236131619765693 ], [ 129.132035154577096, 35.235402388686509 ], [ 129.131029940768485, 35.235340392920243 ], [ 129.130505339913469, 35.233614799833276 ], [ 129.130054775968347, 35.233210593646817 ], [ 129.130475384285404, 35.231299829612134 ], [ 129.129768016229377, 35.23022218778744 ], [ 129.127794828760926, 35.228416870846281 ], [ 129.127012711466477, 35.22712889668756 ], [ 129.125738581409706, 35.226831651446439 ], [ 129.123504193731776, 35.226810308649213 ], [ 129.122795294586439, 35.22639356295938 ], [ 129.122414685138779, 35.22635377146446 ], [ 129.121375457785746, 35.225692335085682 ], [ 129.120694754151856, 35.225936442739055 ], [ 129.117506486717588, 35.223965514906681 ], [ 129.11671775502316, 35.221793342630228 ], [ 129.11694650507539, 35.220148852668608 ], [ 129.117616256785738, 35.219999580950407 ], [ 129.118644614898386, 35.217338453853372 ], [ 129.115800218114117, 35.216003525037941 ], [ 129.112527397875965, 35.214959739426909 ], [ 129.112866687661068, 35.21450778296569 ], [ 129.112694800846839, 35.214618022748759 ], [ 129.112186476314491, 35.214555331481058 ], [ 129.112248214741271, 35.214382002811121 ], [ 129.112054026782971, 35.21428053030747 ], [ 129.109450061478043, 35.21349407882888 ], [ 129.109372296969468, 35.213315654889264 ], [ 129.10891091991536, 35.213429695747301 ], [ 129.108481141870072, 35.214076530894019 ], [ 129.111668671982159, 35.214706336037118 ], [ 129.111023160690138, 35.216294785217826 ], [ 129.109638832077877, 35.217325297486582 ], [ 129.108401796567193, 35.214026091111343 ], [ 129.102699988994459, 35.214949789304669 ], [ 129.100794708889509, 35.215703199719783 ], [ 129.101436942372487, 35.21677381968918 ], [ 129.100922677129461, 35.21685960224918 ], [ 129.100603837142444, 35.217711537289773 ], [ 129.100312082799945, 35.217963946236708 ], [ 129.101878316526097, 35.219268480677357 ], [ 129.101445783307184, 35.219610476515527 ], [ 129.101879341785491, 35.219969632880371 ], [ 129.100828504521729, 35.220957161655868 ], [ 129.100660599253018, 35.220889806965943 ], [ 129.100290976675097, 35.22109360093004 ], [ 129.10075670598448, 35.221750437082008 ], [ 129.099616448094764, 35.222418736123736 ], [ 129.10045788509936, 35.223016328488399 ], [ 129.100644428296164, 35.222943959763299 ], [ 129.101237968153384, 35.223150772979253 ], [ 129.101644528786665, 35.223493055954165 ], [ 129.10153559128986, 35.223979870608396 ], [ 129.10208690100626, 35.225863261961017 ], [ 129.103572785079876, 35.228106357908722 ], [ 129.10337680592454, 35.229449507309511 ], [ 129.103497894012463, 35.229846016296491 ], [ 129.102751996783098, 35.23063972575018 ], [ 129.102972943589776, 35.231595034918563 ], [ 129.104082388588381, 35.231521975332221 ], [ 129.105115378850144, 35.231917704195965 ], [ 129.105884077928636, 35.231727769863944 ], [ 129.106916796856211, 35.231753880243545 ], [ 129.107947376669387, 35.230184573532618 ], [ 129.108672994863468, 35.2305985706626 ], [ 129.11082666113856, 35.230984302399378 ], [ 129.111178188169447, 35.23117318731709 ], [ 129.111365435718341, 35.231551634956574 ], [ 129.112200606492934, 35.231649992797493 ], [ 129.112772279485, 35.232082140830578 ], [ 129.113014396216528, 35.23237937182256 ], [ 129.113422745651775, 35.233740005645956 ], [ 129.114060699508769, 35.234199144543545 ], [ 129.113984165903275, 35.234424496643804 ], [ 129.11433574393476, 35.234640545827382 ], [ 129.11472037544587, 35.234649182597614 ], [ 129.115576926438166, 35.234432018971319 ], [ 129.116126552233339, 35.234674878012463 ], [ 129.116567877975768, 35.235954377063216 ], [ 129.116547440006627, 35.237017936798743 ], [ 129.116998457552654, 35.237441189273184 ], [ 129.117373309794516, 35.238288043874739 ], [ 129.117703081738028, 35.238549088803062 ], [ 129.117902226756229, 35.239423225183501 ], [ 129.118967972619231, 35.239593541471081 ], [ 129.119099796323496, 35.239449160559737 ], [ 129.1192426776974, 35.239611254594081 ], [ 129.121814240112428, 35.240005244474759 ], [ 129.122958392750519, 35.241076680651936 ], [ 129.124408258752283, 35.240931010079407 ], [ 129.12540762130547, 35.240542450820705 ], [ 129.127550265970285, 35.240729538101412 ], [ 129.128761161773298, 35.242368727756634 ], [ 129.129200903092482, 35.242422392517106 ], [ 129.130334724717329, 35.243881282849799 ], [ 129.130983530795049, 35.244250175189997 ], [ 129.132029195581111, 35.245420833391307 ], [ 129.132407139693612, 35.248214592390383 ], [ 129.133485204889922, 35.249033648974375 ], [ 129.134013667715408, 35.249654978190755 ], [ 129.133774023475866, 35.250899109110236 ], [ 129.13480790070048, 35.251483789884553 ], [ 129.135468985705955, 35.252501530916625 ], [ 129.136106416279773, 35.252708103608313 ], [ 129.13682180656329, 35.253347249803326 ], [ 129.137591370888714, 35.25364384644368 ], [ 129.138273710786365, 35.254292159086489 ], [ 129.139931304780276, 35.25330330643159 ], [ 129.140117474672138, 35.2529019600655 ], [ 129.142274327822662, 35.251475370428722 ], [ 129.144605666490492, 35.25096790077513 ], [ 129.143444748383303, 35.248440937756314 ], [ 129.143700372349883, 35.246948979630453 ], [ 129.142396091109873, 35.245702183704225 ], [ 129.14192743285642, 35.244810330180442 ], [ 129.140986419054713, 35.243878538025776 ], [ 129.141577649826445, 35.242498783550246 ], [ 129.141182250758703, 35.241925249478697 ], [ 129.140414581527551, 35.24154063864431 ], [ 129.139974741513839, 35.240842998174379 ] ], [ [ 129.100856523999028, 35.221810372267178 ], [ 129.100817861667622, 35.221780146802061 ], [ 129.100896733368899, 35.221798419758855 ], [ 129.100856523999028, 35.221810372267178 ] ] ] } },
{ "type": "Feature", "properties": { "학교코드(KEDI)": "214021180", "학교명_20251001": "금빛초등학교", "행정구_20251001": "금정구" }, "geometry": { "type": "Polygon", "coordinates": [ [ [ 129.075969014358634, 35.232477226227147 ], [ 129.080035492438014, 35.230732982461987 ], [ 129.08036388962023, 35.231387552318274 ], [ 129.081571425380787, 35.230932910792866 ], [ 129.083078348855025, 35.229648081454577 ], [ 129.084471010295488, 35.22903464918587 ], [ 129.083281819222634, 35.22741592820897 ], [ 129.082172952978937, 35.22539988870151 ], [ 129.080295832684158, 35.225852452936209 ], [ 129.078361500145803, 35.226042246879054 ], [ 129.077944724830047, 35.226562505055099 ], [ 129.076463183797358, 35.226805386693798 ], [ 129.075437009717319, 35.22621738946399 ], [ 129.073779444303341, 35.227423261947266 ], [ 129.074008084362504, 35.229889221167575 ], [ 129.075969014358634, 35.232477226227147 ] ] ] } },
{ "type": "Feature", "properties": { "학교코드(KEDI)": "214021181", "학교명_20251001": "금성초등학교", "행정구_20251001": "금정구" }, "geometry": { "type": "Polygon", "coordinates": [ [ [ 129.058974119528301, 35.274725993268305 ], [ 129.059720777879676, 35.273508855648544 ], [ 129.060939919363221, 35.272129207754652 ], [ 129.060509689192088, 35.270380857009776 ], [ 129.060817177670344, 35.269722712976311 ], [ 129.060805553328237, 35.269127879774061 ], [ 129.061079747091213, 35.268253464676768 ], [ 129.061914322826453, 35.267108315012671 ], [ 129.062659570244449, 35.26459311312211 ], [ 129.06283537101254, 35.264484945474145 ], [ 129.062571464910746, 35.26415151048672 ], [ 129.062570926948354, 35.26365589374597 ], [ 129.062141808392624, 35.26279077528924 ], [ 129.063086592903232, 35.262393665147194 ], [ 129.065941110973, 35.258750826758273 ], [ 129.067215195363133, 35.25815516057353 ], [ 129.066950853759636, 35.257479315082449 ], [ 129.065927904053581, 35.256145908999265 ], [ 129.065827705255401, 35.254361378456622 ], [ 129.066068949538192, 35.253856417841078 ], [ 129.066133867496376, 35.252747754171182 ], [ 129.068494856566133, 35.251006949658844 ], [ 129.066966997533996, 35.250025307874203 ], [ 129.066955775994359, 35.249691798791183 ], [ 129.065834280686914, 35.248989328773533 ], [ 129.06562513328106, 35.248295344074378 ], [ 129.065284262031213, 35.248106294198074 ], [ 129.065151586140644, 35.246853573405026 ], [ 129.064634738217904, 35.246385056564357 ], [ 129.065007572710584, 35.245654828120799 ], [ 129.064732733961876, 35.245537714449164 ], [ 129.064237896707056, 35.244825940217247 ], [ 129.064117400303758, 35.245096378527613 ], [ 129.063787616597665, 35.24524984044033 ], [ 129.06272147971768, 35.244547373799634 ], [ 129.062347155941609, 35.243619089643218 ], [ 129.06266519331129, 35.242852768446561 ], [ 129.062105096582741, 35.242898220382621 ], [ 129.06192914569408, 35.242754074088225 ], [ 129.061884661128772, 35.242312421308775 ], [ 129.062104376508643, 35.241933718405356 ], [ 129.061290390702624, 35.240951670437184 ], [ 129.062147082835594, 35.24031135320422 ], [ 129.061926589755785, 35.239193744105158 ], [ 129.061398722216097, 35.238734275893648 ], [ 129.060925087635297, 35.237148144852469 ], [ 129.059099225448421, 35.234057447510175 ], [ 129.059131602674285, 35.233192224499092 ], [ 129.059953869041436, 35.231001535463811 ], [ 129.05975598286355, 35.230668096690721 ], [ 129.060458068378551, 35.229820898724121 ], [ 129.057234774762918, 35.228533693255621 ], [ 129.056888412736129, 35.228054932199406 ], [ 129.056121845276607, 35.228483855714693 ], [ 129.055552323310849, 35.228095494283828 ], [ 129.053758873248029, 35.228045671442501 ], [ 129.052175529289485, 35.228094053137866 ], [ 129.048934852751756, 35.228647802496539 ], [ 129.047850919449331, 35.229231618132467 ], [ 129.047158283337467, 35.230131378489759 ], [ 129.045297312002475, 35.230470342152195 ], [ 129.044964973035889, 35.230315728568016 ], [ 129.044324412010013, 35.230679820339361 ], [ 129.029024200115288, 35.229644197666879 ], [ 129.01798759983302, 35.231089592674522 ], [ 129.018645054408069, 35.23313581265537 ], [ 129.019193838554202, 35.233757883983543 ], [ 129.020310900774234, 35.234007189490249 ], [ 129.021379437586404, 35.234850297817722 ], [ 129.021223549575041, 35.235521030678044 ], [ 129.020908880895234, 35.235914645221385 ], [ 129.023627753094956, 35.239734692274027 ], [ 129.023507342213037, 35.240107844703807 ], [ 129.023685711787749, 35.242377230661653 ], [ 129.024229003858835, 35.243506168776541 ], [ 129.024143413919802, 35.244053642946859 ], [ 129.02380789713439, 35.244199782701507 ], [ 129.023839532169916, 35.244994213333719 ], [ 129.023237143762316, 35.245130696462063 ], [ 129.02256752626937, 35.244847568038267 ], [ 129.020601796446442, 35.244628201887281 ], [ 129.019101345368682, 35.244215760844838 ], [ 129.018692138784644, 35.243873913387588 ], [ 129.017247849059231, 35.243312051202061 ], [ 129.016986573907218, 35.243041168252731 ], [ 129.017059702778454, 35.242702391020124 ], [ 129.01619796440778, 35.242004805175704 ], [ 129.014967971847256, 35.241750580384505 ], [ 129.014454898289188, 35.242330315675531 ], [ 129.014401858366824, 35.242622295044427 ], [ 129.014738213673809, 35.243468304290644 ], [ 129.014347822849317, 35.244891611615309 ], [ 129.014391549911181, 35.245998570549887 ], [ 129.016024298035006, 35.246745914836382 ], [ 129.016189906641841, 35.247716089137135 ], [ 129.016171238627521, 35.248455380998188 ], [ 129.015616353867415, 35.248907064121759 ], [ 129.015420328633382, 35.249868519460591 ], [ 129.015763544210898, 35.249896062600619 ], [ 129.015632001209781, 35.250669797512103 ], [ 129.015406075734376, 35.250972793219397 ], [ 129.015495897043081, 35.2538611110378 ], [ 129.015139743317519, 35.254004772308441 ], [ 129.014330774076427, 35.254016357387258 ], [ 129.014730710166361, 35.256060417097487 ], [ 129.015841018976943, 35.257726740867895 ], [ 129.015876934124861, 35.258613142522172 ], [ 129.016184236315013, 35.258967151613042 ], [ 129.016570377534549, 35.259016552044137 ], [ 129.017279835960039, 35.259624018679155 ], [ 129.016846858168122, 35.260050760061098 ], [ 129.0172754607662, 35.260072247792287 ], [ 129.01767289235525, 35.260490162783817 ], [ 129.018218488230644, 35.260727970026004 ], [ 129.019495919899811, 35.260868548210155 ], [ 129.021700481439893, 35.262921974138678 ], [ 129.022284995345103, 35.26327733813072 ], [ 129.022407293514732, 35.265104276409119 ], [ 129.023057811973416, 35.264738269854483 ], [ 129.023674984033477, 35.264662299482602 ], [ 129.024960690725123, 35.265008830120294 ], [ 129.024340173488383, 35.265601606001965 ], [ 129.023769747179074, 35.26869190645359 ], [ 129.021616638435461, 35.268807169988222 ], [ 129.021388656121104, 35.269583401971673 ], [ 129.018872701505643, 35.269815711507917 ], [ 129.019157611858645, 35.270739045856715 ], [ 129.019499386005464, 35.2707893712507 ], [ 129.019625233374342, 35.27228542179337 ], [ 129.019837656681915, 35.272399101794825 ], [ 129.019617286922227, 35.272832056227912 ], [ 129.017632980467852, 35.273306458869882 ], [ 129.016951643392588, 35.275399917636669 ], [ 129.018809631978314, 35.275510203600803 ], [ 129.0215094443152, 35.276103408895104 ], [ 129.023825973846215, 35.276375872873508 ], [ 129.027604472199954, 35.276761228725107 ], [ 129.030682613103068, 35.276878022359853 ], [ 129.031826862838614, 35.27661692056239 ], [ 129.034837247654735, 35.276262766826839 ], [ 129.035907745163229, 35.27547020072376 ], [ 129.037467814723385, 35.275291451736877 ], [ 129.038730218043497, 35.275362284457138 ], [ 129.040908403851745, 35.27480036761532 ], [ 129.043986692537089, 35.2745291927964 ], [ 129.046557066431575, 35.274776516766785 ], [ 129.047498247661906, 35.274213573204136 ], [ 129.047752262217784, 35.274523546256972 ], [ 129.047840473840552, 35.275190458339402 ], [ 129.047280533064338, 35.276001947446645 ], [ 129.047533437609559, 35.276281248254769 ], [ 129.047511514164512, 35.276542671527913 ], [ 129.048380188031899, 35.277083149259298 ], [ 129.048446705624485, 35.278047516894631 ], [ 129.049733175351122, 35.278867181364333 ], [ 129.050767623325413, 35.280318054406315 ], [ 129.050921152128296, 35.280056556179559 ], [ 129.05148121704795, 35.279713784408187 ], [ 129.052657048576407, 35.279235528591165 ], [ 129.05382215972034, 35.279027786074451 ], [ 129.054293957600095, 35.277909824999021 ], [ 129.058974119528301, 35.274725993268305 ] ] ] } },
{ "type": "Feature", "properties": { "학교코드(KEDI)": "214021183", "학교명_20251001": "남문초등학교", "행정구_20251001": "연제구" }, "geometry": { "type": "Polygon", "coordinates": [ [ [ 129.071688720796175, 35.195752589576074 ], [ 129.07230533742765, 35.194118065310526 ], [ 129.072676381690997, 35.194192135366507 ], [ 129.073101936037119, 35.193970315535871 ], [ 129.076387150902093, 35.191611092144612 ], [ 129.073489061267452, 35.188791894178792 ], [ 129.06740138926088, 35.19159485573951 ], [ 129.066515215089169, 35.194168778778035 ], [ 129.066292524898586, 35.195258114709937 ], [ 129.072800562724069, 35.196655827147644 ], [ 129.073078793120629, 35.196053743785285 ], [ 129.071688720796175, 35.195752589576074 ] ] ] } },
{ "type": "Feature", "properties": { "학교코드(KEDI)": "214021185", "학교명_20251001": "금샘초등학교", "행정구_20251001": "금정구" }, "geometry": { "type": "Polygon", "coordinates": [ [ [ 129.083546319689077, 35.267333743528226 ], [ 129.084390565267029, 35.26816942017178 ], [ 129.083073388514464, 35.268187667357154 ], [ 129.08307774282099, 35.269492984936456 ], [ 129.084525973549034, 35.26947351573282 ], [ 129.084463111341904, 35.275288098869304 ], [ 129.084628171254394, 35.275323986499586 ], [ 129.08460668841596, 35.275973027765453 ], [ 129.0850832258906, 35.275310907375399 ], [ 129.088965503288591, 35.275558185334255 ], [ 129.089088733616222, 35.266994116089528 ], [ 129.088432010665088, 35.263971663142648 ], [ 129.086948611376755, 35.264223774626238 ], [ 129.086660935872885, 35.263171860258034 ], [ 129.084967583352721, 35.264392297639503 ], [ 129.084180379470922, 35.264527947180824 ], [ 129.084497006127521, 35.265964980634159 ], [ 129.083546319689077, 35.267333743528226 ] ] ] } },
{ "type": "Feature", "properties": { "학교코드(KEDI)": "214021190", "학교명_20251001": "금정초등학교", "행정구_20251001": "금정구" }, "geometry": { "type": "Polygon", "coordinates": [ [ [ 129.07776315903368, 35.238451660540676 ], [ 129.078457608092037, 35.238051403999236 ], [ 129.078251117627019, 35.23770865438366 ], [ 129.08033487386993, 35.236774675256733 ], [ 129.081133490863266, 35.236942651614974 ], [ 129.082995488165864, 35.236953389325549 ], [ 129.08298249189167, 35.234316572189222 ], [ 129.08408392643247, 35.233558806007501 ], [ 129.085554717571313, 35.233057411543186 ], [ 129.087521408449902, 35.232694738840458 ], [ 129.087296512108196, 35.231826122706245 ], [ 129.089104220777557, 35.231505933182767 ], [ 129.089249379959568, 35.230571481239473 ], [ 129.089371697321951, 35.230582233871026 ], [ 129.08952259636041, 35.22864835345694 ], [ 129.088889060358326, 35.227250755627082 ], [ 129.088358558522856, 35.223854161347525 ], [ 129.086563229954379, 35.220212779569174 ], [ 129.084640795697169, 35.220741255289553 ], [ 129.084866287686282, 35.221274684307865 ], [ 129.081070909954946, 35.222155445046411 ], [ 129.080633245984103, 35.220969480983598 ], [ 129.076632520145267, 35.221296882819907 ], [ 129.076850000297242, 35.222342570967186 ], [ 129.07786546626923, 35.224114770392099 ], [ 129.078137681401955, 35.22504995186658 ], [ 129.077997969965367, 35.226115131332008 ], [ 129.07753855510731, 35.226375635831012 ], [ 129.076702437844034, 35.226404294387329 ], [ 129.076707606495347, 35.226237659636809 ], [ 129.075657863329639, 35.225512777487936 ], [ 129.074019165844931, 35.225232824114769 ], [ 129.073779444303341, 35.227423261947266 ], [ 129.075437009717319, 35.22621738946399 ], [ 129.076463183797358, 35.226805386693798 ], [ 129.077944724830047, 35.226562505055099 ], [ 129.078361500145803, 35.226042246879054 ], [ 129.080295832684158, 35.225852452936209 ], [ 129.082172952978937, 35.22539988870151 ], [ 129.083281819222634, 35.22741592820897 ], [ 129.084471010295488, 35.22903464918587 ], [ 129.083078348855025, 35.229648081454577 ], [ 129.081571425380787, 35.230932910792866 ], [ 129.08036388962023, 35.231387552318274 ], [ 129.080035492438014, 35.230732982461987 ], [ 129.075119631689518, 35.232899213661611 ], [ 129.075216650343805, 35.23763381572828 ], [ 129.075751722158657, 35.237978751156433 ], [ 129.076155375412668, 35.23870818769867 ], [ 129.077267855736665, 35.238816222122544 ], [ 129.077755952590508, 35.238604532535703 ], [ 129.07776315903368, 35.238451660540676 ] ] ] } },
{ "type": "Feature", "properties": { "학교코드(KEDI)": "214021195", "학교명_20251001": "금양초등학교", "행정구_20251001": "금정구" }, "geometry": { "type": "Polygon", "coordinates": [ [ [ 129.092614752514606, 35.25177200405362 ], [ 129.092821400966699, 35.251687286371322 ], [ 129.093452480787448, 35.251926715632024 ], [ 129.093955306967786, 35.253225234325164 ], [ 129.093404885351504, 35.253394736868771 ], [ 129.09374232361958, 35.254296078287481 ], [ 129.093578342010971, 35.254365147021502 ], [ 129.094358055736421, 35.255141868616981 ], [ 129.094423656487351, 35.255683873165623 ], [ 129.094867675061266, 35.255751706978231 ], [ 129.095077594073757, 35.256671515297775 ], [ 129.095878892766791, 35.256942324069151 ], [ 129.096658393237561, 35.256505239924167 ], [ 129.098427675770751, 35.257499572824713 ], [ 129.09933977079254, 35.260369683480157 ], [ 129.099580276265925, 35.260566937266745 ], [ 129.100624361602911, 35.260620205809843 ], [ 129.101756766248542, 35.260889619170236 ], [ 129.103129158578326, 35.26006827178518 ], [ 129.102254102168644, 35.25772018114121 ], [ 129.102965999681317, 35.256491151981294 ], [ 129.103926156597851, 35.255966504971134 ], [ 129.105233668941082, 35.255640906802746 ], [ 129.103603877699214, 35.253019339133026 ], [ 129.104075761871087, 35.252415122319832 ], [ 129.102283711654792, 35.2517225235068 ], [ 129.101986456659318, 35.251272192714119 ], [ 129.10222691012325, 35.250253394973285 ], [ 129.104579377936119, 35.247661279371279 ], [ 129.103826805729142, 35.247197090967404 ], [ 129.103363675112831, 35.24551140436585 ], [ 129.103494764677038, 35.244898327086318 ], [ 129.104569648409921, 35.243401216169268 ], [ 129.104326809574388, 35.242491067402746 ], [ 129.104095924061397, 35.242256977998714 ], [ 129.104457288130021, 35.241283240069968 ], [ 129.104269446686573, 35.240052698744798 ], [ 129.098749232670997, 35.240069883579913 ], [ 129.097838956178748, 35.242436306555817 ], [ 129.096854193093833, 35.242672562595374 ], [ 129.097222178302331, 35.242972516922606 ], [ 129.096784215085478, 35.243359508217317 ], [ 129.093525572759461, 35.240732206972105 ], [ 129.093383776440618, 35.239846409215033 ], [ 129.092618215747791, 35.239928661490303 ], [ 129.091834469363647, 35.234943558610105 ], [ 129.08933169395749, 35.234978863644272 ], [ 129.08830059822256, 35.237684114638526 ], [ 129.088245187052024, 35.240488516939237 ], [ 129.088687504275384, 35.241192867603786 ], [ 129.090544780254788, 35.243054487007775 ], [ 129.091057130130508, 35.244454868013278 ], [ 129.092943110759109, 35.246198434824812 ], [ 129.091738007727685, 35.249688607518308 ], [ 129.092614752514606, 35.25177200405362 ] ] ] } },
{ "type": "Feature", "properties": { "학교코드(KEDI)": "214021199", "학교명_20251001": "낙민초등학교", "행정구_20251001": "동래구" }, "geometry": { "type": "Polygon", "coordinates": [ [ [ 129.084295191814533, 35.201651258401633 ], [ 129.089361304924068, 35.200717144154353 ], [ 129.09136212588075, 35.199890081950322 ], [ 129.091400756742132, 35.199987103704785 ], [ 129.096534744068322, 35.198306720573733 ], [ 129.093685330365332, 35.19584138367307 ], [ 129.090905238287093, 35.196250743446299 ], [ 129.090498918503471, 35.194664239206354 ], [ 129.09224035461213, 35.194538483279793 ], [ 129.090982193239796, 35.19340398007698 ], [ 129.089432076300028, 35.193540105622361 ], [ 129.08716968307624, 35.194084163586425 ], [ 129.084348975423893, 35.195302957920489 ], [ 129.082682639210674, 35.196600227410897 ], [ 129.082604520409433, 35.196809430463276 ], [ 129.083809554170216, 35.197536815858008 ], [ 129.084521701309114, 35.19860836611101 ], [ 129.084612055817075, 35.199409368852628 ], [ 129.083974115490292, 35.201415136774401 ], [ 129.084295191814533, 35.201651258401633 ] ] ] } },
{ "type": "Feature", "properties": { "학교코드(KEDI)": "214021208", "학교명_20251001": "남산초등학교", "행정구_20251001": "금정구" }, "geometry": { "type": "Polygon", "coordinates": [ [ [ 129.096629007791336, 35.265597519250498 ], [ 129.096816412286813, 35.265193046252222 ], [ 129.095627267602737, 35.263147919725817 ], [ 129.096394314364034, 35.261254508356672 ], [ 129.095559044002556, 35.260232352651371 ], [ 129.093719402305737, 35.258743605964852 ], [ 129.093645762254766, 35.258313714570484 ], [ 129.091451797468409, 35.257974835551707 ], [ 129.088135969028542, 35.257966556793846 ], [ 129.085372189501413, 35.258331348533254 ], [ 129.085052164372371, 35.258661128012804 ], [ 129.08475193754677, 35.258742600266338 ], [ 129.083275702373328, 35.258399713481182 ], [ 129.083468589230193, 35.261731028951914 ], [ 129.084180379470922, 35.264527947180824 ], [ 129.084967583352721, 35.264392297639503 ], [ 129.086660935872885, 35.263171860258034 ], [ 129.086948611376755, 35.264223774626238 ], [ 129.088432010665088, 35.263971663142648 ], [ 129.089088733616222, 35.266994116089528 ], [ 129.093202074407429, 35.266858596501152 ], [ 129.093850573750672, 35.265502799073069 ], [ 129.096629007791336, 35.265597519250498 ] ] ] } },
{ "type": "Feature", "properties": { "학교코드(KEDI)": "214021214", "학교명_20251001": "미남초등학교", "행정구_20251001": "동래구" }, "geometry": { "type": "Polygon", "coordinates": [ [ [ 129.069672810072035, 35.20788155437986 ], [ 129.07758435464163, 35.204470701493605 ], [ 129.077602255365065, 35.204559901212782 ], [ 129.078474395192643, 35.204201058454913 ], [ 129.078500005712272, 35.202524972141227 ], [ 129.075411219952144, 35.202666035232504 ], [ 129.071819045794541, 35.201252093375068 ], [ 129.069848915090461, 35.200751375458168 ], [ 129.069433868752668, 35.201934190705686 ], [ 129.069587853447416, 35.205699143506344 ], [ 129.068893252126003, 35.205525139469685 ], [ 129.068277934224483, 35.205580377474433 ], [ 129.069672810072035, 35.20788155437986 ] ] ] } },
{ "type": "Feature", "properties": { "학교코드(KEDI)": "214021217", "학교명_20251001": "내산초등학교", "행정구_20251001": "동래구" }, "geometry": { "type": "Polygon", "coordinates": [ [ [ 129.078960442572537, 35.211434352937296 ], [ 129.078464222479028, 35.209719662141261 ], [ 129.07845898894422, 35.206563990533617 ], [ 129.078285599632125, 35.206556614667839 ], [ 129.078301185394764, 35.204660826112836 ], [ 129.078473165514453, 35.204657442136131 ], [ 129.078474395192643, 35.204201058454913 ], [ 129.077602255365065, 35.204559901212782 ], [ 129.07758435464163, 35.204470701493605 ], [ 129.069621718700375, 35.207900136630954 ], [ 129.069980639887632, 35.208873290291514 ], [ 129.071708697734067, 35.208706922933573 ], [ 129.071788568853236, 35.209220565681463 ], [ 129.073051495914399, 35.209141677065432 ], [ 129.073318227575896, 35.210296293331893 ], [ 129.073913893531227, 35.210414840492888 ], [ 129.07500414309925, 35.210115997249531 ], [ 129.075481117140782, 35.211236136923006 ], [ 129.076329898494777, 35.210984677709277 ], [ 129.077372119602046, 35.213441158847807 ], [ 129.078960442572537, 35.211434352937296 ] ] ] } },
{ "type": "Feature", "properties": { "학교코드(KEDI)": "214021226", "학교명_20251001": "내성초등학교", "행정구_20251001": "동래구" }, "geometry": { "type": "Polygon", "coordinates": [ [ [ 129.090651742105507, 35.210577332665501 ], [ 129.093893146681211, 35.209563923833635 ], [ 129.094397699598431, 35.208256097215163 ], [ 129.095155913962543, 35.207312389894525 ], [ 129.095551187048812, 35.207252948365735 ], [ 129.095275070943757, 35.207116365602459 ], [ 129.095823811745703, 35.206473335233284 ], [ 129.095914379560497, 35.205903325746227 ], [ 129.095526097867292, 35.204795569100781 ], [ 129.094926294259892, 35.203831370193662 ], [ 129.094283857037453, 35.203419236179364 ], [ 129.093820715618534, 35.203423871564326 ], [ 129.093496770067418, 35.202711143415577 ], [ 129.09315158683421, 35.20241066471327 ], [ 129.093466478732779, 35.20234361430574 ], [ 129.094853871460856, 35.202744184689813 ], [ 129.094895052139947, 35.202446004264942 ], [ 129.094672127518635, 35.202405264529908 ], [ 129.094393062074289, 35.201731491029243 ], [ 129.094857337381171, 35.201350839182339 ], [ 129.095176030805732, 35.200866078968922 ], [ 129.09525719926134, 35.200350858145846 ], [ 129.096709746446265, 35.19849743830185 ], [ 129.096534744068322, 35.198306720573733 ], [ 129.091400756742132, 35.199987103704785 ], [ 129.09136212588075, 35.199890081950322 ], [ 129.089361304924068, 35.200717144154353 ], [ 129.084295191814533, 35.201651258401633 ], [ 129.08404188403793, 35.201404504257205 ], [ 129.083700483417999, 35.201458068257836 ], [ 129.083444643533625, 35.201677060018923 ], [ 129.083784372475066, 35.202453446671754 ], [ 129.08418400248226, 35.204827192016694 ], [ 129.086152495972613, 35.205410216649334 ], [ 129.086154353623556, 35.205624771189349 ], [ 129.086667120437966, 35.205654676858884 ], [ 129.087036597336038, 35.207463354270253 ], [ 129.086844742385722, 35.207770660183279 ], [ 129.085819144605068, 35.207740834648966 ], [ 129.0858833183608, 35.208423801111216 ], [ 129.086605235795474, 35.208900108475255 ], [ 129.086995728266885, 35.208971941345169 ], [ 129.087239863373497, 35.209388280016469 ], [ 129.087952522459886, 35.209817896873375 ], [ 129.089964589322676, 35.209755691713326 ], [ 129.090651742105507, 35.210577332665501 ] ] ] } },
{ "type": "Feature", "properties": { "학교코드(KEDI)": "214021235", "학교명_20251001": "달북초등학교", "행정구_20251001": "동래구" }, "geometry": { "type": "Polygon", "coordinates": [ [ [ 129.051218134960408, 35.21295533588782 ], [ 129.056069488554016, 35.211715437113341 ], [ 129.056946426372264, 35.211828872979801 ], [ 129.057651975361011, 35.211393543478906 ], [ 129.058745368967408, 35.211647198687139 ], [ 129.059957705560294, 35.211652915798631 ], [ 129.060750669759017, 35.211907151127569 ], [ 129.061586877430017, 35.211740428844628 ], [ 129.063043249534104, 35.211037213380159 ], [ 129.064446116881243, 35.210099784017125 ], [ 129.064605409577382, 35.209824069196657 ], [ 129.062788593136645, 35.207144945718596 ], [ 129.062703481609645, 35.205492943899962 ], [ 129.062500688483397, 35.204973888226782 ], [ 129.059477136629198, 35.201854518149503 ], [ 129.059951319029693, 35.201734175758013 ], [ 129.058695043284473, 35.200833112942291 ], [ 129.058391309126137, 35.201597827569252 ], [ 129.056856184435105, 35.201302866992322 ], [ 129.056253452063686, 35.202730977584046 ], [ 129.055471034050839, 35.202661284981161 ], [ 129.055394975311145, 35.203622409847554 ], [ 129.055017173241822, 35.203748621147462 ], [ 129.054645028050373, 35.204570734948568 ], [ 129.05486132522978, 35.204708400459261 ], [ 129.054704043643738, 35.206441482945237 ], [ 129.05274296813883, 35.207014865853928 ], [ 129.05233652540764, 35.207403780729194 ], [ 129.052362354153843, 35.207560279261727 ], [ 129.050805655536521, 35.208278178772638 ], [ 129.051219998847358, 35.209289709920959 ], [ 129.051314688872765, 35.210995219004005 ], [ 129.051101479264474, 35.212518817388847 ], [ 129.051218134960408, 35.21295533588782 ] ] ] } },
{ "type": "Feature", "properties": { "학교코드(KEDI)": "214021249", "학교명_20251001": "예원초등학교", "행정구_20251001": "동래구" }, "geometry": { "type": "Polygon", "coordinates": [ [ [ 129.059860960971974, 35.191229774045908 ], [ 129.058531215329907, 35.195261714005319 ], [ 129.054334898711829, 35.194431992092532 ], [ 129.053299455502923, 35.197829626871069 ], [ 129.057162179246149, 35.19860931661573 ], [ 129.057150008125518, 35.198818656855678 ], [ 129.058618861864204, 35.198492200772243 ], [ 129.060089080700749, 35.198798496121583 ], [ 129.061001739577478, 35.199460708852548 ], [ 129.063014669981328, 35.197531351098085 ], [ 129.06471970911997, 35.192130530363329 ], [ 129.059860960971974, 35.191229774045908 ] ] ] } },
{ "type": "Feature", "properties": { "학교코드(KEDI)": "214021253", "학교명_20251001": "동상초등학교", "행정구_20251001": "금정구" }, "geometry": { "type": "Polygon", "coordinates": [ [ [ 129.102699988994459, 35.214949789304669 ], [ 129.108481116484114, 35.214076568283268 ], [ 129.10891091991536, 35.213429695747301 ], [ 129.109372296969468, 35.213315654889264 ], [ 129.109450061478043, 35.21349407882888 ], [ 129.111115732605924, 35.213997014618791 ], [ 129.111169039030329, 35.21389156360069 ], [ 129.110754590508975, 35.213481543847571 ], [ 129.109797376530594, 35.212754338004892 ], [ 129.109780018962681, 35.212083720719626 ], [ 129.110843605936708, 35.211155286197929 ], [ 129.11060732738224, 35.210803296015698 ], [ 129.110667053716298, 35.210379707277887 ], [ 129.110239776957371, 35.210137369710402 ], [ 129.109403926922283, 35.210137423652156 ], [ 129.109046573836082, 35.209772631855287 ], [ 129.108213036993902, 35.21006086514231 ], [ 129.107403448350624, 35.210745039479121 ], [ 129.10634984121512, 35.209540774598253 ], [ 129.105120777330342, 35.210285309574523 ], [ 129.105043777053993, 35.210213286560339 ], [ 129.105055149224057, 35.210321509311832 ], [ 129.104737918272065, 35.210448739172378 ], [ 129.104550687214015, 35.210357217068349 ], [ 129.104115908353208, 35.210646294216694 ], [ 129.104163534771146, 35.210922300253181 ], [ 129.102655688557633, 35.211347924952442 ], [ 129.102833989556075, 35.211896790291092 ], [ 129.103219401934638, 35.211807778549364 ], [ 129.103408132965512, 35.212392913941088 ], [ 129.102710107538996, 35.21254613468728 ], [ 129.102026622483123, 35.21339452833476 ], [ 129.101897035153655, 35.214001187265133 ], [ 129.101428798017707, 35.213824218779592 ], [ 129.099920823792871, 35.215376689755125 ], [ 129.099363995466803, 35.215681759323857 ], [ 129.099641801744724, 35.216165305470106 ], [ 129.102699988994459, 35.214949789304669 ] ] ] } },
{ "type": "Feature", "properties": { "학교코드(KEDI)": "214021262", "학교명_20251001": "동현초등학교", "행정구_20251001": "금정구" }, "geometry": { "type": "Polygon", "coordinates": [ [ [ 129.100513021084907, 35.224928389354112 ], [ 129.098858629262395, 35.224202089824388 ], [ 129.099320361436753, 35.223402496274275 ], [ 129.099338946873132, 35.223108906664244 ], [ 129.098954071740138, 35.222718599563457 ], [ 129.097822262019719, 35.222094469049779 ], [ 129.095563989306072, 35.22125800498609 ], [ 129.095422178148993, 35.221574465405602 ], [ 129.094794180511997, 35.221624491460247 ], [ 129.093817235973034, 35.221184338548085 ], [ 129.093599208661431, 35.220959694334496 ], [ 129.093611650841353, 35.220427347867911 ], [ 129.094182483223136, 35.220140892090136 ], [ 129.093686852590565, 35.219585561746761 ], [ 129.093969659093972, 35.219397323627206 ], [ 129.093923520421811, 35.219049061562984 ], [ 129.092954254477348, 35.218752514627113 ], [ 129.092670140883428, 35.219075111616185 ], [ 129.090693785718003, 35.219510528822369 ], [ 129.090566292747866, 35.218633581964824 ], [ 129.089582015987816, 35.218839149051547 ], [ 129.089055752193985, 35.218166312538997 ], [ 129.087372679681891, 35.218474713696729 ], [ 129.08835169434272, 35.220452318717903 ], [ 129.08709982874484, 35.221432402619911 ], [ 129.088358558522856, 35.223854161347525 ], [ 129.088774873295819, 35.226561135690901 ], [ 129.091783619246257, 35.225774953900462 ], [ 129.093163431637493, 35.225682302120646 ], [ 129.093128282351955, 35.225446510463186 ], [ 129.093366297466645, 35.225240014310224 ], [ 129.094012342986844, 35.225079436567036 ], [ 129.095496711898164, 35.224344919471626 ], [ 129.095751382160188, 35.224408527476065 ], [ 129.095782296148627, 35.224627585252435 ], [ 129.096908394176126, 35.224715726929041 ], [ 129.098117119061953, 35.225481835451085 ], [ 129.102945548147375, 35.227340665160717 ], [ 129.102075695244594, 35.225828501209833 ], [ 129.100513021084907, 35.224928389354112 ] ] ] } },
{ "type": "Feature", "properties": { "학교코드(KEDI)": "214021264", "학교명_20251001": "동명초등학교", "행정구_20251001": "연제구" }, "geometry": { "type": "Polygon", "coordinates": [ [ [ 129.091941562825696, 35.180085837304574 ], [ 129.093500482066986, 35.179644048995137 ], [ 129.094793220560746, 35.180054512209061 ], [ 129.095995407512618, 35.180188159506748 ], [ 129.096255487965124, 35.179865912162207 ], [ 129.097451602680991, 35.179429518263788 ], [ 129.096791266357997, 35.1779968542671 ], [ 129.096647650799923, 35.177185779116236 ], [ 129.09677690097422, 35.175112592929885 ], [ 129.09647883273567, 35.17348131655222 ], [ 129.087172170296526, 35.174554976491059 ], [ 129.087126691162524, 35.175861959772355 ], [ 129.087493218645477, 35.175989929235229 ], [ 129.0874683205775, 35.178116983597548 ], [ 129.086698391264378, 35.179343645569425 ], [ 129.086585018194626, 35.179837510756492 ], [ 129.089224862370543, 35.179837646336964 ], [ 129.089459916105909, 35.179944221885719 ], [ 129.08959979235479, 35.179781581788333 ], [ 129.090696586928203, 35.179848983677296 ], [ 129.091391540143832, 35.180467534036282 ], [ 129.091941562825696, 35.180085837304574 ] ] ] } },
{ "type": "Feature", "properties": { "학교코드(KEDI)": "214021271", "학교명_20251001": "명동초등학교", "행정구_20251001": "동래구" }, "geometry": { "type": "Polygon", "coordinates": [ [ [ 129.107403448350624, 35.210745039479121 ], [ 129.108213036993902, 35.21006086514231 ], [ 129.109046573836082, 35.209772631855287 ], [ 129.109403926922283, 35.210137423652156 ], [ 129.110239208665291, 35.210155117769823 ], [ 129.110307350690078, 35.208598060077364 ], [ 129.110724488085083, 35.20809023362667 ], [ 129.11066356852939, 35.207711686569723 ], [ 129.110898756307137, 35.20709425050962 ], [ 129.110886097792957, 35.205796123603633 ], [ 129.111083025623429, 35.204752373363867 ], [ 129.111589141681378, 35.20467958292992 ], [ 129.11158345871732, 35.204290604143786 ], [ 129.11106136627356, 35.20432117061624 ], [ 129.110653548770074, 35.203974411949538 ], [ 129.11067115637934, 35.203673075155407 ], [ 129.110374617377659, 35.203809986434187 ], [ 129.110011682051493, 35.203648881100307 ], [ 129.109486198801051, 35.203992025566798 ], [ 129.109112825473488, 35.203745522952275 ], [ 129.110997155150699, 35.201841665271687 ], [ 129.108177499958231, 35.202082171217924 ], [ 129.108157009596681, 35.20175779164741 ], [ 129.105938192730918, 35.201976086456668 ], [ 129.105963077230371, 35.202282836641324 ], [ 129.104901036554992, 35.202375882659034 ], [ 129.10474506838267, 35.202945022125263 ], [ 129.104085367382311, 35.203002661603506 ], [ 129.104280511657919, 35.203543266663608 ], [ 129.106098073927399, 35.203389644217971 ], [ 129.106152301791838, 35.20390515349871 ], [ 129.103082881276066, 35.204309041563924 ], [ 129.102980167373119, 35.203779213947662 ], [ 129.101630956625172, 35.20403274282944 ], [ 129.101438405550624, 35.203499944426326 ], [ 129.100854561950541, 35.203751524534823 ], [ 129.101942875319878, 35.205802022650573 ], [ 129.102080339661143, 35.205749734179001 ], [ 129.102423713074728, 35.206259729273391 ], [ 129.103329802592981, 35.207037518581686 ], [ 129.10349261113339, 35.207495472729455 ], [ 129.103543613962273, 35.209295141378583 ], [ 129.103791468701246, 35.209702988964139 ], [ 129.105050781488302, 35.210323299263464 ], [ 129.105043777053993, 35.210213286560339 ], [ 129.105120777330342, 35.210285309574523 ], [ 129.10634984121512, 35.209540774598253 ], [ 129.107403448350624, 35.210745039479121 ] ] ] } },
{ "type": "Feature", "properties": { "학교코드(KEDI)": "214021280", "학교명_20251001": "명륜초등학교", "행정구_20251001": "동래구" }, "geometry": { "type": "Polygon", "coordinates": [ [ [ 129.082888341160384, 35.21596303973741 ], [ 129.083935286055038, 35.215199959267672 ], [ 129.085350770690269, 35.214881294126783 ], [ 129.086201011338034, 35.214844993568526 ], [ 129.086019105865489, 35.214666166383985 ], [ 129.085380465591953, 35.214667304535723 ], [ 129.085396057727024, 35.214561971690692 ], [ 129.090032737229677, 35.212576776081391 ], [ 129.090907311889652, 35.211973204325687 ], [ 129.091900311515445, 35.211697692000577 ], [ 129.09315117759553, 35.210996772760289 ], [ 129.092614916311391, 35.210039109907022 ], [ 129.091663790460416, 35.210191455922704 ], [ 129.090651742105507, 35.210577332665501 ], [ 129.090007570606417, 35.209771847831178 ], [ 129.087952522459886, 35.209817896873375 ], [ 129.087239863373497, 35.209388280016469 ], [ 129.086995728266885, 35.208971941345169 ], [ 129.086605235795474, 35.208900108475255 ], [ 129.0858833183608, 35.208423801111216 ], [ 129.085819144605068, 35.207740834648966 ], [ 129.086844742385722, 35.207770660183279 ], [ 129.087036597336038, 35.207463354270253 ], [ 129.086667120437966, 35.205654676858884 ], [ 129.086154353623556, 35.205624771189349 ], [ 129.086152495972613, 35.205410216649334 ], [ 129.08418400248226, 35.204827192016694 ], [ 129.083784372475066, 35.202453446671754 ], [ 129.083457283000797, 35.201880808275988 ], [ 129.081170780424458, 35.203079668211771 ], [ 129.078474395192643, 35.204201058454913 ], [ 129.078473165514453, 35.204657442136131 ], [ 129.078301185394764, 35.204660826112836 ], [ 129.078285599632125, 35.206556614667839 ], [ 129.07845898894422, 35.206563990533617 ], [ 129.078537100604763, 35.210243479249435 ], [ 129.079163947089114, 35.21179276568656 ], [ 129.078954255854853, 35.211904049258521 ], [ 129.079966417939488, 35.213429300826519 ], [ 129.080199337830294, 35.213338427392102 ], [ 129.081118183241898, 35.214639652977766 ], [ 129.081701594128504, 35.215177457144073 ], [ 129.082888341160384, 35.21596303973741 ] ], [ [ 129.082293491157316, 35.214690604328332 ], [ 129.081750706730048, 35.214688432943113 ], [ 129.081555714596846, 35.214475808240557 ], [ 129.080605882456922, 35.213162991079678 ], [ 129.080773752070144, 35.213069807812111 ], [ 129.080672138139107, 35.21274072970958 ], [ 129.081361205423633, 35.212525557877392 ], [ 129.081433255981011, 35.212753281335779 ], [ 129.082233964383562, 35.212563402778628 ], [ 129.082299019072025, 35.212777952268048 ], [ 129.082708520901491, 35.212688850526291 ], [ 129.082920902368159, 35.213697495640496 ], [ 129.082741788222933, 35.213724259630681 ], [ 129.083290834858843, 35.214808704950713 ], [ 129.082919453571975, 35.214927843181755 ], [ 129.082293491157316, 35.214690604328332 ] ], [ [ 129.08337196086967, 35.214572468615074 ], [ 129.08308853074567, 35.213140398373383 ], [ 129.085892889438725, 35.212865204985292 ], [ 129.085909441334934, 35.213330333922322 ], [ 129.084496840962714, 35.213804829234931 ], [ 129.084646113790939, 35.214097910944083 ], [ 129.084046032903814, 35.214535512181392 ], [ 129.083904478326048, 35.214362465200622 ], [ 129.08337196086967, 35.214572468615074 ] ] ] } },
{ "type": "Feature", "properties": { "학교코드(KEDI)": "214021289", "학교명_20251001": "명서초등학교", "행정구_20251001": "동래구" }, "geometry": { "type": "Polygon", "coordinates": [ [ [ 129.10075499166112, 35.214537511415507 ], [ 129.101428798017707, 35.213824218779592 ], [ 129.101897035153655, 35.214001187265133 ], [ 129.102026622483123, 35.21339452833476 ], [ 129.102710107538996, 35.21254613468728 ], [ 129.103408132965512, 35.212392913941088 ], [ 129.103219401934638, 35.211807778549364 ], [ 129.102833989556075, 35.211896790291092 ], [ 129.102655688557633, 35.211347924952442 ], [ 129.104163534771146, 35.210922300253181 ], [ 129.104115908353208, 35.210646294216694 ], [ 129.104550687214015, 35.210357217068349 ], [ 129.104737918272065, 35.210448739172378 ], [ 129.105050781488302, 35.210323299263464 ], [ 129.103791468701246, 35.209702988964139 ], [ 129.102022973310568, 35.209167807305121 ], [ 129.101731769298823, 35.209411293861862 ], [ 129.101199931337874, 35.209155394759662 ], [ 129.100251524565522, 35.208967762183526 ], [ 129.099978101492326, 35.208423642858634 ], [ 129.099165892601178, 35.20800568656324 ], [ 129.098291689446484, 35.208889349151448 ], [ 129.098902301523935, 35.209280433470035 ], [ 129.098439692066876, 35.209961250695315 ], [ 129.098418810764201, 35.210282289846866 ], [ 129.099055051383772, 35.211229829917087 ], [ 129.097896128081203, 35.21278492931102 ], [ 129.09831937018933, 35.212910264940376 ], [ 129.098397423102085, 35.212630893144848 ], [ 129.098911402666403, 35.213218402772981 ], [ 129.098729800695111, 35.213395748551626 ], [ 129.099147487993889, 35.213380729201582 ], [ 129.099078584204307, 35.214106450409446 ], [ 129.100138112149295, 35.214137487133833 ], [ 129.10075499166112, 35.214537511415507 ] ] ] } },
{ "type": "Feature", "properties": { "학교코드(KEDI)": "214021298", "학교명_20251001": "명장초등학교", "행정구_20251001": "동래구" }, "geometry": { "type": "Polygon", "coordinates": [ [ [ 129.093868930625746, 35.215442052387466 ], [ 129.094595452198888, 35.215482790779724 ], [ 129.094382630294149, 35.215269290280013 ], [ 129.094585264485687, 35.215172251279633 ], [ 129.094560487841562, 35.214974764574187 ], [ 129.095647093167997, 35.21453549171904 ], [ 129.096090865575775, 35.214911866390217 ], [ 129.098420214626543, 35.21369807843368 ], [ 129.098911402666403, 35.213218402772981 ], [ 129.098397423102085, 35.212630893144848 ], [ 129.09831937018933, 35.212910264940376 ], [ 129.097896128081203, 35.21278492931102 ], [ 129.099055051383772, 35.211229829917087 ], [ 129.098418810764201, 35.210282289846866 ], [ 129.098439692066876, 35.209961250695315 ], [ 129.098902301523935, 35.209280433470035 ], [ 129.098291689446484, 35.208889349151448 ], [ 129.099165892601178, 35.20800568656324 ], [ 129.099978101492326, 35.208423642858634 ], [ 129.100251524565522, 35.208967762183526 ], [ 129.101199931337874, 35.209155394759662 ], [ 129.101731769298823, 35.209411293861862 ], [ 129.102022973310568, 35.209167807305121 ], [ 129.103791468701246, 35.209702988964139 ], [ 129.103543613962273, 35.209295141378583 ], [ 129.10349261113339, 35.207495472729455 ], [ 129.103329802592981, 35.207037518581686 ], [ 129.102423713074728, 35.206259729273391 ], [ 129.102080339661143, 35.205749734179001 ], [ 129.101942875319878, 35.205802022650573 ], [ 129.100845002140318, 35.203736044732437 ], [ 129.099047027469709, 35.202269164528687 ], [ 129.097187364874287, 35.199354449665179 ], [ 129.096717557031013, 35.199559153823117 ], [ 129.096665163377736, 35.199900147149144 ], [ 129.097313048408211, 35.201267874119154 ], [ 129.097264426090334, 35.201361724240101 ], [ 129.096493691546755, 35.201176625406312 ], [ 129.096279052220098, 35.201885759149533 ], [ 129.094925058621641, 35.203833958054254 ], [ 129.095526097867292, 35.204795569100781 ], [ 129.095914379560497, 35.205903325746227 ], [ 129.095823811745703, 35.206473335233284 ], [ 129.095275070943757, 35.207116365602459 ], [ 129.095551187048812, 35.207252948365735 ], [ 129.095155913962543, 35.207312389894525 ], [ 129.094397699598431, 35.208256097215163 ], [ 129.093893146681211, 35.209563923833635 ], [ 129.0932072444688, 35.209709832914562 ], [ 129.092614916311391, 35.210039109907022 ], [ 129.09315117759553, 35.210996772760289 ], [ 129.092751964264522, 35.211675591255627 ], [ 129.09302919289496, 35.212130354073174 ], [ 129.092711477680211, 35.212732243059691 ], [ 129.092704021626247, 35.213144777274643 ], [ 129.093034700413767, 35.213526794080394 ], [ 129.093745575628304, 35.215262398922988 ], [ 129.093868930625746, 35.215442052387466 ] ] ] } },
{ "type": "Feature", "properties": { "학교코드(KEDI)": "214021316", "학교명_20251001": "부곡초등학교", "행정구_20251001": "금정구" }, "geometry": { "type": "Polygon", "coordinates": [ [ [ 129.097838956178748, 35.242436306555817 ], [ 129.098749232670997, 35.240069883579913 ], [ 129.104269446686573, 35.240052698744798 ], [ 129.105727806795784, 35.23835272497476 ], [ 129.105276465747323, 35.23762305194542 ], [ 129.105385246192355, 35.236784656691306 ], [ 129.104944557283744, 35.235775573818295 ], [ 129.103756370836919, 35.234289347804456 ], [ 129.103920758719539, 35.234009820155514 ], [ 129.103117296444793, 35.232892848024967 ], [ 129.102786042181435, 35.231640242383186 ], [ 129.095596007473517, 35.230361116720339 ], [ 129.093998109857409, 35.230203998517695 ], [ 129.093924305163455, 35.229593706582833 ], [ 129.09231428641678, 35.229738944412347 ], [ 129.089411692537425, 35.230273703274271 ], [ 129.089069422391077, 35.231967562595543 ], [ 129.089554809468467, 35.233514459230356 ], [ 129.08957003558001, 35.23427320319 ], [ 129.08933169395749, 35.234978863644272 ], [ 129.091834469363647, 35.234943558610105 ], [ 129.092618215747791, 35.239928661490303 ], [ 129.093383776440618, 35.239846409215033 ], [ 129.093525572759461, 35.240732206972105 ], [ 129.096784215085478, 35.243359508217317 ], [ 129.097222178302331, 35.242972516922606 ], [ 129.096854193093833, 35.242672562595374 ], [ 129.097838956178748, 35.242436306555817 ] ] ] } },
{ "type": "Feature", "properties": { "학교코드(KEDI)": "214021325", "학교명_20251001": "사직초등학교", "행정구_20251001": "동래구" }, "geometry": { "type": "Polygon", "coordinates": [ [ [ 129.054645028050373, 35.204570734948568 ], [ 129.055017173241822, 35.203748621147462 ], [ 129.055394975311145, 35.203622409847554 ], [ 129.055471034050839, 35.202661284981161 ], [ 129.056253452063686, 35.202730977584046 ], [ 129.056856184435105, 35.201302866992322 ], [ 129.058391309126137, 35.201597827569252 ], [ 129.059049103471352, 35.199648894646671 ], [ 129.059921661753947, 35.199348401606379 ], [ 129.060089080700749, 35.198798496121583 ], [ 129.058618861864204, 35.198492200772243 ], [ 129.057150008125518, 35.198818656855678 ], [ 129.057162179246149, 35.19860931661573 ], [ 129.053299455502923, 35.197829626871069 ], [ 129.053499815715753, 35.197172197998832 ], [ 129.051177489438516, 35.19726468809435 ], [ 129.050544718438914, 35.197224940470065 ], [ 129.050477511634597, 35.196862470358205 ], [ 129.046083365427364, 35.196852579311575 ], [ 129.044606952523367, 35.198415316925391 ], [ 129.044128483019676, 35.199461267290921 ], [ 129.04421631868999, 35.201721683657119 ], [ 129.04656411523888, 35.201859316224642 ], [ 129.046823452625716, 35.203800165185335 ], [ 129.047454213055715, 35.204366243784555 ], [ 129.047736785961973, 35.20423798130323 ], [ 129.048066893857651, 35.205046104083429 ], [ 129.050012332533498, 35.206618379932301 ], [ 129.050421585132881, 35.207201848050296 ], [ 129.050805655536521, 35.208278178772638 ], [ 129.052362354153843, 35.207560279261727 ], [ 129.05233652540764, 35.207403780729194 ], [ 129.05274296813883, 35.207014865853928 ], [ 129.054704043643738, 35.206441482945237 ], [ 129.05486132522978, 35.204708400459261 ], [ 129.054645028050373, 35.204570734948568 ] ] ] } },
{ "type": "Feature", "properties": { "학교코드(KEDI)": "214021352", "학교명_20251001": "서명초등학교", "행정구_20251001": "금정구" }, "geometry": { "type": "Polygon", "coordinates": [ [ [ 129.090693785718003, 35.219510528822369 ], [ 129.092670140883428, 35.219075111616185 ], [ 129.093207219424386, 35.218624714429751 ], [ 129.093224642020289, 35.218101761714124 ], [ 129.0948010803709, 35.217244111537845 ], [ 129.0951187776474, 35.217637118985138 ], [ 129.096322987963759, 35.21697305247546 ], [ 129.098935214746007, 35.216445897330118 ], [ 129.099641801744724, 35.216165305470106 ], [ 129.099363995466803, 35.215681759323857 ], [ 129.099920823792871, 35.215376689755125 ], [ 129.10075499166112, 35.214537511415507 ], [ 129.100138112149295, 35.214137487133833 ], [ 129.099078584204307, 35.214106450409446 ], [ 129.099147487993889, 35.213380729201582 ], [ 129.098729800695111, 35.213395748551626 ], [ 129.098420214626543, 35.21369807843368 ], [ 129.096090865575775, 35.214911866390217 ], [ 129.095647093167997, 35.21453549171904 ], [ 129.09454985039838, 35.214980342957183 ], [ 129.094585264485687, 35.215172251279633 ], [ 129.094382630294149, 35.215269290280013 ], [ 129.094595452198888, 35.215482790779724 ], [ 129.093756203650372, 35.215478766354416 ], [ 129.092113660206508, 35.216560170640143 ], [ 129.090828994750495, 35.216804553022278 ], [ 129.090739443632174, 35.218597418386729 ], [ 129.090566292747866, 35.218633581964824 ], [ 129.090693785718003, 35.219510528822369 ] ] ] } },
{ "type": "Feature", "properties": { "학교코드(KEDI)": "214021361", "학교명_20251001": "수안초등학교", "행정구_20251001": "동래구" }, "geometry": { "type": "Polygon", "coordinates": [ [ [ 129.084612055817075, 35.199409368852628 ], [ 129.084521701309114, 35.19860836611101 ], [ 129.084042977838294, 35.197761273549887 ], [ 129.083474726153355, 35.197293136928295 ], [ 129.082591065325914, 35.196880880057861 ], [ 129.082517113706842, 35.197350216490676 ], [ 129.082001933309499, 35.198107729458343 ], [ 129.080564394709484, 35.199343488474291 ], [ 129.080355554929127, 35.199145302666061 ], [ 129.080067798299041, 35.199348548496744 ], [ 129.078788800832399, 35.201127217755165 ], [ 129.078516299558601, 35.202324120959474 ], [ 129.078474395192643, 35.204201058454913 ], [ 129.081170780424458, 35.203079668211771 ], [ 129.083457283000797, 35.201880808275988 ], [ 129.083444643533625, 35.201677060018923 ], [ 129.083974115490292, 35.201415136774401 ], [ 129.084612055817075, 35.199409368852628 ] ] ] } },
{ "type": "Feature", "properties": { "학교코드(KEDI)": "214021370", "학교명_20251001": "안남초등학교", "행정구_20251001": "동래구" }, "geometry": { "type": "Polygon", "coordinates": [ [ [ 129.112061839715608, 35.196453471970301 ], [ 129.113253755309984, 35.19592150049187 ], [ 129.113244291405181, 35.194335418160691 ], [ 129.11351692134599, 35.191959592304499 ], [ 129.114255151565345, 35.189498384402043 ], [ 129.114525744671994, 35.189167424717397 ], [ 129.114721522295753, 35.187981940786891 ], [ 129.115456666923535, 35.186500377356843 ], [ 129.115605948750357, 35.184371218537962 ], [ 129.115373744617102, 35.183325862272518 ], [ 129.114354158023588, 35.184273243812228 ], [ 129.113630086718388, 35.184514982833932 ], [ 129.109939220652933, 35.189008497717595 ], [ 129.110013120750608, 35.189110148737001 ], [ 129.108674600605639, 35.19014617001686 ], [ 129.107994120482232, 35.190363022056282 ], [ 129.106478745738258, 35.190130030321015 ], [ 129.105073528181322, 35.190284551764435 ], [ 129.104221400927202, 35.190604907827577 ], [ 129.106766247473615, 35.19554859408322 ], [ 129.107161983447384, 35.195990058505558 ], [ 129.10830852346416, 35.195532430022126 ], [ 129.108906302734624, 35.195680575545921 ], [ 129.110086462903354, 35.196119687557847 ], [ 129.111614463289129, 35.197474990175508 ], [ 129.111912699646837, 35.197455201070063 ], [ 129.111836603887127, 35.19682419389509 ], [ 129.112061839715608, 35.196453471970301 ] ] ] } },
{ "type": "Feature", "properties": { "학교코드(KEDI)": "214021379", "학교명_20251001": "안락초등학교", "행정구_20251001": "동래구" }, "geometry": { "type": "Polygon", "coordinates": [ [ [ 129.106152301791838, 35.20390515349871 ], [ 129.106098073927399, 35.203389644217971 ], [ 129.104280511657919, 35.203543266663608 ], [ 129.104083045247307, 35.203012742559785 ], [ 129.10474506838267, 35.202945022125263 ], [ 129.104901036554992, 35.202375882659034 ], [ 129.105963077230371, 35.202282836641324 ], [ 129.105938192730918, 35.201976086456668 ], [ 129.108157009596681, 35.20175779164741 ], [ 129.108095643568731, 35.200546970683618 ], [ 129.107485453600873, 35.200574075921281 ], [ 129.107432409252141, 35.19988713202472 ], [ 129.106426236830373, 35.199866020487221 ], [ 129.106366517987738, 35.199337858932971 ], [ 129.106088171940854, 35.199358043570079 ], [ 129.106012697167643, 35.198701738722754 ], [ 129.106399348275346, 35.198663178585718 ], [ 129.106277955367887, 35.197899337828524 ], [ 129.105926621525214, 35.197954214737159 ], [ 129.105847254775512, 35.197314403449681 ], [ 129.106797861315357, 35.197222815822279 ], [ 129.106735412199924, 35.19700782548459 ], [ 129.10653745063297, 35.196956882893453 ], [ 129.10648515831673, 35.196254643284831 ], [ 129.101746331847892, 35.196918788712985 ], [ 129.096534744068322, 35.198306720573733 ], [ 129.097064483305758, 35.198893221965292 ], [ 129.097298311774125, 35.199295881061559 ], [ 129.097187364874287, 35.199354449665179 ], [ 129.099047027469709, 35.202269164528687 ], [ 129.100854561950541, 35.203751524534823 ], [ 129.101438405550624, 35.203499944426326 ], [ 129.101630956625172, 35.20403274282944 ], [ 129.102980167373119, 35.203779213947662 ], [ 129.103082881276066, 35.204309041563924 ], [ 129.106152301791838, 35.20390515349871 ] ] ] } },
{ "type": "Feature", "properties": { "학교코드(KEDI)": "214021384", "학교명_20251001": "안민초등학교", "행정구_20251001": "동래구" }, "geometry": { "type": "Polygon", "coordinates": [ [ [ 129.097848447968744, 35.196173580210356 ], [ 129.097836639309094, 35.195454955620995 ], [ 129.099435261016851, 35.191748535981532 ], [ 129.090982193239796, 35.19340398007698 ], [ 129.09224035461213, 35.194538483279793 ], [ 129.090498918503471, 35.194664239206354 ], [ 129.090905238287093, 35.196250743446299 ], [ 129.093685330365332, 35.19584138367307 ], [ 129.095651563336418, 35.197521454515837 ], [ 129.096454040980575, 35.196221458752746 ], [ 129.097848447968744, 35.196173580210356 ] ] ] } },
{ "type": "Feature", "properties": { "학교코드(KEDI)": "214021388", "학교명_20251001": "여고초등학교", "행정구_20251001": "동래구" }, "geometry": { "type": "Polygon", "coordinates": [ [ [ 129.071815270869678, 35.201251127069469 ], [ 129.073376865140659, 35.197226236667028 ], [ 129.072831586215841, 35.196662354641042 ], [ 129.066292583426304, 35.195258041618402 ], [ 129.065325062285552, 35.198175393513381 ], [ 129.065992820112939, 35.198299049740378 ], [ 129.065778775590189, 35.199114728881831 ], [ 129.066215697095004, 35.199218361336406 ], [ 129.066317529878347, 35.198929163384982 ], [ 129.066727679179678, 35.198989406200916 ], [ 129.067481577294473, 35.199383436545702 ], [ 129.067061622803777, 35.199395836497956 ], [ 129.06690976796628, 35.199765648664005 ], [ 129.067773154696056, 35.200743286893207 ], [ 129.068687435349375, 35.200468465315751 ], [ 129.071815270869678, 35.201251127069469 ] ] ] } },
{ "type": "Feature", "properties": { "학교코드(KEDI)": "214021401", "학교명_20251001": "구서초등학교", "행정구_20251001": "금정구" }, "geometry": { "type": "Polygon", "coordinates": [ [ [ 129.086888351859301, 35.258057233763552 ], [ 129.091451797468409, 35.257974835551707 ], [ 129.09359677988823, 35.258331729187098 ], [ 129.093923326353632, 35.258211630518794 ], [ 129.095077594073757, 35.256671515297775 ], [ 129.094867675061266, 35.255751706978231 ], [ 129.094423656487351, 35.255683873165623 ], [ 129.094426779691361, 35.25527674583018 ], [ 129.09418981332999, 35.254945324390235 ], [ 129.093578342010971, 35.254365147021502 ], [ 129.09326971874907, 35.254479107601497 ], [ 129.0923156454744, 35.25339586544996 ], [ 129.091312752156398, 35.253392346392033 ], [ 129.091352914502494, 35.254106936595264 ], [ 129.089502891934899, 35.254082281636919 ], [ 129.087733239079768, 35.253904327828344 ], [ 129.087738583961681, 35.253192156693295 ], [ 129.084933810994443, 35.252873282360994 ], [ 129.084471637752614, 35.25315282750234 ], [ 129.083749320814661, 35.253078893380341 ], [ 129.083275702373328, 35.258399713481182 ], [ 129.08475193754677, 35.258742600266338 ], [ 129.085052164372371, 35.258661128012804 ], [ 129.085372189501413, 35.258331348533254 ], [ 129.086888351859301, 35.258057233763552 ] ] ] } },
{ "type": "Feature", "properties": { "학교코드(KEDI)": "214021462", "학교명_20251001": "연동초등학교", "행정구_20251001": "연제구" }, "geometry": { "type": "Polygon", "coordinates": [ [ [ 129.089688306693404, 35.190252383107541 ], [ 129.091538565268849, 35.189206186393562 ], [ 129.091130776838384, 35.188710790269894 ], [ 129.092154818545282, 35.188139501085523 ], [ 129.092969120608529, 35.187915087533696 ], [ 129.092630968800535, 35.186872031172477 ], [ 129.09239628332702, 35.186690111525806 ], [ 129.092410198775696, 35.186030174456441 ], [ 129.092915247796043, 35.184719652338551 ], [ 129.093778937763602, 35.183324098715836 ], [ 129.092729521709799, 35.182329614695938 ], [ 129.092935940452719, 35.182194267268926 ], [ 129.092481987981415, 35.181789330270483 ], [ 129.09207338066264, 35.181024157837072 ], [ 129.090696586928203, 35.179848983677296 ], [ 129.08959979235479, 35.179781581788333 ], [ 129.089459916105909, 35.179944221885719 ], [ 129.089224862370543, 35.179837646336964 ], [ 129.086584927088495, 35.179837510524344 ], [ 129.086218287006773, 35.181440544113471 ], [ 129.085912466432973, 35.181432345796509 ], [ 129.085532277921061, 35.181726205103963 ], [ 129.085477055631031, 35.181975533350361 ], [ 129.084782544179291, 35.181848317851411 ], [ 129.085121882186456, 35.181247112950572 ], [ 129.085312627595471, 35.179866790905507 ], [ 129.084461241820151, 35.17966223814161 ], [ 129.081980415023651, 35.185942203490335 ], [ 129.081736392648423, 35.186096263614644 ], [ 129.084093990179184, 35.187966099172215 ], [ 129.085075758952058, 35.187114638901583 ], [ 129.08592344405389, 35.187091871388503 ], [ 129.085914160116118, 35.187891516524196 ], [ 129.086503256254503, 35.188414888697352 ], [ 129.087352639302878, 35.188279414130598 ], [ 129.087396055708069, 35.189302234544826 ], [ 129.089688306693404, 35.190252383107541 ] ] ] } },
{ "type": "Feature", "properties": { "학교코드(KEDI)": "214021464", "학교명_20251001": "연미초등학교", "행정구_20251001": "연제구" }, "geometry": { "type": "Polygon", "coordinates": [ [ [ 129.098758342605151, 35.172090339087788 ], [ 129.098749390497318, 35.171480354325745 ], [ 129.098193436342285, 35.171250386450097 ], [ 129.097125314945373, 35.17018179079146 ], [ 129.096630838212377, 35.170103564679522 ], [ 129.096233882874856, 35.170239362793268 ], [ 129.096394639650669, 35.169339251507473 ], [ 129.09698410121689, 35.169057234141974 ], [ 129.096685146244198, 35.168440106857879 ], [ 129.095188375626208, 35.167310817462358 ], [ 129.094331577520734, 35.16754395131538 ], [ 129.093023753883216, 35.166318192937389 ], [ 129.091552041931976, 35.165481038436454 ], [ 129.091770066472293, 35.164192001807024 ], [ 129.093600835647322, 35.161991290615077 ], [ 129.094907157617371, 35.162170633457791 ], [ 129.095405514593466, 35.161318459984599 ], [ 129.094433600180821, 35.160900026416314 ], [ 129.093631609676919, 35.160287726658218 ], [ 129.092906985490657, 35.16004496382218 ], [ 129.091359570520353, 35.160064076886485 ], [ 129.08909927347338, 35.160741750552184 ], [ 129.086551577523892, 35.159445596694042 ], [ 129.085760400959344, 35.158797147689974 ], [ 129.083565107512129, 35.158528239460182 ], [ 129.082921084995746, 35.158228934183605 ], [ 129.085090637561507, 35.160407935831266 ], [ 129.085794412760492, 35.160696305163299 ], [ 129.086048466819904, 35.161286723169411 ], [ 129.087181224087658, 35.162861837118413 ], [ 129.087627618760109, 35.163090553455717 ], [ 129.087919182542805, 35.163643875756307 ], [ 129.088068772060694, 35.163506620486238 ], [ 129.088414554756838, 35.163733377493088 ], [ 129.088889364059014, 35.164444095746752 ], [ 129.088730463312089, 35.165514001447974 ], [ 129.087828587810577, 35.167488703004686 ], [ 129.087619721872613, 35.168390934547624 ], [ 129.087089677993447, 35.168827087763219 ], [ 129.086846689727793, 35.169978846714201 ], [ 129.087193480088047, 35.17229326647707 ], [ 129.087701512960109, 35.172772876286302 ], [ 129.087734310698238, 35.174483904582182 ], [ 129.098313560612041, 35.173169573492586 ], [ 129.098243928519395, 35.171806493393717 ], [ 129.098758342605151, 35.172090339087788 ] ] ] } },
{ "type": "Feature", "properties": { "학교코드(KEDI)": "214021468", "학교명_20251001": "연산초등학교", "행정구_20251001": "연제구" }, "geometry": { "type": "Polygon", "coordinates": [ [ [ 129.078976812735618, 35.17559209506458 ], [ 129.077309021075905, 35.175278100889081 ], [ 129.077006893658989, 35.175766515727346 ], [ 129.07569190855105, 35.176508603030229 ], [ 129.075964977356421, 35.176848710148953 ], [ 129.074840348178952, 35.177496504091934 ], [ 129.078280507999125, 35.181813851248485 ], [ 129.078945292169152, 35.1814513654978 ], [ 129.083217092391806, 35.180837176976475 ], [ 129.083957411700283, 35.181026080329872 ], [ 129.084461241820151, 35.17966223814161 ], [ 129.085312627595471, 35.179866790905507 ], [ 129.085121882186456, 35.181247112950572 ], [ 129.084782544179291, 35.181848317851411 ], [ 129.085477055631031, 35.181975533350361 ], [ 129.085532277921061, 35.181726205103963 ], [ 129.085912466432973, 35.181432345796509 ], [ 129.086218287006773, 35.181440544113471 ], [ 129.086698391264378, 35.179343645569425 ], [ 129.0874683205775, 35.178116983597548 ], [ 129.087493218645477, 35.175989929235229 ], [ 129.087126691162524, 35.175861959772355 ], [ 129.08717215832732, 35.174554894692314 ], [ 129.079037755953721, 35.175602532950293 ], [ 129.077983249961932, 35.176180689646266 ], [ 129.077609705442882, 35.176005654008385 ], [ 129.07757214577984, 35.17569179672158 ], [ 129.078396620285389, 35.175774722886331 ], [ 129.078409341639741, 35.175886566896224 ], [ 129.078976812735618, 35.17559209506458 ] ] ] } },
{ "type": "Feature", "properties": { "학교코드(KEDI)": "214021469", "학교명_20251001": "온천초등학교", "행정구_20251001": "동래구" }, "geometry": { "type": "Polygon", "coordinates": [ [ [ 129.086130938115502, 35.219421284783152 ], [ 129.086284982876208, 35.21934993540313 ], [ 129.084678699836132, 35.217365472349258 ], [ 129.084114514630102, 35.217167023539588 ], [ 129.083235572765972, 35.216215940750935 ], [ 129.081473623585225, 35.214996258616146 ], [ 129.080199337830294, 35.213338427392102 ], [ 129.079966417939488, 35.213429300826519 ], [ 129.078954255854853, 35.211904049258521 ], [ 129.079163947089114, 35.21179276568656 ], [ 129.078960442572537, 35.211434352937296 ], [ 129.077372119602046, 35.213441158847807 ], [ 129.076329898494777, 35.210984677709277 ], [ 129.075481117140782, 35.211236136923006 ], [ 129.07500414309925, 35.210115997249531 ], [ 129.073913893531227, 35.210414840492888 ], [ 129.073318227575896, 35.210296293331893 ], [ 129.073489660251397, 35.210889333698397 ], [ 129.073152226995887, 35.211688573888978 ], [ 129.072402899216485, 35.211718413277261 ], [ 129.071746028684771, 35.211390298116036 ], [ 129.071052913660935, 35.211552849260272 ], [ 129.071590209232909, 35.212978074329754 ], [ 129.068601176629102, 35.213868981323927 ], [ 129.068067206685328, 35.21255015679963 ], [ 129.067257782940118, 35.212491860070784 ], [ 129.066973441367367, 35.211615521725456 ], [ 129.0665040665844, 35.211326683640507 ], [ 129.066209448852021, 35.2113476598104 ], [ 129.067024776358096, 35.212935016284057 ], [ 129.063837308581611, 35.214509026027336 ], [ 129.066427048369604, 35.215773851100693 ], [ 129.067022649024324, 35.215749818014515 ], [ 129.068817900011908, 35.215034459742952 ], [ 129.069460783034117, 35.215007456295332 ], [ 129.070086155054696, 35.215079780251997 ], [ 129.070367671780758, 35.215744966052362 ], [ 129.070999680781625, 35.21618765341875 ], [ 129.071176472520449, 35.216054557272699 ], [ 129.071518989105272, 35.21617076843043 ], [ 129.071882571011372, 35.215959155432223 ], [ 129.07263234504336, 35.216049170509336 ], [ 129.072820949511794, 35.216535323440084 ], [ 129.073234797392161, 35.216981994830626 ], [ 129.074019357089185, 35.217425078365466 ], [ 129.075266292047672, 35.217669427507154 ], [ 129.076345815296804, 35.218738844675919 ], [ 129.076632520145267, 35.221296882819907 ], [ 129.080633245984103, 35.220969480983598 ], [ 129.081070909954946, 35.222155445046411 ], [ 129.084866287686282, 35.221274684307865 ], [ 129.084640795697169, 35.220741255289553 ], [ 129.086563229954379, 35.220212779569174 ], [ 129.086130938115502, 35.219421284783152 ] ] ] } },
{ "type": "Feature", "properties": { "학교코드(KEDI)": "214021470", "학교명_20251001": "연서초등학교", "행정구_20251001": "연제구" }, "geometry": { "type": "Polygon", "coordinates": [ [ [ 129.090982193239796, 35.19340398007698 ], [ 129.089417262938042, 35.192126099809535 ], [ 129.09038411932525, 35.190607773075818 ], [ 129.087396055708069, 35.189302234544826 ], [ 129.087352639302878, 35.188279414130598 ], [ 129.086503256254503, 35.188414888697352 ], [ 129.085914160116118, 35.187891516524196 ], [ 129.08592344405389, 35.187091871388503 ], [ 129.085075758952058, 35.187114638901583 ], [ 129.084093990179184, 35.187966099172215 ], [ 129.081736392648423, 35.186096263614644 ], [ 129.08021305097904, 35.191583066725023 ], [ 129.081735712787662, 35.191850039322297 ], [ 129.081392369345906, 35.1930061080351 ], [ 129.081836736950862, 35.193080162495605 ], [ 129.082194653547816, 35.193589613070827 ], [ 129.083009744210131, 35.193945157281583 ], [ 129.082580324298618, 35.195970209373257 ], [ 129.082984849027667, 35.196364956708457 ], [ 129.084348975423893, 35.195302957920489 ], [ 129.08716968307624, 35.194084163586425 ], [ 129.089432076300028, 35.193540105622361 ], [ 129.090982193239796, 35.19340398007698 ] ] ] } },
{ "type": "Feature", "properties": { "학교코드(KEDI)": "214021471", "학교명_20251001": "연신초등학교", "행정구_20251001": "연제구" }, "geometry": { "type": "Polygon", "coordinates": [ [ [ 129.10033830921941, 35.189596924421316 ], [ 129.09972139897738, 35.189438444405468 ], [ 129.099093507248654, 35.18961120185412 ], [ 129.098921034809933, 35.187813922389765 ], [ 129.097455550089421, 35.187901485445806 ], [ 129.093034490317848, 35.18913384649148 ], [ 129.091967359422028, 35.189727313575368 ], [ 129.091538565268849, 35.189206186393562 ], [ 129.089694773822885, 35.190243013032259 ], [ 129.09038411932525, 35.190607773075818 ], [ 129.089417262938042, 35.192126099809535 ], [ 129.090982193239796, 35.19340398007698 ], [ 129.099435261016851, 35.191748535981532 ], [ 129.10033830921941, 35.189596924421316 ] ] ] } },
{ "type": "Feature", "properties": { "학교코드(KEDI)": "214021474", "학교명_20251001": "연일초등학교", "행정구_20251001": "연제구" }, "geometry": { "type": "Polygon", "coordinates": [ [ [ 129.098098806362998, 35.185587027324068 ], [ 129.100962044743596, 35.185629731867962 ], [ 129.1012396808066, 35.185382629970917 ], [ 129.100059062639104, 35.183453895819511 ], [ 129.099473438533323, 35.183387130716298 ], [ 129.099455343089005, 35.183084147666605 ], [ 129.097971483673007, 35.181847341343662 ], [ 129.097451602680991, 35.179429518263788 ], [ 129.096255487965124, 35.179865912162207 ], [ 129.095995407512618, 35.180188159506748 ], [ 129.094793220560746, 35.180054512209061 ], [ 129.093370477194753, 35.179625653301294 ], [ 129.091941562825696, 35.180085837304574 ], [ 129.091391540143832, 35.180467534036282 ], [ 129.09207338066264, 35.181024157837072 ], [ 129.092481987981415, 35.181789330270483 ], [ 129.092935940452719, 35.182194267268926 ], [ 129.092729521709799, 35.182329614695938 ], [ 129.093778937763602, 35.183324098715836 ], [ 129.092915247796043, 35.184719652338551 ], [ 129.092410198775696, 35.186030174456441 ], [ 129.09239628332702, 35.186690111525806 ], [ 129.092630968800535, 35.186872031172477 ], [ 129.092969120608529, 35.187915087533696 ], [ 129.092154818545282, 35.188139501085523 ], [ 129.091130776838384, 35.188710790269894 ], [ 129.091967359422028, 35.189727313575368 ], [ 129.093034490317848, 35.18913384649148 ], [ 129.097418758756362, 35.187911742674082 ], [ 129.097472397646328, 35.186637088567124 ], [ 129.098425168278538, 35.186158572432376 ], [ 129.098098806362998, 35.185587027324068 ] ] ] } },
{ "type": "Feature", "properties": { "학교코드(KEDI)": "214021476", "학교명_20251001": "연제초등학교", "행정구_20251001": "연제구" }, "geometry": { "type": "Polygon", "coordinates": [ [ [ 129.07092310154647, 35.182804667282461 ], [ 129.071348542134558, 35.183447035671925 ], [ 129.070481163771063, 35.183762210259403 ], [ 129.07094483088548, 35.184977925053737 ], [ 129.073842210234346, 35.188554092057252 ], [ 129.073489061267452, 35.188791894178792 ], [ 129.075041452068916, 35.19030172462444 ], [ 129.075730053521426, 35.18981748513734 ], [ 129.077127428431567, 35.19069461171933 ], [ 129.078440170080285, 35.189389542518967 ], [ 129.079981024820682, 35.191542996279622 ], [ 129.08021305097904, 35.191583066725023 ], [ 129.081393284210151, 35.186996429863065 ], [ 129.081532587866633, 35.187001383645068 ], [ 129.081736392648423, 35.186096263614644 ], [ 129.081980415023651, 35.185942203490335 ], [ 129.083957525557565, 35.181025982847665 ], [ 129.083217092391806, 35.180837176976475 ], [ 129.078945292169152, 35.1814513654978 ], [ 129.078280507999125, 35.181813851248485 ], [ 129.075143778860678, 35.177883571947291 ], [ 129.075093027466494, 35.178201699373503 ], [ 129.072031392182652, 35.179824394993688 ], [ 129.072405215019074, 35.180669211493765 ], [ 129.071167376240709, 35.18129420672922 ], [ 129.071957338857061, 35.182592594869362 ], [ 129.07092310154647, 35.182804667282461 ] ] ] } },
{ "type": "Feature", "properties": { "학교코드(KEDI)": "214021478", "학교명_20251001": "장서초등학교", "행정구_20251001": "금정구" }, "geometry": { "type": "Polygon", "coordinates": [ [ [ 129.083795040982722, 35.245093694266345 ], [ 129.083235006364561, 35.245409578022077 ], [ 129.082861768922129, 35.24541881639913 ], [ 129.082070412382336, 35.245401311606329 ], [ 129.080191422559068, 35.244960791846815 ], [ 129.079004642057328, 35.244997648057172 ], [ 129.077939440414696, 35.245548170634734 ], [ 129.079000854182169, 35.245857448954403 ], [ 129.079025765009135, 35.246471595897518 ], [ 129.07878793782092, 35.246788175511064 ], [ 129.079097917572653, 35.247955754087506 ], [ 129.078948505407823, 35.248529093869386 ], [ 129.079879030433773, 35.248356194436106 ], [ 129.080389309661825, 35.249676048492702 ], [ 129.082957290016594, 35.249953996981809 ], [ 129.084029914951515, 35.250633564142269 ], [ 129.08455632032269, 35.250082629790953 ], [ 129.08456688030509, 35.249718039007298 ], [ 129.084772384979601, 35.249719042842969 ], [ 129.084783204161653, 35.249423972748758 ], [ 129.0849609825068, 35.249426230903659 ], [ 129.084965196183674, 35.249308960706351 ], [ 129.086588291519746, 35.249492100240488 ], [ 129.089457707741047, 35.249407520090912 ], [ 129.090869945566311, 35.248647612422836 ], [ 129.092016894095934, 35.248603939217304 ], [ 129.092943110759109, 35.246198434824812 ], [ 129.091057130130508, 35.244454868013278 ], [ 129.090649651254893, 35.243204481644788 ], [ 129.089011730140072, 35.241507159973409 ], [ 129.088348567568744, 35.241923274293114 ], [ 129.089256168122262, 35.242739027634876 ], [ 129.086571432887553, 35.244297436099295 ], [ 129.085799443872276, 35.243426478637531 ], [ 129.085313008315552, 35.243497809551968 ], [ 129.084346513442455, 35.244525403873268 ], [ 129.083707559894179, 35.244633689856713 ], [ 129.083795040982722, 35.245093694266345 ] ] ] } },
{ "type": "Feature", "properties": { "학교코드(KEDI)": "214021481", "학교명_20251001": "연천초등학교", "행정구_20251001": "연제구" }, "geometry": { "type": "Polygon", "coordinates": [ [ [ 129.097472397646328, 35.186637088567124 ], [ 129.097418758756362, 35.187911742674082 ], [ 129.098921034809933, 35.187813922389765 ], [ 129.099093507248654, 35.18961120185412 ], [ 129.09972139897738, 35.189438444405468 ], [ 129.10033830921941, 35.189596924421316 ], [ 129.099571795615702, 35.191348794104243 ], [ 129.10059505726278, 35.191333830234811 ], [ 129.102164501067392, 35.19088180744702 ], [ 129.104009013427941, 35.190654912242081 ], [ 129.105073528181322, 35.190284551764435 ], [ 129.106478745738258, 35.190130030321015 ], [ 129.107150326194528, 35.190272829766727 ], [ 129.107131678537542, 35.184494939059029 ], [ 129.106145562769228, 35.184528301335128 ], [ 129.104971380990122, 35.185037198561488 ], [ 129.104990480673791, 35.183188948438016 ], [ 129.104129069279423, 35.183186076608266 ], [ 129.104132362469471, 35.182111830117883 ], [ 129.101290243748508, 35.182025661380912 ], [ 129.101068788145227, 35.181673141070348 ], [ 129.097971483673007, 35.181847341343662 ], [ 129.099455343089005, 35.183084147666605 ], [ 129.099473438533323, 35.183387130716298 ], [ 129.100059062639104, 35.183453895819511 ], [ 129.1012396808066, 35.185382629970917 ], [ 129.100962044743596, 35.185629731867962 ], [ 129.098098806362998, 35.185587027324068 ], [ 129.098425168278538, 35.186158572432376 ], [ 129.097472397646328, 35.186637088567124 ] ] ] } },
{ "type": "Feature", "properties": { "학교코드(KEDI)": "214021487", "학교명_20251001": "장전초등학교", "행정구_20251001": "금정구" }, "geometry": { "type": "Polygon", "coordinates": [ [ [ 129.079004642057328, 35.244997648057172 ], [ 129.080191422559068, 35.244960791846815 ], [ 129.082070412382336, 35.245401311606329 ], [ 129.083235006364561, 35.245409578022077 ], [ 129.083814229584391, 35.245082467978662 ], [ 129.083707559894179, 35.244633689856713 ], [ 129.084346513442455, 35.244525403873268 ], [ 129.085313008315552, 35.243497809551968 ], [ 129.085799443872276, 35.243426478637531 ], [ 129.086571432887553, 35.244297436099295 ], [ 129.089256168122262, 35.242739027634876 ], [ 129.088348567568744, 35.241923274293114 ], [ 129.089011730140072, 35.241507159973409 ], [ 129.088383318053616, 35.240819122218944 ], [ 129.088199148036011, 35.239976404530076 ], [ 129.08830059822256, 35.237684114638526 ], [ 129.08957003558001, 35.23427320319 ], [ 129.089539220282717, 35.233423795556 ], [ 129.089069422391077, 35.231967562595543 ], [ 129.089104220777557, 35.231505933182767 ], [ 129.087296512108196, 35.231826122706245 ], [ 129.087521408449902, 35.232694738840458 ], [ 129.085554717571313, 35.233057411543186 ], [ 129.08408392643247, 35.233558806007501 ], [ 129.08298249189167, 35.234316572189222 ], [ 129.082995488165864, 35.236953389325549 ], [ 129.081133490863266, 35.236942651614974 ], [ 129.08033487386993, 35.236774675256733 ], [ 129.078251117627019, 35.23770865438366 ], [ 129.078457608092037, 35.238051403999236 ], [ 129.077267855736665, 35.238816222122544 ], [ 129.076155375412668, 35.23870818769867 ], [ 129.075751722158657, 35.237978751156433 ], [ 129.074655568175899, 35.237272108310528 ], [ 129.07419492728917, 35.23727677494373 ], [ 129.071086099468374, 35.238060780704402 ], [ 129.069456983440375, 35.238919426076436 ], [ 129.067471435134024, 35.23919608526289 ], [ 129.063110441347391, 35.238859449512276 ], [ 129.061156575279711, 35.23807648051995 ], [ 129.061398722216097, 35.238734275893648 ], [ 129.061926589755785, 35.239193744105158 ], [ 129.062147082835594, 35.24031135320422 ], [ 129.061290390702624, 35.240951670437184 ], [ 129.062104376508643, 35.241933718405356 ], [ 129.061884661128772, 35.242312421308775 ], [ 129.06192914569408, 35.242754074088225 ], [ 129.062105096582741, 35.242898220382621 ], [ 129.06266519331129, 35.242852768446561 ], [ 129.062347155941609, 35.243619089643218 ], [ 129.062556064150385, 35.243925440974827 ], [ 129.062556480049494, 35.244349107955692 ], [ 129.063787616597665, 35.24524984044033 ], [ 129.064117400303758, 35.245096378527613 ], [ 129.064237896707056, 35.244825940217247 ], [ 129.064732733961876, 35.245537714449164 ], [ 129.065007572710584, 35.245654828120799 ], [ 129.064634738217904, 35.246385056564357 ], [ 129.065151586140644, 35.246853573405026 ], [ 129.065284262031213, 35.248106294198074 ], [ 129.06562513328106, 35.248295344074378 ], [ 129.065834280686914, 35.248989328773533 ], [ 129.066955775994359, 35.249691798791183 ], [ 129.066966997533996, 35.250025307874203 ], [ 129.068494856566133, 35.251006949658844 ], [ 129.069066086960191, 35.250573927220643 ], [ 129.069449640838599, 35.249401939799164 ], [ 129.070196277824493, 35.248698537015308 ], [ 129.072798718994591, 35.246822147505846 ], [ 129.075248398150734, 35.246379031459185 ], [ 129.076258831413753, 35.245846648044406 ], [ 129.077939440414696, 35.245548170634734 ], [ 129.079004642057328, 35.244997648057172 ] ] ] } },
{ "type": "Feature", "properties": { "학교코드(KEDI)": "214021505", "학교명_20251001": "청룡초등학교", "행정구_20251001": "금정구" }, "geometry": { "type": "Polygon", "coordinates": [ [ [ 129.094794432126179, 35.303555412980053 ], [ 129.096734231783415, 35.303473906120288 ], [ 129.09683411879422, 35.302622950008626 ], [ 129.096478251242871, 35.301713965806442 ], [ 129.097031367755932, 35.301127302607625 ], [ 129.097074715132663, 35.300776830428966 ], [ 129.097721401965117, 35.30029779838484 ], [ 129.0972170155963, 35.299494839925529 ], [ 129.097153730634972, 35.298598243421203 ], [ 129.097344166043513, 35.297957695524374 ], [ 129.097900033476549, 35.297213020594931 ], [ 129.097897727043232, 35.296660054584436 ], [ 129.101316756596049, 35.295487942635461 ], [ 129.101927197206493, 35.29512102905543 ], [ 129.099247455397631, 35.292094837927657 ], [ 129.100656689769522, 35.291318126287813 ], [ 129.101852370247116, 35.291241601700101 ], [ 129.101955747421584, 35.290754138633687 ], [ 129.105729504813581, 35.282992097200157 ], [ 129.104082267084607, 35.282570052057395 ], [ 129.103511470131565, 35.282826521770794 ], [ 129.103708527774018, 35.283256654203505 ], [ 129.102752925531803, 35.283376584265923 ], [ 129.101277100268476, 35.282197670938039 ], [ 129.099847875476655, 35.281829220723047 ], [ 129.099671164808797, 35.281090259458111 ], [ 129.099341200791713, 35.280946314847689 ], [ 129.099439226606989, 35.280180196865899 ], [ 129.099240451806679, 35.279450212804058 ], [ 129.099800136849296, 35.278728741599515 ], [ 129.09895299052161, 35.278224582287301 ], [ 129.097798989231364, 35.278072397983408 ], [ 129.096863392539291, 35.277000484743823 ], [ 129.096807490471207, 35.276270408142814 ], [ 129.095971706417089, 35.275739275109977 ], [ 129.095146219399055, 35.274820616974807 ], [ 129.095343230090265, 35.27421653951253 ], [ 129.095771974574603, 35.274117031438628 ], [ 129.096529168689216, 35.273251218988975 ], [ 129.096506214261041, 35.272440033856434 ], [ 129.096801354148255, 35.271033650979284 ], [ 129.096536851227512, 35.270429970511174 ], [ 129.096645984330792, 35.269627757603864 ], [ 129.095952408024374, 35.268708924950751 ], [ 129.096017245145589, 35.267879600523088 ], [ 129.096390323690571, 35.267140263207679 ], [ 129.096279246501666, 35.266320043371373 ], [ 129.096616171264884, 35.265590064057882 ], [ 129.094265893286405, 35.265606075398409 ], [ 129.093850573750672, 35.265502799073069 ], [ 129.093202074407429, 35.266858596501152 ], [ 129.089088733616222, 35.266994116089528 ], [ 129.088965503288591, 35.275558185334255 ], [ 129.0850832258906, 35.275310907375399 ], [ 129.08464222610246, 35.276002160044769 ], [ 129.084628171254394, 35.275323986499586 ], [ 129.083452335097775, 35.275577262354687 ], [ 129.080099330432205, 35.274957529883054 ], [ 129.076998574862017, 35.273670630445729 ], [ 129.07532760888239, 35.273238998787647 ], [ 129.073338369236353, 35.273186083672847 ], [ 129.072754907640956, 35.272348155089752 ], [ 129.071182622970525, 35.271366641369816 ], [ 129.069720746571079, 35.271241278737257 ], [ 129.067347088797192, 35.271612170332048 ], [ 129.06366610056557, 35.273119353890181 ], [ 129.060939919363221, 35.272129207754652 ], [ 129.059720777879676, 35.273508855648544 ], [ 129.058974119528301, 35.274725993268305 ], [ 129.054293957600095, 35.277909824999021 ], [ 129.05382215972034, 35.279027786074451 ], [ 129.052657048576407, 35.279235528591165 ], [ 129.050921152128296, 35.280056556179559 ], [ 129.050767623325413, 35.280318054406315 ], [ 129.052702176226717, 35.280984102761082 ], [ 129.053846062743219, 35.2820562030224 ], [ 129.053868601755994, 35.282867414894838 ], [ 129.052440784669841, 35.284508484241663 ], [ 129.052232018327231, 35.28493218208385 ], [ 129.052166828385538, 35.285860622857498 ], [ 129.052727760673321, 35.286680583648433 ], [ 129.052772178515511, 35.287338504733626 ], [ 129.053410745240114, 35.288825399764221 ], [ 129.054323967564301, 35.289816499830323 ], [ 129.055049852602963, 35.290311915049145 ], [ 129.055588870533711, 35.291050842003159 ], [ 129.0564245755358, 35.291528189619164 ], [ 129.057624624211968, 35.293862017836595 ], [ 129.058361631596057, 35.29483552676674 ], [ 129.058944749627216, 35.294979040098475 ], [ 129.061869025996515, 35.294959514387635 ], [ 129.064067301158474, 35.294471748263931 ], [ 129.064826156800734, 35.294624526100016 ], [ 129.066573880954735, 35.294479375278527 ], [ 129.067463932492103, 35.293848012628018 ], [ 129.069332772650512, 35.293792969490887 ], [ 129.070553860376464, 35.294522279917068 ], [ 129.073606682934951, 35.290843067629211 ], [ 129.074266119988152, 35.290761497724908 ], [ 129.075498586329758, 35.29197759706372 ], [ 129.079668346388161, 35.295391004548001 ], [ 129.080626026693835, 35.296372826520702 ], [ 129.080725153147284, 35.296850559540907 ], [ 129.082397169979089, 35.297678570625735 ], [ 129.082495950082489, 35.297498337137725 ], [ 129.082551071102984, 35.297759704892563 ], [ 129.083156285318381, 35.29825490555038 ], [ 129.083277737745618, 35.298624388563319 ], [ 129.084014444347133, 35.298795168625482 ], [ 129.084905997391587, 35.299551830210319 ], [ 129.084961179145864, 35.30005635890565 ], [ 129.086337147626836, 35.301551604909363 ], [ 129.088352345749627, 35.302614676812901 ], [ 129.090550305993645, 35.303423394856786 ], [ 129.091924146254115, 35.303160989558187 ], [ 129.092628050657993, 35.303322700860221 ], [ 129.093100793562741, 35.303178228539494 ], [ 129.094794432126179, 35.303555412980053 ] ] ] } },
{ "type": "Feature", "properties": { "학교코드(KEDI)": "214021514", "학교명_20251001": "충렬초등학교", "행정구_20251001": "동래구" }, "geometry": { "type": "Polygon", "coordinates": [ [ [ 129.110800465285308, 35.204102935991571 ], [ 129.113774615628813, 35.20211147114172 ], [ 129.113762994187255, 35.20154353398425 ], [ 129.113423888422119, 35.200734828461243 ], [ 129.113017190661566, 35.2003413695085 ], [ 129.112821778222298, 35.198907667486566 ], [ 129.113808069989744, 35.199305312571383 ], [ 129.114017047392309, 35.1995379803761 ], [ 129.114516482143557, 35.199160211002251 ], [ 129.113705514659756, 35.198289524494271 ], [ 129.112451946196558, 35.197771804597721 ], [ 129.112337119665085, 35.197905482277775 ], [ 129.111912699646837, 35.197455201070063 ], [ 129.111614463289129, 35.197474990175508 ], [ 129.110086462903354, 35.196119687557847 ], [ 129.10830852346416, 35.195532430022126 ], [ 129.10648515831673, 35.196254643284831 ], [ 129.10653745063297, 35.196956882893453 ], [ 129.106735412199924, 35.19700782548459 ], [ 129.106797861315357, 35.197222815822279 ], [ 129.105847254775512, 35.197314403449681 ], [ 129.105926621525214, 35.197954214737159 ], [ 129.106277955367887, 35.197899337828524 ], [ 129.106399348275346, 35.198663178585718 ], [ 129.106012697167643, 35.198701738722754 ], [ 129.106088171940854, 35.199358043570079 ], [ 129.106366517987738, 35.199337858932971 ], [ 129.106426236830373, 35.199866020487221 ], [ 129.107432409252141, 35.19988713202472 ], [ 129.107485453600873, 35.200574075921281 ], [ 129.108095643568731, 35.200546970683618 ], [ 129.108177499958231, 35.202082171217924 ], [ 129.110997155150699, 35.201841665271687 ], [ 129.109112825473488, 35.203745522952275 ], [ 129.109486198801051, 35.203992025566798 ], [ 129.110011682051493, 35.203648881100307 ], [ 129.110374617377659, 35.203809986434187 ], [ 129.11067115637934, 35.203673075155407 ], [ 129.110800465285308, 35.204102935991571 ] ] ] } },
{ "type": "Feature", "properties": { "학교코드(KEDI)": "214021517", "학교명_20251001": "창신초등학교", "행정구_20251001": "연제구" }, "geometry": { "type": "Polygon", "coordinates": [ [ [ 129.062907170508055, 35.19862701667509 ], [ 129.063885862730444, 35.198021324972323 ], [ 129.064438187150841, 35.198468464339015 ], [ 129.064771643005912, 35.198102367490527 ], [ 129.065325299429219, 35.198175437228365 ], [ 129.06740138926088, 35.19159485573951 ], [ 129.073842210234346, 35.188554092057252 ], [ 129.071197524432705, 35.185328454132716 ], [ 129.068481465092276, 35.188180611871282 ], [ 129.067360881815091, 35.187799188451613 ], [ 129.064401354774446, 35.187168076060672 ], [ 129.064818936392214, 35.186093623601685 ], [ 129.065707601103071, 35.185786733575959 ], [ 129.066864696137856, 35.184945270522384 ], [ 129.066547556283467, 35.184826605913237 ], [ 129.066266011864684, 35.184901987444022 ], [ 129.061285015231647, 35.184125041056888 ], [ 129.061182972508306, 35.183891505751888 ], [ 129.061138841581084, 35.18401367017168 ], [ 129.060008451318026, 35.184347738517872 ], [ 129.059140891661457, 35.184140862895077 ], [ 129.05743898495146, 35.184078530113666 ], [ 129.05652799009664, 35.184502610332615 ], [ 129.055513061561356, 35.185215101031901 ], [ 129.054117693848355, 35.185739492223306 ], [ 129.056986215835536, 35.18777706847731 ], [ 129.055480094701068, 35.188517946100717 ], [ 129.054783531595774, 35.189113930372095 ], [ 129.054659381150458, 35.189950549581852 ], [ 129.053987215765886, 35.190939528034875 ], [ 129.051273925106614, 35.19218961796998 ], [ 129.048643761617001, 35.192126862950971 ], [ 129.048091465930156, 35.189693034475724 ], [ 129.047594700385702, 35.190464255641572 ], [ 129.047671913857442, 35.191149242568734 ], [ 129.047321131672845, 35.1921678398732 ], [ 129.048255610211328, 35.194547289374611 ], [ 129.049606017115877, 35.194032755947163 ], [ 129.050286451482094, 35.193410569730432 ], [ 129.05274526211889, 35.192255861764352 ], [ 129.054282608965366, 35.192615749075209 ], [ 129.055753858528846, 35.192434782419284 ], [ 129.057258989101854, 35.193380507886971 ], [ 129.059253389412305, 35.192729150748868 ], [ 129.059860960971974, 35.191229774045908 ], [ 129.06471970911997, 35.192130530363329 ], [ 129.063014669981328, 35.197531351098085 ], [ 129.062330315657618, 35.198208417740879 ], [ 129.062907170508055, 35.19862701667509 ] ] ] } },
{ "type": "Feature", "properties": { "학교코드(KEDI)": "214021529", "학교명_20251001": "토현초등학교", "행정구_20251001": "연제구" }, "geometry": { "type": "Polygon", "coordinates": [ [ [ 129.112105530283031, 35.176552413746272 ], [ 129.111384757233253, 35.176796618588014 ], [ 129.110877790913548, 35.175969955520451 ], [ 129.109556604722883, 35.176219538775712 ], [ 129.108986782739777, 35.177157353060416 ], [ 129.108547940384682, 35.177283975337929 ], [ 129.107922334861684, 35.177230508760772 ], [ 129.107341020232525, 35.177843820425565 ], [ 129.107255302392474, 35.179493424278988 ], [ 129.106585896927498, 35.179710359219598 ], [ 129.106619424834236, 35.180052778848527 ], [ 129.106246018015923, 35.180044197538777 ], [ 129.106246754684207, 35.180431679334291 ], [ 129.105993901919248, 35.180269646327574 ], [ 129.105313202071869, 35.180315408071408 ], [ 129.104347720605773, 35.18067672661725 ], [ 129.103919275012174, 35.180568856216411 ], [ 129.103579492833518, 35.180866643150942 ], [ 129.101678680410544, 35.179750528786506 ], [ 129.101642769655342, 35.18046056810654 ], [ 129.101137206392877, 35.181127410597156 ], [ 129.101068788145227, 35.181673141070348 ], [ 129.101290243748508, 35.182025661380912 ], [ 129.104132362469471, 35.182111830117883 ], [ 129.104129069279423, 35.183186076608266 ], [ 129.104990480673791, 35.183188948438016 ], [ 129.104971380990122, 35.185037198561488 ], [ 129.106145562769228, 35.184528301335128 ], [ 129.107131678537542, 35.184494939059029 ], [ 129.107120281439762, 35.181606498379722 ], [ 129.109866301066887, 35.181602756367674 ], [ 129.109866996315645, 35.181811688346599 ], [ 129.110369002290895, 35.18181122926034 ], [ 129.111082941423774, 35.182355870701656 ], [ 129.113878645982908, 35.181989139714425 ], [ 129.114671483748424, 35.181640270208341 ], [ 129.112105530283031, 35.176552413746272 ] ] ] } },
{ "type": "Feature", "properties": { "학교코드(KEDI)": "214021532", "학교명_20251001": "현곡초등학교", "행정구_20251001": "금정구" }, "geometry": { "type": "Polygon", "coordinates": [ [ [ 129.10337680592454, 35.229449507309511 ], [ 129.103572785079876, 35.228106357908722 ], [ 129.102945548147375, 35.227340665160717 ], [ 129.098117119061953, 35.225481835451085 ], [ 129.096908394176126, 35.224715726929041 ], [ 129.095782296148627, 35.224627585252435 ], [ 129.095751382160188, 35.224408527476065 ], [ 129.095496711898164, 35.224344919471626 ], [ 129.094012342986844, 35.225079436567036 ], [ 129.093366297466645, 35.225240014310224 ], [ 129.093128282351955, 35.225446510463186 ], [ 129.093163431637493, 35.225682302120646 ], [ 129.091783619246257, 35.225774953900462 ], [ 129.088774873295819, 35.226561135690901 ], [ 129.088889060358326, 35.227250755627082 ], [ 129.08952259636041, 35.22864835345694 ], [ 129.089411692537425, 35.230273703274271 ], [ 129.09231428641678, 35.229738944412347 ], [ 129.093924305163455, 35.229593706582833 ], [ 129.093998109857409, 35.230203998517695 ], [ 129.095596007473517, 35.230361116720339 ], [ 129.102786042181435, 35.231640242383186 ], [ 129.102972943589776, 35.231595034918563 ], [ 129.102751996783098, 35.23063972575018 ], [ 129.103497894012463, 35.229846016296491 ], [ 129.10337680592454, 35.229449507309511 ] ] ] } },
{ "type": "Feature", "properties": { "학교코드(KEDI)": "214021542", "학교명_20251001": "안진초등학교", "행정구_20251001": "동래구" }, "geometry": { "type": "Polygon", "coordinates": [ [ [ 129.106766247473615, 35.19554859408322 ], [ 129.104221400927202, 35.190604907827577 ], [ 129.102515864280633, 35.190818401205775 ], [ 129.10059505726278, 35.191333830234811 ], [ 129.099571795615702, 35.191348794104243 ], [ 129.097836639309094, 35.195454955620995 ], [ 129.097848447968744, 35.196173580210356 ], [ 129.096454040980575, 35.196221458752746 ], [ 129.095651563336418, 35.197521454515837 ], [ 129.096534744068322, 35.198306720573733 ], [ 129.101746331847892, 35.196918788712985 ], [ 129.106480921557562, 35.196256203909243 ], [ 129.107161983447384, 35.195990058505558 ], [ 129.106766247473615, 35.19554859408322 ] ] ] } },
{ "type": "Feature", "properties": { "학교코드(KEDI)": "214021543", "학교명_20251001": "두실초등학교", "행정구_20251001": "금정구" }, "geometry": { "type": "Polygon", "coordinates": [ [ [ 129.093404885351504, 35.253394736868771 ], [ 129.093955306967786, 35.253225234325164 ], [ 129.093452480787448, 35.251926715632024 ], [ 129.092821400966699, 35.251687286371322 ], [ 129.092614752514606, 35.25177200405362 ], [ 129.092050629247836, 35.250511735623846 ], [ 129.091738007727685, 35.249688607518308 ], [ 129.092016894095934, 35.248603939217304 ], [ 129.090869945566311, 35.248647612422836 ], [ 129.089457707741047, 35.249407520090912 ], [ 129.086588291519746, 35.249492100240488 ], [ 129.084965196183674, 35.249308960706351 ], [ 129.0849609825068, 35.249426230903659 ], [ 129.084783204161653, 35.249423972748758 ], [ 129.084772384979601, 35.249719042842969 ], [ 129.08456688030509, 35.249718039007298 ], [ 129.08455632032269, 35.250082629790953 ], [ 129.084029914951515, 35.250633564142269 ], [ 129.082957290016594, 35.249953996981809 ], [ 129.080389309661825, 35.249676048492702 ], [ 129.079879030433773, 35.248356194436106 ], [ 129.078948505407823, 35.248529093869386 ], [ 129.079097917572653, 35.247955754087506 ], [ 129.07878793782092, 35.246788175511064 ], [ 129.079025765009135, 35.246471595897518 ], [ 129.079000854182169, 35.245857448954403 ], [ 129.077939440414696, 35.245548170634734 ], [ 129.076258831413753, 35.245846648044406 ], [ 129.075248398150734, 35.246379031459185 ], [ 129.072798718994591, 35.246822147505846 ], [ 129.070196277824493, 35.248698537015308 ], [ 129.069449640838599, 35.249401939799164 ], [ 129.069066086960191, 35.250573927220643 ], [ 129.068036629046873, 35.251356424205376 ], [ 129.068474880936378, 35.251405806085792 ], [ 129.069696635651297, 35.251133945668059 ], [ 129.071170208120293, 35.251053089091542 ], [ 129.075053483112441, 35.251898548718124 ], [ 129.07667646302238, 35.25170608609659 ], [ 129.076906065053976, 35.251364880071584 ], [ 129.077254949490907, 35.251368427133542 ], [ 129.077527700710306, 35.251589641568465 ], [ 129.079487658320318, 35.25182604294406 ], [ 129.079985947064984, 35.252027886258354 ], [ 129.080646476724866, 35.251840689559621 ], [ 129.082287754850228, 35.252153794292816 ], [ 129.084291940678725, 35.251756281509437 ], [ 129.084261907711976, 35.252788965319461 ], [ 129.084471637752614, 35.25315282750234 ], [ 129.084933810994443, 35.252873282360994 ], [ 129.087738583961681, 35.253192156693295 ], [ 129.087733239079768, 35.253904327828344 ], [ 129.089502891934899, 35.254082281636919 ], [ 129.091352914502494, 35.254106936595264 ], [ 129.091312752156398, 35.253392346392033 ], [ 129.0923156454744, 35.25339586544996 ], [ 129.09326971874907, 35.254479107601497 ], [ 129.09374232361958, 35.254296078287481 ], [ 129.093404885351504, 35.253394736868771 ] ] ] } },
{ "type": "Feature", "properties": { "학교코드(KEDI)": "214021619", "학교명_20251001": "온샘초등학교", "행정구_20251001": "동래구" }, "geometry": { "type": "Polygon", "coordinates": [ [ [ 129.068601176629102, 35.213868981323927 ], [ 129.071590209232909, 35.212978074329754 ], [ 129.071052913660935, 35.211552849260272 ], [ 129.071746028684771, 35.211390298116036 ], [ 129.072402899216485, 35.211718413277261 ], [ 129.073152226995887, 35.211688573888978 ], [ 129.073489660251397, 35.210889333698397 ], [ 129.073051495914399, 35.209141677065432 ], [ 129.071788568853236, 35.209220565681463 ], [ 129.071708697734067, 35.208706922933573 ], [ 129.069980639887632, 35.208873290291514 ], [ 129.069621718700375, 35.207900136630954 ], [ 129.064372358278661, 35.209499590884569 ], [ 129.064605409577382, 35.209824069196657 ], [ 129.064446116881243, 35.210099784017125 ], [ 129.062590421453933, 35.211305287810937 ], [ 129.061653088315268, 35.211722097914581 ], [ 129.060750669759017, 35.211907151127569 ], [ 129.059957705560294, 35.211652915798631 ], [ 129.058745368967408, 35.211647198687139 ], [ 129.057698320897657, 35.211391807494685 ], [ 129.056946513729031, 35.211828810216481 ], [ 129.060992460331647, 35.213085570607618 ], [ 129.063837361796203, 35.214508959335603 ], [ 129.067024776358096, 35.212935016284057 ], [ 129.066209448852021, 35.2113476598104 ], [ 129.066411951098928, 35.211306749540583 ], [ 129.066973441367367, 35.211615521725456 ], [ 129.067257782940118, 35.212491860070784 ], [ 129.068067206685328, 35.21255015679963 ], [ 129.068601176629102, 35.213868981323927 ] ] ] } },
{ "type": "Feature", "properties": { "학교코드(KEDI)": "215021005", "학교명_20251001": "와석초등학교", "행정구_20251001": "북구" }, "geometry": { "type": "Polygon", "coordinates": [ [ [ 129.018645054408069, 35.23313581265537 ], [ 129.017943773432222, 35.230954197889204 ], [ 129.017048562148261, 35.230154615679787 ], [ 129.016954639974529, 35.229460980744804 ], [ 129.01664449581034, 35.228865528108578 ], [ 129.015014731138734, 35.229149095735679 ], [ 129.015041736244456, 35.229572626195626 ], [ 129.012898798969672, 35.230276894611151 ], [ 129.013469080404974, 35.232899231680776 ], [ 129.013686980322518, 35.232652875892505 ], [ 129.014515952139277, 35.232318393242977 ], [ 129.016041608605292, 35.232833671562993 ], [ 129.017465404970693, 35.232420820430384 ], [ 129.017869247619615, 35.233241908255742 ], [ 129.018645054408069, 35.23313581265537 ] ] ] } },
{ "type": "Feature", "properties": { "학교코드(KEDI)": "215021109", "학교명_20251001": "가락초등학교", "행정구_20251001": "강서구" }, "geometry": { "type": "Polygon", "coordinates": [ [ [ 128.909422133647695, 35.221901669537395 ], [ 128.908723249371945, 35.221724873049865 ], [ 128.908884636769699, 35.220750388645783 ], [ 128.909145753026394, 35.220778649109661 ], [ 128.9091615548856, 35.220560346298306 ], [ 128.909533755690546, 35.220596086948376 ], [ 128.909527755832983, 35.220765118927936 ], [ 128.909150485732766, 35.221043484005698 ], [ 128.909162133817745, 35.221397992714827 ], [ 128.909648542014793, 35.221538530123347 ], [ 128.909567260564273, 35.22175403436664 ], [ 128.910150523133069, 35.222014848640363 ], [ 128.909846191567226, 35.222315857584746 ], [ 128.910237399149253, 35.222916286133696 ], [ 128.91250299418968, 35.222515132956907 ], [ 128.916652712350299, 35.21696080849344 ], [ 128.917222537023775, 35.217420541013404 ], [ 128.918257842845378, 35.217872064446198 ], [ 128.918355758232281, 35.217205749420636 ], [ 128.918505741534517, 35.217264908134212 ], [ 128.918997707009453, 35.216996481536896 ], [ 128.919760425522952, 35.216422290168488 ], [ 128.920127969547451, 35.216422655932313 ], [ 128.924412646153172, 35.218040046308175 ], [ 128.924745723322701, 35.216911058132801 ], [ 128.915994967845734, 35.206963305804045 ], [ 128.914039229537053, 35.20537424459048 ], [ 128.920454763040539, 35.20264658990682 ], [ 128.922661916400074, 35.20658822760111 ], [ 128.9293652661311, 35.203842695246621 ], [ 128.928439925362539, 35.202345020467476 ], [ 128.930721084939648, 35.201167282720498 ], [ 128.929034027713072, 35.198373135752412 ], [ 128.931138699532426, 35.19738333505623 ], [ 128.931016287046248, 35.196086430124602 ], [ 128.930737386076345, 35.194737300982752 ], [ 128.929888047468381, 35.193574202119578 ], [ 128.930485552423107, 35.193303015470214 ], [ 128.930446548939898, 35.193201861604472 ], [ 128.929338586444999, 35.191751120825685 ], [ 128.928162938224716, 35.190899188586684 ], [ 128.926148185684468, 35.189990132382896 ], [ 128.923705388678513, 35.189189928318392 ], [ 128.922570749166681, 35.188381413770671 ], [ 128.921482140638091, 35.187111603916705 ], [ 128.919898834644783, 35.182494996578434 ], [ 128.919138624764315, 35.177880626833399 ], [ 128.916233433950822, 35.17086483289507 ], [ 128.916287791991181, 35.170096013512321 ], [ 128.916545410771562, 35.169463708112772 ], [ 128.917746430130734, 35.167693541374696 ], [ 128.920625134081376, 35.161304746763868 ], [ 128.903148504231638, 35.164370689164031 ], [ 128.901220577073531, 35.150000037431937 ], [ 128.900902484323723, 35.145519111956943 ], [ 128.900754115136607, 35.139194225088019 ], [ 128.901016248473582, 35.137570545360134 ], [ 128.901692519004229, 35.135817493982863 ], [ 128.897622896266199, 35.135938152413885 ], [ 128.896410619387751, 35.136138756844481 ], [ 128.895382152261618, 35.136578911319759 ], [ 128.893109588896124, 35.138114381011057 ], [ 128.891699010477765, 35.13962606535101 ], [ 128.888762468577738, 35.143543067971983 ], [ 128.888015289394872, 35.1449795997544 ], [ 128.887613360542474, 35.146229325958373 ], [ 128.887328305747076, 35.148901866167137 ], [ 128.887451659416229, 35.153920935998805 ], [ 128.887225304192242, 35.156901161749005 ], [ 128.8875201058122, 35.157935384787621 ], [ 128.889649748748838, 35.160559306695781 ], [ 128.890607454652184, 35.162149270870813 ], [ 128.890740539838276, 35.163420666688651 ], [ 128.890115638315081, 35.164746631044466 ], [ 128.889764389854179, 35.165161908305876 ], [ 128.887037760586594, 35.163063425271822 ], [ 128.884389274805557, 35.16187046861198 ], [ 128.881931109402075, 35.161716501277652 ], [ 128.880774000728223, 35.162042275755823 ], [ 128.879784220065147, 35.161785725320755 ], [ 128.878870851840674, 35.162391713391003 ], [ 128.877945531984039, 35.164403460883591 ], [ 128.876037810759527, 35.165543010561521 ], [ 128.87590687311382, 35.166457352624164 ], [ 128.876386679856836, 35.167503473413824 ], [ 128.878123146510035, 35.168491541275877 ], [ 128.877910838603384, 35.168669863715429 ], [ 128.877533893955643, 35.168489406489151 ], [ 128.876839482187592, 35.168926536650403 ], [ 128.877124389269881, 35.169862603248639 ], [ 128.876943699769242, 35.170149130541169 ], [ 128.87531974087247, 35.170657254947294 ], [ 128.874972493325345, 35.170904251259707 ], [ 128.874729262807818, 35.170811987616332 ], [ 128.874396891181988, 35.171169719674637 ], [ 128.873602807857765, 35.171404614406825 ], [ 128.873812284891414, 35.17170018216563 ], [ 128.872353380653266, 35.172274285120864 ], [ 128.873478556232129, 35.174137853111517 ], [ 128.875944923872822, 35.173120074781771 ], [ 128.880850578818098, 35.17144992138828 ], [ 128.881146402648653, 35.171845232479306 ], [ 128.880387616535444, 35.173076995258739 ], [ 128.880190431572828, 35.173853241112703 ], [ 128.880044100576384, 35.178866685232251 ], [ 128.880270900473846, 35.180300835460571 ], [ 128.880675218251554, 35.18090723688487 ], [ 128.881668702365886, 35.181671755859725 ], [ 128.881699462003866, 35.181994576731164 ], [ 128.881585356982299, 35.18253579972319 ], [ 128.88075576056815, 35.183570818955182 ], [ 128.878212485015581, 35.186222868534237 ], [ 128.876445977267224, 35.187542313189617 ], [ 128.876059356945547, 35.188094358540582 ], [ 128.875702338342222, 35.189114001463288 ], [ 128.875685297219661, 35.190284125831319 ], [ 128.876193430306756, 35.192630603796943 ], [ 128.875959111600878, 35.193168187175274 ], [ 128.874214646373389, 35.195441391868698 ], [ 128.872674366429948, 35.198169045712646 ], [ 128.872229222860597, 35.19973272787572 ], [ 128.870354533185292, 35.20155871017819 ], [ 128.87084962525455, 35.202277222790258 ], [ 128.872746222208178, 35.203753461735516 ], [ 128.874474999670809, 35.204582849451121 ], [ 128.874724653888734, 35.205100124941069 ], [ 128.877038307168704, 35.20802441228615 ], [ 128.877904112009446, 35.208699694458339 ], [ 128.878987356116681, 35.20999454310207 ], [ 128.879552919231259, 35.210132064378485 ], [ 128.880258758072557, 35.210012975058788 ], [ 128.880885551929936, 35.210290774838334 ], [ 128.881617682344711, 35.210389233936681 ], [ 128.882736696545663, 35.211550991483463 ], [ 128.88407604438612, 35.212177470861178 ], [ 128.884011078816627, 35.213019534903793 ], [ 128.884137409781346, 35.213274686017357 ], [ 128.886068237333347, 35.214398861512535 ], [ 128.886583660694328, 35.214473631085937 ], [ 128.887618341303948, 35.214312897449865 ], [ 128.889084225613914, 35.214799208793245 ], [ 128.896611977916848, 35.213142390251612 ], [ 128.904834853595048, 35.215331786001997 ], [ 128.90750255552706, 35.215111117521325 ], [ 128.909693913145787, 35.215460996943243 ], [ 128.905017980754224, 35.220073048982918 ], [ 128.909610381060645, 35.22303392547748 ], [ 128.909426377277015, 35.222807177257216 ], [ 128.909422133647695, 35.221901669537395 ] ] ] } },
{ "type": "Feature", "properties": { "학교코드(KEDI)": "215021114", "학교명_20251001": "오션초등학교", "행정구_20251001": "강서구" }, "geometry": { "type": "Polygon", "coordinates": [ [ [ 128.899463854585008, 35.084321593581961 ], [ 128.899437027323557, 35.081913735464951 ], [ 128.907750592075075, 35.081899994718874 ], [ 128.907770220044711, 35.079047904396425 ], [ 128.895415061574596, 35.079111691827485 ], [ 128.89537118779927, 35.08427501850322 ], [ 128.899463854585008, 35.084321593581961 ] ] ] } },
{ "type": "Feature", "properties": { "학교코드(KEDI)": "215021118", "학교명_20251001": "감전초등학교", "행정구_20251001": "사상구" }, "geometry": { "type": "Polygon", "coordinates": [ [ [ 128.996265583064712, 35.162114843487679 ], [ 128.998306242652831, 35.161848654350869 ], [ 128.999312733117449, 35.161906361821131 ], [ 128.999239119075071, 35.160620667592369 ], [ 128.998220743627854, 35.159007219725147 ], [ 128.99708274722289, 35.157931506227875 ], [ 128.99614636506098, 35.15732440706708 ], [ 128.995547891486837, 35.157196386474993 ], [ 128.994518486111417, 35.157235359558079 ], [ 128.994588696889025, 35.156870707277285 ], [ 128.994266201519082, 35.156694806296699 ], [ 128.995080459951424, 35.155720163948992 ], [ 128.994568458377898, 35.155654204232071 ], [ 128.994814215486912, 35.155089354694347 ], [ 128.994218511865995, 35.154660154842631 ], [ 128.995583411818444, 35.153594557840563 ], [ 128.996633467087548, 35.152997612563503 ], [ 128.996211328020934, 35.152068149318666 ], [ 129.000228595580438, 35.150266474575076 ], [ 128.989641435306567, 35.149523702736481 ], [ 128.981961435279146, 35.150753805505261 ], [ 128.983718100831709, 35.157751089709812 ], [ 128.985761241898302, 35.157071353374661 ], [ 128.986211226048113, 35.158729742451555 ], [ 128.987239430370238, 35.15856367466418 ], [ 128.987615579556376, 35.159150707972827 ], [ 128.988226230398112, 35.159547687655781 ], [ 128.989707672791297, 35.15932469155679 ], [ 128.989934396545181, 35.158853305151055 ], [ 128.990509470591519, 35.158851114498553 ], [ 128.990443380466388, 35.158965310826751 ], [ 128.991184604393965, 35.159398647291106 ], [ 128.992269386844043, 35.160772941379193 ], [ 128.99320346579816, 35.161475253955238 ], [ 128.992968987750004, 35.161787465943974 ], [ 128.993478688901291, 35.162004727189306 ], [ 128.993788684492813, 35.162797489157562 ], [ 128.994830180784135, 35.163052091996704 ], [ 128.996265583064712, 35.162114843487679 ] ] ] } },
{ "type": "Feature", "properties": { "학교코드(KEDI)": "215021131", "학교명_20251001": "녹산초등학교", "행정구_20251001": "강서구" }, "geometry": { "type": "Polygon", "coordinates": [ [ [ 128.860540511056854, 35.167845453827688 ], [ 128.863343642318085, 35.167835475708266 ], [ 128.863462277830507, 35.16798460517731 ], [ 128.865112484423975, 35.167408227289215 ], [ 128.867386116385205, 35.167714827770872 ], [ 128.868203306890791, 35.166826391030355 ], [ 128.869088609530081, 35.166652075999941 ], [ 128.869604673424874, 35.16639332874707 ], [ 128.870237587429187, 35.165711194522146 ], [ 128.87061286415485, 35.165804953479942 ], [ 128.871499889040564, 35.165062426619279 ], [ 128.871915474232367, 35.164280840111523 ], [ 128.871899346400738, 35.16338215471476 ], [ 128.872096164930525, 35.162616763774551 ], [ 128.872948815517532, 35.162531628871825 ], [ 128.87273332679348, 35.161778101827984 ], [ 128.871378312506863, 35.161519805282367 ], [ 128.870372647802469, 35.160657648368911 ], [ 128.869554239501753, 35.159060516697345 ], [ 128.869627111930498, 35.158872960291092 ], [ 128.86932192689838, 35.158588584221604 ], [ 128.867925587415272, 35.158605459757524 ], [ 128.867125676226095, 35.159511932283166 ], [ 128.866646383426456, 35.159757568979458 ], [ 128.866310965532278, 35.159500544732978 ], [ 128.865492510200738, 35.159490191676845 ], [ 128.865689630578601, 35.15935211713694 ], [ 128.865275861213576, 35.15872708703818 ], [ 128.865182232089069, 35.15818584487851 ], [ 128.867025760085994, 35.156158080252318 ], [ 128.871662603014641, 35.150464821614186 ], [ 128.872383159073962, 35.150875852086251 ], [ 128.87268035973878, 35.15090210008065 ], [ 128.872960784374953, 35.150570095129886 ], [ 128.874018627604556, 35.151035608578297 ], [ 128.87436253832422, 35.150631233480311 ], [ 128.875310537513741, 35.151165592435611 ], [ 128.875676712338333, 35.150730735677641 ], [ 128.876656582201321, 35.151279240235944 ], [ 128.874694298485849, 35.153600736403291 ], [ 128.874579088258344, 35.157444696612373 ], [ 128.874779633260346, 35.157711382648316 ], [ 128.874371135219377, 35.157976936145992 ], [ 128.874503793168259, 35.158288610132288 ], [ 128.874206737256998, 35.158419518122045 ], [ 128.87416946350362, 35.158588779003999 ], [ 128.874415224909797, 35.158568649641111 ], [ 128.874991289137427, 35.158955419061463 ], [ 128.875357279282582, 35.159452735074076 ], [ 128.875569592111958, 35.159395098012517 ], [ 128.875583549263411, 35.159241251424646 ], [ 128.875738088039185, 35.159325182720593 ], [ 128.875878332349885, 35.159175721863463 ], [ 128.876425525873429, 35.159200345281924 ], [ 128.87657045006037, 35.15946338387883 ], [ 128.877312927638286, 35.159405702695295 ], [ 128.877409109024967, 35.15957698625909 ], [ 128.877783610042968, 35.159518383823105 ], [ 128.878302658472336, 35.159721420235037 ], [ 128.878401647245227, 35.159611600074271 ], [ 128.878993897750206, 35.159732107583224 ], [ 128.87931094732275, 35.159367000423252 ], [ 128.880298055964033, 35.15961303479115 ], [ 128.880834442223147, 35.15946615180858 ], [ 128.880853825216349, 35.15905693904778 ], [ 128.881142106788928, 35.159125972190168 ], [ 128.881491043703647, 35.159670563648561 ], [ 128.881172320884332, 35.160096669980938 ], [ 128.881391537995739, 35.161336772627322 ], [ 128.881931109402075, 35.161716501277652 ], [ 128.884389274805557, 35.16187046861198 ], [ 128.887037760586594, 35.163063425271822 ], [ 128.889764389854179, 35.165161908305876 ], [ 128.890571295175164, 35.163987019231946 ], [ 128.890740539838276, 35.163420666688651 ], [ 128.890607454652184, 35.162149270870813 ], [ 128.889649748748838, 35.160559306695781 ], [ 128.8875201058122, 35.157935384787621 ], [ 128.887225304192242, 35.156901161749005 ], [ 128.887451659416229, 35.153920935998805 ], [ 128.887384232175918, 35.14781749144295 ], [ 128.887613360542474, 35.146229325958373 ], [ 128.888015289394872, 35.1449795997544 ], [ 128.889097899534477, 35.14307863322886 ], [ 128.891699010477765, 35.13962606535101 ], [ 128.893109588896124, 35.138114381011057 ], [ 128.895382152261618, 35.136578911319759 ], [ 128.896410619387751, 35.136138756844481 ], [ 128.897622896266199, 35.135938152413885 ], [ 128.901692519004229, 35.135817493982863 ], [ 128.902377318179902, 35.13380670931506 ], [ 128.900947945331922, 35.133156496107851 ], [ 128.899700568257458, 35.132248528752861 ], [ 128.898642168427671, 35.131765384013164 ], [ 128.898656446835588, 35.130721435376913 ], [ 128.898030201417242, 35.129946868882215 ], [ 128.897680979400008, 35.128832706259189 ], [ 128.897139637275188, 35.128398383245937 ], [ 128.895896232307706, 35.126906015881154 ], [ 128.893737693474151, 35.126123743097487 ], [ 128.892329062459908, 35.125139961495627 ], [ 128.891098699947577, 35.124539246374738 ], [ 128.89079151533457, 35.12523985156944 ], [ 128.88911936759709, 35.125512612304078 ], [ 128.88782394515988, 35.126346417382898 ], [ 128.886254526100061, 35.125523999095392 ], [ 128.885960826500792, 35.124994845290253 ], [ 128.885286814129159, 35.124500066917655 ], [ 128.884753521710252, 35.12353342155685 ], [ 128.884766640128589, 35.122974587712854 ], [ 128.884014247969191, 35.122042180159269 ], [ 128.88277821198588, 35.122305967487428 ], [ 128.880573886272344, 35.122424512395362 ], [ 128.879671623937782, 35.123366258211163 ], [ 128.878395481460529, 35.123225784572767 ], [ 128.876116984558735, 35.122797174943003 ], [ 128.874958420873696, 35.121963244698982 ], [ 128.874213017577631, 35.121688003837967 ], [ 128.87070921177127, 35.121092671416861 ], [ 128.870288015955879, 35.120179844841466 ], [ 128.868782329781283, 35.119874120918794 ], [ 128.86771873375568, 35.119148298395793 ], [ 128.864843241310496, 35.119091339701839 ], [ 128.863934583771822, 35.11930772890009 ], [ 128.861135160664389, 35.117630146275438 ], [ 128.859344531471692, 35.115169522098185 ], [ 128.858404924484915, 35.115377910860126 ], [ 128.857017973279824, 35.115323246786893 ], [ 128.856122009100147, 35.115437805988101 ], [ 128.855005070244545, 35.116636048460919 ], [ 128.854733332539581, 35.118234271916997 ], [ 128.854308276271325, 35.118502231166467 ], [ 128.854037235035605, 35.119678730720651 ], [ 128.852987885994082, 35.119576689974416 ], [ 128.852487060440211, 35.120579575334524 ], [ 128.852793131169307, 35.12185689914287 ], [ 128.852364190416864, 35.121500781845079 ], [ 128.851218707130982, 35.121317748077082 ], [ 128.850924530429779, 35.121591172516503 ], [ 128.850752941338499, 35.122073604083297 ], [ 128.850411400728348, 35.122303728684372 ], [ 128.850026934107376, 35.122249616995148 ], [ 128.849019787724075, 35.122651134934038 ], [ 128.848796870957926, 35.122406623859227 ], [ 128.846807230797481, 35.122849741165652 ], [ 128.846196160103204, 35.123309220039324 ], [ 128.845937409154573, 35.123843458729695 ], [ 128.845730622120556, 35.124827513501714 ], [ 128.845437514295213, 35.125206257790879 ], [ 128.845319031712819, 35.12629132211481 ], [ 128.844568794970399, 35.12631232035438 ], [ 128.843630886107491, 35.125929909808413 ], [ 128.842717447579645, 35.126375239580085 ], [ 128.841962276540954, 35.12582627672257 ], [ 128.841532302027673, 35.125790565801239 ], [ 128.840133842629882, 35.12713740940697 ], [ 128.836802405785335, 35.12935910674959 ], [ 128.835338781042594, 35.130007319123258 ], [ 128.833549373776378, 35.129840492544638 ], [ 128.832975035517904, 35.129940981698169 ], [ 128.832767263820017, 35.129771066061117 ], [ 128.831976950860962, 35.129642051754011 ], [ 128.830737174363151, 35.128836318157134 ], [ 128.830526569398046, 35.128462263738349 ], [ 128.829792663641797, 35.12821818521531 ], [ 128.829086425778115, 35.128322055426516 ], [ 128.827269741536099, 35.128159766431942 ], [ 128.826700352543014, 35.128589515731584 ], [ 128.826571805069705, 35.129526597883604 ], [ 128.824228904897922, 35.131025471599237 ], [ 128.823630298445153, 35.131161203924734 ], [ 128.822367085726739, 35.131009249933342 ], [ 128.817949502015608, 35.132453000902693 ], [ 128.815765866274575, 35.132504162360654 ], [ 128.815356699070634, 35.132634907785267 ], [ 128.814343265738188, 35.133760530458815 ], [ 128.812524698704493, 35.135219791553027 ], [ 128.81129302313775, 35.136757572846683 ], [ 128.80987672774171, 35.137453082585452 ], [ 128.807649946752207, 35.139095374895383 ], [ 128.807315932869955, 35.139479556954214 ], [ 128.807669433910149, 35.140442942838511 ], [ 128.80762296842957, 35.141070825992855 ], [ 128.80729306204725, 35.141361867953542 ], [ 128.807151711266954, 35.142149290911135 ], [ 128.806685370562889, 35.142503774926027 ], [ 128.804565621044276, 35.141935470714998 ], [ 128.802132314860671, 35.141901541679317 ], [ 128.802475406017834, 35.143686041240478 ], [ 128.801774228946414, 35.146596229996518 ], [ 128.801583220132954, 35.146797196582071 ], [ 128.800983842480434, 35.146889318164 ], [ 128.800425067260562, 35.148016239134144 ], [ 128.799002487171805, 35.1494364787265 ], [ 128.798918043996167, 35.149634591380476 ], [ 128.799103331998197, 35.149843194902736 ], [ 128.798591104625416, 35.150250706588402 ], [ 128.797855363414584, 35.151378698903294 ], [ 128.796630263226348, 35.15199066410856 ], [ 128.796042142960829, 35.152878340064262 ], [ 128.794790722239497, 35.153276926462091 ], [ 128.794303016949527, 35.153913297960393 ], [ 128.794639243987177, 35.155889989554716 ], [ 128.793665530426068, 35.15716239338326 ], [ 128.794519412869988, 35.158537894792595 ], [ 128.797091857367974, 35.158997002405449 ], [ 128.797622215168417, 35.158459814820148 ], [ 128.798521056994758, 35.158102764997082 ], [ 128.799836759693989, 35.158269953603607 ], [ 128.800594977272368, 35.158067750182006 ], [ 128.801740861363072, 35.158558069991251 ], [ 128.802320672337174, 35.159472626673903 ], [ 128.803269737003689, 35.159682539292248 ], [ 128.803968514547648, 35.160112328233289 ], [ 128.805871426163833, 35.160437580211742 ], [ 128.807149484947075, 35.159550427040003 ], [ 128.808706569075156, 35.158939157805321 ], [ 128.81115343186454, 35.159530653240523 ], [ 128.811582218412411, 35.159799253518329 ], [ 128.812477885202981, 35.159641672708361 ], [ 128.812630141116188, 35.159455771467222 ], [ 128.813384176886359, 35.159220888412982 ], [ 128.815965378253793, 35.160162023175211 ], [ 128.816791278163947, 35.159704531340552 ], [ 128.817526155769656, 35.159534120018193 ], [ 128.817884611171451, 35.158782152616944 ], [ 128.818552914207118, 35.158440657319154 ], [ 128.819301868799954, 35.158672045529308 ], [ 128.820372935708178, 35.158076232775699 ], [ 128.820932966908686, 35.158155124807962 ], [ 128.821261050192106, 35.157719593174015 ], [ 128.822151728544782, 35.157355306915662 ], [ 128.822992286553415, 35.156158711656673 ], [ 128.824250701904646, 35.156262294938173 ], [ 128.825215721583447, 35.156034713270039 ], [ 128.82588030976288, 35.155651557041729 ], [ 128.827526253842592, 35.155588590651384 ], [ 128.828484120580612, 35.156575322414149 ], [ 128.830016771500738, 35.157011105652103 ], [ 128.831764590989167, 35.156810797223578 ], [ 128.833863524216582, 35.15726683839604 ], [ 128.833953830068083, 35.157593289084581 ], [ 128.834995729295883, 35.158239616482014 ], [ 128.836005231152967, 35.159137918023049 ], [ 128.836493015282628, 35.159067872769363 ], [ 128.837191040556775, 35.159273859724649 ], [ 128.840595298468259, 35.158787810941121 ], [ 128.841512459392078, 35.158354121883804 ], [ 128.842932840779582, 35.157988669075081 ], [ 128.843544480924464, 35.158469681780375 ], [ 128.844182866434522, 35.159907801232571 ], [ 128.844013302720214, 35.162044520737403 ], [ 128.844460135070022, 35.162803742451061 ], [ 128.845999459075415, 35.163541672597944 ], [ 128.84552474158221, 35.164008803714523 ], [ 128.846288391286038, 35.164687852941107 ], [ 128.849161785621817, 35.165483571418818 ], [ 128.850888712544076, 35.165263591053723 ], [ 128.852119920356643, 35.166338752026562 ], [ 128.85314939172622, 35.166365263906542 ], [ 128.854290729483836, 35.166183193989092 ], [ 128.854957661631744, 35.166525578640282 ], [ 128.856379571349862, 35.166903712434113 ], [ 128.857633499278421, 35.166937304422277 ], [ 128.85886065841197, 35.167995420608101 ], [ 128.859742982840601, 35.168170714347312 ], [ 128.860540511056854, 35.167845453827688 ] ] ] } },
{ "type": "Feature", "properties": { "학교코드(KEDI)": "215021136", "학교명_20251001": "구남초등학교", "행정구_20251001": "북구" }, "geometry": { "type": "Polygon", "coordinates": [ [ [ 128.998084215555821, 35.198980905576263 ], [ 128.998459894399474, 35.198651793504467 ], [ 128.999097050279204, 35.198676436123343 ], [ 128.999583837198941, 35.19891866466633 ], [ 128.999781605611901, 35.198842918396167 ], [ 129.000690236829428, 35.197893392481781 ], [ 128.999383192247592, 35.197908051120912 ], [ 128.998569817450715, 35.198469548515668 ], [ 128.995403238726453, 35.194513438892891 ], [ 128.994002605807736, 35.195236264005572 ], [ 128.993042284127256, 35.193571209376067 ], [ 128.991419277431305, 35.193991532757011 ], [ 128.99120994832677, 35.193837518270733 ], [ 128.99048549594383, 35.193889041652056 ], [ 128.990877798501657, 35.195621075067706 ], [ 128.987887220949744, 35.195901401649692 ], [ 128.98806351853267, 35.196871914871622 ], [ 128.987929857390071, 35.196979181057394 ], [ 128.991302858425257, 35.200325549045758 ], [ 128.994283296058796, 35.203731200092236 ], [ 128.998177838179629, 35.201133565065788 ], [ 128.997365435089819, 35.20008037038918 ], [ 128.998213993063843, 35.199636210692205 ], [ 128.998084215555821, 35.198980905576263 ] ] ] } },
{ "type": "Feature", "properties": { "학교코드(KEDI)": "215021145", "학교명_20251001": "구포초등학교", "행정구_20251001": "북구" }, "geometry": { "type": "Polygon", "coordinates": [ [ [ 129.002877668100552, 35.210348354139967 ], [ 129.003381420560004, 35.210289785667158 ], [ 129.003745202866952, 35.209868282743649 ], [ 129.003781952772556, 35.209496305617591 ], [ 129.004391559745955, 35.209248610041506 ], [ 129.004667775884258, 35.208746568310218 ], [ 129.004894649529177, 35.208746934091479 ], [ 129.004511533938171, 35.207065046087337 ], [ 129.003678338675513, 35.205726526613695 ], [ 129.004313798361039, 35.205397765611352 ], [ 129.005033604221467, 35.205367270781629 ], [ 129.005971529481599, 35.204897589974621 ], [ 129.005693277332938, 35.203730527236267 ], [ 129.005885098699167, 35.203223106235242 ], [ 129.005283045500846, 35.202660792570313 ], [ 129.004488026469261, 35.202454516106755 ], [ 129.005900732072178, 35.198757994991396 ], [ 129.004288652446348, 35.198788697891736 ], [ 129.003174955272044, 35.197557376091666 ], [ 129.002494368585559, 35.197311695910756 ], [ 129.0016672693732, 35.197288416954969 ], [ 129.00105752046727, 35.197496944453071 ], [ 128.999781605611901, 35.198842918396167 ], [ 128.999583837198941, 35.19891866466633 ], [ 128.998981367467962, 35.198650880765548 ], [ 128.998315460460134, 35.198742631274328 ], [ 128.99802582682679, 35.199081486330748 ], [ 128.998213993063843, 35.199636210692205 ], [ 128.997365435089819, 35.20008037038918 ], [ 128.998177838179629, 35.201133565065788 ], [ 128.994283296058796, 35.203731200092236 ], [ 128.996061397394016, 35.205789468007133 ], [ 128.999208088763879, 35.208906529505732 ], [ 129.000208905177146, 35.209350059284326 ], [ 129.001972697478521, 35.209488184409501 ], [ 129.002514969763268, 35.210270963659333 ], [ 129.002774077331935, 35.210178113278303 ], [ 129.002877668100552, 35.210348354139967 ] ] ] } },
{ "type": "Feature", "properties": { "학교코드(KEDI)": "215021154", "학교명_20251001": "구학초등학교", "행정구_20251001": "사상구" }, "geometry": { "type": "Polygon", "coordinates": [ [ [ 128.985891005456807, 35.138891545990596 ], [ 128.986244492765593, 35.138970993876939 ], [ 128.986197757410594, 35.140631282899584 ], [ 128.985818249123525, 35.140647038521315 ], [ 128.985788248707451, 35.141219409985119 ], [ 128.985174857505285, 35.142006745616207 ], [ 128.985571177068351, 35.142095098915469 ], [ 128.985474206309448, 35.142625852123267 ], [ 128.987227754710148, 35.143084563846308 ], [ 128.987929510101395, 35.14344013837799 ], [ 128.987868309643545, 35.142862489374053 ], [ 128.98928238800741, 35.14068357880776 ], [ 128.992527207882233, 35.138952784639429 ], [ 128.995669969509407, 35.136372657494739 ], [ 128.996617268112175, 35.135289311870466 ], [ 129.000750438215931, 35.136044443670073 ], [ 129.00391220959412, 35.136131212631689 ], [ 129.003706874565921, 35.135868911901632 ], [ 129.003377862783452, 35.135760853929781 ], [ 129.003383189894123, 35.13502617419995 ], [ 129.003712438677724, 35.134724195123077 ], [ 129.00365219784851, 35.134616060908321 ], [ 129.0024890406645, 35.133831967067465 ], [ 129.002697455343082, 35.133719257831899 ], [ 129.002752458453926, 35.133025147611491 ], [ 129.003542445442577, 35.13256996090707 ], [ 129.004250153864007, 35.13238070487705 ], [ 129.005083847540021, 35.132380718939999 ], [ 129.004848120496263, 35.132245503891795 ], [ 129.003970200887863, 35.132245507833566 ], [ 129.003416065079506, 35.132434767580456 ], [ 129.002971686812941, 35.132822429919209 ], [ 129.00254383389327, 35.132863005240573 ], [ 129.002834605284562, 35.132389734566559 ], [ 129.003210190657683, 35.130977292226014 ], [ 129.002873037280523, 35.127783830998254 ], [ 129.004030411950083, 35.128027170549622 ], [ 129.003547771989105, 35.126445284359789 ], [ 129.003026370450613, 35.125449235622732 ], [ 129.001293178097569, 35.124701152385278 ], [ 129.000015004163942, 35.123691666181664 ], [ 128.99975181274732, 35.123258937335756 ], [ 128.996806136644636, 35.123625992908764 ], [ 128.995432881925751, 35.123606499940458 ], [ 128.989939425713771, 35.124595978133655 ], [ 128.988260138136354, 35.124466947688958 ], [ 128.987803378319569, 35.124312125461628 ], [ 128.987445288230987, 35.127580352608838 ], [ 128.98676890585088, 35.129420489758601 ], [ 128.984163260548598, 35.132548675114613 ], [ 128.985891005456807, 35.138891545990596 ] ] ] } },
{ "type": "Feature", "properties": { "학교코드(KEDI)": "215021163", "학교명_20251001": "금곡초등학교", "행정구_20251001": "북구" }, "geometry": { "type": "Polygon", "coordinates": [ [ [ 129.017810570993959, 35.264173819557044 ], [ 129.018655438839204, 35.264131207152879 ], [ 129.02128685030118, 35.262554211974418 ], [ 129.01942952446646, 35.260830440235942 ], [ 129.018218488230644, 35.260727970026004 ], [ 129.01767289235525, 35.260490162783817 ], [ 129.0172754607662, 35.260072247792287 ], [ 129.016846858168122, 35.260050760061098 ], [ 129.017279835960039, 35.259624018679155 ], [ 129.016570377534549, 35.259016552044137 ], [ 129.016184236315013, 35.258967151613042 ], [ 129.015876934124861, 35.258613142522172 ], [ 129.015907421962453, 35.257897402022358 ], [ 129.015248310079556, 35.256935900848809 ], [ 129.014396888130648, 35.257291989435579 ], [ 129.013608720599336, 35.258272675007582 ], [ 129.012929959270565, 35.258130907295389 ], [ 129.012081071648453, 35.258383618130061 ], [ 129.015365525655682, 35.265028413283254 ], [ 129.017810570993959, 35.264173819557044 ] ] ] } },
{ "type": "Feature", "properties": { "학교코드(KEDI)": "215021165", "학교명_20251001": "금명초등학교", "행정구_20251001": "북구" }, "geometry": { "type": "Polygon", "coordinates": [ [ [ 129.012708067873291, 35.247426983586458 ], [ 129.01269008681345, 35.245913223968607 ], [ 129.012884756336689, 35.245913479777094 ], [ 129.012850967801199, 35.245174854090493 ], [ 129.014044921398494, 35.240932233212291 ], [ 129.014107322423001, 35.23980604741039 ], [ 129.013008911036195, 35.239960790990686 ], [ 129.008903990664379, 35.241242234234889 ], [ 129.010022067738959, 35.250207678357853 ], [ 129.010081802057954, 35.253427733719917 ], [ 129.010565823142514, 35.253108392487846 ], [ 129.01094629391352, 35.252272324125947 ], [ 129.012320943096285, 35.250382540442295 ], [ 129.012986771435152, 35.249098235734635 ], [ 129.012956945639019, 35.24753938504859 ], [ 129.012708067873291, 35.247426983586458 ] ] ] } },
{ "type": "Feature", "properties": { "학교코드(KEDI)": "215021166", "학교명_20251001": "신명초등학교", "행정구_20251001": "강서구" }, "geometry": { "type": "Polygon", "coordinates": [ [ [ 128.915343123556482, 35.098534398598552 ], [ 128.926795549625865, 35.097387138423109 ], [ 128.925645601655106, 35.093895013253146 ], [ 128.92351459354731, 35.093638204492215 ], [ 128.916659816725712, 35.091287349081362 ], [ 128.917250769986623, 35.095903877575225 ], [ 128.914990142132837, 35.096155809147184 ], [ 128.915343123556482, 35.098534398598552 ] ] ] } },
{ "type": "Feature", "properties": { "학교코드(KEDI)": "215021167", "학교명_20251001": "송정초등학교", "행정구_20251001": "강서구" }, "geometry": { "type": "MultiPolygon", "coordinates": [ [ [ [ 128.823725537746384, 35.095714629519627 ], [ 128.823541709156046, 35.095784288718058 ], [ 128.823614865736147, 35.095868520365322 ], [ 128.823725537746384, 35.095714629519627 ] ] ], [ [ [ 128.835338781042594, 35.130007319123258 ], [ 128.836802405785335, 35.12935910674959 ], [ 128.840133842629882, 35.12713740940697 ], [ 128.841532302027673, 35.125790565801239 ], [ 128.841962276540954, 35.12582627672257 ], [ 128.842717447579645, 35.126375239580085 ], [ 128.843630886107491, 35.125929909808413 ], [ 128.844568794970399, 35.12631232035438 ], [ 128.845319031712819, 35.12629132211481 ], [ 128.845437514295213, 35.125206257790879 ], [ 128.845730622120556, 35.124827513501714 ], [ 128.845937409154573, 35.123843458729695 ], [ 128.846196160103204, 35.123309220039324 ], [ 128.846807230797481, 35.122849741165652 ], [ 128.848796870957926, 35.122406623859227 ], [ 128.849019787724075, 35.122651134934038 ], [ 128.850026934107376, 35.122249616995148 ], [ 128.850411400728348, 35.122303728684372 ], [ 128.850752941338499, 35.122073604083297 ], [ 128.850924530429779, 35.121591172516503 ], [ 128.851218707130982, 35.121317748077082 ], [ 128.852364190416864, 35.121500781845079 ], [ 128.852793131169307, 35.12185689914287 ], [ 128.852487060440211, 35.120579575334524 ], [ 128.852987885994082, 35.119576689974416 ], [ 128.854037235035605, 35.119678730720651 ], [ 128.854308276271325, 35.118502231166467 ], [ 128.854733332539581, 35.118234271916997 ], [ 128.855005070244545, 35.116636048460919 ], [ 128.855421484464358, 35.116059507826904 ], [ 128.856122009100147, 35.115437805988101 ], [ 128.857017973279824, 35.115323246786893 ], [ 128.858404924484915, 35.115377910860126 ], [ 128.859329585385893, 35.115172837150844 ], [ 128.85937678477535, 35.114627141961456 ], [ 128.858093735502308, 35.112250588668893 ], [ 128.858353944752167, 35.110725550036996 ], [ 128.858254520293514, 35.110214076162819 ], [ 128.857084558011024, 35.108182483246587 ], [ 128.856689054969991, 35.107759504322843 ], [ 128.856633689086806, 35.107242005914863 ], [ 128.856178979054846, 35.10623158695244 ], [ 128.855572947189017, 35.10563564424195 ], [ 128.85552187986255, 35.104712559727268 ], [ 128.854528739273576, 35.103047428347864 ], [ 128.85435772050937, 35.102123072598999 ], [ 128.853979286477539, 35.101481961168417 ], [ 128.85434262934541, 35.100321038727706 ], [ 128.858035276993434, 35.099956012198433 ], [ 128.858382066861367, 35.100424247024065 ], [ 128.859142465899993, 35.100149984670416 ], [ 128.859145759546067, 35.099992653787289 ], [ 128.860910643353577, 35.099761078045901 ], [ 128.861548789253334, 35.099471389023648 ], [ 128.865731374916379, 35.0993936684185 ], [ 128.865724305240178, 35.098222338038958 ], [ 128.866419282781351, 35.098163949011578 ], [ 128.869466971488492, 35.091869736409748 ], [ 128.869520937804879, 35.089150636193246 ], [ 128.877491435169816, 35.08902133720467 ], [ 128.87746535049294, 35.083327690118075 ], [ 128.872397537976951, 35.083324567503659 ], [ 128.872396317471953, 35.084740621201469 ], [ 128.871534317685018, 35.085401663572263 ], [ 128.871804949152647, 35.08670563446227 ], [ 128.870810530431726, 35.088771487038066 ], [ 128.870645721706779, 35.088770930336004 ], [ 128.87068081042969, 35.085144326093292 ], [ 128.868215592880404, 35.083342722064074 ], [ 128.837607275053074, 35.083390680805252 ], [ 128.836483853630824, 35.085561862176121 ], [ 128.836471085687037, 35.086904139123732 ], [ 128.835333929709833, 35.088389053898403 ], [ 128.835281809307617, 35.099550295088527 ], [ 128.835665771667493, 35.101146836399195 ], [ 128.837850789728492, 35.103601620413954 ], [ 128.837860913599314, 35.104129373896676 ], [ 128.838115072200196, 35.104154529432542 ], [ 128.838332398615961, 35.104401318828778 ], [ 128.838279309380937, 35.104204002179337 ], [ 128.838608046348412, 35.104574426957768 ], [ 128.841700485234725, 35.105989576703124 ], [ 128.841333397128466, 35.106307472050993 ], [ 128.842179691713397, 35.107091616444471 ], [ 128.843169178622361, 35.109167098948397 ], [ 128.843270265132929, 35.110537084618798 ], [ 128.84287506042412, 35.111890249414614 ], [ 128.842962202988446, 35.113158352665408 ], [ 128.842778581522424, 35.113512329431131 ], [ 128.841662709808958, 35.114566790285487 ], [ 128.840346594956458, 35.115161984466162 ], [ 128.838974315482375, 35.115072828532135 ], [ 128.838488505262063, 35.115203964701031 ], [ 128.837497858088312, 35.116206501774577 ], [ 128.837410673637692, 35.116812053140151 ], [ 128.836775439896797, 35.117679107287465 ], [ 128.836828006096539, 35.118553727669315 ], [ 128.836138260759355, 35.118716528607749 ], [ 128.835930127040967, 35.119003418570465 ], [ 128.836096728856631, 35.11958513112144 ], [ 128.836410412822403, 35.119786390078346 ], [ 128.836422732280852, 35.120091058533887 ], [ 128.836919426159312, 35.120290960876886 ], [ 128.837035433791442, 35.120588431960975 ], [ 128.837537352208386, 35.120822175727604 ], [ 128.83738685292704, 35.121477692735624 ], [ 128.837714309417976, 35.121757584077457 ], [ 128.837649347158532, 35.122253955743545 ], [ 128.837966990974081, 35.122538935543538 ], [ 128.837878408748196, 35.122898782995513 ], [ 128.838174990769971, 35.122963711274863 ], [ 128.838187040389869, 35.123088430368192 ], [ 128.837848095453268, 35.123365475071118 ], [ 128.837724927433158, 35.12401747757233 ], [ 128.837415928634272, 35.124086789295873 ], [ 128.836955247852217, 35.124683071874379 ], [ 128.836312944134761, 35.125052856410854 ], [ 128.835107800132164, 35.126172957932845 ], [ 128.834614014547611, 35.1274954825669 ], [ 128.834517025459348, 35.128766102936432 ], [ 128.832975035517904, 35.129940981698169 ], [ 128.833549373776378, 35.129840492544638 ], [ 128.835338781042594, 35.130007319123258 ] ] ] ] } },
{ "type": "Feature", "properties": { "학교코드(KEDI)": "215021172", "학교명_20251001": "금창초등학교", "행정구_20251001": "북구" }, "geometry": { "type": "Polygon", "coordinates": [ [ [ 129.017632980467852, 35.273306458869882 ], [ 129.019617286922227, 35.272832056227912 ], [ 129.019837656681915, 35.272399101794825 ], [ 129.019625233374342, 35.27228542179337 ], [ 129.019499386005464, 35.2707893712507 ], [ 129.019157611858645, 35.270739045856715 ], [ 129.018872701505643, 35.269815711507917 ], [ 129.021388656121104, 35.269583401971673 ], [ 129.021616638435461, 35.268807169988222 ], [ 129.023769747179074, 35.26869190645359 ], [ 129.024340173488383, 35.265601606001965 ], [ 129.024960690725123, 35.265008830120294 ], [ 129.023674984033477, 35.264662299482602 ], [ 129.023057811973416, 35.264738269854483 ], [ 129.022407293514732, 35.265104276409119 ], [ 129.022284995345103, 35.26327733813072 ], [ 129.02128685030118, 35.262554211974418 ], [ 129.018655438839204, 35.264131207152879 ], [ 129.017496864861869, 35.264211807990868 ], [ 129.015365525655682, 35.265028413283254 ], [ 129.017842233816538, 35.269701242794959 ], [ 129.018081805031585, 35.271585012673874 ], [ 129.017632980467852, 35.273306458869882 ] ] ] } },
{ "type": "Feature", "properties": { "학교코드(KEDI)": "215021181", "학교명_20251001": "녹명초등학교", "행정구_20251001": "강서구" }, "geometry": { "type": "Polygon", "coordinates": [ [ [ 128.902641239212301, 35.125000184548341 ], [ 128.900305873033631, 35.119589993640005 ], [ 128.89947483505307, 35.119824092869948 ], [ 128.898565946236545, 35.119118920749621 ], [ 128.898586976528662, 35.119922195789385 ], [ 128.897624479706877, 35.120290699181339 ], [ 128.896770758221635, 35.119569723850177 ], [ 128.895716132511552, 35.117336047543645 ], [ 128.894330549976104, 35.11540126755451 ], [ 128.893693757499733, 35.113119781017929 ], [ 128.893009817379806, 35.111762189374204 ], [ 128.892062670813118, 35.110670618532225 ], [ 128.889855465048754, 35.10897317902765 ], [ 128.889697724888975, 35.108063327002974 ], [ 128.889471464772555, 35.107837463401026 ], [ 128.888298779660886, 35.095183982860839 ], [ 128.886973142222388, 35.095754797279838 ], [ 128.877496137336067, 35.098715605334753 ], [ 128.875067011422175, 35.099063186568152 ], [ 128.870762363973569, 35.100825682859849 ], [ 128.868024028493664, 35.099887273775259 ], [ 128.865731374916379, 35.0993936684185 ], [ 128.861548789253334, 35.099471389023648 ], [ 128.860910643353577, 35.099761078045901 ], [ 128.859145759546067, 35.099992653787289 ], [ 128.859142465899993, 35.100149984670416 ], [ 128.858382066861367, 35.100424247024065 ], [ 128.858035276993434, 35.099956012198433 ], [ 128.85434262934541, 35.100321038727706 ], [ 128.853979286477539, 35.101481961168417 ], [ 128.85435772050937, 35.102123072598999 ], [ 128.854528739273576, 35.103047428347864 ], [ 128.85552187986255, 35.104712559727268 ], [ 128.855572947189017, 35.10563564424195 ], [ 128.856178979054846, 35.10623158695244 ], [ 128.856633689086806, 35.107242005914863 ], [ 128.856689054969991, 35.107759504322843 ], [ 128.857084558011024, 35.108182483246587 ], [ 128.858254520293514, 35.110214076162819 ], [ 128.858353944752167, 35.110725550036996 ], [ 128.858093735502308, 35.112250588668893 ], [ 128.85937678477535, 35.114627141961456 ], [ 128.859329585385893, 35.115172837150844 ], [ 128.861135160664389, 35.117630146275438 ], [ 128.863934583771822, 35.11930772890009 ], [ 128.864843241310496, 35.119091339701839 ], [ 128.86771873375568, 35.119148298395793 ], [ 128.868782329781283, 35.119874120918794 ], [ 128.870288015955879, 35.120179844841466 ], [ 128.87070921177127, 35.121092671416861 ], [ 128.874213017577631, 35.121688003837967 ], [ 128.874958420873696, 35.121963244698982 ], [ 128.876116984558735, 35.122797174943003 ], [ 128.878395481460529, 35.123225784572767 ], [ 128.879671623937782, 35.123366258211163 ], [ 128.880573886272344, 35.122424512395362 ], [ 128.88277821198588, 35.122305967487428 ], [ 128.884014247969191, 35.122042180159269 ], [ 128.884766640128589, 35.122974587712854 ], [ 128.884753521710252, 35.12353342155685 ], [ 128.885286814129159, 35.124500066917655 ], [ 128.885960826500792, 35.124994845290253 ], [ 128.886254526100061, 35.125523999095392 ], [ 128.88782394515988, 35.126346417382898 ], [ 128.88911936759709, 35.125512612304078 ], [ 128.89079151533457, 35.12523985156944 ], [ 128.891098699947577, 35.124539246374738 ], [ 128.892329062459908, 35.125139961495627 ], [ 128.893737693474151, 35.126123743097487 ], [ 128.895896232307706, 35.126906015881154 ], [ 128.897139637275188, 35.128398383245937 ], [ 128.897680979400008, 35.128832706259189 ], [ 128.898030201417242, 35.129946868882215 ], [ 128.898656446835588, 35.130721435376913 ], [ 128.898642168427671, 35.131765384013164 ], [ 128.899700568257458, 35.132248528752861 ], [ 128.900947945331922, 35.133156496107851 ], [ 128.902377318179902, 35.13380670931506 ], [ 128.903052649475114, 35.131204692932187 ], [ 128.903251547266024, 35.127606426537305 ], [ 128.902641239212301, 35.125000184548341 ] ] ] } },
{ "type": "Feature", "properties": { "학교코드(KEDI)": "215021199", "학교명_20251001": "대사초등학교", "행정구_20251001": "강서구" }, "geometry": { "type": "Polygon", "coordinates": [ [ [ 128.903148504045873, 35.164370689196595 ], [ 128.90536301047652, 35.180757693045301 ], [ 128.906440982100747, 35.187277946167292 ], [ 128.906308590072456, 35.189270919416686 ], [ 128.905853751943624, 35.191035328914055 ], [ 128.904382409502773, 35.195190951368858 ], [ 128.904168065476568, 35.197345828503131 ], [ 128.904658194911974, 35.199080781585216 ], [ 128.905598531356219, 35.200000356330719 ], [ 128.908978447252792, 35.202126623019296 ], [ 128.911661753261939, 35.203442422605967 ], [ 128.915994967845734, 35.206963305804045 ], [ 128.924745723322701, 35.216911058132801 ], [ 128.924412646153172, 35.218040046308175 ], [ 128.926615424003387, 35.218833919653846 ], [ 128.929239507352776, 35.220031680020334 ], [ 128.932133956042293, 35.221992057810631 ], [ 128.934728389596046, 35.223523478146703 ], [ 128.93668872161382, 35.225460919005592 ], [ 128.93979638181375, 35.227249854647155 ], [ 128.943997805240429, 35.228325423352423 ], [ 128.945710250194594, 35.227253266260448 ], [ 128.948142366102189, 35.22537859509525 ], [ 128.947970524607257, 35.225224793262761 ], [ 128.946485323450332, 35.225491937295736 ], [ 128.944147717127606, 35.225469969915729 ], [ 128.943885070793783, 35.22164857660875 ], [ 128.94474377984136, 35.219412539283198 ], [ 128.946019884632506, 35.217230673774345 ], [ 128.946166705194969, 35.215277062049431 ], [ 128.945881329031437, 35.214502402163994 ], [ 128.943967030834358, 35.211872921390167 ], [ 128.939592540940424, 35.206937536303684 ], [ 128.938240144440272, 35.204272906350731 ], [ 128.936222501900801, 35.202698729051555 ], [ 128.934006737361301, 35.201653594401058 ], [ 128.932049670817207, 35.198909199581131 ], [ 128.932476241816914, 35.198765137051588 ], [ 128.932809912853401, 35.198333832620591 ], [ 128.932331704136686, 35.197814736177136 ], [ 128.931855917029139, 35.196720032918172 ], [ 128.931075529380308, 35.196670272263283 ], [ 128.930737386076345, 35.194737300982752 ], [ 128.929888047468381, 35.193574202119578 ], [ 128.930485552423107, 35.193303015470214 ], [ 128.929803404677386, 35.19222063559431 ], [ 128.928162938224716, 35.190899188586684 ], [ 128.926148185684468, 35.189990132382896 ], [ 128.924247008400584, 35.18943318351247 ], [ 128.923021752135156, 35.188770364250722 ], [ 128.921971007788102, 35.187733584121737 ], [ 128.921289564642109, 35.186768603693473 ], [ 128.919898834644783, 35.182494996578434 ], [ 128.919138624764315, 35.177880626833399 ], [ 128.91707976681468, 35.173143145971494 ], [ 128.916233433950822, 35.17086483289507 ], [ 128.916218852490431, 35.17041919052474 ], [ 128.916545410771562, 35.169463708112772 ], [ 128.917746430130734, 35.167693541374696 ], [ 128.920625134081376, 35.161304746763868 ], [ 128.903148504045873, 35.164370689196595 ] ] ] } },
{ "type": "Feature", "properties": { "학교코드(KEDI)": "215021208", "학교명_20251001": "대상초등학교", "행정구_20251001": "강서구" }, "geometry": { "type": "Polygon", "coordinates": [ [ [ 128.998224296238334, 35.232913429990852 ], [ 128.997304847111621, 35.224644177060974 ], [ 128.995359582669039, 35.21269447094835 ], [ 128.993876239410042, 35.208107774043356 ], [ 128.993173628351457, 35.206747719937042 ], [ 128.991194177790277, 35.20442067481477 ], [ 128.989652424143628, 35.203787751000405 ], [ 128.984162329290029, 35.200340722022645 ], [ 128.978474504088553, 35.198822635188456 ], [ 128.975874027068528, 35.198415757401953 ], [ 128.973182379070806, 35.19731599150191 ], [ 128.970091822023932, 35.194809809034432 ], [ 128.968016637827361, 35.195668134742263 ], [ 128.966654629661804, 35.196628205179863 ], [ 128.965412138261343, 35.196759917796484 ], [ 128.963583223066365, 35.19459141407637 ], [ 128.963345703174326, 35.194696320761125 ], [ 128.963210243535002, 35.194856266609975 ], [ 128.963590672315803, 35.195368504679713 ], [ 128.963317242812309, 35.212771716289367 ], [ 128.968531605202372, 35.212248055462808 ], [ 128.968607321643958, 35.212717612428953 ], [ 128.969535967974537, 35.212631726587581 ], [ 128.970925665362188, 35.222829754843843 ], [ 128.970807108854245, 35.224468382050503 ], [ 128.963486383585405, 35.224849829006409 ], [ 128.956355777559452, 35.224320028730695 ], [ 128.956378147280049, 35.225252433087704 ], [ 128.966740002882744, 35.226778257755484 ], [ 128.972735094269069, 35.227233699862516 ], [ 128.975707737907356, 35.227849562393111 ], [ 128.976312267239024, 35.227770424797413 ], [ 128.976467327712697, 35.227809576630357 ], [ 128.976451553780521, 35.228022866936058 ], [ 128.984157535179207, 35.229755930505519 ], [ 128.986943413533339, 35.230868952166695 ], [ 128.989700970324662, 35.231676260522498 ], [ 128.994291744468057, 35.234041330426727 ], [ 128.996760099893464, 35.236080507065978 ], [ 128.998224296238334, 35.232913429990852 ] ] ] } },
{ "type": "Feature", "properties": { "학교코드(KEDI)": "215021215", "학교명_20251001": "명일초등학교", "행정구_20251001": "강서구" }, "geometry": { "type": "Polygon", "coordinates": [ [ [ 128.927286237992774, 35.106858771773062 ], [ 128.927542365797763, 35.105667580314886 ], [ 128.927033343267482, 35.103983631623677 ], [ 128.923943049544306, 35.104298326084866 ], [ 128.923706378982047, 35.102561458975991 ], [ 128.920775023396345, 35.102842996727382 ], [ 128.920803336236105, 35.103045795457909 ], [ 128.918347017920325, 35.103283927022005 ], [ 128.919984995972243, 35.114531746276938 ], [ 128.921675031415418, 35.114088048447812 ], [ 128.921330382357439, 35.110995411873475 ], [ 128.924660724153625, 35.110701081974497 ], [ 128.925262852087997, 35.109223171232912 ], [ 128.925597154525832, 35.108849169722575 ], [ 128.924554242669529, 35.108333663849358 ], [ 128.922551419205831, 35.107684791981633 ], [ 128.922289672241504, 35.107316685084548 ], [ 128.924800082047426, 35.106966669477345 ], [ 128.924974888038292, 35.105990734128845 ], [ 128.924693195978165, 35.105917290948533 ], [ 128.924999154159508, 35.105405028535856 ], [ 128.925837410659085, 35.106009750418487 ], [ 128.925965125100163, 35.106364568356163 ], [ 128.926455332684213, 35.106768015894495 ], [ 128.927286237992774, 35.106858771773062 ] ] ] } },
{ "type": "Feature", "properties": { "학교코드(KEDI)": "215021217", "학교명_20251001": "대저초등학교", "행정구_20251001": "강서구" }, "geometry": { "type": "Polygon", "coordinates": [ [ [ 128.903148504045873, 35.164370689196595 ], [ 128.90536301047652, 35.180757693045301 ], [ 128.906440982100747, 35.187277946167292 ], [ 128.906308590072456, 35.189270919416686 ], [ 128.905853751943624, 35.191035328914055 ], [ 128.904382409502773, 35.195190951368858 ], [ 128.904168065476568, 35.197345828503131 ], [ 128.904524285712426, 35.198842536933427 ], [ 128.905598531356219, 35.200000356330719 ], [ 128.908978447252792, 35.202126623019296 ], [ 128.911661753261939, 35.203442422605967 ], [ 128.914039229537053, 35.20537424459048 ], [ 128.920454763040539, 35.20264658990682 ], [ 128.922661916400074, 35.20658822760111 ], [ 128.9293652661311, 35.203842695246621 ], [ 128.928439925362539, 35.202345020467476 ], [ 128.930721084939648, 35.201167282720498 ], [ 128.929034027713072, 35.198373135752412 ], [ 128.931138699532426, 35.19738333505623 ], [ 128.931075529380308, 35.196670272263283 ], [ 128.931855917029139, 35.196720032918172 ], [ 128.932331704136686, 35.197814736177136 ], [ 128.932809912853401, 35.198333832620591 ], [ 128.932476241816914, 35.198765137051588 ], [ 128.932049670817207, 35.198909199581131 ], [ 128.934006737361301, 35.201653594401058 ], [ 128.936222501900801, 35.202698729051555 ], [ 128.938240144440272, 35.204272906350731 ], [ 128.939592540940424, 35.206937536303684 ], [ 128.943967030834358, 35.211872921390167 ], [ 128.945881329031437, 35.214502402163994 ], [ 128.946166705194969, 35.215277062049431 ], [ 128.946019884632506, 35.217230673774345 ], [ 128.94474377984136, 35.219412539283198 ], [ 128.943885070793783, 35.22164857660875 ], [ 128.944147717127606, 35.225469969915729 ], [ 128.946485323450332, 35.225491937295736 ], [ 128.947970524607257, 35.225224793262761 ], [ 128.948142366102189, 35.22537859509525 ], [ 128.948534468496888, 35.225242042513024 ], [ 128.956378147280049, 35.225252433087704 ], [ 128.956355777559452, 35.224320028730695 ], [ 128.963486383585405, 35.224849829006409 ], [ 128.970807108854245, 35.224468382050503 ], [ 128.970925665362188, 35.222829754843843 ], [ 128.969535967974537, 35.212631726587581 ], [ 128.968607321643958, 35.212717612428953 ], [ 128.968531605202372, 35.212248055462808 ], [ 128.963317242812309, 35.212771716289367 ], [ 128.963467835730285, 35.203244893694645 ], [ 128.96214075457749, 35.202920432771897 ], [ 128.952204545959233, 35.198484152470371 ], [ 128.957231737141257, 35.192657831142206 ], [ 128.955997508253859, 35.192015385529736 ], [ 128.95005681308831, 35.187674506172478 ], [ 128.94643439990935, 35.190973416439938 ], [ 128.946292107729107, 35.191448814079017 ], [ 128.944495793384419, 35.192398456348364 ], [ 128.944265254988096, 35.192024918305925 ], [ 128.943655407828629, 35.191741966645637 ], [ 128.942788612049242, 35.189502956289893 ], [ 128.942200862186354, 35.188760768551724 ], [ 128.941968477070787, 35.188086985607214 ], [ 128.94108129030235, 35.188300345381293 ], [ 128.940880716392968, 35.187678585301356 ], [ 128.938189468655537, 35.188219552174033 ], [ 128.938627662470481, 35.19049767235478 ], [ 128.93807112084167, 35.190610862442298 ], [ 128.936819258938783, 35.190127077370072 ], [ 128.935047198942442, 35.190447901948247 ], [ 128.933989741366247, 35.190445514310063 ], [ 128.932235280233044, 35.190708710679075 ], [ 128.930141260638322, 35.186342503345593 ], [ 128.927514767704992, 35.187013139991606 ], [ 128.929491732671408, 35.191905882216162 ], [ 128.928162938224716, 35.190899188586684 ], [ 128.926148185684468, 35.189990132382896 ], [ 128.923705388678513, 35.189189928318392 ], [ 128.922570749166681, 35.188381413770671 ], [ 128.921289564642109, 35.186768603693473 ], [ 128.919898834644783, 35.182494996578434 ], [ 128.919138624764315, 35.177880626833399 ], [ 128.916233433950822, 35.17086483289507 ], [ 128.916287791991181, 35.170096013512321 ], [ 128.916545410771562, 35.169463708112772 ], [ 128.917746430130734, 35.167693541374696 ], [ 128.920625134081376, 35.161304746763868 ], [ 128.903148504045873, 35.164370689196595 ] ] ] } },
{ "type": "Feature", "properties": { "학교코드(KEDI)": "215021235", "학교명_20251001": "대천리초등학교", "행정구_20251001": "북구" }, "geometry": { "type": "Polygon", "coordinates": [ [ [ 129.02313293458252, 35.239037018205252 ], [ 129.022208999828365, 35.239993259974106 ], [ 129.021542554345331, 35.240315486505608 ], [ 129.02058900649061, 35.244114872419622 ], [ 129.017059702778454, 35.242702391020124 ], [ 129.016986573907218, 35.243041168252731 ], [ 129.017247849059231, 35.243312051202061 ], [ 129.018692138784644, 35.243873913387588 ], [ 129.019499077880795, 35.244377691039041 ], [ 129.02256752626937, 35.244847568038267 ], [ 129.023237143762316, 35.245130696462063 ], [ 129.023839532169916, 35.244994213333719 ], [ 129.02380789713439, 35.244199782701507 ], [ 129.024143413919802, 35.244053642946859 ], [ 129.024229003858835, 35.243506168776541 ], [ 129.023685711787749, 35.242377230661653 ], [ 129.023507342213037, 35.240107844703807 ], [ 129.023627753094956, 35.239734692274027 ], [ 129.02313293458252, 35.239037018205252 ] ] ] } },
{ "type": "Feature", "properties": { "학교코드(KEDI)": "215021253", "학교명_20251001": "덕두초등학교", "행정구_20251001": "강서구" }, "geometry": { "type": "Polygon", "coordinates": [ [ [ 128.963467835730285, 35.203244893694645 ], [ 128.963590672315803, 35.195368504679713 ], [ 128.963210243535002, 35.194856266609975 ], [ 128.963583223066365, 35.19459141407637 ], [ 128.965412138261343, 35.196759917796484 ], [ 128.966654629661804, 35.196628205179863 ], [ 128.968016637827361, 35.195668134742263 ], [ 128.970091822023932, 35.194809809034432 ], [ 128.973182379070806, 35.19731599150191 ], [ 128.975874027068528, 35.198415757401953 ], [ 128.978474504088553, 35.198822635188456 ], [ 128.984162329290029, 35.200340722022645 ], [ 128.986946914968541, 35.2020203988167 ], [ 128.987730026878978, 35.201455113282606 ], [ 128.981881790722127, 35.19666218512392 ], [ 128.977069602820507, 35.193328327304279 ], [ 128.970261356112559, 35.190517825602122 ], [ 128.966320337970984, 35.187899530746293 ], [ 128.963618026625142, 35.184509898088486 ], [ 128.96329105003025, 35.183641542373245 ], [ 128.962885351296194, 35.164384387597764 ], [ 128.960657395602738, 35.154313291095612 ], [ 128.959956422841287, 35.155767559374247 ], [ 128.952538253781512, 35.152967909649036 ], [ 128.950382416699114, 35.152525107666875 ], [ 128.945044408922143, 35.153196572155181 ], [ 128.943084825446988, 35.153236860686405 ], [ 128.941024954612431, 35.152947079682463 ], [ 128.938613712434233, 35.152326826805428 ], [ 128.937193680750482, 35.15161108136892 ], [ 128.935522833067608, 35.153100525410423 ], [ 128.937270392708541, 35.158480384270391 ], [ 128.920625134081376, 35.161304746763868 ], [ 128.917746430130734, 35.167693541374696 ], [ 128.916545410771562, 35.169463708112772 ], [ 128.916287791991181, 35.170096013512321 ], [ 128.916233433950822, 35.17086483289507 ], [ 128.919138624764315, 35.177880626833399 ], [ 128.919898834644783, 35.182494996578434 ], [ 128.921482140638091, 35.187111603916705 ], [ 128.922570749166681, 35.188381413770671 ], [ 128.923705388678513, 35.189189928318392 ], [ 128.926148185684468, 35.189990132382896 ], [ 128.928162938224716, 35.190899188586684 ], [ 128.929491732671408, 35.191905882216162 ], [ 128.927514767704992, 35.187013139991606 ], [ 128.930141260638322, 35.186342503345593 ], [ 128.932235280233044, 35.190708710679075 ], [ 128.933989741366247, 35.190445514310063 ], [ 128.935047198942442, 35.190447901948247 ], [ 128.936819258938783, 35.190127077370072 ], [ 128.93807112084167, 35.190610862442298 ], [ 128.938627662470481, 35.19049767235478 ], [ 128.938189468655537, 35.188219552174033 ], [ 128.940880716392968, 35.187678585301356 ], [ 128.94108129030235, 35.188300345381293 ], [ 128.941968477070787, 35.188086985607214 ], [ 128.942200862186354, 35.188760768551724 ], [ 128.942788612049242, 35.189502956289893 ], [ 128.943655407828629, 35.191741966645637 ], [ 128.944265254988096, 35.192024918305925 ], [ 128.944396424897008, 35.192397329036716 ], [ 128.946292107729107, 35.191448814079017 ], [ 128.94643439990935, 35.190973416439938 ], [ 128.95005681308831, 35.187674506172478 ], [ 128.955997508253859, 35.192015385529736 ], [ 128.957231737141257, 35.192657831142206 ], [ 128.952204545959233, 35.198484152470371 ], [ 128.96214075457749, 35.202920432771897 ], [ 128.963467835730285, 35.203244893694645 ] ] ] } },
{ "type": "Feature", "properties": { "학교코드(KEDI)": "215021262", "학교명_20251001": "덕상초등학교", "행정구_20251001": "사상구" }, "geometry": { "type": "Polygon", "coordinates": [ [ [ 128.991497138090978, 35.180202373701 ], [ 128.992990787716394, 35.180232854260183 ], [ 128.994174723506802, 35.179950987418941 ], [ 128.995992968043026, 35.179802810653307 ], [ 128.997865718168811, 35.178302759873816 ], [ 128.999026250408633, 35.177156719149707 ], [ 128.998594087722125, 35.176000185357623 ], [ 128.998930568160034, 35.175648483745775 ], [ 128.995859209353995, 35.172085287241018 ], [ 128.995551812945763, 35.172067263780363 ], [ 128.995442217521571, 35.170697175279166 ], [ 128.993577728398918, 35.168454464177003 ], [ 128.993378168559332, 35.168464455949213 ], [ 128.992122953080326, 35.167652968609794 ], [ 128.991775202539884, 35.167741993476575 ], [ 128.990892707507101, 35.167488460567576 ], [ 128.990143334134615, 35.167455042212794 ], [ 128.989825160145926, 35.167233267822439 ], [ 128.989319449667391, 35.167261922408294 ], [ 128.989229614467916, 35.16709761365086 ], [ 128.988724631511815, 35.167373391837643 ], [ 128.988351709910347, 35.167244764922806 ], [ 128.987980267915248, 35.167402244451587 ], [ 128.987662142854845, 35.16733141650586 ], [ 128.987267138198035, 35.167509874272007 ], [ 128.987110358743649, 35.168994578124355 ], [ 128.987547300696917, 35.171826648193488 ], [ 128.98812628473263, 35.171878221264706 ], [ 128.988057601218827, 35.1724853306646 ], [ 128.988450292106478, 35.175391821476715 ], [ 128.988532923009018, 35.17864157614332 ], [ 128.989361736192592, 35.178621606114667 ], [ 128.991182012200426, 35.179049766556304 ], [ 128.991378031479485, 35.180302529884393 ], [ 128.991497138090978, 35.180202373701 ] ] ] } },
{ "type": "Feature", "properties": { "학교코드(KEDI)": "215021267", "학교명_20251001": "명호초등학교", "행정구_20251001": "강서구" }, "geometry": { "type": "Polygon", "coordinates": [ [ [ 128.896367896004136, 35.089121730219247 ], [ 128.897035424537734, 35.089122306950031 ], [ 128.897318806887114, 35.089957638889167 ], [ 128.899450799035094, 35.089948094056403 ], [ 128.899441716547244, 35.089124355903571 ], [ 128.903573317343728, 35.089127759402871 ], [ 128.903633050514202, 35.081942547620855 ], [ 128.899437027323557, 35.081913735464951 ], [ 128.899463854585008, 35.084321593581961 ], [ 128.89537118779927, 35.08427501850322 ], [ 128.895368323543863, 35.086382892951647 ], [ 128.896367896004136, 35.089121730219247 ] ] ] } },
{ "type": "Feature", "properties": { "학교코드(KEDI)": "215021271", "학교명_20251001": "덕성초등학교", "행정구_20251001": "북구" }, "geometry": { "type": "Polygon", "coordinates": [ [ [ 129.008882272503485, 35.218614726432058 ], [ 129.009017778255838, 35.217450280102788 ], [ 129.010788012299258, 35.217896982454562 ], [ 129.010968447790049, 35.217395087485251 ], [ 129.011138375247526, 35.217427504582716 ], [ 129.011155568319538, 35.217127430562144 ], [ 129.011533441488609, 35.21684816800915 ], [ 129.012185865806032, 35.215077996462973 ], [ 129.013780128644726, 35.214406139399586 ], [ 129.014934747690205, 35.214140029716006 ], [ 129.015875345925394, 35.214102685715872 ], [ 129.017302511662564, 35.214379131125398 ], [ 129.018720507242847, 35.214460070081472 ], [ 129.019221438316464, 35.215077795856025 ], [ 129.019304772930866, 35.215911817127783 ], [ 129.020237099785504, 35.216035178399217 ], [ 129.020315920956762, 35.21621538365396 ], [ 129.020960129334583, 35.216161182458215 ], [ 129.021061793856688, 35.216397939326548 ], [ 129.022006181242745, 35.215971816504954 ], [ 129.022884987633546, 35.215967526011497 ], [ 129.023261387846645, 35.215694846837515 ], [ 129.023098953966723, 35.215561602298735 ], [ 129.02313156664917, 35.214978861632325 ], [ 129.021673671985042, 35.214976272677831 ], [ 129.021719655520371, 35.21399338030821 ], [ 129.023104984509359, 35.213980890882517 ], [ 129.023070022670083, 35.213291444870009 ], [ 129.017425100283589, 35.213125505756167 ], [ 129.005902784936893, 35.210124187331893 ], [ 129.005564496339474, 35.209693936669531 ], [ 129.005280159950559, 35.209624068431047 ], [ 129.004873758438976, 35.209874839560122 ], [ 129.00480609915752, 35.210100565071826 ], [ 129.005010194573003, 35.210418568665695 ], [ 129.00412092460698, 35.213359626336285 ], [ 129.005321265943053, 35.217768206479867 ], [ 129.008002566040517, 35.217624193175119 ], [ 129.008196201190913, 35.218346701969729 ], [ 129.008882272503485, 35.218614726432058 ] ] ] } },
{ "type": "Feature", "properties": { "학교코드(KEDI)": "215021274", "학교명_20251001": "덕양초등학교", "행정구_20251001": "북구" }, "geometry": { "type": "Polygon", "coordinates": [ [ [ 129.02291653356815, 35.211288542839483 ], [ 129.025850063573131, 35.211098428358504 ], [ 129.025717988037826, 35.210886670838761 ], [ 129.025939866434499, 35.209848736823425 ], [ 129.026587827976414, 35.209599390826298 ], [ 129.028015692220464, 35.209628595075124 ], [ 129.028696563210588, 35.206259980750694 ], [ 129.027442820735359, 35.207429937664841 ], [ 129.023991753321638, 35.209355566068915 ], [ 129.023679672482103, 35.208926175647321 ], [ 129.023230614795864, 35.208666461530029 ], [ 129.022716995290665, 35.208691555724648 ], [ 129.022554830557738, 35.208861975739261 ], [ 129.022634594935568, 35.209705118551632 ], [ 129.021994612280821, 35.209199076540514 ], [ 129.01993351927166, 35.208746633919667 ], [ 129.019470259732628, 35.210006779388308 ], [ 129.019455415664453, 35.210627376850695 ], [ 129.019911452779525, 35.210737344961792 ], [ 129.020214526951804, 35.210313474583955 ], [ 129.020862451649464, 35.21009294088546 ], [ 129.022166228695767, 35.210095499245249 ], [ 129.022719393529627, 35.20995220412378 ], [ 129.02291653356815, 35.211288542839483 ] ] ] } },
{ "type": "Feature", "properties": { "학교코드(KEDI)": "215021280", "학교명_20251001": "덕천초등학교", "행정구_20251001": "북구" }, "geometry": { "type": "Polygon", "coordinates": [ [ [ 129.005902784936893, 35.210124187331893 ], [ 129.014467713790879, 35.212264522347283 ], [ 129.014586476335808, 35.212420784422768 ], [ 129.015695157190493, 35.209701149576553 ], [ 129.00897393110651, 35.208025957983416 ], [ 129.009551093347199, 35.207220422374775 ], [ 129.009928722950377, 35.206955562572681 ], [ 129.007130416786964, 35.206241340075657 ], [ 129.007532696081199, 35.205150821877261 ], [ 129.00647841149862, 35.20378013478377 ], [ 129.005715270992567, 35.203783728116726 ], [ 129.005971529481599, 35.204897589974621 ], [ 129.005033604221467, 35.205367270781629 ], [ 129.004313798361039, 35.205397765611352 ], [ 129.003678338675513, 35.205726526613695 ], [ 129.004511533938171, 35.207065046087337 ], [ 129.004894649529177, 35.208746934091479 ], [ 129.004667775884258, 35.208746568310218 ], [ 129.004391559745955, 35.209248610041506 ], [ 129.003781952772556, 35.209496305617591 ], [ 129.003745202866952, 35.209868282743649 ], [ 129.003381420560004, 35.210289785667158 ], [ 129.002877668100552, 35.210348354139967 ], [ 129.002774077331935, 35.210178113278303 ], [ 129.002514969763268, 35.210270963659333 ], [ 129.003100001724874, 35.211681511016216 ], [ 129.004033548151085, 35.215382951163313 ], [ 129.004637369844346, 35.215302724827815 ], [ 129.00412092460698, 35.213359626336285 ], [ 129.005010194573003, 35.210418568665695 ], [ 129.00480609915752, 35.210100565071826 ], [ 129.004873758438976, 35.209874839560122 ], [ 129.005280159950559, 35.209624068431047 ], [ 129.005564496339474, 35.209693936669531 ], [ 129.005902784936893, 35.210124187331893 ] ] ] } },
{ "type": "Feature", "properties": { "학교코드(KEDI)": "215021289", "학교명_20251001": "덕포초등학교", "행정구_20251001": "사상구" }, "geometry": { "type": "Polygon", "coordinates": [ [ [ 128.985550888512847, 35.171563652745213 ], [ 128.985319962078421, 35.17140977959064 ], [ 128.984970108396539, 35.17162552664864 ], [ 128.983087613399306, 35.171520427274707 ], [ 128.984062688048795, 35.17395034824294 ], [ 128.984875180127091, 35.177414530901522 ], [ 128.980561633278739, 35.17813322642408 ], [ 128.981511494047055, 35.182078009622025 ], [ 128.987933883380606, 35.180786563687597 ], [ 128.988157749753043, 35.180779562466185 ], [ 128.988173852578484, 35.18170504021095 ], [ 128.988540282420615, 35.181678825330728 ], [ 128.988450292106478, 35.175391821476715 ], [ 128.988057601218827, 35.1724853306646 ], [ 128.98812628473263, 35.171878221264706 ], [ 128.987547300696917, 35.171826648193488 ], [ 128.987151643263985, 35.169400499702924 ], [ 128.98694002184763, 35.169433029763667 ], [ 128.986903688261606, 35.169310475053685 ], [ 128.985644266956967, 35.169647961187167 ], [ 128.985568534389557, 35.169937867263336 ], [ 128.985748036511637, 35.170339017626183 ], [ 128.985342868355929, 35.170201107464663 ], [ 128.985033240013394, 35.170811621521999 ], [ 128.984824744137683, 35.17090080943143 ], [ 128.985080918002069, 35.171012962554066 ], [ 128.985124925140326, 35.171231772625802 ], [ 128.985646824457262, 35.171452456240004 ], [ 128.985550888512847, 35.171563652745213 ] ] ] } },
{ "type": "Feature", "properties": { "학교코드(KEDI)": "215021292", "학교명_20251001": "동궁초등학교", "행정구_20251001": "사상구" }, "geometry": { "type": "Polygon", "coordinates": [ [ [ 128.978526654413258, 35.128080274022594 ], [ 128.980075334570586, 35.127878876911119 ], [ 128.980215908905222, 35.128014218547015 ], [ 128.981348371024978, 35.127766556712565 ], [ 128.983841609565616, 35.127561361645618 ], [ 128.986947656320609, 35.124223021803772 ], [ 128.985379438048, 35.122641670281432 ], [ 128.984654267227569, 35.122264631836735 ], [ 128.983175563276632, 35.120919454050728 ], [ 128.982207248412806, 35.12030967547134 ], [ 128.981602133908439, 35.119679871206792 ], [ 128.981458508488004, 35.118659802030706 ], [ 128.980055499887811, 35.117123534922399 ], [ 128.978388982467294, 35.117161294610177 ], [ 128.977004089599177, 35.116924793751508 ], [ 128.975888408249801, 35.117064357865118 ], [ 128.971904736205857, 35.119084764130285 ], [ 128.969605945717063, 35.119869817037085 ], [ 128.968917929181487, 35.120235687099445 ], [ 128.96897177845878, 35.120607675181311 ], [ 128.967318171628875, 35.12072969689229 ], [ 128.963843155530526, 35.121866588513626 ], [ 128.966331620726947, 35.124397032469545 ], [ 128.967051483391288, 35.124245946983294 ], [ 128.96887072451139, 35.124889794539435 ], [ 128.971175374217125, 35.12399899373461 ], [ 128.972741129992215, 35.123026580329643 ], [ 128.973252159762666, 35.123037334067774 ], [ 128.973717529333243, 35.123320648745548 ], [ 128.971567604911911, 35.12474722024065 ], [ 128.973904185786552, 35.12768492785699 ], [ 128.974297092689255, 35.126789866390332 ], [ 128.973995424568699, 35.126414949689327 ], [ 128.97523109835177, 35.125120695719346 ], [ 128.975929885920095, 35.125865136472164 ], [ 128.977026513953064, 35.126556931165709 ], [ 128.977788196689914, 35.126649582830751 ], [ 128.978526654413258, 35.128080274022594 ] ] ] } },
{ "type": "Feature", "properties": { "학교코드(KEDI)": "215021298", "학교명_20251001": "동주초등학교", "행정구_20251001": "사상구" }, "geometry": { "type": "Polygon", "coordinates": [ [ [ 129.007181461154914, 35.144767920656157 ], [ 129.006064391102541, 35.144139072381826 ], [ 129.001677097703237, 35.140718358229527 ], [ 128.999954455327497, 35.140709326512031 ], [ 128.998494959394066, 35.140988685124555 ], [ 128.996034136260931, 35.140407193598712 ], [ 128.995506937813786, 35.140759964974997 ], [ 128.994677217372384, 35.142630418396941 ], [ 128.994417065699707, 35.143879482626694 ], [ 128.994108548011297, 35.144204155223832 ], [ 128.994297243067507, 35.144773555124225 ], [ 128.993674523547071, 35.14545573408612 ], [ 128.993644606717965, 35.145877405633314 ], [ 128.997433517336361, 35.147927122697951 ], [ 128.997645658004018, 35.150034790730075 ], [ 129.010092114217798, 35.151080332013201 ], [ 129.010418742650273, 35.147932759791722 ], [ 129.009139103645737, 35.147831705390665 ], [ 129.009289201517902, 35.146653354025148 ], [ 129.00757070523855, 35.146491919805591 ], [ 129.00794162584819, 35.145797311830385 ], [ 129.006662994301081, 35.145642034413854 ], [ 129.007181461154914, 35.144767920656157 ] ] ] } },
{ "type": "Feature", "properties": { "학교코드(KEDI)": "215021307", "학교명_20251001": "만덕초등학교", "행정구_20251001": "북구" }, "geometry": { "type": "Polygon", "coordinates": [ [ [ 129.03767386145401, 35.213991839869031 ], [ 129.037669035456929, 35.213798791018355 ], [ 129.038104019665752, 35.213766431270209 ], [ 129.037984329966946, 35.21281463393867 ], [ 129.037551990649234, 35.212839664575284 ], [ 129.037568246155644, 35.213074809733705 ], [ 129.036316677545273, 35.213354812146719 ], [ 129.036286270567558, 35.213170348176348 ], [ 129.034617955168216, 35.21330570173361 ], [ 129.034593296317354, 35.213145579185735 ], [ 129.033441213911601, 35.213242867057637 ], [ 129.028540999257814, 35.212672121863456 ], [ 129.026402091811775, 35.213298279518511 ], [ 129.025030475027222, 35.213357964669989 ], [ 129.025035064852545, 35.213576440265534 ], [ 129.024051266277212, 35.213490394196846 ], [ 129.022906536765845, 35.214460929918936 ], [ 129.021699928015494, 35.214417695788107 ], [ 129.021673671985042, 35.214976272677831 ], [ 129.02313156664917, 35.214978861632325 ], [ 129.023098953966723, 35.215561602298735 ], [ 129.023261387846645, 35.215694846837515 ], [ 129.022884987633546, 35.215967526011497 ], [ 129.022006181242745, 35.215971816504954 ], [ 129.021061793856688, 35.216397939326548 ], [ 129.020960129334583, 35.216161182458215 ], [ 129.020315920956762, 35.21621538365396 ], [ 129.019807539024924, 35.21698551733045 ], [ 129.019641486931164, 35.218289988279068 ], [ 129.01990852058799, 35.218792952268203 ], [ 129.020550010206449, 35.219021660334683 ], [ 129.021113217862734, 35.219447177545085 ], [ 129.021332205063288, 35.219417784600338 ], [ 129.021438050218109, 35.219267070845063 ], [ 129.021286502876535, 35.218350399417915 ], [ 129.021452748204609, 35.217933255873838 ], [ 129.021008971240462, 35.217167346702922 ], [ 129.021341607762565, 35.216909435286624 ], [ 129.023482188268417, 35.216401724647611 ], [ 129.027244754601213, 35.217053364501723 ], [ 129.028711597046737, 35.216194718303171 ], [ 129.028690720967575, 35.216594010186178 ], [ 129.029411997608662, 35.217053252628766 ], [ 129.030154377952073, 35.218305932347477 ], [ 129.030660373529116, 35.218110237628537 ], [ 129.031334227298629, 35.217466476523612 ], [ 129.030929619911262, 35.216524189138262 ], [ 129.031493352843285, 35.216637548190754 ], [ 129.033251801006287, 35.215832687245076 ], [ 129.034083601318031, 35.216540692153963 ], [ 129.035015856318893, 35.216781572939453 ], [ 129.037955205941756, 35.215071668918064 ], [ 129.036900730586382, 35.214416176215536 ], [ 129.03767386145401, 35.213991839869031 ] ], [ [ 129.032997826741962, 35.214443447336379 ], [ 129.032997618462048, 35.214443417492276 ], [ 129.032997808631109, 35.214443293542288 ], [ 129.032997826741962, 35.214443447336379 ] ] ] } },
{ "type": "Feature", "properties": { "학교코드(KEDI)": "215021316", "학교명_20251001": "명덕초등학교", "행정구_20251001": "북구" }, "geometry": { "type": "Polygon", "coordinates": [ [ [ 129.014666185913313, 35.225877053883472 ], [ 129.013242818730873, 35.222837027006051 ], [ 129.009457927665181, 35.223958186158363 ], [ 129.010047081794909, 35.225421767430198 ], [ 129.012222588741139, 35.228293558925898 ], [ 129.012898798969672, 35.230276894611151 ], [ 129.015041736244456, 35.229572626195626 ], [ 129.015014731138734, 35.229149095735679 ], [ 129.01654319919561, 35.228827509346068 ], [ 129.015732588375414, 35.228328691222671 ], [ 129.015646982483531, 35.228002224305492 ], [ 129.015919980288231, 35.227346111532157 ], [ 129.015873485230912, 35.227046438907308 ], [ 129.01544065151873, 35.226473306301941 ], [ 129.014666185913313, 35.225877053883472 ] ] ] } },
{ "type": "Feature", "properties": { "학교코드(KEDI)": "215021325", "학교명_20251001": "명지초등학교", "행정구_20251001": "강서구" }, "geometry": { "type": "MultiPolygon", "coordinates": [ [ [ [ 128.894074740829268, 35.060565140684986 ], [ 128.894517018238531, 35.061355526200536 ], [ 128.896260694074215, 35.060731238701194 ], [ 128.897418186368128, 35.06107772375772 ], [ 128.899474959497553, 35.059627985387117 ], [ 128.902720518728131, 35.058637359057521 ], [ 128.906839101649695, 35.056987737608928 ], [ 128.916813722598647, 35.05427358232776 ], [ 128.917412509800045, 35.054012221150771 ], [ 128.917613772956798, 35.053522385924786 ], [ 128.918312741495185, 35.053476213195289 ], [ 128.918295493293613, 35.053248887418746 ], [ 128.917937853757962, 35.053019768358958 ], [ 128.917443396998749, 35.053007681623434 ], [ 128.91575274233054, 35.05198270938449 ], [ 128.913846376169857, 35.052298942479965 ], [ 128.914421953664515, 35.052967439735554 ], [ 128.91172913255852, 35.054764464350093 ], [ 128.899908631292959, 35.057022893467646 ], [ 128.891655949760377, 35.059044200676496 ], [ 128.890251907395111, 35.059636591297789 ], [ 128.889259351361403, 35.060362417442214 ], [ 128.886299994011296, 35.061886249849408 ], [ 128.885922710130899, 35.062265682965659 ], [ 128.886221976142224, 35.063610320158688 ], [ 128.886459768419684, 35.063946781294263 ], [ 128.887665867018029, 35.064796029506603 ], [ 128.888270609068883, 35.064803121735238 ], [ 128.888973079296221, 35.062722255838985 ], [ 128.889900783906626, 35.062001869291976 ], [ 128.89129441714806, 35.061152188074132 ], [ 128.892743071443249, 35.060521292291881 ], [ 128.894074740829268, 35.060565140684986 ] ] ], [ [ [ 128.915899523837282, 35.057168345581857 ], [ 128.914931284094195, 35.057549741935844 ], [ 128.908405987963931, 35.058636102654518 ], [ 128.905635906231225, 35.060422741816531 ], [ 128.905931561642831, 35.061561504183764 ], [ 128.910404738871989, 35.062339832304829 ], [ 128.910549089547288, 35.061581267051686 ], [ 128.91383466308119, 35.061501333543205 ], [ 128.918575869330397, 35.060761133648761 ], [ 128.919749507690909, 35.059994577803863 ], [ 128.918172181337809, 35.057660777787603 ], [ 128.917765051729788, 35.056565647573692 ], [ 128.916674598026447, 35.056582303862548 ], [ 128.915899523837282, 35.057168345581857 ] ] ], [ [ [ 128.917338083543143, 35.078854046711264 ], [ 128.923625808775597, 35.0780542566702 ], [ 128.923862692861036, 35.077623420009857 ], [ 128.923960338653444, 35.076806005019634 ], [ 128.922381118316537, 35.076571147452867 ], [ 128.922508586036258, 35.07635543940787 ], [ 128.922292432205467, 35.076105772549006 ], [ 128.922106093704087, 35.075254354681086 ], [ 128.921634669865966, 35.075030992970909 ], [ 128.921571518224454, 35.074690774835567 ], [ 128.921129721684395, 35.074761339723587 ], [ 128.921259289672435, 35.075115213185455 ], [ 128.920874226727022, 35.075449221345373 ], [ 128.920870282130124, 35.075858727295206 ], [ 128.917712119116771, 35.075999644670219 ], [ 128.915213083676946, 35.075534374230074 ], [ 128.913293218828784, 35.075031680170653 ], [ 128.911274583841248, 35.074296366012049 ], [ 128.909324802470849, 35.073378337582369 ], [ 128.908906255678232, 35.073011730012333 ], [ 128.907546218422709, 35.072452161888307 ], [ 128.906673621078909, 35.071694010173587 ], [ 128.905837723478726, 35.071228327843826 ], [ 128.905206265726719, 35.070245743693974 ], [ 128.904003688291027, 35.069580322734538 ], [ 128.903316255320789, 35.069485837496494 ], [ 128.902835449823471, 35.070105706464503 ], [ 128.902752880449242, 35.070562812619755 ], [ 128.902570593824862, 35.070693669228064 ], [ 128.902978034307097, 35.071024532030307 ], [ 128.903199722122935, 35.071573175872928 ], [ 128.909621728921564, 35.076329120720509 ], [ 128.917338083543143, 35.078854046711264 ] ] ], [ [ [ 128.94000044106923, 35.124132543708782 ], [ 128.942701409443146, 35.119475290121031 ], [ 128.941506553043865, 35.118592823117581 ], [ 128.938647712720325, 35.115482012396342 ], [ 128.938268175808673, 35.114767126170094 ], [ 128.938163030092227, 35.114118406149117 ], [ 128.934863600887212, 35.11190066888414 ], [ 128.935286960939976, 35.109860468863715 ], [ 128.932744316575992, 35.110511279356928 ], [ 128.933017074483274, 35.10776536163479 ], [ 128.932730319693121, 35.10672314250457 ], [ 128.932429055705711, 35.10625693119745 ], [ 128.932077245601192, 35.106059620736268 ], [ 128.931751032470686, 35.10638080442078 ], [ 128.931610073924162, 35.106885181407378 ], [ 128.93140311175415, 35.106421121404033 ], [ 128.931575507661563, 35.10633876421349 ], [ 128.931038327141181, 35.105254428352069 ], [ 128.930929853724223, 35.105288842980386 ], [ 128.931084705781046, 35.105644844969 ], [ 128.930849238880967, 35.105718826726715 ], [ 128.931109023745108, 35.10626442775353 ], [ 128.93065575276816, 35.10668535307537 ], [ 128.930507787140442, 35.10715407576474 ], [ 128.93035802080027, 35.107081410087225 ], [ 128.930473549503972, 35.1066283533263 ], [ 128.929850622446963, 35.106469951602286 ], [ 128.929785024475137, 35.105423186083328 ], [ 128.929996947562984, 35.105370528670946 ], [ 128.930181827830523, 35.104980482114222 ], [ 128.930791819315829, 35.10484119904374 ], [ 128.930435807814376, 35.103768747660602 ], [ 128.93048845939748, 35.102524238622316 ], [ 128.93038141871429, 35.102097741488301 ], [ 128.929726591514822, 35.10164813373747 ], [ 128.929866617080194, 35.101133214984138 ], [ 128.929595145176904, 35.100781423467225 ], [ 128.929803269153581, 35.100568021608133 ], [ 128.928530835603823, 35.097179142104885 ], [ 128.914457995844202, 35.098614483101699 ], [ 128.914520926103194, 35.100365517446889 ], [ 128.913392984435234, 35.100481232195385 ], [ 128.91312758292608, 35.098734843048284 ], [ 128.911468218059014, 35.098884941635767 ], [ 128.911267219104673, 35.101863702543355 ], [ 128.900242059234955, 35.102978143400939 ], [ 128.900568285951323, 35.104645508614283 ], [ 128.900386638597666, 35.104940399524054 ], [ 128.900333175395787, 35.105796956511419 ], [ 128.900695688540594, 35.108732824068461 ], [ 128.900446508619922, 35.110075980655317 ], [ 128.900587087949191, 35.111260125371857 ], [ 128.901674164333571, 35.113147557250954 ], [ 128.9021128012144, 35.113632382339077 ], [ 128.903800281864164, 35.114776750013128 ], [ 128.904821815522979, 35.116095602750711 ], [ 128.905632131147286, 35.11810168378814 ], [ 128.919365945645382, 35.114671662178672 ], [ 128.919610643819283, 35.116618822741017 ], [ 128.919255620122698, 35.118493826442077 ], [ 128.91985212554556, 35.119056635432422 ], [ 128.925578261744533, 35.115811200133237 ], [ 128.925933579214586, 35.116241899915742 ], [ 128.927277116104165, 35.115254853128775 ], [ 128.928656894377269, 35.114664242463704 ], [ 128.928758793901011, 35.115540082546012 ], [ 128.929208429314372, 35.116887268493073 ], [ 128.92910210254189, 35.118777413075321 ], [ 128.929619046551295, 35.119532191899069 ], [ 128.930242523272199, 35.119881939481878 ], [ 128.931037531069705, 35.118904985939238 ], [ 128.933601409983481, 35.117379955062965 ], [ 128.934921397129301, 35.119629397878057 ], [ 128.935561567601724, 35.121093286336766 ], [ 128.935302991282214, 35.125537600888414 ], [ 128.936600122976756, 35.125999445339261 ], [ 128.937146711350209, 35.124469092579091 ], [ 128.939584741682069, 35.123424864320427 ], [ 128.94000044106923, 35.124132543708782 ] ], [ [ 128.923943049544306, 35.104298326084866 ], [ 128.927033343267482, 35.103983631623677 ], [ 128.927542365797763, 35.105667580314886 ], [ 128.927286237992774, 35.106858771773062 ], [ 128.926455332684213, 35.106768015894495 ], [ 128.925965125100163, 35.106364568356163 ], [ 128.925837410659085, 35.106009750418487 ], [ 128.924999154159508, 35.105405028535856 ], [ 128.924693195978165, 35.105917290948533 ], [ 128.924974888038292, 35.105990734128845 ], [ 128.924800082047426, 35.106966669477345 ], [ 128.922289672241504, 35.107316685084548 ], [ 128.922551419205831, 35.107684791981633 ], [ 128.924554242669529, 35.108333663849358 ], [ 128.925597154525832, 35.108849169722575 ], [ 128.925262852087997, 35.109223171232912 ], [ 128.924660724153625, 35.110701081974497 ], [ 128.921330382357439, 35.110995411873475 ], [ 128.921675031415418, 35.114088048447812 ], [ 128.919984995972243, 35.114531746276938 ], [ 128.918347017920325, 35.103283927022005 ], [ 128.920803336236105, 35.103045795457909 ], [ 128.920775023396345, 35.102842996727382 ], [ 128.923706378982047, 35.102561458975991 ], [ 128.923943049544306, 35.104298326084866 ] ] ], [ [ [ 128.900766416384641, 35.120657085559472 ], [ 128.902342044484698, 35.12026748043052 ], [ 128.902569467165875, 35.119984098207844 ], [ 128.903572235183361, 35.119876787387632 ], [ 128.903237631103877, 35.118768283122414 ], [ 128.902983369372862, 35.118839308418281 ], [ 128.902710098548482, 35.118171222586206 ], [ 128.901754885021347, 35.118438398092309 ], [ 128.901864538208656, 35.11870281121994 ], [ 128.901820638864223, 35.118465672673665 ], [ 128.902679172717001, 35.118227326433583 ], [ 128.902862037762873, 35.118677019492132 ], [ 128.902328553707633, 35.118815352198872 ], [ 128.902408083018031, 35.118999730232332 ], [ 128.900305873033631, 35.119589993640005 ], [ 128.900766416384641, 35.120657085559472 ] ] ] ] } },
{ "type": "Feature", "properties": { "학교코드(KEDI)": "215021326", "학교명_20251001": "명진초등학교", "행정구_20251001": "북구" }, "geometry": { "type": "Polygon", "coordinates": [ [ [ 129.014107322423001, 35.23980604741039 ], [ 129.013772983377152, 35.234588463059758 ], [ 129.007834149057345, 35.235431558240144 ], [ 129.008903990664379, 35.241242234234889 ], [ 129.013008911036195, 35.239960790990686 ], [ 129.014107322423001, 35.23980604741039 ] ] ] } },
{ "type": "Feature", "properties": { "학교코드(KEDI)": "215021334", "학교명_20251001": "모덕초등학교", "행정구_20251001": "사상구" }, "geometry": { "type": "MultiPolygon", "coordinates": [ [ [ [ 128.993129439168769, 35.181381728647409 ], [ 128.994292479641445, 35.181703405317982 ], [ 128.99473435409331, 35.181665414098298 ], [ 128.995432768814084, 35.180904603080769 ], [ 128.995992968043026, 35.179802810653307 ], [ 128.994174723506802, 35.179950987418941 ], [ 128.992990787716394, 35.180232854260183 ], [ 128.991592997516676, 35.180154691156879 ], [ 128.991378031479485, 35.180302529884393 ], [ 128.991182012200426, 35.179049766556304 ], [ 128.989361736192592, 35.178621606114667 ], [ 128.988532923009018, 35.17864157614332 ], [ 128.988540282420615, 35.181678825330728 ], [ 128.988173852578484, 35.18170504021095 ], [ 128.988198082444342, 35.182529741427608 ], [ 128.989095500430921, 35.187097071137437 ], [ 128.990141649836744, 35.186436048114672 ], [ 128.991592958413776, 35.186211061355856 ], [ 128.991880386797447, 35.185331050214188 ], [ 128.993473240643709, 35.184551307992777 ], [ 128.994302372971248, 35.184318981978677 ], [ 128.993129439168769, 35.181381728647409 ] ] ], [ [ [ 128.993042284127256, 35.193571209376067 ], [ 128.990929875094253, 35.188216594902116 ], [ 128.990784369999318, 35.187245935411084 ], [ 128.990393121455895, 35.187279552299465 ], [ 128.989887104610489, 35.187788584834522 ], [ 128.989755700553303, 35.18883151554725 ], [ 128.989542439096766, 35.189142991279283 ], [ 128.990578187608577, 35.193882549347322 ], [ 128.99120994832677, 35.193837518270733 ], [ 128.991419277431305, 35.193991532757011 ], [ 128.993042284127256, 35.193571209376067 ] ] ] ] } },
{ "type": "Feature", "properties": { "학교코드(KEDI)": "215021343", "학교명_20251001": "모동초등학교", "행정구_20251001": "사상구" }, "geometry": { "type": "Polygon", "coordinates": [ [ [ 129.00382361538945, 35.184251161409264 ], [ 129.003339007447067, 35.184218199686939 ], [ 129.002380751555933, 35.183148631314651 ], [ 129.002499014963604, 35.182246556308314 ], [ 129.002323517996814, 35.182014776212675 ], [ 129.001316337939727, 35.181911411248585 ], [ 129.000881424143216, 35.181403995351808 ], [ 128.999451952322232, 35.181386027128816 ], [ 128.998374642205164, 35.181853380519186 ], [ 128.997677088611368, 35.183806653442964 ], [ 128.999439983945308, 35.183978271793571 ], [ 129.000050977790124, 35.184426239074185 ], [ 129.000776553322481, 35.184715956630669 ], [ 129.000519849555218, 35.185886836838726 ], [ 129.002035632881871, 35.185952493769527 ], [ 129.002922196655078, 35.185799184762082 ], [ 129.004210229394005, 35.185316549396525 ], [ 129.00382361538945, 35.184251161409264 ] ] ] } },
{ "type": "Feature", "properties": { "학교코드(KEDI)": "215021352", "학교명_20251001": "모라초등학교", "행정구_20251001": "사상구" }, "geometry": { "type": "Polygon", "coordinates": [ [ [ 128.990784369999318, 35.187245935411084 ], [ 128.990869858870866, 35.186277098698646 ], [ 128.990141649836744, 35.186436048114672 ], [ 128.989095500430921, 35.187097071137437 ], [ 128.988279438226812, 35.183271385970471 ], [ 128.988157749753043, 35.180779562466185 ], [ 128.976263185242743, 35.183121328821912 ], [ 128.976833002411865, 35.184991922785272 ], [ 128.977745914278444, 35.186825857924127 ], [ 128.980741858989262, 35.190745786944518 ], [ 128.982817251588585, 35.192860358183864 ], [ 128.987929857390071, 35.196979181057394 ], [ 128.98806351853267, 35.196871914871622 ], [ 128.987887220949744, 35.195901401649692 ], [ 128.990877798501657, 35.195621075067706 ], [ 128.989542439096766, 35.189142991279283 ], [ 128.989755700553303, 35.18883151554725 ], [ 128.989887104610489, 35.187788584834522 ], [ 128.990393121455895, 35.187279552299465 ], [ 128.990784369999318, 35.187245935411084 ] ] ] } },
{ "type": "Feature", "properties": { "학교코드(KEDI)": "215021361", "학교명_20251001": "모산초등학교", "행정구_20251001": "사상구" }, "geometry": { "type": "Polygon", "coordinates": [ [ [ 128.994002605807736, 35.195236264005572 ], [ 128.995198980849068, 35.194620387865875 ], [ 128.995124588677555, 35.194495880992804 ], [ 128.994869545849042, 35.194532182030919 ], [ 128.994585081222453, 35.194108107332845 ], [ 128.994818300421628, 35.193979228909534 ], [ 128.994698939979997, 35.193783646733422 ], [ 128.99514415250249, 35.193667891925841 ], [ 128.995455396918629, 35.193826239377678 ], [ 128.996341709414367, 35.193637464400908 ], [ 128.998699748536239, 35.192733884529197 ], [ 129.00028959976342, 35.191856616741042 ], [ 129.000446763569329, 35.190192923681536 ], [ 128.997057345130628, 35.18922785730382 ], [ 128.994915166071991, 35.186043960885549 ], [ 128.999049908834934, 35.185773634999144 ], [ 129.000519849555218, 35.185886836838726 ], [ 129.000776553322481, 35.184715956630669 ], [ 129.000050977790124, 35.184426239074185 ], [ 128.999439983945308, 35.183978271793571 ], [ 128.996886167893166, 35.183719763237796 ], [ 128.996418612268798, 35.183174607588491 ], [ 128.996446798246467, 35.181861879368768 ], [ 128.99581412121421, 35.18157260788972 ], [ 128.994292479641445, 35.181703405317982 ], [ 128.993129439168769, 35.181381728647409 ], [ 128.994302372971248, 35.184318981978677 ], [ 128.993473240643709, 35.184551307992777 ], [ 128.991880386797447, 35.185331050214188 ], [ 128.991592958413776, 35.186211061355856 ], [ 128.990869858870866, 35.186277098698646 ], [ 128.990787431118093, 35.187440770580608 ], [ 128.991061342616774, 35.18857723528096 ], [ 128.993291139963816, 35.194158666995783 ], [ 128.994002605807736, 35.195236264005572 ] ] ] } },
{ "type": "Feature", "properties": { "학교코드(KEDI)": "215021369", "학교명_20251001": "명원초등학교", "행정구_20251001": "강서구" }, "geometry": { "type": "Polygon", "coordinates": [ [ [ 128.917250769986623, 35.095903877575225 ], [ 128.916659816725712, 35.091287349081362 ], [ 128.91389465505199, 35.090166160911842 ], [ 128.909913493087572, 35.089132710126897 ], [ 128.901767036712783, 35.089126289148489 ], [ 128.900293090946178, 35.090443215432948 ], [ 128.899732857963983, 35.091208912640049 ], [ 128.8989453192182, 35.092434110273913 ], [ 128.899356900167049, 35.09251088564676 ], [ 128.899197550045358, 35.092909063583939 ], [ 128.898551900550899, 35.09308237305477 ], [ 128.89927142441411, 35.092933119840808 ], [ 128.899279896609499, 35.093165732896594 ], [ 128.898449183871975, 35.093425453962752 ], [ 128.898882486593607, 35.09337515483503 ], [ 128.898903124942478, 35.094428379743675 ], [ 128.898042300398515, 35.094498459916196 ], [ 128.897851607974445, 35.093795694163219 ], [ 128.898021239982739, 35.094639741051644 ], [ 128.89890773135636, 35.094567997219244 ], [ 128.898832753961045, 35.094984562043557 ], [ 128.898174775827187, 35.095144148334967 ], [ 128.898467509786656, 35.095230301852041 ], [ 128.899101336017736, 35.097759699874644 ], [ 128.917250769986623, 35.095903877575225 ] ] ] } },
{ "type": "Feature", "properties": { "학교코드(KEDI)": "215021370", "학교명_20251001": "배영초등학교", "행정구_20251001": "강서구" }, "geometry": { "type": "Polygon", "coordinates": [ [ [ 128.960657457447326, 35.154313216197586 ], [ 128.960046797534886, 35.146060360310983 ], [ 128.960054812481161, 35.140069598218986 ], [ 128.959639309813014, 35.136641456107824 ], [ 128.959411301455958, 35.13662921672401 ], [ 128.956745499695472, 35.13510957246443 ], [ 128.953081173004193, 35.131277102542654 ], [ 128.951262915437553, 35.129018223105838 ], [ 128.949666143642077, 35.126383166899991 ], [ 128.947782597018801, 35.122697181380111 ], [ 128.945781950815956, 35.121878527467274 ], [ 128.944724315757497, 35.121205946840192 ], [ 128.942701409443146, 35.119475290121031 ], [ 128.94000044106923, 35.124132543708782 ], [ 128.939584741682069, 35.123424864320427 ], [ 128.937146711350209, 35.124469092579091 ], [ 128.936600122976756, 35.125999445339261 ], [ 128.935302991282214, 35.125537600888414 ], [ 128.934439959186619, 35.126828159833899 ], [ 128.931293481915219, 35.129991376534676 ], [ 128.930272851910473, 35.132229961557151 ], [ 128.930017685405716, 35.134103840138408 ], [ 128.930167738502007, 35.136602595692992 ], [ 128.93067177763001, 35.140142625011173 ], [ 128.931733938219082, 35.14359977195064 ], [ 128.933303293175243, 35.147057187769015 ], [ 128.934874289986482, 35.150000624492094 ], [ 128.937056675044687, 35.151542024798488 ], [ 128.938613712434233, 35.152326826805428 ], [ 128.941024954612431, 35.152947079682463 ], [ 128.943084825446988, 35.153236860686405 ], [ 128.945044408922143, 35.153196572155181 ], [ 128.950382416699114, 35.152525107666875 ], [ 128.952538253781512, 35.152967909649036 ], [ 128.959956422841287, 35.155767559374247 ], [ 128.960657457447326, 35.154313216197586 ] ] ] } },
{ "type": "Feature", "properties": { "학교코드(KEDI)": "215021379", "학교명_20251001": "백산초등학교", "행정구_20251001": "북구" }, "geometry": { "type": "Polygon", "coordinates": [ [ [ 129.029492954742381, 35.208093950247687 ], [ 129.029286531632351, 35.207678961623238 ], [ 129.028431284824791, 35.207976389008095 ], [ 129.028015692220464, 35.209628595075124 ], [ 129.026587827976414, 35.209599390826298 ], [ 129.025939866434499, 35.209848736823425 ], [ 129.025717988037826, 35.210886670838761 ], [ 129.025850063573131, 35.211098428358504 ], [ 129.025313031389658, 35.211113025266584 ], [ 129.025346183286842, 35.212288257596938 ], [ 129.024258682839616, 35.212160407798336 ], [ 129.024286779305783, 35.211190435452423 ], [ 129.023429007229794, 35.211255116518949 ], [ 129.023438416470896, 35.212145116264473 ], [ 129.024258408487555, 35.212160414189434 ], [ 129.024217684635346, 35.213193720379735 ], [ 129.024790907137003, 35.212946548311486 ], [ 129.025030475027222, 35.213357964669989 ], [ 129.026402091811775, 35.213298279518511 ], [ 129.028125148127117, 35.212734604704664 ], [ 129.029086556059752, 35.212668329250569 ], [ 129.032338798582686, 35.213147456552804 ], [ 129.033441213911601, 35.213242867057637 ], [ 129.034593296317354, 35.213145579185735 ], [ 129.034617955168216, 35.21330570173361 ], [ 129.036286270567558, 35.213170348176348 ], [ 129.036316677545273, 35.213354812146719 ], [ 129.036782243969299, 35.213325519311745 ], [ 129.036945814774043, 35.213139649888404 ], [ 129.037568246155644, 35.213074809733705 ], [ 129.037551990649234, 35.212839664575284 ], [ 129.038274536933272, 35.212797831526984 ], [ 129.039186125551595, 35.212814947579979 ], [ 129.041751485254508, 35.213240386225223 ], [ 129.041683098970253, 35.212573961750245 ], [ 129.041178659440817, 35.211757281439496 ], [ 129.040704186594894, 35.211300093824775 ], [ 129.039286400608631, 35.210586902138239 ], [ 129.03921148937178, 35.210254570521478 ], [ 129.039394279311892, 35.210061591050327 ], [ 129.039226910136904, 35.209857153574525 ], [ 129.03952260344434, 35.209673726175353 ], [ 129.03954356283711, 35.209377677376622 ], [ 129.03983572763812, 35.209302492873277 ], [ 129.039968385477067, 35.208885788592504 ], [ 129.03940619225088, 35.208834789897303 ], [ 129.038806115331084, 35.209274951296337 ], [ 129.035050106303402, 35.209684652108734 ], [ 129.033660440981635, 35.209651425100816 ], [ 129.033170238364221, 35.209497172772558 ], [ 129.031811086064778, 35.209553044896737 ], [ 129.031231364535842, 35.207541802353347 ], [ 129.029492954742381, 35.208093950247687 ] ] ] } },
{ "type": "Feature", "properties": { "학교코드(KEDI)": "215021388", "학교명_20251001": "백양초등학교", "행정구_20251001": "북구" }, "geometry": { "type": "Polygon", "coordinates": [ [ [ 129.05119882176956, 35.211858992451248 ], [ 129.051219998847358, 35.209289709920959 ], [ 129.050421585132881, 35.207201848050296 ], [ 129.050012332533498, 35.206618379932301 ], [ 129.048066893857651, 35.205046104083429 ], [ 129.047736785961973, 35.20423798130323 ], [ 129.047454213055715, 35.204366243784555 ], [ 129.046823452625716, 35.203800165185335 ], [ 129.04656411523888, 35.201859316224642 ], [ 129.04421631868999, 35.201721683657119 ], [ 129.044128483019676, 35.199461267290921 ], [ 129.043973890537075, 35.199247603133308 ], [ 129.041476337899041, 35.199401520643875 ], [ 129.040328274257348, 35.199301034432807 ], [ 129.039175723023277, 35.200876931999616 ], [ 129.038034086416502, 35.20132149303808 ], [ 129.037745720705118, 35.202055511391777 ], [ 129.037085835473533, 35.202735015242617 ], [ 129.036673507232422, 35.203913679135212 ], [ 129.036161377037416, 35.204059691928762 ], [ 129.03572889090762, 35.204508957185638 ], [ 129.035488019472695, 35.204553843388169 ], [ 129.03548185207319, 35.204704646408246 ], [ 129.032527842416641, 35.205271098821989 ], [ 129.031210976415792, 35.20533835732553 ], [ 129.031188168531258, 35.205641800663173 ], [ 129.030969646496601, 35.205682323360264 ], [ 129.031161865070487, 35.207294968261074 ], [ 129.031811086064778, 35.209553044896737 ], [ 129.033170238364221, 35.209497172772558 ], [ 129.033660440981635, 35.209651425100816 ], [ 129.035050106303402, 35.209684652108734 ], [ 129.038806115331084, 35.209274951296337 ], [ 129.03940619225088, 35.208834789897303 ], [ 129.039968385477067, 35.208885788592504 ], [ 129.03983572763812, 35.209302492873277 ], [ 129.03954356283711, 35.209377677376622 ], [ 129.03952260344434, 35.209673726175353 ], [ 129.039226910136904, 35.209857153574525 ], [ 129.039394279311892, 35.210061591050327 ], [ 129.03921148937178, 35.210254570521478 ], [ 129.039286400608631, 35.210586902138239 ], [ 129.040704186594894, 35.211300093824775 ], [ 129.041178659440817, 35.211757281439496 ], [ 129.041683098970253, 35.212573961750245 ], [ 129.041751485254508, 35.213240386225223 ], [ 129.044174559366837, 35.213028334099128 ], [ 129.05119882176956, 35.211858992451248 ] ] ] } },
{ "type": "Feature", "properties": { "학교코드(KEDI)": "215021397", "학교명_20251001": "사상초등학교", "행정구_20251001": "사상구" }, "geometry": { "type": "Polygon", "coordinates": [ [ [ 128.985646824457262, 35.171452456240004 ], [ 128.985124925140326, 35.171231772625802 ], [ 128.985080918002069, 35.171012962554066 ], [ 128.984824744137683, 35.17090080943143 ], [ 128.985033240013394, 35.170811621521999 ], [ 128.985342868355929, 35.170201107464663 ], [ 128.985748036511637, 35.170339017626183 ], [ 128.985568534389557, 35.169937867263336 ], [ 128.985811253944831, 35.169510926192373 ], [ 128.986130713478076, 35.169610062697778 ], [ 128.986903688261606, 35.169310475053685 ], [ 128.98694002184763, 35.169433029763667 ], [ 128.987151643263985, 35.169400499702924 ], [ 128.987267138198035, 35.167509874272007 ], [ 128.988261152789221, 35.167244754068598 ], [ 128.988733996413487, 35.167371560051599 ], [ 128.989229614467916, 35.16709761365086 ], [ 128.989319449667391, 35.167261922408294 ], [ 128.989825160145926, 35.167233267822439 ], [ 128.990143334134615, 35.167455042212794 ], [ 128.990521935698183, 35.167472035473111 ], [ 128.990853546024795, 35.167281315332076 ], [ 128.990890227865407, 35.164927335794886 ], [ 128.990292134096819, 35.164707845335549 ], [ 128.989208582647649, 35.165183305108457 ], [ 128.988871745907602, 35.16499975323039 ], [ 128.988962035989431, 35.164284754474743 ], [ 128.988475561232747, 35.163960752496386 ], [ 128.988002216182565, 35.165414290430483 ], [ 128.987373062436347, 35.165261527219705 ], [ 128.987716065911371, 35.164404713625729 ], [ 128.984074432184173, 35.163130706147534 ], [ 128.984003579936825, 35.163266344893621 ], [ 128.984139319230451, 35.163318263626259 ], [ 128.982877359330189, 35.165812490416364 ], [ 128.981040776603948, 35.165626868970797 ], [ 128.980777357306238, 35.16718231890701 ], [ 128.979569972416328, 35.167264660720484 ], [ 128.980399145860162, 35.168587346804607 ], [ 128.981116748325604, 35.171397466420252 ], [ 128.982913645349583, 35.171038537893182 ], [ 128.983396555432222, 35.172325041213128 ], [ 128.985883298719841, 35.172170911754066 ], [ 128.985405232154136, 35.17197600600516 ], [ 128.985646824457262, 35.171452456240004 ] ] ] } },
{ "type": "Feature", "properties": { "학교코드(KEDI)": "215021415", "학교명_20251001": "삼덕초등학교", "행정구_20251001": "사상구" }, "geometry": { "type": "Polygon", "coordinates": [ [ [ 128.984062688048795, 35.17395034824294 ], [ 128.982913645349583, 35.171038537893182 ], [ 128.981116748325604, 35.171397466420252 ], [ 128.980399145860162, 35.168587346804607 ], [ 128.978457354751498, 35.169486815935088 ], [ 128.977477682331852, 35.167911625016536 ], [ 128.976748436119465, 35.168149029247637 ], [ 128.975955373216919, 35.163600349654153 ], [ 128.974426169317042, 35.1584803268954 ], [ 128.974056549716209, 35.158689867095525 ], [ 128.972952220450765, 35.158707741812492 ], [ 128.97289528517129, 35.158881057533378 ], [ 128.972167880475013, 35.158396141212734 ], [ 128.971739498364542, 35.157784289575943 ], [ 128.9702922167221, 35.15432461293338 ], [ 128.970071438900845, 35.153322515011951 ], [ 128.968978723956923, 35.151455882649358 ], [ 128.968558794762941, 35.149000107219152 ], [ 128.967588710464781, 35.146129194698027 ], [ 128.967495732488175, 35.146756247153817 ], [ 128.965514615564643, 35.150056106106078 ], [ 128.961915954216352, 35.153051679664884 ], [ 128.960657395602738, 35.154313291095612 ], [ 128.962885351296194, 35.164384387597764 ], [ 128.96329105003025, 35.183641542373245 ], [ 128.963618026625142, 35.184509898088486 ], [ 128.966320337970984, 35.187899530746293 ], [ 128.970261356112559, 35.190517825602122 ], [ 128.977069602820507, 35.193328327304279 ], [ 128.981881790722127, 35.19666218512392 ], [ 128.987730026878978, 35.201455113282606 ], [ 128.988856905219961, 35.200625333704366 ], [ 128.989119000756574, 35.200117647894459 ], [ 128.988526298630603, 35.197758152048777 ], [ 128.987780520143986, 35.197099032533913 ], [ 128.987929857390071, 35.196979181057394 ], [ 128.982512506207456, 35.192594456959036 ], [ 128.980741858989262, 35.190745786944518 ], [ 128.977745914278444, 35.186825857924127 ], [ 128.976833002411865, 35.184991922785272 ], [ 128.976263185242743, 35.183121328821912 ], [ 128.981511494047055, 35.182078009622025 ], [ 128.980561633278739, 35.17813322642408 ], [ 128.984875180127091, 35.177414530901522 ], [ 128.984062688048795, 35.17395034824294 ] ] ] } },
{ "type": "Feature", "properties": { "학교코드(KEDI)": "215021428", "학교명_20251001": "상학초등학교", "행정구_20251001": "북구" }, "geometry": { "type": "Polygon", "coordinates": [ [ [ 129.039186125551595, 35.212814947579979 ], [ 129.037551990649234, 35.212839664575284 ], [ 129.037568246155644, 35.213074809733705 ], [ 129.036945814774043, 35.213139649888404 ], [ 129.036782243969299, 35.213325519311745 ], [ 129.036316677545273, 35.213354812146719 ], [ 129.036286270567558, 35.213170348176348 ], [ 129.034617955168216, 35.21330570173361 ], [ 129.034593296317354, 35.213145579185735 ], [ 129.03289883362973, 35.213195926763959 ], [ 129.032997836334971, 35.214443523773831 ], [ 129.034822345905013, 35.214254297294083 ], [ 129.035227427243569, 35.214736081770518 ], [ 129.036612415101871, 35.214060050225157 ], [ 129.036863171018155, 35.21438906259219 ], [ 129.037955205941756, 35.215071668918064 ], [ 129.035015856318893, 35.216781572939453 ], [ 129.034083601318031, 35.216540692153963 ], [ 129.033251801006287, 35.215832687245076 ], [ 129.031493352843285, 35.216637548190754 ], [ 129.030929619911262, 35.216524189138262 ], [ 129.031334227298629, 35.217466476523612 ], [ 129.030660373529116, 35.218110237628537 ], [ 129.030154377952073, 35.218305932347477 ], [ 129.03072071788219, 35.218544168016855 ], [ 129.031002121265601, 35.218405607127629 ], [ 129.03210167595563, 35.218796833550812 ], [ 129.032450835461191, 35.218747872884386 ], [ 129.032660002597908, 35.219364773722944 ], [ 129.033114920500253, 35.219445452509717 ], [ 129.033352953382007, 35.219792714205539 ], [ 129.034584388262516, 35.220565548233587 ], [ 129.041603947751696, 35.226834769434902 ], [ 129.043473970569437, 35.227969595071173 ], [ 129.04496943362912, 35.230317803337257 ], [ 129.045297312002475, 35.230470342152195 ], [ 129.047158283337467, 35.230131378489759 ], [ 129.047850919449331, 35.229231618132467 ], [ 129.048934852751756, 35.228647802496539 ], [ 129.052175529289485, 35.228094053137866 ], [ 129.055552323310849, 35.228095494283828 ], [ 129.056121845276607, 35.228483855714693 ], [ 129.056888412736129, 35.228054932199406 ], [ 129.057234774762918, 35.228533693255621 ], [ 129.060458068378551, 35.229820898724121 ], [ 129.06114503896535, 35.228960869564681 ], [ 129.061766995127556, 35.225841736072503 ], [ 129.060762724481833, 35.225362915549297 ], [ 129.058895529478605, 35.224782465647714 ], [ 129.056892951471383, 35.220370870870248 ], [ 129.056026394221135, 35.21974266633039 ], [ 129.056433007345476, 35.218761394385943 ], [ 129.055781315938987, 35.218229236338026 ], [ 129.055811607516944, 35.217702106523767 ], [ 129.054443724092664, 35.21639175955854 ], [ 129.053454825062801, 35.215821932444612 ], [ 129.052899322322958, 35.214610860089564 ], [ 129.051229320159393, 35.212990612230278 ], [ 129.051101479264474, 35.212518817388847 ], [ 129.05119882176956, 35.211858992451248 ], [ 129.042052041255516, 35.213263225927598 ], [ 129.039186125551595, 35.212814947579979 ] ] ] } },
{ "type": "Feature", "properties": { "학교코드(KEDI)": "215021433", "학교명_20251001": "서감초등학교", "행정구_20251001": "사상구" }, "geometry": { "type": "Polygon", "coordinates": [ [ [ 128.983928047807467, 35.159094925587091 ], [ 128.981961435279146, 35.150753805505261 ], [ 128.972523467578384, 35.15237433233748 ], [ 128.97588755110354, 35.163322832099446 ], [ 128.976781784132754, 35.163184110347302 ], [ 128.976319877032751, 35.161432055669572 ], [ 128.982244375530485, 35.160611810060814 ], [ 128.981905786503404, 35.159401323810847 ], [ 128.983928047807467, 35.159094925587091 ] ] ] } },
{ "type": "Feature", "properties": { "학교코드(KEDI)": "215021460", "학교명_20251001": "신금초등학교", "행정구_20251001": "북구" }, "geometry": { "type": "Polygon", "coordinates": [ [ [ 129.013392093410715, 35.245840091629525 ], [ 129.01269008681345, 35.245913223968607 ], [ 129.012708067873291, 35.247426983586458 ], [ 129.012956945639019, 35.24753938504859 ], [ 129.012986771435152, 35.249098235734635 ], [ 129.012320943096285, 35.250382540442295 ], [ 129.01094629391352, 35.252272324125947 ], [ 129.010565823142514, 35.253108392487846 ], [ 129.010081802057954, 35.253427733719917 ], [ 129.010498257125477, 35.255137008596854 ], [ 129.012081071648453, 35.258383618130061 ], [ 129.012929959270565, 35.258130907295389 ], [ 129.013608720599336, 35.258272675007582 ], [ 129.014396888130648, 35.257291989435579 ], [ 129.015248310079556, 35.256935900848809 ], [ 129.014730710166361, 35.256060417097487 ], [ 129.014330774076427, 35.254016357387258 ], [ 129.015139743317519, 35.254004772308441 ], [ 129.015495897043081, 35.2538611110378 ], [ 129.015406075734376, 35.250972793219397 ], [ 129.015632001209781, 35.250669797512103 ], [ 129.015763544210898, 35.249896062600619 ], [ 129.015420328633382, 35.249868519460591 ], [ 129.015616353867415, 35.248907064121759 ], [ 129.016171238627521, 35.248455380998188 ], [ 129.016024298035006, 35.246745914836382 ], [ 129.014391549911181, 35.245998570549887 ], [ 129.013392093410715, 35.245840091629525 ] ] ] } },
{ "type": "Feature", "properties": { "학교코드(KEDI)": "215021462", "학교명_20251001": "신덕초등학교", "행정구_20251001": "북구" }, "geometry": { "type": "MultiPolygon", "coordinates": [ [ [ [ 129.032527842416641, 35.205271098821989 ], [ 129.03548185207319, 35.204704646408246 ], [ 129.036762115101226, 35.202124602549766 ], [ 129.036130140900013, 35.202001731851496 ], [ 129.033003592801549, 35.202589833639038 ], [ 129.032854563993993, 35.20199111595133 ], [ 129.031726661268948, 35.202523009300464 ], [ 129.031972970936749, 35.20339142429448 ], [ 129.030448175213621, 35.203676963633484 ], [ 129.031210976415792, 35.20533835732553 ], [ 129.032527842416641, 35.205271098821989 ] ] ], [ [ [ 129.031210976415792, 35.20533835732553 ], [ 129.030151817207781, 35.205488540510082 ], [ 129.028696563210588, 35.206259980750694 ], [ 129.028103739191067, 35.209296593493683 ], [ 129.02947144248779, 35.20929287353129 ], [ 129.031551508733173, 35.208680218668789 ], [ 129.031161865070487, 35.207294968261074 ], [ 129.030969646496601, 35.205682323360264 ], [ 129.031188168531258, 35.205641800663173 ], [ 129.031210976415792, 35.20533835732553 ] ] ] ] } },
{ "type": "Feature", "properties": { "학교코드(KEDI)": "215021465", "학교명_20251001": "신천초등학교", "행정구_20251001": "북구" }, "geometry": { "type": "MultiPolygon", "coordinates": [ [ [ [ 129.006797941776739, 35.195025275072979 ], [ 129.006741677133391, 35.195194065549266 ], [ 129.00755232567812, 35.195558304340182 ], [ 129.007653531460647, 35.195232022766504 ], [ 129.006797941776739, 35.195025275072979 ] ] ], [ [ [ 129.010595751041564, 35.195891433088789 ], [ 129.01070554407076, 35.196032670508835 ], [ 129.011013219515434, 35.195910495260954 ], [ 129.01092037345731, 35.195768731481571 ], [ 129.010595751041564, 35.195891433088789 ] ] ], [ [ [ 129.006684252212011, 35.203831354666079 ], [ 129.006475825735293, 35.203347361902182 ], [ 129.00685113302896, 35.202909731734863 ], [ 129.00676105219847, 35.202206309485717 ], [ 129.007339078061136, 35.200727681336602 ], [ 129.008280964252066, 35.201113667974091 ], [ 129.009338326716914, 35.199879071846802 ], [ 129.008710101955387, 35.199323771695852 ], [ 129.011330695263268, 35.198561584637694 ], [ 129.011398129192742, 35.19875963262713 ], [ 129.013072424496386, 35.198640098868516 ], [ 129.013463393920603, 35.198388864835842 ], [ 129.012821819940058, 35.198298469177637 ], [ 129.012327037473824, 35.197636031723249 ], [ 129.012093226391244, 35.196890986345679 ], [ 129.009002968941587, 35.1982094781062 ], [ 129.007707710469646, 35.196291767195909 ], [ 129.006756616041343, 35.197543203966603 ], [ 129.006390486300859, 35.196351649035925 ], [ 129.004803170024445, 35.196056245771942 ], [ 129.004701321164475, 35.196312107733121 ], [ 129.004007712403393, 35.196194520975439 ], [ 129.003679828830315, 35.19643443974342 ], [ 129.003472911938985, 35.196334989039975 ], [ 129.002647900215862, 35.194431942820273 ], [ 129.002362341070835, 35.19418483877358 ], [ 129.000919500802439, 35.194644344645603 ], [ 129.001604272602691, 35.196250983202034 ], [ 129.001705128353194, 35.196826710097959 ], [ 129.001508724055952, 35.197321939608045 ], [ 129.002494368585559, 35.197311695910756 ], [ 129.003174955272044, 35.197557376091666 ], [ 129.004288652446348, 35.198788697891736 ], [ 129.005900732072178, 35.198757994991396 ], [ 129.004488026469261, 35.202454516106755 ], [ 129.005283045500846, 35.202660792570313 ], [ 129.005885098699167, 35.203223106235242 ], [ 129.005715270992567, 35.203783728116726 ], [ 129.006684252212011, 35.203831354666079 ] ] ] ] } },
{ "type": "Feature", "properties": { "학교코드(KEDI)": "215021469", "학교명_20251001": "신호초등학교", "행정구_20251001": "강서구" }, "geometry": { "type": "Polygon", "coordinates": [ [ [ 128.872397537976951, 35.083324567503659 ], [ 128.87746535049294, 35.083327690118075 ], [ 128.877491435169816, 35.08902133720467 ], [ 128.887614197295022, 35.089040359907145 ], [ 128.887185383560364, 35.08842747400962 ], [ 128.885798581237538, 35.087510804623697 ], [ 128.885987091762615, 35.087141063997997 ], [ 128.885910811972025, 35.086908069419515 ], [ 128.885047376249503, 35.085252868283519 ], [ 128.884191916787785, 35.084330606228072 ], [ 128.883217293223453, 35.082321831223396 ], [ 128.883501812036741, 35.081717408796322 ], [ 128.883415791633411, 35.080627312390227 ], [ 128.884278570746773, 35.079708908277176 ], [ 128.884143085360279, 35.079343634267197 ], [ 128.882843607506658, 35.07967035920823 ], [ 128.880140728033609, 35.079662422085931 ], [ 128.874987209204875, 35.080383857784312 ], [ 128.874302558969305, 35.080212639038557 ], [ 128.870312390609058, 35.08078423874958 ], [ 128.868997792256039, 35.081577842494369 ], [ 128.868897323696331, 35.081784405215259 ], [ 128.870034141007807, 35.083635768464099 ], [ 128.870703513924951, 35.084021690615295 ], [ 128.871519913449362, 35.084050355758706 ], [ 128.871521212385943, 35.083342046862839 ], [ 128.87212388177619, 35.082847661420885 ], [ 128.872397949945679, 35.082847231740445 ], [ 128.872397537976951, 35.083324567503659 ] ] ] } },
{ "type": "Feature", "properties": { "학교코드(KEDI)": "215021478", "학교명_20251001": "양덕초등학교", "행정구_20251001": "북구" }, "geometry": { "type": "Polygon", "coordinates": [ [ [ 129.01949038195113, 35.206167358376973 ], [ 129.019720304953836, 35.205310152435295 ], [ 129.020711520745266, 35.20355307200515 ], [ 129.022260057458737, 35.199126067111479 ], [ 129.019177808528639, 35.199813574551605 ], [ 129.016115600049744, 35.201193624731978 ], [ 129.014930352856794, 35.201384371189576 ], [ 129.013803222834554, 35.201053694685164 ], [ 129.012845124699083, 35.201064560920834 ], [ 129.011014251720127, 35.201714510193192 ], [ 129.010274704495316, 35.202206270976937 ], [ 129.009218107847289, 35.202278765799434 ], [ 129.009214254868141, 35.202867788533219 ], [ 129.009008328805749, 35.203188294466592 ], [ 129.007688645912651, 35.203549925441713 ], [ 129.00685113302896, 35.202909731734863 ], [ 129.006475825735293, 35.203347361902182 ], [ 129.006510761574248, 35.20356179203074 ], [ 129.006744159949676, 35.203691358367053 ], [ 129.006490737933007, 35.203857010800135 ], [ 129.007532696081199, 35.205150821877261 ], [ 129.007130416786964, 35.206241340075657 ], [ 129.009928722950377, 35.206955562572681 ], [ 129.009551093347199, 35.207220422374775 ], [ 129.00897393110651, 35.208025957983416 ], [ 129.017624545346848, 35.210185876008516 ], [ 129.017915850044631, 35.209189045862843 ], [ 129.01949038195113, 35.206167358376973 ] ] ] } },
{ "type": "Feature", "properties": { "학교코드(KEDI)": "215021487", "학교명_20251001": "양천초등학교", "행정구_20251001": "북구" }, "geometry": { "type": "MultiPolygon", "coordinates": [ [ [ [ 129.013460641421489, 35.207985127726886 ], [ 129.013210471041987, 35.208442313591412 ], [ 129.013897603197705, 35.208621628806469 ], [ 129.013698356469007, 35.209186381030904 ], [ 129.015695157190493, 35.209701149576553 ], [ 129.014586476335808, 35.212420784422768 ], [ 129.017425100283589, 35.213125505756167 ], [ 129.023070022670083, 35.213291444870009 ], [ 129.023104984509359, 35.213980890882517 ], [ 129.021723488123598, 35.213939560163602 ], [ 129.021699928015494, 35.214417695788107 ], [ 129.022906536765845, 35.214460929918936 ], [ 129.024051266277212, 35.213490394196846 ], [ 129.025035064852545, 35.213576440265534 ], [ 129.024891138699928, 35.21295822386621 ], [ 129.024217684635346, 35.213193720379735 ], [ 129.024258408487555, 35.212160414189434 ], [ 129.023438416470896, 35.212145116264473 ], [ 129.023429007229794, 35.211255116518949 ], [ 129.02291653356815, 35.211288542839483 ], [ 129.022719393529627, 35.20995220412378 ], [ 129.020485502414004, 35.210188885627716 ], [ 129.020107361278377, 35.210411352540746 ], [ 129.019911452779525, 35.210737344961792 ], [ 129.019455415664453, 35.210627376850695 ], [ 129.019566071455273, 35.210262657335804 ], [ 129.019421701456423, 35.210236225481431 ], [ 129.019674115271812, 35.209563402908756 ], [ 129.013460641421489, 35.207985127726886 ] ] ], [ [ [ 129.025346183286842, 35.212288257596938 ], [ 129.025313031389658, 35.211113025266584 ], [ 129.024286779305783, 35.211190435452423 ], [ 129.024258682839616, 35.212160407798336 ], [ 129.025346183286842, 35.212288257596938 ] ] ] ] } },
{ "type": "Feature", "properties": { "학교코드(KEDI)": "215021496", "학교명_20251001": "엄궁초등학교", "행정구_20251001": "사상구" }, "geometry": { "type": "Polygon", "coordinates": [ [ [ 128.973995424568699, 35.126414949689327 ], [ 128.974297092689255, 35.126789866390332 ], [ 128.973904185786552, 35.12768492785699 ], [ 128.971567604911911, 35.12474722024065 ], [ 128.973717529333243, 35.123320648745548 ], [ 128.973252159762666, 35.123037334067774 ], [ 128.972741129992215, 35.123026580329643 ], [ 128.971175374217125, 35.12399899373461 ], [ 128.969105892951518, 35.124878833581299 ], [ 128.968723867126812, 35.124866996448141 ], [ 128.967051483391288, 35.124245946983294 ], [ 128.966331620726947, 35.124397032469545 ], [ 128.968663161232428, 35.126536355557697 ], [ 128.967659085345815, 35.126781567147468 ], [ 128.968215981996593, 35.128455897698124 ], [ 128.968820776295956, 35.129466587733972 ], [ 128.97041386480214, 35.130246462719604 ], [ 128.97096101804118, 35.130886293111644 ], [ 128.970321972394089, 35.131313926381061 ], [ 128.971770135269082, 35.132917159484407 ], [ 128.971994723758741, 35.131056940912934 ], [ 128.974713252232277, 35.129586837236012 ], [ 128.976223758846771, 35.131558645070818 ], [ 128.976593756601119, 35.131181972928161 ], [ 128.978499875362843, 35.131581071889563 ], [ 128.979072784249951, 35.132092250684941 ], [ 128.982418961440658, 35.132914544451417 ], [ 128.984163260548598, 35.132548675114613 ], [ 128.98676890585088, 35.129420489758601 ], [ 128.987445288230987, 35.127580352608838 ], [ 128.987803378319569, 35.124312125461628 ], [ 128.986947656320609, 35.124223021803772 ], [ 128.983841609565616, 35.127561361645618 ], [ 128.981348371024978, 35.127766556712565 ], [ 128.980215908905222, 35.128014218547015 ], [ 128.980075334570586, 35.127878876911119 ], [ 128.978526654413258, 35.128080274022594 ], [ 128.977788196689914, 35.126649582830751 ], [ 128.977026513953064, 35.126556931165709 ], [ 128.975929885920095, 35.125865136472164 ], [ 128.97523109835177, 35.125120695719346 ], [ 128.973995424568699, 35.126414949689327 ] ] ] } },
{ "type": "Feature", "properties": { "학교코드(KEDI)": "215021501", "학교명_20251001": "주양초등학교", "행정구_20251001": "사상구" }, "geometry": { "type": "Polygon", "coordinates": [ [ [ 129.007681928281443, 35.150881555649839 ], [ 129.007065166286651, 35.151419790259141 ], [ 129.007744768699382, 35.15168173687416 ], [ 129.007834719385301, 35.151965809372058 ], [ 129.007637380413172, 35.15248947818025 ], [ 129.009425956193439, 35.152557936857995 ], [ 129.008113367952973, 35.154942297264263 ], [ 129.008073377945863, 35.155502736111167 ], [ 129.008829974963163, 35.15585551882581 ], [ 129.008832231006835, 35.156277804874307 ], [ 129.009149540813638, 35.156581567572168 ], [ 129.010173879407859, 35.156477680775119 ], [ 129.010505897350157, 35.155752416250117 ], [ 129.011630638129844, 35.155764909422018 ], [ 129.011456644413641, 35.155984008394704 ], [ 129.011952740301581, 35.156310762256709 ], [ 129.012548079623315, 35.156230883872993 ], [ 129.012689044681935, 35.157563253380765 ], [ 129.014896761205364, 35.156130802698804 ], [ 129.01381168434591, 35.155866981544364 ], [ 129.014445622142716, 35.153318754588568 ], [ 129.01290002054003, 35.152841486575554 ], [ 129.009758932070042, 35.152588122760768 ], [ 129.009792228813808, 35.151668440187798 ], [ 129.008883006672335, 35.151586958190478 ], [ 129.009198025753591, 35.151007502892057 ], [ 129.007681928281443, 35.150881555649839 ] ] ] } },
{ "type": "Feature", "properties": { "학교코드(KEDI)": "215021502", "학교명_20251001": "용수초등학교", "행정구_20251001": "북구" }, "geometry": { "type": "Polygon", "coordinates": [ [ [ 129.007708379230877, 35.220222654871854 ], [ 129.007173094919949, 35.220069305049364 ], [ 129.00518306156593, 35.220557524281631 ], [ 129.006770456798279, 35.22961309262476 ], [ 129.012512067641154, 35.228919029893348 ], [ 129.012222588741139, 35.228293558925898 ], [ 129.010047081794909, 35.225421767430198 ], [ 129.008121000955782, 35.22071815504399 ], [ 129.007708379230877, 35.220222654871854 ] ] ] } },
{ "type": "Feature", "properties": { "학교코드(KEDI)": "215021505", "학교명_20251001": "주감초등학교", "행정구_20251001": "사상구" }, "geometry": { "type": "Polygon", "coordinates": [ [ [ 129.005652491804085, 35.152413474139642 ], [ 129.009758932070042, 35.152588122760768 ], [ 129.009792228813808, 35.151668440187798 ], [ 129.008883006672335, 35.151586958190478 ], [ 129.009198025753591, 35.151007502892057 ], [ 129.000228595580438, 35.150266474575076 ], [ 128.996211328020934, 35.152068149318666 ], [ 128.996633467087548, 35.152997612563503 ], [ 128.995583411818444, 35.153594557840563 ], [ 128.994218511865995, 35.154660154842631 ], [ 128.994814215486912, 35.155089354694347 ], [ 128.994568458377898, 35.155654204232071 ], [ 128.995080459951424, 35.155720163948992 ], [ 128.994266201519082, 35.156694806296699 ], [ 128.994588696889025, 35.156870707277285 ], [ 128.994518486111417, 35.157235359558079 ], [ 128.995547891486837, 35.157196386474993 ], [ 128.99614636506098, 35.15732440706708 ], [ 128.997449312131181, 35.158209316353556 ], [ 128.998220743627854, 35.159007219725147 ], [ 128.999239119075071, 35.160620667592369 ], [ 128.999312733117449, 35.161906361821131 ], [ 129.002418152039837, 35.16170014748932 ], [ 129.005116606271571, 35.162368810490257 ], [ 129.006474792266488, 35.164393203463547 ], [ 129.007351887850433, 35.167198267904602 ], [ 129.008500013902079, 35.169388045956552 ], [ 129.01103242266035, 35.170821536332483 ], [ 129.012522341141562, 35.169006805723747 ], [ 129.012659251519892, 35.167059841879954 ], [ 129.013224342258155, 35.165928643279393 ], [ 129.012904313498183, 35.165090945819259 ], [ 129.012005811414099, 35.164157531048247 ], [ 129.01217600378456, 35.163869154782439 ], [ 129.011621704610974, 35.16341847120507 ], [ 129.011341634363191, 35.162837228924964 ], [ 129.01139639312899, 35.161313906731991 ], [ 129.010737559195007, 35.160362984410241 ], [ 129.010589293744403, 35.158740529699379 ], [ 129.011933995794692, 35.158272986680004 ], [ 129.012689044681935, 35.157563253380765 ], [ 129.012548079623315, 35.156230883872993 ], [ 129.011952740301581, 35.156310762256709 ], [ 129.011456644413641, 35.155984008394704 ], [ 129.011630638129844, 35.155764909422018 ], [ 129.010505897350157, 35.155752416250117 ], [ 129.010173879407859, 35.156477680775119 ], [ 129.009149540813638, 35.156581567572168 ], [ 129.008832231006835, 35.156277804874307 ], [ 129.008829974963163, 35.15585551882581 ], [ 129.008073377945863, 35.155502736111167 ], [ 129.008113367952973, 35.154942297264263 ], [ 129.006982055518989, 35.155270170040659 ], [ 129.005665871950583, 35.156045757912104 ], [ 129.005350736387868, 35.15591890407449 ], [ 129.005007964490289, 35.155378747836302 ], [ 129.005150500962259, 35.155400272738845 ], [ 129.005574678166653, 35.154230159522101 ], [ 129.005423880322837, 35.15423054421521 ], [ 129.005993329143024, 35.153530144907613 ], [ 129.005366736711153, 35.153160330924997 ], [ 129.005652491804085, 35.152413474139642 ] ] ] } },
{ "type": "Feature", "properties": { "학교코드(KEDI)": "215021514", "학교명_20251001": "주학초등학교", "행정구_20251001": "사상구" }, "geometry": { "type": "Polygon", "coordinates": [ [ [ 129.01585669441161, 35.147061237013595 ], [ 129.016008131553519, 35.146922951402409 ], [ 129.014208632797533, 35.145629188776674 ], [ 129.014987047434261, 35.144526861585369 ], [ 129.012032720621562, 35.144549514950185 ], [ 129.011817060153675, 35.145356481934094 ], [ 129.011891389609076, 35.146248378110101 ], [ 129.012273966575918, 35.146223520004291 ], [ 129.012483062238573, 35.146772612682298 ], [ 129.013022250266346, 35.146780515585355 ], [ 129.012907922653852, 35.14816886034469 ], [ 129.011472655922859, 35.148099654641527 ], [ 129.011210049336398, 35.146756455816877 ], [ 129.009289201517902, 35.146653354025148 ], [ 129.009139103645737, 35.147831705390665 ], [ 129.010418742650273, 35.147932759791722 ], [ 129.010092114217798, 35.151080332013201 ], [ 129.011592246452551, 35.151202507468682 ], [ 129.011625236786358, 35.150963649063293 ], [ 129.013649432101175, 35.15112050864321 ], [ 129.013605493144922, 35.151368456701697 ], [ 129.016288996549605, 35.151627492383547 ], [ 129.016199898667082, 35.148247024160739 ], [ 129.016369635632714, 35.147478820838089 ], [ 129.01585669441161, 35.147061237013595 ] ] ] } },
{ "type": "Feature", "properties": { "학교코드(KEDI)": "215021519", "학교명_20251001": "창진초등학교", "행정구_20251001": "사상구" }, "geometry": { "type": "Polygon", "coordinates": [ [ [ 128.980399145860162, 35.168587346804607 ], [ 128.979569972416328, 35.167264660720484 ], [ 128.980777357306238, 35.16718231890701 ], [ 128.981040776603948, 35.165626868970797 ], [ 128.982877359330189, 35.165812490416364 ], [ 128.984139319230451, 35.163318263626259 ], [ 128.983906360926397, 35.162828258446233 ], [ 128.984508365336723, 35.162117819880095 ], [ 128.97588755110354, 35.163322832099446 ], [ 128.976748436119465, 35.168149029247637 ], [ 128.977477682331852, 35.167911625016536 ], [ 128.978457354751498, 35.169486815935088 ], [ 128.980399145860162, 35.168587346804607 ] ] ] } },
{ "type": "Feature", "properties": { "학교코드(KEDI)": "215021523", "학교명_20251001": "천가초등학교", "행정구_20251001": "강서구" }, "geometry": { "type": "MultiPolygon", "coordinates": [ [ [ [ 128.834688598417699, 35.065336593089192 ], [ 128.835094971109839, 35.065878494311789 ], [ 128.834972475001621, 35.06537904893154 ], [ 128.835150065401479, 35.065324824406424 ], [ 128.835158615160594, 35.064573598706403 ], [ 128.835007883737688, 35.064619235529648 ], [ 128.83524869375799, 35.064267365021557 ], [ 128.835213142571689, 35.064055847096363 ], [ 128.834878139323848, 35.064040199717454 ], [ 128.835201434711735, 35.064022778454174 ], [ 128.835200003274622, 35.063636980754971 ], [ 128.834950684587284, 35.063363056891326 ], [ 128.835006652535014, 35.063216047189805 ], [ 128.83520314722486, 35.063211242207508 ], [ 128.835112020837897, 35.062628671460622 ], [ 128.834599977850019, 35.062581930203912 ], [ 128.833515658131205, 35.061841289325301 ], [ 128.8331585382968, 35.061502296069946 ], [ 128.832629280516358, 35.060352469071603 ], [ 128.832696724078914, 35.059492341781961 ], [ 128.833047766849603, 35.058984888878719 ], [ 128.832870007104248, 35.059000109889361 ], [ 128.832990583832327, 35.058894634847348 ], [ 128.832605015420484, 35.058576314517687 ], [ 128.832566448195706, 35.058060822828047 ], [ 128.832699914401587, 35.057611286838473 ], [ 128.833212004001211, 35.057444290797676 ], [ 128.833260784725013, 35.056546431755471 ], [ 128.833935870478939, 35.056302760594463 ], [ 128.833553945863457, 35.056193059269397 ], [ 128.83400981820779, 35.056254892556176 ], [ 128.834007693188767, 35.056098340091275 ], [ 128.833657527094545, 35.055954934516755 ], [ 128.836447329846493, 35.054249034031734 ], [ 128.836902477587188, 35.054508282628845 ], [ 128.837442649491521, 35.054542067290356 ], [ 128.836991449767538, 35.053969024063157 ], [ 128.837705770852722, 35.053459589295628 ], [ 128.838225372709729, 35.053553950222586 ], [ 128.838755244584007, 35.05403032293232 ], [ 128.839152315467175, 35.053868005708658 ], [ 128.839964713348934, 35.054067480995016 ], [ 128.841172003909065, 35.053885264462998 ], [ 128.841729444511742, 35.054017195045354 ], [ 128.843301177938201, 35.055210116471173 ], [ 128.844765231135, 35.055693392466821 ], [ 128.845632069314178, 35.056195741030791 ], [ 128.846092845974397, 35.056642014945723 ], [ 128.846003481779491, 35.05676531506338 ], [ 128.846178221029021, 35.056858793828169 ], [ 128.84617758655699, 35.057212139951424 ], [ 128.846363766867569, 35.057419403709005 ], [ 128.846427060945302, 35.056380783461208 ], [ 128.847539860940145, 35.054830384292224 ], [ 128.847822855922288, 35.054789459841757 ], [ 128.848323130780614, 35.055165144157243 ], [ 128.848374167332878, 35.055424162945016 ], [ 128.848376011316731, 35.055140827294366 ], [ 128.847986536091213, 35.054864138509373 ], [ 128.848184076923786, 35.054511069385498 ], [ 128.847803096309207, 35.054383376247543 ], [ 128.850591935511716, 35.050311494441765 ], [ 128.849984391400085, 35.047044295644149 ], [ 128.850012324655296, 35.044636507142414 ], [ 128.85023229032015, 35.04424634465731 ], [ 128.850045474601671, 35.043052407099275 ], [ 128.8504685462635, 35.042816846104813 ], [ 128.850899578110841, 35.042082981000831 ], [ 128.850156798303857, 35.040683759356156 ], [ 128.850206384249475, 35.040057223807104 ], [ 128.849010139504315, 35.03726762103053 ], [ 128.847873744290695, 35.035855936453828 ], [ 128.843844259843593, 35.033384650189525 ], [ 128.84397473441868, 35.032515806819113 ], [ 128.842881070472629, 35.031140184956058 ], [ 128.842561197513902, 35.031121668195503 ], [ 128.841704847034777, 35.029440373840764 ], [ 128.841879568781252, 35.028513272308032 ], [ 128.842928066868296, 35.027527009493078 ], [ 128.843301587638507, 35.026275408271097 ], [ 128.843387074184051, 35.02553822244316 ], [ 128.843120618600409, 35.024389551962742 ], [ 128.840310556362994, 35.022098734711733 ], [ 128.838051915283302, 35.01999522348369 ], [ 128.837224684362269, 35.018840951231034 ], [ 128.837092422137232, 35.018130992830386 ], [ 128.836380756034913, 35.017229553791417 ], [ 128.835604666405033, 35.016906569747213 ], [ 128.834908890636058, 35.016086843600114 ], [ 128.834582096176689, 35.01435083876467 ], [ 128.835271452598874, 35.014228004151796 ], [ 128.835654096970217, 35.015081143347352 ], [ 128.835342948321085, 35.014116117437688 ], [ 128.834760610957602, 35.014137215606382 ], [ 128.834836437872383, 35.013930078397323 ], [ 128.834055252521182, 35.012840005948782 ], [ 128.834094079783057, 35.011603759981504 ], [ 128.834437537042419, 35.010949554223252 ], [ 128.83523399242776, 35.01031680965356 ], [ 128.835558638461322, 35.010399773610857 ], [ 128.835779014847901, 35.009875843041272 ], [ 128.83732150994814, 35.009083104879487 ], [ 128.838918472399342, 35.008936282359784 ], [ 128.839740559278738, 35.008411409448385 ], [ 128.839928362113511, 35.006830725549534 ], [ 128.840311090539245, 35.0066190590913 ], [ 128.840305056173605, 35.005875225850552 ], [ 128.840609431985087, 35.00523679772148 ], [ 128.839981581683588, 35.004773458811471 ], [ 128.839962088492257, 35.004330324035017 ], [ 128.839434596718434, 35.003976840642771 ], [ 128.839275668741124, 35.003620025807528 ], [ 128.838709255286432, 35.003331205978114 ], [ 128.838519618835136, 35.002794893714743 ], [ 128.83882760308461, 35.002531978146351 ], [ 128.838495974260752, 35.00221185056715 ], [ 128.838668423870388, 35.001933944774109 ], [ 128.838237317500102, 35.000991381469056 ], [ 128.837648069357641, 35.000645016530591 ], [ 128.837392334159489, 35.00004436246877 ], [ 128.837864849680329, 34.999211190852343 ], [ 128.838806232233537, 34.99862171017579 ], [ 128.838743580993935, 34.997595406884614 ], [ 128.838154629804137, 34.997552223702577 ], [ 128.837487434690274, 34.997300543596033 ], [ 128.836850784129723, 34.997404377350442 ], [ 128.836297853537559, 34.9972730445214 ], [ 128.836576740349045, 34.996688527884082 ], [ 128.836433262216303, 34.996378934983291 ], [ 128.836564538264184, 34.995758910436329 ], [ 128.835783940808255, 34.995930399680873 ], [ 128.835549954684069, 34.995889012834432 ], [ 128.835203168088668, 34.995440121292944 ], [ 128.834196110285234, 34.995355215902627 ], [ 128.834252104178006, 34.99359938190323 ], [ 128.834475730508501, 34.993038093144463 ], [ 128.833143782491049, 34.993161980283922 ], [ 128.831111897233342, 34.991483545591926 ], [ 128.830453980069393, 34.990692076356368 ], [ 128.830178153150996, 34.989923018159502 ], [ 128.829307542526635, 34.98916826042813 ], [ 128.82881467944992, 34.989103870886467 ], [ 128.82824234690753, 34.989204856482068 ], [ 128.827513017789556, 34.98977162863499 ], [ 128.827999089015862, 34.989992865238392 ], [ 128.827611869430854, 34.990293273398706 ], [ 128.828071198317048, 34.991143369998575 ], [ 128.829448544583357, 34.992646827678414 ], [ 128.829421547959839, 34.993064192219627 ], [ 128.829840249943004, 34.993363310991306 ], [ 128.829679616106461, 34.993511614210405 ], [ 128.829853249429021, 34.9937476770586 ], [ 128.829751731907351, 34.993953255959035 ], [ 128.830025328816816, 34.994467616716143 ], [ 128.829598839888803, 34.995511289172761 ], [ 128.829170250271602, 34.995660390227215 ], [ 128.828536063673084, 34.995244674833515 ], [ 128.828308205834219, 34.996248738674986 ], [ 128.827481150367305, 34.996193735123292 ], [ 128.827250442233549, 34.99586854808426 ], [ 128.825497338868615, 34.99570845965966 ], [ 128.824934928367526, 34.995256448992492 ], [ 128.824322932326623, 34.995330552789042 ], [ 128.823805851902193, 34.994946575645457 ], [ 128.823235250270727, 34.995050893647054 ], [ 128.823007244162767, 34.994908429974537 ], [ 128.8224784223016, 34.994890453013014 ], [ 128.822247168296713, 34.995188513117355 ], [ 128.822414806251885, 34.995417638278823 ], [ 128.822339700047223, 34.995657728171011 ], [ 128.822814038293643, 34.996166560608188 ], [ 128.82237509468078, 34.997486964456527 ], [ 128.822932902519938, 34.997607579476458 ], [ 128.823391289784183, 34.9979061296129 ], [ 128.823497437854485, 34.998278959991062 ], [ 128.823220623984184, 34.998837652558301 ], [ 128.822573176441892, 34.999228410898958 ], [ 128.822836431629185, 35.000203837492357 ], [ 128.82235151820683, 35.000500496770961 ], [ 128.822563551873543, 35.001048891744887 ], [ 128.822054286027651, 35.001698934899849 ], [ 128.82170482213445, 35.00163658225587 ], [ 128.821570710448185, 35.001299503658046 ], [ 128.82116498918657, 35.001370650758282 ], [ 128.821104166198182, 35.001266929347175 ], [ 128.820635603421522, 35.00230233848491 ], [ 128.819942786955579, 35.001928431632948 ], [ 128.819634577006269, 35.002663748047901 ], [ 128.819487064257373, 35.003746440089536 ], [ 128.818693131185057, 35.003815221507253 ], [ 128.818507246904517, 35.004077387408437 ], [ 128.819508474879257, 35.004590449023901 ], [ 128.819755949553127, 35.004018410515414 ], [ 128.820182790339061, 35.004297726361791 ], [ 128.820704666194729, 35.0041385292174 ], [ 128.821871774523515, 35.004321266661307 ], [ 128.822441899573448, 35.004702354251599 ], [ 128.822963163409099, 35.004577370739483 ], [ 128.823455452384366, 35.004674044213708 ], [ 128.824007150135259, 35.006322731072238 ], [ 128.823975762746926, 35.006820992738184 ], [ 128.82369090423532, 35.007141402330802 ], [ 128.823252083568917, 35.007079690932599 ], [ 128.82267516288556, 35.007396876257317 ], [ 128.821621451565278, 35.008564701219505 ], [ 128.82022724549563, 35.009042692451715 ], [ 128.821948625477546, 35.009225850405429 ], [ 128.822854402727984, 35.009629641823111 ], [ 128.823555203152239, 35.009727260720922 ], [ 128.82391703296571, 35.009975010708075 ], [ 128.825246370925072, 35.01036861506482 ], [ 128.825811524569957, 35.010985343949557 ], [ 128.825385015132582, 35.010331250106205 ], [ 128.826179444321866, 35.010166182034467 ], [ 128.826513097889404, 35.010315921862713 ], [ 128.82696387380949, 35.010791712166686 ], [ 128.827351562245894, 35.01195587368418 ], [ 128.827050572879529, 35.01222818868473 ], [ 128.825373870002039, 35.012272081532217 ], [ 128.825115697285838, 35.011713817596466 ], [ 128.825318296272997, 35.012852224382357 ], [ 128.825394272279112, 35.012373578674072 ], [ 128.82706837499498, 35.012303609002856 ], [ 128.827459533604014, 35.012503613727624 ], [ 128.827301177598514, 35.013599577656109 ], [ 128.826795134506824, 35.014245694726256 ], [ 128.825876474281102, 35.014695561637339 ], [ 128.82491587954695, 35.015556866275226 ], [ 128.824849148644233, 35.015881607518253 ], [ 128.824372261831542, 35.01642020547245 ], [ 128.82358447668193, 35.016817586508985 ], [ 128.823017503478752, 35.016876515838987 ], [ 128.822868756871344, 35.017068984654848 ], [ 128.822388025044262, 35.017080013049707 ], [ 128.821802338823318, 35.016726754586514 ], [ 128.821396532032196, 35.016782136958192 ], [ 128.820646603907335, 35.017374802915299 ], [ 128.820205556969313, 35.017400575023103 ], [ 128.820020309307466, 35.017660613891913 ], [ 128.819408959641919, 35.01798886334155 ], [ 128.81842033400423, 35.018345863228525 ], [ 128.817835463551603, 35.018400945205592 ], [ 128.816875981283033, 35.019164018612152 ], [ 128.816213178887068, 35.019379374703938 ], [ 128.815675262614093, 35.019297581038693 ], [ 128.815020924149337, 35.019416497312328 ], [ 128.814363510298818, 35.019937905292643 ], [ 128.813135658604892, 35.020300819206255 ], [ 128.8123561010961, 35.020144750552454 ], [ 128.811959506642978, 35.019810885239316 ], [ 128.811375665764757, 35.019727216878614 ], [ 128.811020818434514, 35.020511497439884 ], [ 128.811302606065368, 35.021289103834832 ], [ 128.810799405501456, 35.022232152099143 ], [ 128.807919853881231, 35.021658034744505 ], [ 128.806490391108667, 35.021490246907895 ], [ 128.806075310525301, 35.021587901149971 ], [ 128.806064069510683, 35.021855202726655 ], [ 128.806584721053639, 35.022132328506139 ], [ 128.806681654019059, 35.022882563349199 ], [ 128.805307113745044, 35.023709315711237 ], [ 128.805558138100622, 35.024554280717005 ], [ 128.806283222429215, 35.024395915187014 ], [ 128.80673492487918, 35.024603947543518 ], [ 128.807313732490059, 35.02461335620206 ], [ 128.808150739890436, 35.024439096221386 ], [ 128.809192956500482, 35.023913257638327 ], [ 128.809087068077503, 35.024173371167187 ], [ 128.810066575831968, 35.023878269088598 ], [ 128.810559937918072, 35.024159021650377 ], [ 128.810952635863543, 35.024190060168145 ], [ 128.810528797621203, 35.0240975253584 ], [ 128.810097371677102, 35.023753332397689 ], [ 128.810774179735887, 35.023285594007845 ], [ 128.811075680104864, 35.023342580556388 ], [ 128.811074969475669, 35.023644595277759 ], [ 128.812075222313894, 35.023646917740805 ], [ 128.812073236429967, 35.023380840936241 ], [ 128.813407027185576, 35.023647203761207 ], [ 128.814149327516134, 35.024362716482713 ], [ 128.814574215933987, 35.024472690364213 ], [ 128.814969554930002, 35.025026236745155 ], [ 128.815579157110875, 35.027080355683772 ], [ 128.815714951187971, 35.027136052117172 ], [ 128.815623134384936, 35.028032166608547 ], [ 128.815472126699518, 35.028287430682184 ], [ 128.814301732565838, 35.02807122046891 ], [ 128.815455023351916, 35.028377356585729 ], [ 128.815138068579216, 35.02915103425083 ], [ 128.815256088871223, 35.029534525136427 ], [ 128.815101074760207, 35.02953853351292 ], [ 128.815055402894558, 35.029355846711525 ], [ 128.814472987184359, 35.029938573977191 ], [ 128.813200475180082, 35.030471442392376 ], [ 128.812924291553799, 35.030476657044588 ], [ 128.812891758835974, 35.030274043434211 ], [ 128.812565685042244, 35.030181646855077 ], [ 128.812552422679374, 35.029655014746915 ], [ 128.812499602934707, 35.030195372109006 ], [ 128.81220935331686, 35.030368071451861 ], [ 128.810920306870941, 35.03025702591183 ], [ 128.810244270717902, 35.030373979501704 ], [ 128.80963010311379, 35.030284566943429 ], [ 128.809325339621012, 35.030406825370825 ], [ 128.809081373284272, 35.030740261536451 ], [ 128.80845665447319, 35.030886717479881 ], [ 128.80784319341933, 35.031249299961637 ], [ 128.807510512054279, 35.031706547774554 ], [ 128.807301439905729, 35.03281702980015 ], [ 128.807551942036866, 35.033448948942237 ], [ 128.808123242063743, 35.033690255876579 ], [ 128.809813410430252, 35.033398079719682 ], [ 128.809987108848873, 35.033448993761368 ], [ 128.810027821339787, 35.033913931487326 ], [ 128.810037560329874, 35.033501622258875 ], [ 128.810770362039392, 35.033410711033973 ], [ 128.811141914273861, 35.033614841050372 ], [ 128.811952551464003, 35.03480277541383 ], [ 128.812371433779106, 35.036111031024191 ], [ 128.811981359826547, 35.036185857989729 ], [ 128.812511315998137, 35.036134432942248 ], [ 128.812723056318333, 35.038265757667865 ], [ 128.812607242430545, 35.039425966924398 ], [ 128.8113043665916, 35.041710710644374 ], [ 128.811112973359002, 35.04164992069537 ], [ 128.809510824372694, 35.043084353024945 ], [ 128.807764384910399, 35.043645332376293 ], [ 128.807479277776281, 35.043869678092129 ], [ 128.807471232575693, 35.044282105652407 ], [ 128.806635117029458, 35.045191113755983 ], [ 128.806258800562716, 35.04590826110784 ], [ 128.805832644803189, 35.047101106420733 ], [ 128.806042280796788, 35.047352439744792 ], [ 128.805712692250182, 35.047625871923465 ], [ 128.805004338754202, 35.048070967674875 ], [ 128.804962760864726, 35.047971469614666 ], [ 128.803523971391087, 35.048325181420772 ], [ 128.802046155650117, 35.048337130150081 ], [ 128.801002318732401, 35.048164915786934 ], [ 128.799787649033874, 35.048323464023618 ], [ 128.798720913833705, 35.048997443940536 ], [ 128.797800369067886, 35.050420787192394 ], [ 128.79743620678704, 35.051776466600657 ], [ 128.797901855970395, 35.052771602271086 ], [ 128.798245712687759, 35.052771295060708 ], [ 128.79844130745883, 35.052929632534926 ], [ 128.797837065034514, 35.052815372681799 ], [ 128.797398181484539, 35.053433578006292 ], [ 128.797384747943454, 35.053727231638788 ], [ 128.798040999980827, 35.054088708517803 ], [ 128.798746268640741, 35.054186822118979 ], [ 128.80059959706216, 35.054972833088165 ], [ 128.803284351312925, 35.055236292777529 ], [ 128.804043749396953, 35.055504813356983 ], [ 128.805331198317475, 35.055489891922456 ], [ 128.806208543185051, 35.056324965780348 ], [ 128.805954476703249, 35.056405625591005 ], [ 128.805985048358394, 35.056456575988349 ], [ 128.80622873954394, 35.056355086604441 ], [ 128.806452088875488, 35.057244104109095 ], [ 128.805555238436511, 35.057438256323493 ], [ 128.806461715265499, 35.057308035743077 ], [ 128.80651223498586, 35.057673676477336 ], [ 128.806464234086462, 35.05848056812308 ], [ 128.805977610829302, 35.058548398054938 ], [ 128.805552918114984, 35.058910237636326 ], [ 128.805495384663374, 35.05929763523244 ], [ 128.805650598473733, 35.059545458124994 ], [ 128.805952460733124, 35.059586442224301 ], [ 128.806427417514243, 35.05906394525325 ], [ 128.807511188920984, 35.058553966741371 ], [ 128.808614181680099, 35.058870563889606 ], [ 128.80907142194846, 35.059398708118479 ], [ 128.809635815367557, 35.059643908499666 ], [ 128.81012594393161, 35.059659545621315 ], [ 128.810528396932511, 35.05998572732274 ], [ 128.811267962794574, 35.060237586988578 ], [ 128.813041147201858, 35.060035660947946 ], [ 128.814912635763136, 35.060329875021566 ], [ 128.816842350186562, 35.060252135870563 ], [ 128.81756590451289, 35.060306361041945 ], [ 128.817922347053553, 35.060486337420585 ], [ 128.818298660271893, 35.060373549429698 ], [ 128.818341777332108, 35.060696773910188 ], [ 128.818786772166163, 35.060652780930077 ], [ 128.818373681208186, 35.060636582551915 ], [ 128.818605448003638, 35.06052313480734 ], [ 128.818392338659692, 35.060597860387865 ], [ 128.818326748687952, 35.060466207937345 ], [ 128.818843802177952, 35.060320596074781 ], [ 128.8189586609206, 35.060820314945936 ], [ 128.818877322886692, 35.060287557490817 ], [ 128.819122081275083, 35.060513006468177 ], [ 128.819803359594744, 35.060714851968754 ], [ 128.820409959125158, 35.060730253107494 ], [ 128.820432273418106, 35.060608961988358 ], [ 128.82134042692104, 35.060693347086868 ], [ 128.822520304505446, 35.061059643328441 ], [ 128.823151162833625, 35.061627361396859 ], [ 128.823749403391815, 35.062838388886405 ], [ 128.824007713332065, 35.063949756644377 ], [ 128.824712866034645, 35.064776777471096 ], [ 128.826888019968692, 35.065970212857295 ], [ 128.831324407748809, 35.066868200017566 ], [ 128.83350012993904, 35.066277028677526 ], [ 128.833926177544242, 35.065799143597317 ], [ 128.834666360351264, 35.065873706042986 ], [ 128.833925705313845, 35.065777743267816 ], [ 128.833919769686645, 35.065420441625356 ], [ 128.83416544489981, 35.065240426301095 ], [ 128.834688598417699, 35.065336593089192 ] ] ], [ [ [ 128.837943980035959, 35.055425555093869 ], [ 128.837593295149219, 35.056023265899732 ], [ 128.838005307894008, 35.056267965584382 ], [ 128.838527295959437, 35.056069952300817 ], [ 128.838921444555723, 35.055578170246854 ], [ 128.838941071274121, 35.055078126738763 ], [ 128.838680167073704, 35.055005054048841 ], [ 128.837943980035959, 35.055425555093869 ] ] ], [ [ [ 128.852966087261024, 35.069003571142737 ], [ 128.852959505228313, 35.069107391286146 ], [ 128.853272895206686, 35.069090350497063 ], [ 128.853383807336371, 35.068935171616921 ], [ 128.853818824532084, 35.069131585868767 ], [ 128.854850226330058, 35.068964588721364 ], [ 128.855012102662698, 35.069215859123126 ], [ 128.854974948464559, 35.067970165701659 ], [ 128.855480320694426, 35.067494208703401 ], [ 128.855499139819273, 35.067282453242662 ], [ 128.855716851194018, 35.067279916302653 ], [ 128.856067572417487, 35.066854257349 ], [ 128.855886225071998, 35.066684162796108 ], [ 128.856484385922528, 35.065553314808696 ], [ 128.857333788893271, 35.065322621068098 ], [ 128.857789043728133, 35.064567787294649 ], [ 128.857028126271587, 35.064197826865886 ], [ 128.856404480012316, 35.064398458476589 ], [ 128.855450021341483, 35.063906409555265 ], [ 128.852878787932553, 35.062985903153347 ], [ 128.850733397038823, 35.062537765045555 ], [ 128.848569082547527, 35.061643909753393 ], [ 128.848155558352232, 35.061806652920787 ], [ 128.846827622919676, 35.06107618294832 ], [ 128.846662552708608, 35.061214161939091 ], [ 128.848005090897317, 35.062425702411687 ], [ 128.84618907575782, 35.063750945167563 ], [ 128.844510302910805, 35.064312411127723 ], [ 128.844393732773398, 35.064124650009418 ], [ 128.844294166391961, 35.064342733337341 ], [ 128.844227764947703, 35.064177579264353 ], [ 128.843428604082987, 35.064327862160994 ], [ 128.843263592057809, 35.064514690573873 ], [ 128.843100356131231, 35.064536605655 ], [ 128.843114747169437, 35.064277426658983 ], [ 128.84243683431356, 35.064244775442013 ], [ 128.842425937718303, 35.064369555499056 ], [ 128.842297170685725, 35.064187752595359 ], [ 128.842046475608754, 35.064219720573377 ], [ 128.842064764504954, 35.064500646814814 ], [ 128.841979612438195, 35.064338874666859 ], [ 128.841595370439279, 35.064509889145526 ], [ 128.841638579973221, 35.064603716193261 ], [ 128.841414790292987, 35.064583176847073 ], [ 128.841439715899696, 35.064686434360958 ], [ 128.841325537910762, 35.064528759662849 ], [ 128.841109697484598, 35.064541896377094 ], [ 128.84096687532238, 35.065061552951398 ], [ 128.841183564761877, 35.065131632520981 ], [ 128.840386270265242, 35.065534344231061 ], [ 128.840493447319659, 35.065868695576519 ], [ 128.840364726530453, 35.065886984743258 ], [ 128.840395976944933, 35.066241507751826 ], [ 128.840223697436898, 35.066227361711789 ], [ 128.840332317903119, 35.066641117068258 ], [ 128.839830897399651, 35.066979769433999 ], [ 128.839224333833897, 35.067053485952897 ], [ 128.839162001654927, 35.066907254103079 ], [ 128.838994289626442, 35.066928382684651 ], [ 128.839084030117618, 35.067261950708627 ], [ 128.838916214858443, 35.067119728439074 ], [ 128.838329245789851, 35.067195583820187 ], [ 128.838370854870107, 35.066973308274655 ], [ 128.838000392343588, 35.066827825023267 ], [ 128.837846442278163, 35.066851847191145 ], [ 128.837833873515024, 35.067085789336623 ], [ 128.837136861807778, 35.067256584350794 ], [ 128.837199735559835, 35.067384090853281 ], [ 128.836396377300758, 35.066878301769819 ], [ 128.836844807497329, 35.067369098906511 ], [ 128.836601900659815, 35.068346838341846 ], [ 128.836826632661996, 35.069169460309951 ], [ 128.836955371352531, 35.069188870546398 ], [ 128.836757016573131, 35.069676232317462 ], [ 128.836784989714232, 35.069792050800338 ], [ 128.837056724865192, 35.06978118841333 ], [ 128.837404058152885, 35.071722823827095 ], [ 128.837395745830833, 35.072009087054418 ], [ 128.837220021390408, 35.072055675093871 ], [ 128.837066117387963, 35.072494811119128 ], [ 128.83721697439384, 35.072531250442822 ], [ 128.837278631193499, 35.073601489968375 ], [ 128.836975603755576, 35.073837435795213 ], [ 128.837559851843366, 35.074548287950876 ], [ 128.837500763705265, 35.074785330302717 ], [ 128.837835486813503, 35.074847993868786 ], [ 128.83912534301038, 35.074576253537209 ], [ 128.839397034957244, 35.074271773712198 ], [ 128.839562842379308, 35.074440353431797 ], [ 128.839770097769673, 35.074379201131464 ], [ 128.839999963113002, 35.074089159463036 ], [ 128.839869547943238, 35.073971437652219 ], [ 128.840073881432687, 35.073978623133982 ], [ 128.840436341037758, 35.073277498498463 ], [ 128.840940608260354, 35.073491359225947 ], [ 128.840891108306266, 35.07365164718545 ], [ 128.841003019430588, 35.073494632846604 ], [ 128.840393158146696, 35.073230706914977 ], [ 128.840955825477778, 35.072566964603858 ], [ 128.840825937555593, 35.072320115328964 ], [ 128.840976598066533, 35.072042683746233 ], [ 128.841239161770318, 35.072019542322565 ], [ 128.841429962825885, 35.071561403934162 ], [ 128.841212843202499, 35.071366007132852 ], [ 128.841222412181395, 35.071120558726321 ], [ 128.841911718459926, 35.069979931411325 ], [ 128.841860356276925, 35.069691479789199 ], [ 128.842133845825998, 35.069453292424342 ], [ 128.843521308224553, 35.06935252309583 ], [ 128.844579880160495, 35.069036642146543 ], [ 128.845118634690039, 35.069216160292186 ], [ 128.84705186510871, 35.068572516832702 ], [ 128.847770780088638, 35.068766178096979 ], [ 128.848568768196543, 35.06844029712714 ], [ 128.849481941160263, 35.068346682726037 ], [ 128.850376274267262, 35.068693953451607 ], [ 128.850316570670174, 35.068810749642431 ], [ 128.851901246514359, 35.06904088569555 ], [ 128.85186834429453, 35.069419473644324 ], [ 128.852084870974664, 35.06901161056755 ], [ 128.852966087261024, 35.069003571142737 ] ] ] ] } },
{ "type": "Feature", "properties": { "학교코드(KEDI)": "215021532", "학교명_20251001": "포천초등학교", "행정구_20251001": "북구" }, "geometry": { "type": "Polygon", "coordinates": [ [ [ 129.015684946052914, 35.196548906716039 ], [ 129.016026588289776, 35.196027038735643 ], [ 129.015863896106879, 35.194867271601346 ], [ 129.015052292884945, 35.194997845849663 ], [ 129.013445080199205, 35.19437270539504 ], [ 129.012917183326778, 35.194476382852336 ], [ 129.012289950778495, 35.194818176303706 ], [ 129.011083401436281, 35.194136276933875 ], [ 129.011145142937409, 35.193807979902999 ], [ 129.008683467024071, 35.19281146644439 ], [ 129.00830729554653, 35.193422008875864 ], [ 129.007875162590324, 35.193160137325336 ], [ 129.007810146539441, 35.193440838920289 ], [ 129.007015350675857, 35.194389190890682 ], [ 129.0059781011295, 35.194155118304685 ], [ 129.006089457987912, 35.194465534728934 ], [ 129.005333325976267, 35.19426427896299 ], [ 129.005152963579548, 35.194408239028974 ], [ 129.004803170024445, 35.196056245771942 ], [ 129.006390486300859, 35.196351649035925 ], [ 129.006756616041343, 35.197543203966603 ], [ 129.007707710469646, 35.196291767195909 ], [ 129.009002968941587, 35.1982094781062 ], [ 129.012146234083104, 35.196900715563466 ], [ 129.012327037473824, 35.197636031723249 ], [ 129.012821819940058, 35.198298469177637 ], [ 129.013463393920603, 35.198388864835842 ], [ 129.013072424496386, 35.198640098868516 ], [ 129.014699063377464, 35.198577477810765 ], [ 129.01555627185013, 35.197239761394727 ], [ 129.015684946052914, 35.196548906716039 ] ] ] } },
{ "type": "Feature", "properties": { "학교코드(KEDI)": "215021538", "학교명_20251001": "학사초등학교", "행정구_20251001": "북구" }, "geometry": { "type": "Polygon", "coordinates": [ [ [ 129.013772983377152, 35.234588463059758 ], [ 129.012512067641154, 35.228919029893348 ], [ 129.006770456798279, 35.22961309262476 ], [ 129.007568540311837, 35.233968404419102 ], [ 129.007330982675484, 35.233996184249399 ], [ 129.007582363447113, 35.23547029766344 ], [ 129.013772983377152, 35.234588463059758 ] ] ] } },
{ "type": "Feature", "properties": { "학교코드(KEDI)": "215021541", "학교명_20251001": "학장초등학교", "행정구_20251001": "사상구" }, "geometry": { "type": "Polygon", "coordinates": [ [ [ 128.972907389644831, 35.158786597090149 ], [ 128.974056549716209, 35.158689867095525 ], [ 128.974426169317042, 35.1584803268954 ], [ 128.972523467578384, 35.15237433233748 ], [ 128.989061109817385, 35.149553478311056 ], [ 128.997645658004018, 35.150034790730075 ], [ 128.997433517336361, 35.147927122697951 ], [ 128.993644606717965, 35.145877405633314 ], [ 128.993674523547071, 35.14545573408612 ], [ 128.994297243067507, 35.144773555124225 ], [ 128.994111950683845, 35.144192708337492 ], [ 128.994417065699707, 35.143879482626694 ], [ 128.994677217372384, 35.142630418396941 ], [ 128.995506937813786, 35.140759964974997 ], [ 128.998423719233841, 35.138703695580958 ], [ 128.998884379736467, 35.138685688299866 ], [ 128.999504578864361, 35.138911031021209 ], [ 129.004321548188557, 35.136400719417715 ], [ 129.003484122835459, 35.136035088866684 ], [ 129.002495532465531, 35.136140897955592 ], [ 129.000750438215931, 35.136044443670073 ], [ 128.996617268112175, 35.135289311870466 ], [ 128.995669969509407, 35.136372657494739 ], [ 128.992527207882233, 35.138952784639429 ], [ 128.98928238800741, 35.14068357880776 ], [ 128.987868309643545, 35.142862489374053 ], [ 128.987929510101395, 35.14344013837799 ], [ 128.987227754710148, 35.143084563846308 ], [ 128.985474206309448, 35.142625852123267 ], [ 128.985571177068351, 35.142095098915469 ], [ 128.985174857505285, 35.142006745616207 ], [ 128.985788248707451, 35.141219409985119 ], [ 128.985818249123525, 35.140647038521315 ], [ 128.986197757410594, 35.140631282899584 ], [ 128.986244492765593, 35.138970993876939 ], [ 128.985891005456807, 35.138891545990596 ], [ 128.984163260548598, 35.132548675114613 ], [ 128.982418961440658, 35.132914544451417 ], [ 128.980802711978299, 35.136905701646306 ], [ 128.981080641659787, 35.137146757129528 ], [ 128.977706687288986, 35.13874717267467 ], [ 128.977226659468869, 35.139148538756245 ], [ 128.978573124749943, 35.140672927168538 ], [ 128.979491742018581, 35.141181418104949 ], [ 128.969504300896716, 35.144971390373151 ], [ 128.966635575722108, 35.145721177955799 ], [ 128.966838469440404, 35.146819691070142 ], [ 128.966753326811158, 35.147962455349926 ], [ 128.967495732488175, 35.146756247153817 ], [ 128.967588710464781, 35.146129194698027 ], [ 128.968558794762941, 35.149000107219152 ], [ 128.969058656600396, 35.151650056351087 ], [ 128.970071438900845, 35.153322515011951 ], [ 128.9702922167221, 35.15432461293338 ], [ 128.971739498364542, 35.157784289575943 ], [ 128.972167880475013, 35.158396141212734 ], [ 128.97289528517129, 35.158881057533378 ], [ 128.972907389644831, 35.158786597090149 ] ] ] } },
{ "type": "Feature", "properties": { "학교코드(KEDI)": "215021550", "학교명_20251001": "학진초등학교", "행정구_20251001": "사상구" }, "geometry": { "type": "Polygon", "coordinates": [ [ [ 128.977706687288986, 35.13874717267467 ], [ 128.981080641659787, 35.137146757129528 ], [ 128.980802711978299, 35.136905701646306 ], [ 128.982418961440658, 35.132914544451417 ], [ 128.979072784249951, 35.132092250684941 ], [ 128.978499875362843, 35.131581071889563 ], [ 128.976593756601119, 35.131181972928161 ], [ 128.976223758846771, 35.131558645070818 ], [ 128.974713252232277, 35.129586837236012 ], [ 128.971994723758741, 35.131056940912934 ], [ 128.971770135269082, 35.132917159484407 ], [ 128.970321972394089, 35.131313926381061 ], [ 128.97096101804118, 35.130886293111644 ], [ 128.97041386480214, 35.130246462719604 ], [ 128.968576564908659, 35.131318712800748 ], [ 128.967601890155834, 35.132824047660442 ], [ 128.971665267358134, 35.13352127935191 ], [ 128.9717501466329, 35.133069249264715 ], [ 128.972132818428321, 35.132990296824346 ], [ 128.973228246620238, 35.13495221124731 ], [ 128.972724775222076, 35.137663344845549 ], [ 128.973492348937498, 35.139447710931094 ], [ 128.974849592598162, 35.141319741598274 ], [ 128.975521092925277, 35.142696460005638 ], [ 128.979491742018581, 35.141181418104949 ], [ 128.978573124749943, 35.140672927168538 ], [ 128.977226659468869, 35.139148538756245 ], [ 128.977706687288986, 35.13874717267467 ] ] ] } },
{ "type": "Feature", "properties": { "학교코드(KEDI)": "215021559", "학교명_20251001": "화명초등학교", "행정구_20251001": "북구" }, "geometry": { "type": "Polygon", "coordinates": [ [ [ 129.014391549911181, 35.245998570549887 ], [ 129.014340161011148, 35.244948225663066 ], [ 129.014739190469669, 35.243388452498678 ], [ 129.014389063406526, 35.242504537269973 ], [ 129.014967971847256, 35.241750580384505 ], [ 129.01619796440778, 35.242004805175704 ], [ 129.016860890471861, 35.242622816942408 ], [ 129.02058900649061, 35.244114872419622 ], [ 129.021542554345331, 35.240315486505608 ], [ 129.022208999828365, 35.239993259974106 ], [ 129.023097554654925, 35.238987134132906 ], [ 129.021073257208371, 35.23609653986329 ], [ 129.018706406200749, 35.236761863926553 ], [ 129.017704201388426, 35.237337673698228 ], [ 129.016189713141301, 35.235923369974479 ], [ 129.014137376549229, 35.234538840945895 ], [ 129.013772983377152, 35.234588463059758 ], [ 129.014114615074561, 35.240550678930369 ], [ 129.012850967801199, 35.245174854090493 ], [ 129.012884756336689, 35.245913479777094 ], [ 129.013392093410715, 35.245840091629525 ], [ 129.014391549911181, 35.245998570549887 ] ] ] } },
{ "type": "Feature", "properties": { "학교코드(KEDI)": "215021565", "학교명_20251001": "화잠초등학교", "행정구_20251001": "북구" }, "geometry": { "type": "Polygon", "coordinates": [ [ [ 129.021073257208371, 35.23609653986329 ], [ 129.020908880895234, 35.235914645221385 ], [ 129.021223549575041, 35.235521030678044 ], [ 129.021379437586404, 35.234850297817722 ], [ 129.021072076195878, 35.234524910550142 ], [ 129.020310900774234, 35.234007189490249 ], [ 129.019193838554202, 35.233757883983543 ], [ 129.018645054408069, 35.23313581265537 ], [ 129.017869247619615, 35.233241908255742 ], [ 129.017465404970693, 35.232420820430384 ], [ 129.016041608605292, 35.232833671562993 ], [ 129.014515952139277, 35.232318393242977 ], [ 129.013686980322518, 35.232652875892505 ], [ 129.013469080404974, 35.232899231680776 ], [ 129.013772983377152, 35.234588463059758 ], [ 129.014137376549229, 35.234538840945895 ], [ 129.016189713141301, 35.235923369974479 ], [ 129.017704201388426, 35.237337673698228 ], [ 129.018706406200749, 35.236761863926553 ], [ 129.021073257208371, 35.23609653986329 ] ] ] } },
{ "type": "Feature", "properties": { "학교코드(KEDI)": "215021828", "학교명_20251001": "대저중앙초등학교", "행정구_20251001": "강서구" }, "geometry": { "type": "Polygon", "coordinates": [ [ [ 128.935561567601724, 35.121093286336766 ], [ 128.933601409983481, 35.117379955062965 ], [ 128.931037531069705, 35.118904985939238 ], [ 128.930242523272199, 35.119881939481878 ], [ 128.929619046551295, 35.119532191899069 ], [ 128.92910210254189, 35.118777413075321 ], [ 128.929208429314372, 35.116887268493073 ], [ 128.928758793901011, 35.115540082546012 ], [ 128.928656894377269, 35.114664242463704 ], [ 128.927277116104165, 35.115254853128775 ], [ 128.925933579214586, 35.116241899915742 ], [ 128.925578261744533, 35.115811200133237 ], [ 128.91985212554556, 35.119056635432422 ], [ 128.919255620122698, 35.118493826442077 ], [ 128.919610643819283, 35.116618822741017 ], [ 128.919365945645382, 35.114671662178672 ], [ 128.903237631103877, 35.118768283122414 ], [ 128.903572235183361, 35.119876787387632 ], [ 128.902569467165875, 35.119984098207844 ], [ 128.902342044484698, 35.12026748043052 ], [ 128.900766416384641, 35.120657085559472 ], [ 128.902641239212301, 35.125000184548341 ], [ 128.903251547266024, 35.127606426537305 ], [ 128.903052649475114, 35.131204692932187 ], [ 128.902477715517563, 35.133511900314602 ], [ 128.901016248473582, 35.137570545360134 ], [ 128.900754115136607, 35.139194225088019 ], [ 128.900902484323723, 35.145519111956943 ], [ 128.901220577073531, 35.150000037431937 ], [ 128.903148504045873, 35.164370689196595 ], [ 128.937270392708541, 35.158480384270391 ], [ 128.935522833067608, 35.153100525410423 ], [ 128.937193680750482, 35.15161108136892 ], [ 128.934874289986482, 35.150000624492094 ], [ 128.933303293175243, 35.147057187769015 ], [ 128.931733938219082, 35.14359977195064 ], [ 128.93067177763001, 35.140142625011173 ], [ 128.930167738502007, 35.136602595692992 ], [ 128.930017685405716, 35.134103840138408 ], [ 128.930272851910473, 35.132229961557151 ], [ 128.931293481915219, 35.129991376534676 ], [ 128.934439959186619, 35.126828159833899 ], [ 128.935302991282214, 35.125537600888414 ], [ 128.935596442160602, 35.122088592919894 ], [ 128.935561567601724, 35.121093286336766 ] ] ] } },
{ "type": "Feature", "properties": { "학교코드(KEDI)": "215021853", "학교명_20251001": "명문초등학교", "행정구_20251001": "강서구" }, "geometry": { "type": "Polygon", "coordinates": [ [ [ 128.911468218059014, 35.098884941635767 ], [ 128.91312758292608, 35.098734843048284 ], [ 128.913392984435234, 35.100481232195385 ], [ 128.914520926103194, 35.100365517446889 ], [ 128.914457995844202, 35.098614483101699 ], [ 128.915343123556482, 35.098534398598552 ], [ 128.914990142132837, 35.096155809147184 ], [ 128.899101336017736, 35.097759699874644 ], [ 128.900242059234955, 35.102978143400939 ], [ 128.911267219104673, 35.101863702543355 ], [ 128.911468218059014, 35.098884941635767 ] ] ] } },
{ "type": "Feature", "properties": { "학교코드(KEDI)": "215021878", "학교명_20251001": "남명초등학교", "행정구_20251001": "강서구" }, "geometry": { "type": "Polygon", "coordinates": [ [ [ 128.912305558347356, 35.089134492368032 ], [ 128.9120451268262, 35.079026339191586 ], [ 128.907770220044711, 35.079047904396425 ], [ 128.907750592075075, 35.081899994718874 ], [ 128.903633050514202, 35.081942547620855 ], [ 128.903585291516066, 35.089127768723337 ], [ 128.912305558347356, 35.089134492368032 ] ] ] } },
{ "type": "Feature", "properties": { "학교코드(KEDI)": "215021879", "학교명_20251001": "화정초등학교", "행정구_20251001": "북구" }, "geometry": { "type": "Polygon", "coordinates": [ [ [ 129.013242818730873, 35.222837027006051 ], [ 129.011411549059488, 35.218373706452127 ], [ 129.011060524030967, 35.217981505374354 ], [ 129.009017778255838, 35.217450280102788 ], [ 129.008882272503485, 35.218614726432058 ], [ 129.008196201190913, 35.218346701969729 ], [ 129.008002566040517, 35.217624193175119 ], [ 129.005321327566946, 35.217768300982193 ], [ 129.004637369844346, 35.215302724827815 ], [ 129.004033548151085, 35.215382951163313 ], [ 129.00518306156593, 35.220557524281631 ], [ 129.007173094919949, 35.220069305049364 ], [ 129.007708379230877, 35.220222654871854 ], [ 129.008121000955782, 35.22071815504399 ], [ 129.009457927665181, 35.223958186158363 ], [ 129.013242818730873, 35.222837027006051 ] ] ] } },
{ "type": "Feature", "properties": { "학교코드(KEDI)": "216021021", "학교명_20251001": "반안초등학교", "행정구_20251001": "해운대구" }, "geometry": { "type": "Polygon", "coordinates": [ [ [ 129.112821778222298, 35.198907667486566 ], [ 129.113017190661566, 35.2003413695085 ], [ 129.113423888422119, 35.200734828461243 ], [ 129.113762994187255, 35.20154353398425 ], [ 129.113774615628813, 35.20211147114172 ], [ 129.110800465285308, 35.204102935991571 ], [ 129.11106136627356, 35.20432117061624 ], [ 129.11158345871732, 35.204290604143786 ], [ 129.111589141681378, 35.20467958292992 ], [ 129.113837034022652, 35.204383910640892 ], [ 129.116619936273452, 35.204299633151663 ], [ 129.117547112585385, 35.203836038116293 ], [ 129.118537231541467, 35.205187398814452 ], [ 129.119306718350657, 35.204930513689099 ], [ 129.116336577059371, 35.200941122490725 ], [ 129.115526096383604, 35.201517937532905 ], [ 129.114837004073735, 35.200450871970901 ], [ 129.113808069989744, 35.199305312571383 ], [ 129.112821778222298, 35.198907667486566 ] ] ] } },
{ "type": "Feature", "properties": { "학교코드(KEDI)": "216021112", "학교명_20251001": "강동초등학교", "행정구_20251001": "해운대구" }, "geometry": { "type": "Polygon", "coordinates": [ [ [ 129.141372944392401, 35.168387822456971 ], [ 129.141942522805437, 35.168081254454584 ], [ 129.141651676610223, 35.16795880142778 ], [ 129.140952868789384, 35.168058930797542 ], [ 129.140168177337785, 35.167930148656815 ], [ 129.139335396288914, 35.1681344227501 ], [ 129.138970255118124, 35.168965829670803 ], [ 129.130622574526143, 35.164533645912748 ], [ 129.127818966784957, 35.166124632648362 ], [ 129.127511362383217, 35.165953749625054 ], [ 129.127182517115756, 35.166152424838515 ], [ 129.126654805787211, 35.165720266645586 ], [ 129.124961669766975, 35.167497771496947 ], [ 129.124134828976651, 35.168710926904957 ], [ 129.12378452803182, 35.169364762824834 ], [ 129.124191176410136, 35.16978342574005 ], [ 129.123128682131977, 35.171154608304597 ], [ 129.12263082622357, 35.17225469769231 ], [ 129.121150606784965, 35.173351292311288 ], [ 129.1204855535766, 35.174563476357889 ], [ 129.126974191127118, 35.177979710938189 ], [ 129.127452204170453, 35.17743810126305 ], [ 129.1299857912677, 35.176474927825836 ], [ 129.130523588037761, 35.176053331733748 ], [ 129.131488099743308, 35.176149622345513 ], [ 129.132011923235069, 35.176359199359332 ], [ 129.13262176664233, 35.176891835291848 ], [ 129.13280532260984, 35.177577743871275 ], [ 129.133682276255399, 35.178137431918451 ], [ 129.133890669124725, 35.178561559736487 ], [ 129.135022244664242, 35.179065615038049 ], [ 129.135373609115646, 35.18010782076535 ], [ 129.137271882758029, 35.180902050551168 ], [ 129.1388522337609, 35.183388744518894 ], [ 129.140522645322847, 35.186489007737542 ], [ 129.14345110315719, 35.190824020664117 ], [ 129.143916245591384, 35.19168437929909 ], [ 129.144161279516993, 35.192925605666993 ], [ 129.144685312988827, 35.193520821981444 ], [ 129.145912070677582, 35.194300976628554 ], [ 129.146791082530882, 35.195067940580095 ], [ 129.146916742844553, 35.195890179514215 ], [ 129.147190888871421, 35.196399595621685 ], [ 129.148704987387617, 35.19694155026054 ], [ 129.149047919962726, 35.197254905314232 ], [ 129.149189614882459, 35.19840887048543 ], [ 129.1489891624569, 35.199097710057131 ], [ 129.149302664500652, 35.199614705227248 ], [ 129.151390827395829, 35.199552276146349 ], [ 129.154212068614072, 35.199185664146775 ], [ 129.155634686935343, 35.198392928952991 ], [ 129.156114356912639, 35.198349952904572 ], [ 129.156807457349544, 35.198114805359445 ], [ 129.157066587679395, 35.197876156717257 ], [ 129.158148982193154, 35.197601022222827 ], [ 129.159569060527417, 35.196721172252424 ], [ 129.159804103203726, 35.196750971214868 ], [ 129.160212334692176, 35.195665212090113 ], [ 129.161251582680194, 35.194852722453582 ], [ 129.16057557383354, 35.194203739564898 ], [ 129.160342106184856, 35.192948827791547 ], [ 129.160531914031537, 35.19264743743129 ], [ 129.160465762214841, 35.192000806270485 ], [ 129.161033659811352, 35.19077269288475 ], [ 129.161843653055428, 35.189829892019908 ], [ 129.161442117286924, 35.188536806442379 ], [ 129.161607842025546, 35.18816757423464 ], [ 129.162289890592461, 35.187724198705794 ], [ 129.163179868615458, 35.187774389872544 ], [ 129.163284380975341, 35.187657976801709 ], [ 129.163003097862486, 35.186885535367203 ], [ 129.163265321196178, 35.186350865176095 ], [ 129.162593305377726, 35.185916588752058 ], [ 129.160952885173032, 35.184274336583513 ], [ 129.161045273736988, 35.183965683788657 ], [ 129.1599495532422, 35.182712919994287 ], [ 129.155963693036227, 35.179681510034612 ], [ 129.155704443018436, 35.17881669521897 ], [ 129.154745244081255, 35.178353943687817 ], [ 129.154695146268068, 35.177398807638085 ], [ 129.154298391315649, 35.176308052787498 ], [ 129.153264708768944, 35.175441594089101 ], [ 129.153546621147399, 35.174012003121227 ], [ 129.152854267642738, 35.173673818528457 ], [ 129.151213602012888, 35.17238015537469 ], [ 129.149341345215333, 35.169311529079472 ], [ 129.148431030677415, 35.169520129152147 ], [ 129.145945719080743, 35.169607647601403 ], [ 129.14366073147923, 35.170721376392898 ], [ 129.14277015821628, 35.17026351305838 ], [ 129.142384038509107, 35.169492450611081 ], [ 129.141708836758596, 35.169370818715649 ], [ 129.14136640196773, 35.169024001306376 ], [ 129.1413123171059, 35.168821817218664 ], [ 129.141602040197711, 35.168620291479691 ], [ 129.141372944392401, 35.168387822456971 ] ] ] } },
{ "type": "Feature", "properties": { "학교코드(KEDI)": "216021115", "학교명_20251001": "방곡초등학교", "행정구_20251001": "기장군" }, "geometry": { "type": "Polygon", "coordinates": [ [ [ 129.187793872631005, 35.319967905767186 ], [ 129.187088349364245, 35.319694569906602 ], [ 129.186019557070324, 35.31954224367238 ], [ 129.182649511175327, 35.319488710234914 ], [ 129.181274776970099, 35.319642276598145 ], [ 129.178437792559237, 35.320504673511813 ], [ 129.180536315941822, 35.324153539497523 ], [ 129.182916386154147, 35.329075984529872 ], [ 129.183170765138414, 35.330192646773646 ], [ 129.183763073897978, 35.330970133285369 ], [ 129.187441934391046, 35.329475001378398 ], [ 129.191601150818229, 35.328624776713241 ], [ 129.194430696610283, 35.328364810150468 ], [ 129.197492021108474, 35.328607205796196 ], [ 129.203044455961276, 35.329519393470434 ], [ 129.205265769965564, 35.329627889352153 ], [ 129.207514523535622, 35.329408016099791 ], [ 129.210067685186516, 35.32834806716648 ], [ 129.213762770575812, 35.326492289114384 ], [ 129.218985033588041, 35.324638171138581 ], [ 129.227921978059044, 35.321672325479462 ], [ 129.231369960756012, 35.321945725098665 ], [ 129.231633195745161, 35.321619212583528 ], [ 129.233645794699612, 35.320800824524866 ], [ 129.233762715538688, 35.320499611411485 ], [ 129.23323115417918, 35.319702910172872 ], [ 129.232122182470789, 35.318535465659309 ], [ 129.231215715616628, 35.318697628177503 ], [ 129.2298210986051, 35.319420898262472 ], [ 129.230110579784451, 35.32008624233093 ], [ 129.22979831457755, 35.320262508056985 ], [ 129.229336425013031, 35.320239672376111 ], [ 129.228501389499598, 35.319492132691764 ], [ 129.227501075584996, 35.319081419919421 ], [ 129.226869275756769, 35.31937916570751 ], [ 129.22632960214969, 35.320914988492063 ], [ 129.222415788131542, 35.322465220952779 ], [ 129.22078361830836, 35.322352172778125 ], [ 129.218724847520974, 35.32153167841507 ], [ 129.217910725471313, 35.321546621935745 ], [ 129.216719475100007, 35.322665206338151 ], [ 129.215623683959109, 35.323019088233693 ], [ 129.213872601856934, 35.322812759394075 ], [ 129.210985473267442, 35.321482780200071 ], [ 129.205573457061348, 35.321438618238766 ], [ 129.202005495717543, 35.320740736448307 ], [ 129.199483021586502, 35.319976041399109 ], [ 129.194720149006855, 35.319212896624791 ], [ 129.193762205190922, 35.319287509333506 ], [ 129.191462051255741, 35.320073110396343 ], [ 129.189705455784747, 35.320305223183105 ], [ 129.188169091987277, 35.32029013379038 ], [ 129.187793872631005, 35.319967905767186 ] ] ] } },
{ "type": "Feature", "properties": { "학교코드(KEDI)": "216021124", "학교명_20251001": "광남초등학교", "행정구_20251001": "수영구" }, "geometry": { "type": "Polygon", "coordinates": [ [ [ 129.109166144351803, 35.143303672028502 ], [ 129.113497424691474, 35.148898049828716 ], [ 129.114709678775, 35.148116599743048 ], [ 129.114623392223393, 35.147857090987451 ], [ 129.114757987097477, 35.147689738104724 ], [ 129.114555693151743, 35.147650959138538 ], [ 129.114423558386932, 35.147128349819816 ], [ 129.114784054336383, 35.146100521597987 ], [ 129.117714074929694, 35.146034587981816 ], [ 129.117584774820045, 35.139941555464354 ], [ 129.11551025115952, 35.139474829342582 ], [ 129.114320436006466, 35.139505975688913 ], [ 129.112511082316615, 35.138926796110646 ], [ 129.112058095945116, 35.138914302185121 ], [ 129.111510480805379, 35.139171607281114 ], [ 129.111358569879997, 35.13970868313389 ], [ 129.112122938506104, 35.140725538872445 ], [ 129.111978340575376, 35.14113459063956 ], [ 129.111761742728817, 35.141038901246901 ], [ 129.111194497045346, 35.141294928874352 ], [ 129.111277388584313, 35.141422642921967 ], [ 129.110809478771444, 35.142199945634815 ], [ 129.109166144351803, 35.143303672028502 ] ] ] } },
{ "type": "Feature", "properties": { "학교코드(KEDI)": "216021131", "학교명_20251001": "가동초등학교", "행정구_20251001": "기장군" }, "geometry": { "type": "Polygon", "coordinates": [ [ [ 129.176495411125813, 35.329147785216165 ], [ 129.179719393422914, 35.333247407220426 ], [ 129.183763073897978, 35.330970133285369 ], [ 129.183170765138414, 35.330192646773646 ], [ 129.182916386154147, 35.329075984529872 ], [ 129.180536315941822, 35.324153539497523 ], [ 129.178576043966189, 35.324640659050523 ], [ 129.176875522971784, 35.324655847125349 ], [ 129.17496566269989, 35.321779109079749 ], [ 129.17326108915799, 35.322653785369923 ], [ 129.174523778347492, 35.324505064420308 ], [ 129.172380933559225, 35.326973082655357 ], [ 129.174401660356921, 35.327870940716878 ], [ 129.176495411125813, 35.329147785216165 ] ] ] } },
{ "type": "Feature", "properties": { "학교코드(KEDI)": "216021136", "학교명_20251001": "광안초등학교", "행정구_20251001": "수영구" }, "geometry": { "type": "Polygon", "coordinates": [ [ [ 129.113997353641508, 35.161937608444291 ], [ 129.120108673709638, 35.161075364393717 ], [ 129.120945484482689, 35.158661977715752 ], [ 129.120182985984684, 35.157665373478785 ], [ 129.120664906168884, 35.157397121098128 ], [ 129.121979535633074, 35.155098310206114 ], [ 129.1196575896127, 35.154216820077117 ], [ 129.118360021956164, 35.153412424355338 ], [ 129.114974386002615, 35.14902874454058 ], [ 129.114709678775, 35.148116599743048 ], [ 129.113497424691474, 35.148898049828716 ], [ 129.114676319386319, 35.150468110875188 ], [ 129.114112342379912, 35.150755845181266 ], [ 129.11140690925302, 35.151316430685078 ], [ 129.112993544074243, 35.157137746328289 ], [ 129.113147108748109, 35.157110948429256 ], [ 129.113997353641508, 35.161937608444291 ] ] ] } },
{ "type": "Feature", "properties": { "학교코드(KEDI)": "216021148", "학교명_20251001": "기장초등학교", "행정구_20251001": "기장군" }, "geometry": { "type": "Polygon", "coordinates": [ [ [ 129.208980986231552, 35.250006254648298 ], [ 129.209951824347655, 35.248363623962838 ], [ 129.210581164713602, 35.24802333792038 ], [ 129.211367520539909, 35.247926876310736 ], [ 129.213888402202713, 35.248916645511244 ], [ 129.215124576970737, 35.250245396165077 ], [ 129.215705533357692, 35.250636739659797 ], [ 129.216678023154515, 35.250907209618894 ], [ 129.219717153460408, 35.251328081476494 ], [ 129.21915525106462, 35.248985459129301 ], [ 129.218875279826875, 35.246595408119752 ], [ 129.221155205392506, 35.245513625693675 ], [ 129.223105992890396, 35.245520073994626 ], [ 129.223083500520829, 35.245652793175012 ], [ 129.223246247516556, 35.245638109216685 ], [ 129.222661165131171, 35.246870283962743 ], [ 129.223352201335416, 35.247229077669012 ], [ 129.223744478251433, 35.247625254143912 ], [ 129.224361567409716, 35.248757634005372 ], [ 129.225137312545655, 35.249446178516173 ], [ 129.225633839372449, 35.250614160570713 ], [ 129.226949914592211, 35.251397098683491 ], [ 129.229020935334887, 35.250143514261723 ], [ 129.230224584255666, 35.24902655922574 ], [ 129.230540688736312, 35.247460207489155 ], [ 129.231140071051243, 35.246459305634318 ], [ 129.231067614896546, 35.246335788716493 ], [ 129.23140141539514, 35.246233195918322 ], [ 129.231446195240977, 35.2458622902519 ], [ 129.232080687809798, 35.245549418268929 ], [ 129.232925799499043, 35.2455961062659 ], [ 129.233138711495798, 35.245348498682723 ], [ 129.232387133945849, 35.245229126689104 ], [ 129.230348524652356, 35.242741852504871 ], [ 129.230435252715409, 35.240820798505226 ], [ 129.227205731449146, 35.240710112012792 ], [ 129.225445642995481, 35.239685802571678 ], [ 129.222793893280681, 35.240487151006668 ], [ 129.220404975693413, 35.241017163439096 ], [ 129.210403336320326, 35.241326748003168 ], [ 129.210483262253263, 35.242952995031729 ], [ 129.208535966202646, 35.243216254943732 ], [ 129.207197312823524, 35.243579247737401 ], [ 129.197006562015048, 35.242486797937289 ], [ 129.195161812922208, 35.24204044713732 ], [ 129.194577713857086, 35.242438510373219 ], [ 129.193569632438908, 35.24204478887917 ], [ 129.192632476612403, 35.243592973758034 ], [ 129.192295651195877, 35.245765377140117 ], [ 129.191812752535839, 35.246982496418802 ], [ 129.190377837652647, 35.248607247128469 ], [ 129.189652431245435, 35.249889270567721 ], [ 129.189134223785203, 35.25017137193479 ], [ 129.190937583894907, 35.252305638849492 ], [ 129.1921797457982, 35.252941052375547 ], [ 129.195710519136298, 35.253904176833665 ], [ 129.199720101837812, 35.254038032207312 ], [ 129.205178223955073, 35.252885869397744 ], [ 129.208007412617718, 35.251222005602017 ], [ 129.208980986231552, 35.250006254648298 ] ] ] } },
{ "type": "Feature", "properties": { "학교코드(KEDI)": "216021160", "학교명_20251001": "남천초등학교", "행정구_20251001": "수영구" }, "geometry": { "type": "Polygon", "coordinates": [ [ [ 129.114676319386319, 35.150468110875188 ], [ 129.109166144351803, 35.143303672028502 ], [ 129.110809478771444, 35.142199945634815 ], [ 129.111277388584313, 35.141422642921967 ], [ 129.111194497045346, 35.141294928874352 ], [ 129.111761742728817, 35.141038901246901 ], [ 129.111978340575376, 35.14113459063956 ], [ 129.112122938506104, 35.140725538872445 ], [ 129.111358569879997, 35.13970868313389 ], [ 129.111510480805379, 35.139171607281114 ], [ 129.111712660851197, 35.139028511962117 ], [ 129.112511082316615, 35.138926796110646 ], [ 129.114320436006466, 35.139505975688913 ], [ 129.115527673755707, 35.139542873960899 ], [ 129.114146565524862, 35.137448085494917 ], [ 129.114015029998825, 35.137412073061171 ], [ 129.113751803689013, 35.137520434523196 ], [ 129.114080766197873, 35.137475134855208 ], [ 129.114520677228285, 35.138114742849439 ], [ 129.114597920953997, 35.138357974843863 ], [ 129.114280039441979, 35.138619646099571 ], [ 129.111808013977765, 35.136377613538578 ], [ 129.110425510664584, 35.13488317820719 ], [ 129.109934360500318, 35.135036552309501 ], [ 129.109092593787381, 35.135709281691987 ], [ 129.108382964120153, 35.135878999251119 ], [ 129.10411446493984, 35.135581264681662 ], [ 129.103861132449737, 35.135671607148417 ], [ 129.103895679540386, 35.135878221756784 ], [ 129.102208709429846, 35.138387767265769 ], [ 129.105505389292887, 35.139941945386965 ], [ 129.103064030414998, 35.141649145411982 ], [ 129.102201568423339, 35.142626928043434 ], [ 129.102757350990487, 35.143402000079213 ], [ 129.103374195953307, 35.143924802816876 ], [ 129.103413471523879, 35.144772044961165 ], [ 129.102822995612684, 35.146394929733624 ], [ 129.102376037790094, 35.148693859716076 ], [ 129.101668936360312, 35.149289334116908 ], [ 129.101910751417535, 35.149573087452666 ], [ 129.101615343893428, 35.150125800665421 ], [ 129.101209354436605, 35.151846218079982 ], [ 129.103460948137865, 35.151300989295841 ], [ 129.105016388896075, 35.151233690328276 ], [ 129.105294835486973, 35.150981474587027 ], [ 129.106404647280414, 35.151171213046865 ], [ 129.106579248548968, 35.151467254806072 ], [ 129.107602885741613, 35.152005816204849 ], [ 129.108896163293537, 35.151943762632314 ], [ 129.109049941414696, 35.152563451937333 ], [ 129.1092436368356, 35.152723955235842 ], [ 129.109602005346375, 35.152560040429314 ], [ 129.111692667376104, 35.152331980765865 ], [ 129.11140690925302, 35.151316430685078 ], [ 129.114112342379912, 35.150755845181266 ], [ 129.114676319386319, 35.150468110875188 ] ] ] } },
{ "type": "Feature", "properties": { "학교코드(KEDI)": "216021172", "학교명_20251001": "용암초등학교", "행정구_20251001": "기장군" }, "geometry": { "type": "MultiPolygon", "coordinates": [ [ [ [ 129.229384197748544, 35.217154790681441 ], [ 129.229166457026651, 35.217876168062908 ], [ 129.229332084301859, 35.218173308915901 ], [ 129.229650461786292, 35.218145758360855 ], [ 129.229803783880016, 35.217893021784576 ], [ 129.229648263560279, 35.217262419478971 ], [ 129.229384197748544, 35.217154790681441 ] ] ], [ [ [ 129.239561309988886, 35.2327464767856 ], [ 129.240723932267315, 35.232795470973166 ], [ 129.241628022221562, 35.232567984389703 ], [ 129.241718919768573, 35.231056072397884 ], [ 129.24497159649934, 35.230615111362518 ], [ 129.244800235890096, 35.230356399615872 ], [ 129.243899336115277, 35.230331139420599 ], [ 129.243217700212341, 35.230080199416165 ], [ 129.242292776681637, 35.22940601001082 ], [ 129.240502398235151, 35.229445630007909 ], [ 129.240258418794497, 35.228634923495505 ], [ 129.240476779380856, 35.22813879090225 ], [ 129.240080509262469, 35.227893109008342 ], [ 129.239615575275252, 35.226734347390824 ], [ 129.239789575497127, 35.226084994612634 ], [ 129.240424230483995, 35.225227477270614 ], [ 129.240434288773798, 35.224957098155514 ], [ 129.240334311941268, 35.224515576092628 ], [ 129.239575186521478, 35.224102434809907 ], [ 129.239409511491147, 35.223805306449968 ], [ 129.239244963960232, 35.223886779672391 ], [ 129.23897035406975, 35.223896368854412 ], [ 129.239343418844072, 35.223760496966868 ], [ 129.239495362673409, 35.223120147484103 ], [ 129.23934045303875, 35.222777913379915 ], [ 129.23907607530802, 35.22253513186778 ], [ 129.238922719709933, 35.222661595799458 ], [ 129.236963087069711, 35.221142123947139 ], [ 129.236732286883523, 35.221097524690329 ], [ 129.236720078407387, 35.220664939408763 ], [ 129.236435057686919, 35.220782705162975 ], [ 129.235951257026471, 35.220684485057021 ], [ 129.235564325404908, 35.219738843330077 ], [ 129.23323612610173, 35.220100038302917 ], [ 129.231987025615155, 35.22100754161383 ], [ 129.231703767757637, 35.221729145631834 ], [ 129.231254215071516, 35.222117597041247 ], [ 129.2293189625548, 35.221346035343423 ], [ 129.22933060972116, 35.221571376559062 ], [ 129.230760551636962, 35.222235673469882 ], [ 129.230524921136748, 35.224435494696444 ], [ 129.229383681203103, 35.224780067485533 ], [ 129.228471972106036, 35.224808811360965 ], [ 129.227240327658649, 35.224369511824101 ], [ 129.227226887523983, 35.223450201935542 ], [ 129.227039852083948, 35.223324245473648 ], [ 129.227156330116173, 35.221746697748664 ], [ 129.227437974061786, 35.220349152229907 ], [ 129.227700688125651, 35.220042168281431 ], [ 129.227457362926202, 35.219375592029607 ], [ 129.228563879434716, 35.218327962115488 ], [ 129.228485750755169, 35.217967680270178 ], [ 129.227990724539296, 35.217671119338931 ], [ 129.227452857949174, 35.217753244455416 ], [ 129.226990995539438, 35.217627836975872 ], [ 129.226341182847563, 35.216890034244088 ], [ 129.225503758917114, 35.216455142623417 ], [ 129.22496530747506, 35.215901138418623 ], [ 129.225026857803158, 35.21526947189863 ], [ 129.224763723918272, 35.214486282270379 ], [ 129.224786949800944, 35.214909943120851 ], [ 129.224347961321115, 35.214955739497164 ], [ 129.223336238692809, 35.214597120499107 ], [ 129.223039437664426, 35.214408411991059 ], [ 129.223026892100933, 35.213885571504576 ], [ 129.223443609984542, 35.213677563643586 ], [ 129.223608798558729, 35.213821519508656 ], [ 129.223564483548728, 35.213668292319916 ], [ 129.222609272107007, 35.213733143696096 ], [ 129.222025310468098, 35.213067176804195 ], [ 129.222001254782469, 35.212310109396853 ], [ 129.22281207132778, 35.211605596930788 ], [ 129.222654753723276, 35.210352969847918 ], [ 129.222874739068118, 35.21037963419203 ], [ 129.222829373182094, 35.209911038250262 ], [ 129.223551611122332, 35.208954280121041 ], [ 129.224307994610996, 35.208457167673991 ], [ 129.225008510983798, 35.207509535916671 ], [ 129.226357707012994, 35.206948140735818 ], [ 129.227594661803323, 35.205593864316796 ], [ 129.227858239946102, 35.205584366396664 ], [ 129.228099381395168, 35.205331420996153 ], [ 129.228151620695883, 35.204430048552929 ], [ 129.228579758970568, 35.204366133780425 ], [ 129.228556888077179, 35.204068750128918 ], [ 129.22931356193979, 35.203697759228199 ], [ 129.230028273806596, 35.203821272640113 ], [ 129.229276010657173, 35.203276639062729 ], [ 129.22792746301613, 35.203030487231018 ], [ 129.227122534600255, 35.2034707653144 ], [ 129.226079195935966, 35.204632016433109 ], [ 129.224882480478641, 35.204760807024996 ], [ 129.224673202055271, 35.204924091657482 ], [ 129.223079065833161, 35.204814567925723 ], [ 129.221444322360384, 35.204321357944387 ], [ 129.221031437363592, 35.205146298503479 ], [ 129.219865954134207, 35.206050923790386 ], [ 129.218802107327974, 35.207439018576459 ], [ 129.219048055089104, 35.208120444830435 ], [ 129.218157023537998, 35.209340210965344 ], [ 129.217501814969182, 35.209462523243516 ], [ 129.216931941688244, 35.210044004620322 ], [ 129.217368028010497, 35.210574211587364 ], [ 129.217313522358182, 35.211807167541977 ], [ 129.217053682632468, 35.212516268269198 ], [ 129.216275590507792, 35.213362661943229 ], [ 129.216303316728755, 35.215382798163382 ], [ 129.217582620735101, 35.217285692356036 ], [ 129.216480615065706, 35.21814321003523 ], [ 129.216390254008161, 35.218738708994515 ], [ 129.216793657822109, 35.219229314308144 ], [ 129.217061117012832, 35.220022111711167 ], [ 129.216083739377325, 35.221088785788453 ], [ 129.216595470508167, 35.22254300733352 ], [ 129.217993828706284, 35.223899199866892 ], [ 129.218809584244298, 35.224418082781035 ], [ 129.219135184614004, 35.224879707363748 ], [ 129.219031989699971, 35.225765822194361 ], [ 129.219926890743608, 35.226296544160704 ], [ 129.22014935692107, 35.227208210755215 ], [ 129.219996921842579, 35.227506559353884 ], [ 129.220273906613841, 35.22810202735365 ], [ 129.219928969610208, 35.228916473225404 ], [ 129.219626989423347, 35.229160560193691 ], [ 129.219889780561942, 35.229541263744117 ], [ 129.220802648213777, 35.229995269408619 ], [ 129.220773092035898, 35.230450679724747 ], [ 129.221480773843496, 35.230896796328985 ], [ 129.221622474829303, 35.231422200648005 ], [ 129.223504194750745, 35.232007070062735 ], [ 129.225409417528084, 35.231860607963483 ], [ 129.226414942462725, 35.231436463822554 ], [ 129.226959380555684, 35.231638524011586 ], [ 129.227215027199918, 35.232200122973182 ], [ 129.227829375648042, 35.232375549010733 ], [ 129.228875708812069, 35.233390302112873 ], [ 129.230194809829044, 35.233727711126186 ], [ 129.23347442191843, 35.234107424427343 ], [ 129.237004191462177, 35.233758908730962 ], [ 129.237900818693305, 35.23352659728144 ], [ 129.23855960841297, 35.233106545896106 ], [ 129.239561309988886, 35.2327464767856 ] ] ] ] } },
{ "type": "Feature", "properties": { "학교코드(KEDI)": "216021178", "학교명_20251001": "대청초등학교", "행정구_20251001": "기장군" }, "geometry": { "type": "Polygon", "coordinates": [ [ [ 129.236119847153191, 35.24127095955879 ], [ 129.234828218318995, 35.23914566284332 ], [ 129.234152328579228, 35.23860201364036 ], [ 129.234213697348281, 35.237048614054075 ], [ 129.233638844151329, 35.235599640442871 ], [ 129.232856871860605, 35.234322314008821 ], [ 129.232895720140164, 35.234075453056832 ], [ 129.230194809829044, 35.233727711126186 ], [ 129.228875708812069, 35.233390302112873 ], [ 129.227829375648042, 35.232375549010733 ], [ 129.227215027199918, 35.232200122973182 ], [ 129.226959380555684, 35.231638524011586 ], [ 129.226414942462725, 35.231436463822554 ], [ 129.225409417528084, 35.231860607963483 ], [ 129.223504194750745, 35.232007070062735 ], [ 129.221622474829303, 35.231422200648005 ], [ 129.221480773843496, 35.230896796328985 ], [ 129.220773092035898, 35.230450679724747 ], [ 129.220802648213777, 35.229995269408619 ], [ 129.219889780561942, 35.229541263744117 ], [ 129.219626989423347, 35.229160560193691 ], [ 129.219928969610208, 35.228916473225404 ], [ 129.220273906613841, 35.22810202735365 ], [ 129.219996921842579, 35.227506559353884 ], [ 129.22014935692107, 35.227208210755215 ], [ 129.219926890743608, 35.226296544160704 ], [ 129.219031989699971, 35.225765822194361 ], [ 129.219135184614004, 35.224879707363748 ], [ 129.218809584244298, 35.224418082781035 ], [ 129.217993828706284, 35.223899199866892 ], [ 129.216595470508167, 35.22254300733352 ], [ 129.216083739377325, 35.221088785788453 ], [ 129.217061117012832, 35.220022111711167 ], [ 129.216793657822109, 35.219229314308144 ], [ 129.216390254008161, 35.218738708994515 ], [ 129.216480615065706, 35.21814321003523 ], [ 129.217582620735101, 35.217285692356036 ], [ 129.216303316728755, 35.215382798163382 ], [ 129.216275594248884, 35.213362961047849 ], [ 129.215139430857306, 35.214603482002822 ], [ 129.213270028871705, 35.215453941824762 ], [ 129.212788969411037, 35.216174595168297 ], [ 129.210908759825514, 35.217524470664827 ], [ 129.21027813369119, 35.217883754865071 ], [ 129.209117016501949, 35.217127451054054 ], [ 129.208241055394808, 35.217847681165701 ], [ 129.207975428944764, 35.21839335825431 ], [ 129.205250068131051, 35.220053565837219 ], [ 129.205381405863363, 35.220394052181774 ], [ 129.205230600279094, 35.221053820076136 ], [ 129.2053150036067, 35.222126727593036 ], [ 129.205432366104048, 35.222762157923718 ], [ 129.205887716782087, 35.223180965505712 ], [ 129.20587230900091, 35.223781647827046 ], [ 129.205183102840351, 35.224550392965618 ], [ 129.20433486896539, 35.224938222701283 ], [ 129.20371581709702, 35.226056925766486 ], [ 129.203421757089046, 35.22729595179154 ], [ 129.20218850971699, 35.22734279945599 ], [ 129.200402602780059, 35.226753475041448 ], [ 129.198091291060848, 35.227239290814182 ], [ 129.19705723523569, 35.227760950809191 ], [ 129.195323956376427, 35.227487476309868 ], [ 129.194831596363002, 35.22905146459226 ], [ 129.193554108815221, 35.229590067292904 ], [ 129.192299705539767, 35.229908513142838 ], [ 129.190864464686541, 35.22960593264505 ], [ 129.190508247662251, 35.228954819052532 ], [ 129.189682328171472, 35.228448288499457 ], [ 129.187513178193029, 35.229856837840927 ], [ 129.188514283029974, 35.230829916271844 ], [ 129.188530860276188, 35.232548212117713 ], [ 129.189404488181054, 35.235292258183335 ], [ 129.189101240686796, 35.235847863628941 ], [ 129.189013412889068, 35.23668480616027 ], [ 129.189858894041322, 35.236874758303657 ], [ 129.189887801327899, 35.238258903853165 ], [ 129.190131309996957, 35.23899401926672 ], [ 129.190891709732625, 35.239719402913501 ], [ 129.191677484793729, 35.240107549490482 ], [ 129.192251341544335, 35.240873509116575 ], [ 129.193569632438908, 35.24204478887917 ], [ 129.194577713857086, 35.242438510373219 ], [ 129.195161812922208, 35.24204044713732 ], [ 129.197006562015048, 35.242486797937289 ], [ 129.207197312823524, 35.243579247737401 ], [ 129.208535966202646, 35.243216254943732 ], [ 129.210483262253263, 35.242952995031729 ], [ 129.210403336320326, 35.241326748003168 ], [ 129.220404975693413, 35.241017163439096 ], [ 129.222793893280681, 35.240487151006668 ], [ 129.225445642995481, 35.239685802571678 ], [ 129.227205731449146, 35.240710112012792 ], [ 129.230435252715409, 35.240820798505226 ], [ 129.230348524652356, 35.242741852504871 ], [ 129.232387133945849, 35.245229126689104 ], [ 129.233138711495798, 35.245348498682723 ], [ 129.233815598050484, 35.244109308389916 ], [ 129.234506110930084, 35.243488581021559 ], [ 129.235218907721361, 35.242328893119137 ], [ 129.236119847153191, 35.24127095955879 ] ] ] } },
{ "type": "Feature", "properties": { "학교코드(KEDI)": "216021184", "학교명_20251001": "동백초등학교", "행정구_20251001": "해운대구" }, "geometry": { "type": "Polygon", "coordinates": [ [ [ 129.190752524035418, 35.165280125595558 ], [ 129.191949227121455, 35.165039341267473 ], [ 129.194034704492537, 35.165393747132654 ], [ 129.195914461890595, 35.164279309515166 ], [ 129.195812674768149, 35.163691164638131 ], [ 129.195471096104853, 35.163204972964579 ], [ 129.19436084150766, 35.162404486552397 ], [ 129.193973377973947, 35.161026159974028 ], [ 129.193522535438063, 35.160684288729421 ], [ 129.192895877624863, 35.160560224917397 ], [ 129.191537036971312, 35.159242352106851 ], [ 129.192294134066486, 35.160099222737749 ], [ 129.19187901334621, 35.160396025342443 ], [ 129.191658906490488, 35.160330747915268 ], [ 129.191808605855925, 35.160029032606623 ], [ 129.191622457765249, 35.160319928919471 ], [ 129.190127775226557, 35.159968293937759 ], [ 129.190692523557175, 35.159086027604701 ], [ 129.191206837272404, 35.158618285597527 ], [ 129.190651677968845, 35.158932041445496 ], [ 129.189896169763813, 35.159925717176719 ], [ 129.187835022781371, 35.159836976697456 ], [ 129.186868322843736, 35.159450741576755 ], [ 129.184536214353329, 35.15710184479736 ], [ 129.184304587763563, 35.156633491562935 ], [ 129.183271261741112, 35.155868822045157 ], [ 129.180931401057194, 35.15485381636676 ], [ 129.178264977331594, 35.155092134057263 ], [ 129.176893729557179, 35.155373458683478 ], [ 129.178093976366966, 35.156270761865358 ], [ 129.177758672547895, 35.156315512227856 ], [ 129.176656169721497, 35.156958446039106 ], [ 129.175703328272618, 35.157606153543107 ], [ 129.175113643962675, 35.158261881239135 ], [ 129.174461500444579, 35.158542357829454 ], [ 129.171925449033949, 35.161127583870417 ], [ 129.171553283913994, 35.161245273389639 ], [ 129.171753235579644, 35.161416591533936 ], [ 129.17527303842391, 35.161959318755699 ], [ 129.17643831504617, 35.162469592681113 ], [ 129.178349421316199, 35.162834612900618 ], [ 129.179676790677149, 35.163787427173418 ], [ 129.180422345975956, 35.164567908485502 ], [ 129.182982252014426, 35.164795098675228 ], [ 129.185285826787407, 35.164624360904234 ], [ 129.185799506995437, 35.16444282637314 ], [ 129.185972364560655, 35.164217992162754 ], [ 129.186401179691728, 35.1646234103371 ], [ 129.187532534610739, 35.165004815183721 ], [ 129.187064580519063, 35.165186605320983 ], [ 129.186762654031526, 35.166808215090697 ], [ 129.186545413548288, 35.167189124810285 ], [ 129.186011304476608, 35.167501252902866 ], [ 129.187813596584192, 35.16756225377582 ], [ 129.188161085070362, 35.166539313478381 ], [ 129.188678904989615, 35.16622971077215 ], [ 129.190311430017118, 35.165751353679653 ], [ 129.190845725186136, 35.165363856138626 ], [ 129.190752524035418, 35.165280125595558 ] ] ] } },
{ "type": "Feature", "properties": { "학교코드(KEDI)": "216021185", "학교명_20251001": "해원초등학교", "행정구_20251001": "해운대구" }, "geometry": { "type": "Polygon", "coordinates": [ [ [ 129.144876699343968, 35.159544271099094 ], [ 129.150817891604817, 35.157822588870658 ], [ 129.152193310350583, 35.158007110042767 ], [ 129.152517631635135, 35.15762070795423 ], [ 129.151237764066281, 35.157336906305346 ], [ 129.150479932766672, 35.157049309893061 ], [ 129.150501522134363, 35.15690517414442 ], [ 129.150436124994854, 35.157130484314528 ], [ 129.149063715656411, 35.156798745061479 ], [ 129.148085943617531, 35.156322142527699 ], [ 129.147613130831644, 35.155854044104963 ], [ 129.147580637736468, 35.155505686976412 ], [ 129.147249547928965, 35.155079308170357 ], [ 129.147203609746612, 35.153826407644644 ], [ 129.146588398260974, 35.153457707879966 ], [ 129.142233626588052, 35.154706653079238 ], [ 129.141532285652289, 35.15532943784283 ], [ 129.141046142827605, 35.156468583063557 ], [ 129.143165945209688, 35.158135653487527 ], [ 129.143710350991199, 35.159238086341219 ], [ 129.144628849850619, 35.158974453605701 ], [ 129.144876699343968, 35.159544271099094 ] ] ] } },
{ "type": "Feature", "properties": { "학교코드(KEDI)": "216021196", "학교명_20251001": "망미초등학교", "행정구_20251001": "수영구" }, "geometry": { "type": "Polygon", "coordinates": [ [ [ 129.115456666923535, 35.186500377356843 ], [ 129.117830332819409, 35.181340562937066 ], [ 129.117950403624803, 35.180970821186946 ], [ 129.117773718604838, 35.179924503542878 ], [ 129.118769897386215, 35.177536232931331 ], [ 129.121150606784965, 35.173351292311288 ], [ 129.12263082622357, 35.17225469769231 ], [ 129.123128682131977, 35.171154608304597 ], [ 129.124029955710284, 35.170018170718976 ], [ 129.121069086582537, 35.168858356612638 ], [ 129.120504739541445, 35.17165212650189 ], [ 129.120092322247672, 35.171204196320176 ], [ 129.119062895967801, 35.171919970899154 ], [ 129.117945589769988, 35.170862225037595 ], [ 129.116817249726125, 35.171346241177098 ], [ 129.116421819699752, 35.171200653931066 ], [ 129.114989386125188, 35.171322962385027 ], [ 129.114373228757103, 35.17154777359822 ], [ 129.114282940923346, 35.171845599589581 ], [ 129.113796960536746, 35.172225438580703 ], [ 129.112804121723428, 35.171296221734202 ], [ 129.111799137220288, 35.171100087523861 ], [ 129.110983940794682, 35.17300410868237 ], [ 129.110265212829688, 35.17259992373743 ], [ 129.110050185570259, 35.172674931454033 ], [ 129.109506575341328, 35.171666376459704 ], [ 129.109269173276033, 35.171608560870268 ], [ 129.107544478249991, 35.175022646288014 ], [ 129.10719878761924, 35.178007162138407 ], [ 129.107922334861684, 35.177230508760772 ], [ 129.108547940384682, 35.177283975337929 ], [ 129.108986782739777, 35.177157353060416 ], [ 129.109556604722883, 35.176219538775712 ], [ 129.110877790913548, 35.175969955520451 ], [ 129.111384757233253, 35.176796618588014 ], [ 129.112105530283031, 35.176552413746272 ], [ 129.114671483748424, 35.181640270208341 ], [ 129.114449364404322, 35.181803434962859 ], [ 129.115176989635728, 35.183542758600026 ], [ 129.115373744617102, 35.183325862272518 ], [ 129.115605948750357, 35.184371218537962 ], [ 129.115456666923535, 35.186500377356843 ] ] ] } },
{ "type": "Feature", "properties": { "학교코드(KEDI)": "216021200", "학교명_20251001": "무정초등학교", "행정구_20251001": "해운대구" }, "geometry": { "type": "Polygon", "coordinates": [ [ [ 129.123092562065324, 35.199733484593423 ], [ 129.122995393073438, 35.198675116773522 ], [ 129.124453016149801, 35.198262427520362 ], [ 129.1247235437406, 35.197859232687328 ], [ 129.127729981460561, 35.196690490890965 ], [ 129.127294223295593, 35.196252209827811 ], [ 129.12684649242064, 35.195417457367668 ], [ 129.126349791892466, 35.195750811930715 ], [ 129.126105401768143, 35.19575647543067 ], [ 129.124593482624704, 35.195085711953844 ], [ 129.123348405766535, 35.194151840677385 ], [ 129.122859800892627, 35.194186693328021 ], [ 129.12105966493823, 35.19335696894052 ], [ 129.119662005581176, 35.192146971222655 ], [ 129.119033265076382, 35.192805299498957 ], [ 129.11771921552031, 35.193479216858513 ], [ 129.118348517425687, 35.193943232315753 ], [ 129.11823101201847, 35.194166788525841 ], [ 129.118675323961099, 35.197504276753044 ], [ 129.120781200404366, 35.196080631099576 ], [ 129.121472039466795, 35.196134321405488 ], [ 129.122508077319821, 35.197009851491217 ], [ 129.122810268621663, 35.19904254139098 ], [ 129.120557990697733, 35.199340799204499 ], [ 129.120712075517531, 35.200200753018208 ], [ 129.123092562065324, 35.199733484593423 ] ] ] } },
{ "type": "Feature", "properties": { "학교코드(KEDI)": "216021208", "학교명_20251001": "민락초등학교", "행정구_20251001": "수영구" }, "geometry": { "type": "Polygon", "coordinates": [ [ [ 129.134069689981771, 35.154924051065528 ], [ 129.124462641468767, 35.152891786648972 ], [ 129.123507781189232, 35.155666158726405 ], [ 129.121979535633074, 35.155098310206114 ], [ 129.120664906168884, 35.157397121098128 ], [ 129.120182985984684, 35.157665373478785 ], [ 129.120948236603851, 35.158658685374824 ], [ 129.120108673709638, 35.161075364393717 ], [ 129.121774293375125, 35.161437630771651 ], [ 129.121825379315595, 35.16130857957355 ], [ 129.12208795665947, 35.161357625712263 ], [ 129.122574736209231, 35.160360802840181 ], [ 129.123516140585281, 35.160444439624925 ], [ 129.123918710435873, 35.160834165630675 ], [ 129.122012755603322, 35.162513929717804 ], [ 129.128225078894332, 35.164428850882828 ], [ 129.130063645038916, 35.16243430859064 ], [ 129.130921251840647, 35.161144106895961 ], [ 129.134801554951139, 35.15680735818254 ], [ 129.135034706691812, 35.156097546623727 ], [ 129.13476466800617, 35.155407720361382 ], [ 129.134069689981771, 35.154924051065528 ] ] ] } },
{ "type": "Feature", "properties": { "학교코드(KEDI)": "216021216", "학교명_20251001": "교리초등학교", "행정구_20251001": "기장군" }, "geometry": { "type": "Polygon", "coordinates": [ [ [ 129.208218891530805, 35.264606496741798 ], [ 129.20866826912021, 35.262276492322904 ], [ 129.209024685769236, 35.261426641511271 ], [ 129.209499445860132, 35.261006251290958 ], [ 129.211955585575055, 35.259703896361451 ], [ 129.21318203680724, 35.259605495402603 ], [ 129.213527586860351, 35.259877995808843 ], [ 129.215015257804282, 35.259823102269891 ], [ 129.215836354173405, 35.258777447417273 ], [ 129.217134371693817, 35.258322040405432 ], [ 129.218968500668524, 35.257946260678388 ], [ 129.220173997934438, 35.257292860074578 ], [ 129.220087607169404, 35.25665652306062 ], [ 129.219689852946743, 35.256257696810174 ], [ 129.219633766405678, 35.255197319165916 ], [ 129.219930504218496, 35.254688557424927 ], [ 129.220543705191631, 35.254486076905714 ], [ 129.220805171900309, 35.254587240653606 ], [ 129.219717153460408, 35.251328081476494 ], [ 129.216678023154515, 35.250907209618894 ], [ 129.215705533357692, 35.250636739659797 ], [ 129.215124576970737, 35.250245396165077 ], [ 129.213888402202713, 35.248916645511244 ], [ 129.211725439224182, 35.248016730797573 ], [ 129.210989143440003, 35.247917300665875 ], [ 129.21031123867229, 35.248128105660022 ], [ 129.209727540036454, 35.248601252248037 ], [ 129.208694411385778, 35.250510341044254 ], [ 129.208007412617718, 35.251222005602017 ], [ 129.205178223955073, 35.252885869397744 ], [ 129.199880845120646, 35.254026852684099 ], [ 129.195710519136298, 35.253904176833665 ], [ 129.1921797457982, 35.252941052375547 ], [ 129.190937583894907, 35.252305638849492 ], [ 129.189115438266498, 35.250166274524659 ], [ 129.187759282079156, 35.250195231202362 ], [ 129.186246988760359, 35.251193348969942 ], [ 129.186402435770646, 35.251663159623874 ], [ 129.187072560946348, 35.252226733945591 ], [ 129.187327913141104, 35.253040972336578 ], [ 129.186839276868341, 35.254830430219819 ], [ 129.187001745481012, 35.255434529868239 ], [ 129.186740701835163, 35.256661471866678 ], [ 129.187138101119018, 35.259139453654242 ], [ 129.187388846357095, 35.25999525095385 ], [ 129.189634348457844, 35.263316906029885 ], [ 129.190029823542801, 35.265055241884724 ], [ 129.191649859201249, 35.265396115159511 ], [ 129.19259938391744, 35.26492953063844 ], [ 129.193231296366719, 35.264835691927694 ], [ 129.194762338514636, 35.265322412166661 ], [ 129.195684111522041, 35.267417537798785 ], [ 129.197780800824603, 35.268417611905662 ], [ 129.202816310470098, 35.269126080268357 ], [ 129.203908219434965, 35.269397362738786 ], [ 129.206981526691777, 35.268988111835462 ], [ 129.208218891530805, 35.264606496741798 ] ] ] } },
{ "type": "Feature", "properties": { "학교코드(KEDI)": "216021220", "학교명_20251001": "민안초등학교", "행정구_20251001": "수영구" }, "geometry": { "type": "Polygon", "coordinates": [ [ [ 129.12378452803182, 35.169364762824834 ], [ 129.124961669766975, 35.167497771496947 ], [ 129.126654805787211, 35.165720266645586 ], [ 129.126017752407563, 35.165342409569156 ], [ 129.126793933410113, 35.165083650941789 ], [ 129.128062961074789, 35.1643531271502 ], [ 129.122012755603322, 35.162513929717804 ], [ 129.123918710435873, 35.160834165630675 ], [ 129.123516140585281, 35.160444439624925 ], [ 129.122574736209231, 35.160360802840181 ], [ 129.12208795665947, 35.161357625712263 ], [ 129.121825379315595, 35.16130857957355 ], [ 129.121774293375125, 35.161437630771651 ], [ 129.120020109298537, 35.161074568308507 ], [ 129.116160994773423, 35.161626486416452 ], [ 129.117218366343735, 35.166628334418682 ], [ 129.116498859978208, 35.166986636200861 ], [ 129.116144596193493, 35.166649488772045 ], [ 129.115503173355648, 35.167115711590093 ], [ 129.115873720212875, 35.167437107218255 ], [ 129.115842453883573, 35.167607187811278 ], [ 129.118809647504747, 35.16851276230625 ], [ 129.120277718766289, 35.168288899163471 ], [ 129.121069086582537, 35.168858356612638 ], [ 129.124029955710284, 35.170018170718976 ], [ 129.124191176410136, 35.16978342574005 ], [ 129.12378452803182, 35.169364762824834 ] ] ] } },
{ "type": "Feature", "properties": { "학교코드(KEDI)": "216021232", "학교명_20251001": "반산초등학교", "행정구_20251001": "해운대구" }, "geometry": { "type": "Polygon", "coordinates": [ [ [ 129.133726597252831, 35.196087146544187 ], [ 129.134346514046996, 35.195782114017753 ], [ 129.134408394634221, 35.195230257046312 ], [ 129.134251317861185, 35.194345329782713 ], [ 129.135482345152781, 35.194211577611867 ], [ 129.134959878623306, 35.192920520241607 ], [ 129.135182463779017, 35.190919133180628 ], [ 129.134868636225207, 35.190638403873848 ], [ 129.13499923309567, 35.190197499750013 ], [ 129.133870799206477, 35.189828915407901 ], [ 129.133746677882385, 35.190475392107814 ], [ 129.133075272482841, 35.1907578653285 ], [ 129.13278790729359, 35.190458933270115 ], [ 129.132259841261572, 35.19067388057536 ], [ 129.131515977491091, 35.19054988455153 ], [ 129.131306712885731, 35.190362213916821 ], [ 129.13043566180869, 35.191092448864033 ], [ 129.130304812517522, 35.191795306476195 ], [ 129.127448195194688, 35.191462647561984 ], [ 129.126160064882498, 35.192535470770864 ], [ 129.125624007948034, 35.192455711380951 ], [ 129.127210820386523, 35.194384578148082 ], [ 129.127996324092294, 35.194117548283764 ], [ 129.128200626048624, 35.194990179466856 ], [ 129.126781883430652, 35.195158891801093 ], [ 129.126846557626891, 35.195417600405051 ], [ 129.128269997599091, 35.195699305441785 ], [ 129.129005107859854, 35.196284959282991 ], [ 129.132673468808918, 35.19586376909735 ], [ 129.132740385132877, 35.196229902283171 ], [ 129.133726597252831, 35.196087146544187 ] ] ] } },
{ "type": "Feature", "properties": { "학교코드(KEDI)": "216021238", "학교명_20251001": "반석초등학교", "행정구_20251001": "해운대구" }, "geometry": { "type": "Polygon", "coordinates": [ [ [ 129.129656750102413, 35.206928445688455 ], [ 129.12998526457622, 35.206159695408424 ], [ 129.129392198758723, 35.206253581566564 ], [ 129.129070309861959, 35.206163872958335 ], [ 129.12843669701428, 35.205817376451378 ], [ 129.127986847449563, 35.205276902593234 ], [ 129.126738396509666, 35.205525352574107 ], [ 129.126537221341209, 35.205385830989741 ], [ 129.126347521135955, 35.204349617813477 ], [ 129.123551133844643, 35.205307379229126 ], [ 129.123826801550251, 35.205729086762709 ], [ 129.123279510234852, 35.206283179224585 ], [ 129.123448269739896, 35.206414389733162 ], [ 129.123336599392616, 35.206484255500825 ], [ 129.122720166521418, 35.20637013137808 ], [ 129.122539745516121, 35.206004500759349 ], [ 129.122172943991615, 35.205957911419276 ], [ 129.121850900478023, 35.20559673454801 ], [ 129.121406664078847, 35.205814764181156 ], [ 129.120480667457855, 35.20447420700247 ], [ 129.119306718350657, 35.204930513689099 ], [ 129.120321113409489, 35.206639094211283 ], [ 129.121340144307055, 35.209968121087762 ], [ 129.120437249378881, 35.212404202625635 ], [ 129.119203250101492, 35.215053099402546 ], [ 129.119169830596178, 35.21581575619291 ], [ 129.118631197235516, 35.217379169910991 ], [ 129.120224292920028, 35.218099890867826 ], [ 129.129523285378838, 35.223058024495394 ], [ 129.131160675098585, 35.223672950928666 ], [ 129.134240295535676, 35.224105062831754 ], [ 129.13515389107144, 35.2227108379806 ], [ 129.135519882561624, 35.22115460483424 ], [ 129.134636499802411, 35.217379202439602 ], [ 129.133727233330916, 35.215940832347975 ], [ 129.132879059618887, 35.21406028750242 ], [ 129.132615881752514, 35.212884710528478 ], [ 129.132653785657254, 35.209891779373869 ], [ 129.132422600633817, 35.209383233401766 ], [ 129.13168264374417, 35.208859807748823 ], [ 129.13120309578602, 35.208296026558699 ], [ 129.130258145825337, 35.208264978104047 ], [ 129.129831817134544, 35.208069817299837 ], [ 129.129615173420177, 35.207561010421166 ], [ 129.129656750102413, 35.206928445688455 ] ] ] } },
{ "type": "Feature", "properties": { "학교코드(KEDI)": "216021241", "학교명_20251001": "내리초등학교", "행정구_20251001": "기장군" }, "geometry": { "type": "Polygon", "coordinates": [ [ [ 129.192299705539767, 35.229908513142838 ], [ 129.193554108815221, 35.229590067292904 ], [ 129.194831596363002, 35.22905146459226 ], [ 129.195323956376427, 35.227487476309868 ], [ 129.19705723523569, 35.227760950809191 ], [ 129.198091291060848, 35.227239290814182 ], [ 129.200402602780059, 35.226753475041448 ], [ 129.20218850971699, 35.22734279945599 ], [ 129.203421757089046, 35.22729595179154 ], [ 129.20371581709702, 35.226056925766486 ], [ 129.20433486896539, 35.224938222701283 ], [ 129.205183102840351, 35.224550392965618 ], [ 129.20587230900091, 35.223781647827046 ], [ 129.205887716782087, 35.223180965505712 ], [ 129.205432366104048, 35.222762157923718 ], [ 129.2053150036067, 35.222126727593036 ], [ 129.205230600279094, 35.221053820076136 ], [ 129.205381405863363, 35.220394052181774 ], [ 129.205250068131051, 35.220053565837219 ], [ 129.207975428944764, 35.21839335825431 ], [ 129.208241055394808, 35.217847681165701 ], [ 129.209117016501949, 35.217127451054054 ], [ 129.21027813369119, 35.217883754865071 ], [ 129.212788969411037, 35.216174595168297 ], [ 129.213270028871705, 35.215453941824762 ], [ 129.215139430857306, 35.214603482002822 ], [ 129.217053682632468, 35.212516268269198 ], [ 129.217313522358182, 35.211807167541977 ], [ 129.217368028010497, 35.210574211587364 ], [ 129.216931941688244, 35.210044004620322 ], [ 129.217501814969182, 35.209462523243516 ], [ 129.218157023537998, 35.209340210965344 ], [ 129.219048055089104, 35.208120444830435 ], [ 129.218802107327974, 35.207439018576459 ], [ 129.217609988920657, 35.206851402229063 ], [ 129.21652881484593, 35.205309771957751 ], [ 129.216564449065686, 35.2026651588614 ], [ 129.217088277101283, 35.201922778239258 ], [ 129.217175324502819, 35.201121326829075 ], [ 129.217490885667473, 35.200318835565476 ], [ 129.217240924356048, 35.199725655170248 ], [ 129.216404810950991, 35.19896748610693 ], [ 129.214744862118209, 35.19797136834439 ], [ 129.213861480561377, 35.1982323275125 ], [ 129.2136474901599, 35.198115167846289 ], [ 129.21308037459076, 35.198427033832353 ], [ 129.212567477733558, 35.198391875294867 ], [ 129.211897746802777, 35.198557356453065 ], [ 129.211436350529311, 35.198820901850098 ], [ 129.21116951594351, 35.19950422442728 ], [ 129.209827984851614, 35.199208284471595 ], [ 129.209272023217153, 35.199252233260083 ], [ 129.209081277173084, 35.19872582676463 ], [ 129.208826219208277, 35.198634556662135 ], [ 129.208733419230754, 35.198366733773277 ], [ 129.208521713161588, 35.198405670582446 ], [ 129.208285221381942, 35.198196200261449 ], [ 129.207374002067183, 35.197060486611676 ], [ 129.205918503585195, 35.197413136349461 ], [ 129.205882398596458, 35.197322526298976 ], [ 129.204069693624149, 35.198100143866625 ], [ 129.203171238293947, 35.198114100652603 ], [ 129.202329856756506, 35.19831046948886 ], [ 129.199341938002107, 35.200086471511092 ], [ 129.198950837169832, 35.199640898989443 ], [ 129.194841491233205, 35.198529897287209 ], [ 129.194258061942492, 35.197908968802395 ], [ 129.194153735866081, 35.195687329351372 ], [ 129.193849970339812, 35.194889985516241 ], [ 129.193167227923709, 35.193980796501158 ], [ 129.190835886365988, 35.19244756648115 ], [ 129.190437378656128, 35.191172925448804 ], [ 129.189782295485941, 35.190371637490649 ], [ 129.188160265938023, 35.189252012274196 ], [ 129.186633994900347, 35.189272393725595 ], [ 129.184790157484116, 35.189500527434262 ], [ 129.183177221136305, 35.190039305359669 ], [ 129.183294620969576, 35.19101701934995 ], [ 129.185445720936855, 35.195434885878001 ], [ 129.184870906951744, 35.196093788215613 ], [ 129.184263898190835, 35.197203399047126 ], [ 129.183375401822985, 35.197628298587503 ], [ 129.17915413710594, 35.197954527081841 ], [ 129.176035544438037, 35.200509958894486 ], [ 129.174564888390108, 35.200913159746612 ], [ 129.172145990221537, 35.202155901799685 ], [ 129.171047058321335, 35.201729270852731 ], [ 129.16966177438448, 35.200906469729219 ], [ 129.164878451691379, 35.203139419115246 ], [ 129.16431632766799, 35.204879777319768 ], [ 129.163128720307242, 35.205754251169658 ], [ 129.160060977442754, 35.206320820602961 ], [ 129.159708606504267, 35.210014559761312 ], [ 129.16038225829405, 35.211897454908019 ], [ 129.161943194668567, 35.212715673429315 ], [ 129.164897027215318, 35.215127212731474 ], [ 129.164860562820252, 35.216118833218012 ], [ 129.165363664212578, 35.21774961433205 ], [ 129.165434558564044, 35.218909103170731 ], [ 129.166349159971702, 35.219274009732452 ], [ 129.168345939293488, 35.219412604197302 ], [ 129.169210454349042, 35.219249077088016 ], [ 129.169798404923398, 35.219513977927733 ], [ 129.170416553690984, 35.219348890492022 ], [ 129.17303906865348, 35.219430289427301 ], [ 129.175018656779685, 35.219740506117574 ], [ 129.175617903013432, 35.220141734430193 ], [ 129.175799252706781, 35.220658125508301 ], [ 129.176377665502486, 35.220968344314798 ], [ 129.17663044587124, 35.223031514554229 ], [ 129.177045006444445, 35.224417815444838 ], [ 129.177366266180314, 35.225065684226273 ], [ 129.177864178796682, 35.225516173546666 ], [ 129.178414272362204, 35.226373268107871 ], [ 129.178983882343346, 35.226651850704002 ], [ 129.179686005972655, 35.226294068036125 ], [ 129.181364589074974, 35.226108702647643 ], [ 129.182042443201226, 35.226404594328585 ], [ 129.182667967039009, 35.228113239350414 ], [ 129.183111922201959, 35.228435075388603 ], [ 129.183941904056979, 35.228467626097377 ], [ 129.184871201527187, 35.228312000919026 ], [ 129.185577945434659, 35.228448564401724 ], [ 129.186121521671396, 35.229050013667724 ], [ 129.187513178193029, 35.229856837840927 ], [ 129.189682328171472, 35.228448288499457 ], [ 129.190508247662251, 35.228954819052532 ], [ 129.190864464686541, 35.22960593264505 ], [ 129.192299705539767, 35.229908513142838 ] ] ] } },
{ "type": "Feature", "properties": { "학교코드(KEDI)": "216021242", "학교명_20251001": "신정초등학교", "행정구_20251001": "기장군" }, "geometry": { "type": "Polygon", "coordinates": [ [ [ 129.177973117762463, 35.334102794075143 ], [ 129.179719393422914, 35.333247407220426 ], [ 129.176495411125813, 35.329147785216165 ], [ 129.174401660356921, 35.327870940716878 ], [ 129.170242642594786, 35.326024614516818 ], [ 129.170867683619576, 35.324983550938541 ], [ 129.167785016041705, 35.323579572300311 ], [ 129.164918347005852, 35.321845788613338 ], [ 129.164136960156185, 35.321744702882327 ], [ 129.163416040403035, 35.321373084626458 ], [ 129.161239476020143, 35.321067630025517 ], [ 129.160554879598294, 35.321091237146625 ], [ 129.157141024830878, 35.321622652317515 ], [ 129.153160909297554, 35.320507583090141 ], [ 129.152343965026887, 35.322485674464936 ], [ 129.152269176713645, 35.323371233164224 ], [ 129.152469456010067, 35.324251798315196 ], [ 129.164727891212777, 35.3276364524298 ], [ 129.164777367762269, 35.327906816719512 ], [ 129.164037719149718, 35.329137535456837 ], [ 129.16751020866144, 35.330479008430579 ], [ 129.1680742676796, 35.329372364354377 ], [ 129.171532670283256, 35.330848620607576 ], [ 129.177973117762463, 35.334102794075143 ] ] ] } },
{ "type": "Feature", "properties": { "학교코드(KEDI)": "216021244", "학교명_20251001": "반송초등학교", "행정구_20251001": "해운대구" }, "geometry": { "type": "Polygon", "coordinates": [ [ [ 129.150746123660696, 35.225856730184766 ], [ 129.153119279247647, 35.224294056756499 ], [ 129.152991647564193, 35.222964615414227 ], [ 129.153095157103365, 35.221750347967969 ], [ 129.153220543611781, 35.221097851926011 ], [ 129.153553638096298, 35.22051987971917 ], [ 129.15354712496719, 35.219742901189463 ], [ 129.153231102237328, 35.219553537171151 ], [ 129.153964648741578, 35.218324098324047 ], [ 129.154092614932097, 35.217282880980513 ], [ 129.154283431604057, 35.217157212611376 ], [ 129.155253838514653, 35.217086996929673 ], [ 129.156187332260885, 35.217700407296824 ], [ 129.157297687589505, 35.217642953860754 ], [ 129.158463051401128, 35.215924295368509 ], [ 129.152973785439912, 35.21327414924879 ], [ 129.152017242761588, 35.214520605624749 ], [ 129.151376735776296, 35.216020654080197 ], [ 129.150400513140795, 35.216866510676049 ], [ 129.150505099179753, 35.217774378511855 ], [ 129.150329244808148, 35.219152859713304 ], [ 129.149223517164529, 35.220009428777779 ], [ 129.148324280627236, 35.220999352665395 ], [ 129.147163137946052, 35.221241281059946 ], [ 129.146262887217659, 35.221687777456424 ], [ 129.144653504415714, 35.220148545772297 ], [ 129.142288346928012, 35.220953075879287 ], [ 129.142669441755174, 35.221611849318819 ], [ 129.142672882064858, 35.223598416594172 ], [ 129.14318618818703, 35.225361686479211 ], [ 129.146194867110438, 35.224864202656839 ], [ 129.146347599412508, 35.225691205110472 ], [ 129.148408128762384, 35.225325542827584 ], [ 129.148427246061516, 35.225445688894524 ], [ 129.1499119367422, 35.225387130448304 ], [ 129.149942939435448, 35.225794367872041 ], [ 129.150344539828438, 35.22555535482249 ], [ 129.150746123660696, 35.225856730184766 ] ] ] } },
{ "type": "Feature", "properties": { "학교코드(KEDI)": "216021256", "학교명_20251001": "반여초등학교", "행정구_20251001": "해운대구" }, "geometry": { "type": "MultiPolygon", "coordinates": [ [ [ [ 129.136618211989827, 35.202275238307635 ], [ 129.13606749766339, 35.201617712095135 ], [ 129.137052328259273, 35.201195393330671 ], [ 129.138032701788575, 35.201682712395474 ], [ 129.141304858349883, 35.200389747477324 ], [ 129.14335693917414, 35.199789944841093 ], [ 129.145766628744553, 35.198717104339408 ], [ 129.147679888376217, 35.197441132129576 ], [ 129.148004442320513, 35.196926191163868 ], [ 129.147964096784392, 35.196685967552668 ], [ 129.147066484827121, 35.196284203586131 ], [ 129.146791082530882, 35.195067940580095 ], [ 129.145912070677582, 35.194300976628554 ], [ 129.144685312988827, 35.193520821981444 ], [ 129.144161279516993, 35.192925605666993 ], [ 129.144096296977295, 35.192469054480306 ], [ 129.136067463380215, 35.193933313326944 ], [ 129.135482345152781, 35.194211577611867 ], [ 129.134251317861185, 35.194345329782713 ], [ 129.134346514046996, 35.195782114017753 ], [ 129.133726597252831, 35.196087146544187 ], [ 129.132740385132877, 35.196229902283171 ], [ 129.132673468808918, 35.19586376909735 ], [ 129.129005107859854, 35.196284959282991 ], [ 129.128549415708363, 35.195899130341097 ], [ 129.12887303661185, 35.197710184389891 ], [ 129.128708970866512, 35.198240591178731 ], [ 129.129121998284148, 35.198206504166876 ], [ 129.12942060467671, 35.200059253714635 ], [ 129.130520603700319, 35.200964274442185 ], [ 129.131725961297803, 35.201388895337146 ], [ 129.131733621592076, 35.202426853099027 ], [ 129.132479501855329, 35.202490595775842 ], [ 129.133976433816315, 35.202325488834532 ], [ 129.135162099141439, 35.202913261795892 ], [ 129.136618211989827, 35.202275238307635 ] ] ], [ [ [ 129.130701157479223, 35.203121647819088 ], [ 129.130104577616379, 35.202524158516539 ], [ 129.13008336794374, 35.202268221565561 ], [ 129.12883600729225, 35.201777547599654 ], [ 129.12797475893214, 35.202168216067712 ], [ 129.128038262960814, 35.203210222241324 ], [ 129.128538499202705, 35.203177582618565 ], [ 129.128603880045404, 35.203456585501513 ], [ 129.130701157479223, 35.203121647819088 ] ] ] ] } },
{ "type": "Feature", "properties": { "학교코드(KEDI)": "216021262", "학교명_20251001": "부흥초등학교", "행정구_20251001": "해운대구" }, "geometry": { "type": "Polygon", "coordinates": [ [ [ 129.183517303225756, 35.173400326956951 ], [ 129.182662616750122, 35.172566144899506 ], [ 129.180535265511793, 35.171566098440941 ], [ 129.179183097567744, 35.173509494233201 ], [ 129.177042659905283, 35.171293100814133 ], [ 129.176008673647601, 35.172781591679637 ], [ 129.17821079222017, 35.173855577334827 ], [ 129.17540842622617, 35.174786554268486 ], [ 129.176474880157542, 35.177547494058871 ], [ 129.178144465193697, 35.177065683595096 ], [ 129.178915069843669, 35.177850411427507 ], [ 129.178740252839361, 35.177983364393469 ], [ 129.180156138115024, 35.179547796596346 ], [ 129.181099685673672, 35.178834800558953 ], [ 129.183095522358968, 35.17606632616679 ], [ 129.183414761761924, 35.176157479289337 ], [ 129.183279714796925, 35.175907385882091 ], [ 129.183805874546209, 35.174640394467723 ], [ 129.183517303225756, 35.173400326956951 ] ] ] } },
{ "type": "Feature", "properties": { "학교코드(KEDI)": "216021268", "학교명_20251001": "배산초등학교", "행정구_20251001": "수영구" }, "geometry": { "type": "Polygon", "coordinates": [ [ [ 129.106299035332597, 35.172044144417505 ], [ 129.107619641956916, 35.172214127778169 ], [ 129.107840558115612, 35.172672836636217 ], [ 129.107630591693692, 35.173987856346187 ], [ 129.106623094722238, 35.174105530203732 ], [ 129.106262172752139, 35.174297785236398 ], [ 129.105203312002828, 35.174225596894601 ], [ 129.105142939064876, 35.172326540085422 ], [ 129.102115696714577, 35.173082177316694 ], [ 129.098313560612041, 35.173169573492586 ], [ 129.09647883273567, 35.17348131655222 ], [ 129.09677690097422, 35.175112592929885 ], [ 129.096647650799923, 35.177185779116236 ], [ 129.096791266357997, 35.1779968542671 ], [ 129.097451602680991, 35.179429518263788 ], [ 129.099340441920219, 35.179815562369313 ], [ 129.100120512508312, 35.180166446583293 ], [ 129.101678680410544, 35.179750528786506 ], [ 129.103579492833518, 35.180866643150942 ], [ 129.103919275012174, 35.180568856216411 ], [ 129.104347720605773, 35.18067672661725 ], [ 129.105313202071869, 35.180315408071408 ], [ 129.105993901919248, 35.180269646327574 ], [ 129.106246754684207, 35.180431679334291 ], [ 129.106246018015923, 35.180044197538777 ], [ 129.106619424834236, 35.180052778848527 ], [ 129.106585896927498, 35.179710359219598 ], [ 129.107255302392474, 35.179493424278988 ], [ 129.107340421006711, 35.177856149580762 ], [ 129.10719878761924, 35.178007162138407 ], [ 129.107544478249991, 35.175022646288014 ], [ 129.109269173276033, 35.171608560870268 ], [ 129.109290145447289, 35.171313456139274 ], [ 129.106299035332597, 35.172044144417505 ] ] ] } },
{ "type": "Feature", "properties": { "학교코드(KEDI)": "216021272", "학교명_20251001": "상당초등학교", "행정구_20251001": "해운대구" }, "geometry": { "type": "Polygon", "coordinates": [ [ [ 129.16924148728387, 35.180548349221397 ], [ 129.171516445507962, 35.181546351170191 ], [ 129.173667495002974, 35.181733099604614 ], [ 129.177285936809653, 35.18090773464084 ], [ 129.180156138115024, 35.179547796596346 ], [ 129.178740252839361, 35.177983364393469 ], [ 129.178915069843669, 35.177850411427507 ], [ 129.178144465193697, 35.177065683595096 ], [ 129.174883688194569, 35.1779523727106 ], [ 129.175443242992998, 35.179421483175595 ], [ 129.174154427217701, 35.179587472390025 ], [ 129.173040399058465, 35.179453735772121 ], [ 129.171029859117453, 35.178558584442442 ], [ 129.170774412133483, 35.178845047077381 ], [ 129.17058431886673, 35.178794809718823 ], [ 129.170167150795294, 35.179487763877866 ], [ 129.169962859256685, 35.179449701225828 ], [ 129.16924148728387, 35.180548349221397 ] ] ] } },
{ "type": "Feature", "properties": { "학교코드(KEDI)": "216021280", "학교명_20251001": "송운초등학교", "행정구_20251001": "해운대구" }, "geometry": { "type": "Polygon", "coordinates": [ [ [ 129.167403024955973, 35.229653494953574 ], [ 129.168202198402611, 35.228241874207228 ], [ 129.168795095797606, 35.228146352496751 ], [ 129.169041726788663, 35.227767401294848 ], [ 129.168910392008485, 35.225462306514636 ], [ 129.168540536554644, 35.224536831574291 ], [ 129.165197138346031, 35.219710137450129 ], [ 129.164684773514466, 35.221203763040556 ], [ 129.160149871260785, 35.225030675852771 ], [ 129.158327236320503, 35.225550357522174 ], [ 129.157708429185533, 35.226234285296989 ], [ 129.155971786288688, 35.227234400993716 ], [ 129.155498009775812, 35.226805310590244 ], [ 129.154324896104271, 35.226357308593805 ], [ 129.153853808947702, 35.226362398864985 ], [ 129.153439466393252, 35.22654200589303 ], [ 129.152409695289577, 35.227307236380689 ], [ 129.152138270934472, 35.227841176740917 ], [ 129.151495752764532, 35.228366297335207 ], [ 129.150850589595024, 35.229755291592177 ], [ 129.151843281305588, 35.229351792838656 ], [ 129.153152772691783, 35.229507244015693 ], [ 129.153892362348927, 35.229091128962359 ], [ 129.153933325809987, 35.228909087857296 ], [ 129.154184750588115, 35.228957371365304 ], [ 129.154325853809183, 35.228513164380452 ], [ 129.15460012016564, 35.228381464062991 ], [ 129.155133362004534, 35.228843583142911 ], [ 129.155612255139403, 35.228963368318816 ], [ 129.1564579956366, 35.228544939325147 ], [ 129.156369957853713, 35.22914717552846 ], [ 129.157097507933656, 35.229328313763062 ], [ 129.1577167111422, 35.229145444688136 ], [ 129.157871882427628, 35.228561027038879 ], [ 129.15872686538043, 35.228717683314009 ], [ 129.159480591332709, 35.22776340570951 ], [ 129.16044238795439, 35.228377754905672 ], [ 129.160803870392783, 35.228832946804637 ], [ 129.161876857484486, 35.228435341770606 ], [ 129.162476273014022, 35.228899170376835 ], [ 129.161821175192955, 35.229640673874655 ], [ 129.161539646347421, 35.230315458162195 ], [ 129.161510661855857, 35.230933646671339 ], [ 129.161292810907838, 35.231059915847979 ], [ 129.161227037685819, 35.231332018147093 ], [ 129.161619054502069, 35.231744063318345 ], [ 129.162815285278441, 35.232122968363178 ], [ 129.16334692338441, 35.232642514697488 ], [ 129.163739550147795, 35.23236255331706 ], [ 129.164061898127727, 35.231460732867752 ], [ 129.166810419465008, 35.229812076836915 ], [ 129.167403024955973, 35.229653494953574 ] ] ] } },
{ "type": "Feature", "properties": { "학교코드(KEDI)": "216021292", "학교명_20251001": "송정초등학교", "행정구_20251001": "해운대구" }, "geometry": { "type": "Polygon", "coordinates": [ [ [ 129.224406427923043, 35.19216960514099 ], [ 129.224032579695177, 35.192008068801272 ], [ 129.223701787625572, 35.191513034078689 ], [ 129.223567804380707, 35.190674916704836 ], [ 129.223193060043712, 35.190152805083642 ], [ 129.223015793466061, 35.18951316165559 ], [ 129.223245956538506, 35.189386588771285 ], [ 129.223465723209358, 35.189458302648212 ], [ 129.223585869065573, 35.18925982157095 ], [ 129.223123268993731, 35.188710883785333 ], [ 129.22393429223149, 35.188123512146305 ], [ 129.223417077525028, 35.18777283509889 ], [ 129.223438286042239, 35.187493377721289 ], [ 129.22293248820489, 35.187196983442078 ], [ 129.223325434702218, 35.186384960652966 ], [ 129.223818726896326, 35.185996449951894 ], [ 129.223642130965402, 35.185771454990991 ], [ 129.223268996610074, 35.185736065504635 ], [ 129.222554091205922, 35.185241738421837 ], [ 129.222191544106551, 35.185242336800087 ], [ 129.220630729315047, 35.184506129020896 ], [ 129.219488229532658, 35.184255741191031 ], [ 129.219148084269762, 35.18431040718508 ], [ 129.218348476674294, 35.18507804975264 ], [ 129.21828369354867, 35.185483756445421 ], [ 129.217474576606321, 35.186774075469408 ], [ 129.216937921975102, 35.187297823019577 ], [ 129.216477120236675, 35.18740678733144 ], [ 129.215707884664909, 35.187083783097563 ], [ 129.215664194754453, 35.186550509766981 ], [ 129.215509103452888, 35.186660508603403 ], [ 129.214509856545533, 35.186671176228593 ], [ 129.214113902153656, 35.186338380239512 ], [ 129.21417914538273, 35.186112894388287 ], [ 129.213914898601303, 35.185843025735238 ], [ 129.213948842474309, 35.18622157613828 ], [ 129.213728940022662, 35.18606875098186 ], [ 129.213794562973135, 35.185933360351207 ], [ 129.213201043136507, 35.185727089698126 ], [ 129.21289668691972, 35.185156739098829 ], [ 129.213352334478088, 35.184753368871533 ], [ 129.213362307835041, 35.18443793222783 ], [ 129.212812900611681, 35.184213538578206 ], [ 129.213196048846356, 35.183834267480108 ], [ 129.21250576984275, 35.184385293283263 ], [ 129.212296986635181, 35.184250410845856 ], [ 129.2124826787323, 35.183925716272498 ], [ 129.211990276981368, 35.184602531853287 ], [ 129.211649895918953, 35.184522011890479 ], [ 129.211836196374577, 35.184422583879943 ], [ 129.211693467886931, 35.184332687134074 ], [ 129.211561799128816, 35.184486163227277 ], [ 129.211418877563659, 35.184351067267421 ], [ 129.211330649865488, 35.184171056455114 ], [ 129.211538907941332, 35.184008417340699 ], [ 129.211286133273433, 35.183945733176472 ], [ 129.211504804988067, 35.183584814190596 ], [ 129.211856301919624, 35.183683435275327 ], [ 129.211736423884986, 35.183981024483131 ], [ 129.212065314331994, 35.183827177837614 ], [ 129.211888700497951, 35.18351204880301 ], [ 129.212722616587484, 35.183249161135237 ], [ 129.212974117037334, 35.182834126946815 ], [ 129.212512183501218, 35.182546601743567 ], [ 129.211930393514592, 35.182556519535545 ], [ 129.211719495713652, 35.181709653035639 ], [ 129.210884982141636, 35.181684048049888 ], [ 129.211006418841265, 35.181963301509704 ], [ 129.210865299348455, 35.182540339507362 ], [ 129.210426642818732, 35.182694352425166 ], [ 129.209558775201486, 35.182551640169081 ], [ 129.209119239308109, 35.182381119105216 ], [ 129.20896497738832, 35.182156126673718 ], [ 129.208657866220221, 35.182201711373381 ], [ 129.208393742032428, 35.181985747678027 ], [ 129.206779491745948, 35.181880414643494 ], [ 129.206295974038568, 35.181718998665616 ], [ 129.206864985572849, 35.18096985216868 ], [ 129.207106512213272, 35.180870266360316 ], [ 129.206788312150309, 35.180988000037033 ], [ 129.206459779394748, 35.181358091642807 ], [ 129.205854110602758, 35.180611058577355 ], [ 129.20590234832062, 35.180451297765607 ], [ 129.20654998580747, 35.179910110276353 ], [ 129.207544649758773, 35.18048197760114 ], [ 129.207301839539383, 35.180076808886064 ], [ 129.206433878316233, 35.179726683711998 ], [ 129.206530952808009, 35.17904160901157 ], [ 129.206234750687287, 35.179186264283885 ], [ 129.206025397827716, 35.178889180984953 ], [ 129.20597093510267, 35.179069543388401 ], [ 129.205346213609772, 35.179458131033222 ], [ 129.205038094322873, 35.179161295147132 ], [ 129.205016834301176, 35.179440757102569 ], [ 129.205148804960146, 35.179476509054751 ], [ 129.204931524435182, 35.180486340857641 ], [ 129.204657558620113, 35.180667187708927 ], [ 129.204032156112959, 35.180713203811578 ], [ 129.203021724067696, 35.180624854392825 ], [ 129.201494613143467, 35.180149669418853 ], [ 129.200373321927316, 35.179574599308047 ], [ 129.199427324204294, 35.178719928042646 ], [ 129.198216112784593, 35.177261668853745 ], [ 129.197465536267231, 35.175586374017854 ], [ 129.197234940905872, 35.175505650822501 ], [ 129.197462592824394, 35.174342449817019 ], [ 129.198041158293393, 35.173016589327077 ], [ 129.197832556967825, 35.172962782968511 ], [ 129.197773509162403, 35.171277342999055 ], [ 129.197253784208357, 35.169601652928414 ], [ 129.19744649097882, 35.168908389444653 ], [ 129.197158958594684, 35.167916997809634 ], [ 129.196786577082719, 35.167436583517478 ], [ 129.196544089875061, 35.166700497522193 ], [ 129.196532684838502, 35.166493158851466 ], [ 129.196839778110501, 35.166384528578561 ], [ 129.196638953091821, 35.164960725196352 ], [ 129.196241093170954, 35.163924873779671 ], [ 129.196021110867349, 35.163726955323938 ], [ 129.195812674768149, 35.163691164638131 ], [ 129.195914461890595, 35.164279309515166 ], [ 129.194034704492537, 35.165393747132654 ], [ 129.191949227121455, 35.165039341267473 ], [ 129.190752524035418, 35.165280125595558 ], [ 129.190845725186136, 35.165363856138626 ], [ 129.190311430017118, 35.165751353679653 ], [ 129.189417651660875, 35.166098683273042 ], [ 129.190559020427401, 35.167584047868871 ], [ 129.190252047495477, 35.169835022053078 ], [ 129.190620338339613, 35.170220407051374 ], [ 129.190696694345405, 35.170958855286763 ], [ 129.191291959643792, 35.172223511322187 ], [ 129.191498983005573, 35.173021874720305 ], [ 129.191314331467964, 35.173725488164536 ], [ 129.191566310370803, 35.173980176409991 ], [ 129.191811154629818, 35.174753511102885 ], [ 129.191688048210267, 35.175817028397155 ], [ 129.190961075505129, 35.17736831167516 ], [ 129.190328645755983, 35.178109848165278 ], [ 129.189892303380532, 35.17812603200251 ], [ 129.18913292053756, 35.17973774434126 ], [ 129.18922740785618, 35.180628851999366 ], [ 129.190124926154255, 35.182257729529269 ], [ 129.187573318755597, 35.183965680336364 ], [ 129.188674661449454, 35.185567934333847 ], [ 129.188874500709403, 35.18619785010074 ], [ 129.188001990419821, 35.18740060480588 ], [ 129.187877227251363, 35.188249778819603 ], [ 129.188208020310697, 35.189288607328663 ], [ 129.189782295485941, 35.190371637490649 ], [ 129.190437378656128, 35.191172925448804 ], [ 129.190835886365988, 35.19244756648115 ], [ 129.193167227923709, 35.193980796501158 ], [ 129.193849970339812, 35.194889985516241 ], [ 129.194153735866081, 35.195687329351372 ], [ 129.194258061942492, 35.197908968802395 ], [ 129.194841491233205, 35.198529897287209 ], [ 129.198950837169832, 35.199640898989443 ], [ 129.199341938002107, 35.200086471511092 ], [ 129.202329856756506, 35.19831046948886 ], [ 129.203171238293947, 35.198114100652603 ], [ 129.204069693624149, 35.198100143866625 ], [ 129.205882398596458, 35.197322526298976 ], [ 129.205918503585195, 35.197413136349461 ], [ 129.207374002067183, 35.197060486611676 ], [ 129.208285221381942, 35.198196200261449 ], [ 129.208521713161588, 35.198405670582446 ], [ 129.208733419230754, 35.198366733773277 ], [ 129.208826219208277, 35.198634556662135 ], [ 129.209081277173084, 35.19872582676463 ], [ 129.209272023217153, 35.199252233260083 ], [ 129.209827984851614, 35.199208284471595 ], [ 129.21116951594351, 35.19950422442728 ], [ 129.211436350529311, 35.198820901850098 ], [ 129.211897746802777, 35.198557356453065 ], [ 129.212567477733558, 35.198391875294867 ], [ 129.21308037459076, 35.198427033832353 ], [ 129.2136474901599, 35.198115167846289 ], [ 129.213861480561377, 35.1982323275125 ], [ 129.214744862118209, 35.19797136834439 ], [ 129.216404810950991, 35.19896748610693 ], [ 129.217240924356048, 35.199725655170248 ], [ 129.217490885667473, 35.200318835565476 ], [ 129.217175324502819, 35.201121326829075 ], [ 129.217088277101283, 35.201922778239258 ], [ 129.216564449065686, 35.2026651588614 ], [ 129.21652881484593, 35.205309771957751 ], [ 129.217609988920657, 35.206851402229063 ], [ 129.218802107327974, 35.207439018576459 ], [ 129.219865954134207, 35.206050923790386 ], [ 129.221031437363592, 35.205146298503479 ], [ 129.221444322360384, 35.204321357944387 ], [ 129.223079065833161, 35.204814567925723 ], [ 129.224673202055271, 35.204924091657482 ], [ 129.224882480478641, 35.204760807024996 ], [ 129.226079195935966, 35.204632016433109 ], [ 129.227122534600255, 35.2034707653144 ], [ 129.22792746301613, 35.203030487231018 ], [ 129.229276010657173, 35.203276639062729 ], [ 129.230028273806596, 35.203821272640113 ], [ 129.230104118166821, 35.203588162328423 ], [ 129.229278404057737, 35.202850515386125 ], [ 129.229155698938541, 35.202201858527609 ], [ 129.229943051134399, 35.201046596158918 ], [ 129.22969429856596, 35.198609572120283 ], [ 129.22992532101506, 35.198577020769378 ], [ 129.229957115412645, 35.198171356759872 ], [ 129.229228965909755, 35.196946850045826 ], [ 129.228326803404826, 35.196371662099502 ], [ 129.22837040586893, 35.1962724512615 ], [ 129.227535940994784, 35.196228935391161 ], [ 129.227237829399911, 35.195625598578538 ], [ 129.22743684960912, 35.196193028923155 ], [ 129.226592219176865, 35.196519159825613 ], [ 129.226141393490366, 35.196177423230253 ], [ 129.225966063349517, 35.196340018775864 ], [ 129.226141591545598, 35.196285547269724 ], [ 129.226417084717639, 35.196600526901335 ], [ 129.225780732183352, 35.196890155195199 ], [ 129.225450888765209, 35.196683464861529 ], [ 129.225823246253498, 35.196286193350446 ], [ 129.225406693009916, 35.196647538618784 ], [ 129.224867606675502, 35.19625192327333 ], [ 129.224646953669037, 35.195846679264591 ], [ 129.224579314859398, 35.195152793166407 ], [ 129.224908682188072, 35.19511618581712 ], [ 129.224897407225455, 35.195016995430912 ], [ 129.22455696510093, 35.195062664336675 ], [ 129.224456011925525, 35.194278722766761 ], [ 129.22495858069945, 35.193385406759717 ], [ 129.224406427923043, 35.19216960514099 ] ] ] } },
{ "type": "Feature", "properties": { "학교코드(KEDI)": "216021304", "학교명_20251001": "수미초등학교", "행정구_20251001": "수영구" }, "geometry": { "type": "Polygon", "coordinates": [ [ [ 129.106688592446801, 35.166017604967116 ], [ 129.103623870992067, 35.165770065943157 ], [ 129.10334624582444, 35.165267415258313 ], [ 129.102671061899457, 35.165645173296859 ], [ 129.101449344741525, 35.164445953350402 ], [ 129.102144723100508, 35.163999048533761 ], [ 129.102333237433186, 35.163414252699233 ], [ 129.099953583003554, 35.162389207492325 ], [ 129.098076124260984, 35.162654004772087 ], [ 129.093600835647322, 35.161991290615077 ], [ 129.091770066472293, 35.164192001807024 ], [ 129.091552041931976, 35.165481038436454 ], [ 129.093023753883216, 35.166318192937389 ], [ 129.094331577520734, 35.16754395131538 ], [ 129.095188375626208, 35.167310817462358 ], [ 129.096685146244198, 35.168440106857879 ], [ 129.09698410121689, 35.169057234141974 ], [ 129.096394639650669, 35.169339251507473 ], [ 129.096233882874856, 35.170239362793268 ], [ 129.096630838212377, 35.170103564679522 ], [ 129.097125314945373, 35.17018179079146 ], [ 129.098193436342285, 35.171250386450097 ], [ 129.098749390497318, 35.171480354325745 ], [ 129.098758342605151, 35.172090339087788 ], [ 129.098243928519395, 35.171806493393717 ], [ 129.098313560612041, 35.173169573492586 ], [ 129.102115696714577, 35.173082177316694 ], [ 129.105142939064876, 35.172326540085422 ], [ 129.105203312002828, 35.174225596894601 ], [ 129.105617808660526, 35.174308992815426 ], [ 129.107630591693692, 35.173987856346187 ], [ 129.107840558115612, 35.172672836636217 ], [ 129.107619641956916, 35.172214127778169 ], [ 129.106299035332597, 35.172044144417505 ], [ 129.109290145447289, 35.171313456139274 ], [ 129.109269173276033, 35.171608560870268 ], [ 129.109506575341328, 35.171666376459704 ], [ 129.10971883930327, 35.171278045427748 ], [ 129.109585649084437, 35.171169749781185 ], [ 129.111488004608191, 35.169870805847069 ], [ 129.109315775402706, 35.167795915392809 ], [ 129.109432688879338, 35.167544719423034 ], [ 129.108035419562469, 35.167347591108054 ], [ 129.107474371917277, 35.166984810194776 ], [ 129.107120269367869, 35.167071530164449 ], [ 129.106688592446801, 35.166017604967116 ] ] ] } },
{ "type": "Feature", "properties": { "학교코드(KEDI)": "216021310", "학교명_20251001": "해빛초등학교", "행정구_20251001": "기장군" }, "geometry": { "type": "Polygon", "coordinates": [ [ [ 129.215383452660149, 35.259261366963287 ], [ 129.218528016229129, 35.264390658061529 ], [ 129.220315963019118, 35.266245841176321 ], [ 129.221506387297779, 35.265574847974698 ], [ 129.222033044203926, 35.266763236992439 ], [ 129.223527105391014, 35.266371155799256 ], [ 129.223332666261655, 35.265899633539739 ], [ 129.225304150240902, 35.265440176558577 ], [ 129.225764632578233, 35.266602967701886 ], [ 129.228088049185544, 35.265956808738494 ], [ 129.227131155099158, 35.263581768268864 ], [ 129.226748955429031, 35.260764751127859 ], [ 129.22463750185787, 35.259450888999531 ], [ 129.223136224073926, 35.258124263130036 ], [ 129.221846687159712, 35.256459937851531 ], [ 129.218968500668524, 35.257946260678388 ], [ 129.217134371693817, 35.258322040405432 ], [ 129.215836354173405, 35.258777447417273 ], [ 129.215383452660149, 35.259261366963287 ] ] ] } },
{ "type": "Feature", "properties": { "학교코드(KEDI)": "216021316", "학교명_20251001": "수영초등학교", "행정구_20251001": "수영구" }, "geometry": { "type": "Polygon", "coordinates": [ [ [ 129.111012701036628, 35.172968898550664 ], [ 129.111799137220288, 35.171100087523861 ], [ 129.112804121723428, 35.171296221734202 ], [ 129.113796960536746, 35.172225438580703 ], [ 129.114282940923346, 35.171845599589581 ], [ 129.114373228757103, 35.17154777359822 ], [ 129.114989386125188, 35.171322962385027 ], [ 129.116421819699752, 35.171200653931066 ], [ 129.116817249726125, 35.171346241177098 ], [ 129.117945589769988, 35.170862225037595 ], [ 129.119062895967801, 35.171919970899154 ], [ 129.120092322247672, 35.171204196320176 ], [ 129.120504739541445, 35.17165212650189 ], [ 129.121069086582537, 35.168858356612638 ], [ 129.120277718766289, 35.168288899163471 ], [ 129.118809647504747, 35.16851276230625 ], [ 129.115842453883573, 35.167607187811278 ], [ 129.115873720212875, 35.167437107218255 ], [ 129.115503173355648, 35.167115711590093 ], [ 129.116144596193493, 35.166649488772045 ], [ 129.116498859978208, 35.166986636200861 ], [ 129.117218366343735, 35.166628334418682 ], [ 129.116160994773423, 35.161626486416452 ], [ 129.113997353641508, 35.161937608444291 ], [ 129.113673967993861, 35.160382756812545 ], [ 129.112615142117306, 35.160660791788473 ], [ 129.111584072789384, 35.160549866940144 ], [ 129.110514849243003, 35.160647115483073 ], [ 129.110533164731464, 35.159221497271197 ], [ 129.107931605816276, 35.159593879814366 ], [ 129.108165186268394, 35.16066767592978 ], [ 129.10619594193281, 35.160929563171429 ], [ 129.106315987939752, 35.161469906059118 ], [ 129.105202508469432, 35.16161515939698 ], [ 129.105197960545183, 35.161062714581398 ], [ 129.10465139483847, 35.161437497363913 ], [ 129.105007408274901, 35.162872268992409 ], [ 129.107120269367869, 35.167071530164449 ], [ 129.107474371917277, 35.166984810194776 ], [ 129.108035419562469, 35.167347591108054 ], [ 129.109432688879338, 35.167544719423034 ], [ 129.109315775402706, 35.167795915392809 ], [ 129.111488004608191, 35.169870805847069 ], [ 129.109585649084437, 35.171169749781185 ], [ 129.10971883930327, 35.171278045427748 ], [ 129.109506575341328, 35.171666376459704 ], [ 129.110050185570259, 35.172674931454033 ], [ 129.110265212829688, 35.17259992373743 ], [ 129.111012701036628, 35.172968898550664 ] ] ] } },
{ "type": "Feature", "properties": { "학교코드(KEDI)": "216021322", "학교명_20251001": "신곡초등학교", "행정구_20251001": "해운대구" }, "geometry": { "type": "Polygon", "coordinates": [ [ [ 129.181862610146339, 35.172168265429178 ], [ 129.182432833501338, 35.171331274397375 ], [ 129.182932753516354, 35.169392424125192 ], [ 129.181409901254682, 35.169434714838673 ], [ 129.181312801758565, 35.16831876802182 ], [ 129.180942069352454, 35.167422296113706 ], [ 129.179527498065312, 35.167778258850767 ], [ 129.17757907075395, 35.166873417693104 ], [ 129.177176605475182, 35.166516624030329 ], [ 129.175315719195538, 35.16805292620279 ], [ 129.173877913585642, 35.167904410556268 ], [ 129.175708453457077, 35.169319137258832 ], [ 129.175617651594592, 35.169433437198144 ], [ 129.177697648722216, 35.170408239068564 ], [ 129.177049627122301, 35.171300117954999 ], [ 129.179183097567744, 35.173509494233201 ], [ 129.180535265511793, 35.171566098440941 ], [ 129.181862610146339, 35.172168265429178 ] ] ] } },
{ "type": "Feature", "properties": { "학교코드(KEDI)": "216021325", "학교명_20251001": "신도초등학교", "행정구_20251001": "해운대구" }, "geometry": { "type": "Polygon", "coordinates": [ [ [ 129.166681564907265, 35.173827086417553 ], [ 129.170437338151885, 35.173067499935009 ], [ 129.171189310547561, 35.173511229926476 ], [ 129.171574967148217, 35.173069216996147 ], [ 129.172680245797437, 35.172893684119714 ], [ 129.173076799697697, 35.172656872792594 ], [ 129.173380455342368, 35.172046129898611 ], [ 129.173361717688124, 35.171237127165526 ], [ 129.173464472059493, 35.171327135687115 ], [ 129.173498281923628, 35.171019860679948 ], [ 129.174156913288471, 35.170559379022592 ], [ 129.174391168825252, 35.1698040721068 ], [ 129.174002241945459, 35.169253161254339 ], [ 129.174554317498348, 35.168446446848542 ], [ 129.172277298705666, 35.166728753764808 ], [ 129.167540667826103, 35.166758489043055 ], [ 129.167524343988532, 35.166657580547394 ], [ 129.165917388901562, 35.166434659612548 ], [ 129.165027164657971, 35.166711613395186 ], [ 129.163868446810483, 35.166813391464316 ], [ 129.163099773019923, 35.166705915858735 ], [ 129.162883896373131, 35.167279929244515 ], [ 129.163253353244698, 35.167989849566183 ], [ 129.162858590946911, 35.168637493588761 ], [ 129.163163264633994, 35.168959004533889 ], [ 129.163486529050374, 35.170594437810159 ], [ 129.163751002302547, 35.170909494038035 ], [ 129.165438026601549, 35.171086266773088 ], [ 129.165948813484732, 35.172508664542413 ], [ 129.166417658337423, 35.172563631998855 ], [ 129.166681564907265, 35.173827086417553 ] ] ] } },
{ "type": "Feature", "properties": { "학교코드(KEDI)": "216021328", "학교명_20251001": "신재초등학교", "행정구_20251001": "해운대구" }, "geometry": { "type": "Polygon", "coordinates": [ [ [ 129.128200626048624, 35.194990179466856 ], [ 129.127996324092294, 35.194117548283764 ], [ 129.127210820386523, 35.194384578148082 ], [ 129.125615331100164, 35.192526477457463 ], [ 129.125670201066981, 35.192434213544168 ], [ 129.126160064882498, 35.192535470770864 ], [ 129.127448195194688, 35.191462647561984 ], [ 129.128060274801868, 35.191577220939287 ], [ 129.127575023773659, 35.190543364125894 ], [ 129.126713099325997, 35.190926883516546 ], [ 129.126580076507366, 35.190727425285125 ], [ 129.125879584518572, 35.190982666084821 ], [ 129.126013522831499, 35.191240677138659 ], [ 129.125283282383435, 35.191037483842983 ], [ 129.126038287779267, 35.190519235179622 ], [ 129.126247745511762, 35.190207794561161 ], [ 129.125856321790451, 35.189624072998804 ], [ 129.124589718698161, 35.189265043809122 ], [ 129.123837852148995, 35.189313180045367 ], [ 129.123725253258442, 35.188534662369392 ], [ 129.123966791214229, 35.188271549007077 ], [ 129.124006514044765, 35.187567131092699 ], [ 129.120849876685014, 35.187931492109627 ], [ 129.120203659258181, 35.190886283704081 ], [ 129.119662005581176, 35.192146971222655 ], [ 129.12105966493823, 35.19335696894052 ], [ 129.122859800892627, 35.194186693328021 ], [ 129.123348405766535, 35.194151840677385 ], [ 129.124593482624704, 35.195085711953844 ], [ 129.126105401768143, 35.19575647543067 ], [ 129.126349791892466, 35.195750811930715 ], [ 129.126846341879826, 35.195417746576652 ], [ 129.126781883430652, 35.195158891801093 ], [ 129.128200626048624, 35.194990179466856 ] ] ] } },
{ "type": "Feature", "properties": { "학교코드(KEDI)": "216021340", "학교명_20251001": "신진초등학교", "행정구_20251001": "기장군" }, "geometry": { "type": "Polygon", "coordinates": [ [ [ 129.188006215809764, 35.250115711875338 ], [ 129.189254523485573, 35.250204005153293 ], [ 129.189287345281116, 35.250048653743526 ], [ 129.189652431245435, 35.249889270567721 ], [ 129.190377837652647, 35.248607247128469 ], [ 129.191812752535839, 35.246982496418802 ], [ 129.192295651195877, 35.245765377140117 ], [ 129.192632476612403, 35.243592973758034 ], [ 129.193569632438908, 35.24204478887917 ], [ 129.192251341544335, 35.240873509116575 ], [ 129.191677484793729, 35.240107549490482 ], [ 129.190891709732625, 35.239719402913501 ], [ 129.190131309996957, 35.23899401926672 ], [ 129.189887801327899, 35.238258903853165 ], [ 129.189858894041322, 35.236874758303657 ], [ 129.189013412889068, 35.23668480616027 ], [ 129.189101240686796, 35.235847863628941 ], [ 129.189404488181054, 35.235292258183335 ], [ 129.188530860276188, 35.232548212117713 ], [ 129.188514283029974, 35.230829916271844 ], [ 129.187513178193029, 35.229856837840927 ], [ 129.186121521671396, 35.229050013667724 ], [ 129.185577945434659, 35.228448564401724 ], [ 129.184871201527187, 35.228312000919026 ], [ 129.183941904056979, 35.228467626097377 ], [ 129.183111922201959, 35.228435075388603 ], [ 129.182667967039009, 35.228113239350414 ], [ 129.182042443201226, 35.226404594328585 ], [ 129.181364589074974, 35.226108702647643 ], [ 129.179686005972655, 35.226294068036125 ], [ 129.178983882343346, 35.226651850704002 ], [ 129.178414272362204, 35.226373268107871 ], [ 129.177864178796682, 35.225516173546666 ], [ 129.177366266180314, 35.225065684226273 ], [ 129.177045006444445, 35.224417815444838 ], [ 129.17663044587124, 35.223031514554229 ], [ 129.176377665502486, 35.220968344314798 ], [ 129.175799252706781, 35.220658125508301 ], [ 129.175617903013432, 35.220141734430193 ], [ 129.175018656779685, 35.219740506117574 ], [ 129.17303906865348, 35.219430289427301 ], [ 129.170416553690984, 35.219348890492022 ], [ 129.169798404923398, 35.219513977927733 ], [ 129.169210454349042, 35.219249077088016 ], [ 129.168345939293488, 35.219412604197302 ], [ 129.166349159971702, 35.219274009732452 ], [ 129.165434558564044, 35.218909103170731 ], [ 129.165197138346031, 35.219710137450129 ], [ 129.168540536554644, 35.224536831574291 ], [ 129.168910392008485, 35.225462306514636 ], [ 129.169041726788663, 35.227767401294848 ], [ 129.168795095797606, 35.228146352496751 ], [ 129.168202198402611, 35.228241874207228 ], [ 129.167403024955973, 35.229653494953574 ], [ 129.166810419465008, 35.229812076836915 ], [ 129.164061898127727, 35.231460732867752 ], [ 129.163739550147795, 35.23236255331706 ], [ 129.163207677108886, 35.232741802256463 ], [ 129.16247734363958, 35.232936620075144 ], [ 129.161737723470168, 35.233829840135421 ], [ 129.161254934564482, 35.234118935727764 ], [ 129.161035814712477, 35.234488783493113 ], [ 129.160929832510931, 35.235346325154651 ], [ 129.160928228883904, 35.235570510469145 ], [ 129.161125681094688, 35.235561218111783 ], [ 129.16089562370442, 35.235868041167073 ], [ 129.159830056772961, 35.235770328741296 ], [ 129.158082174985111, 35.235245190913837 ], [ 129.157259428501476, 35.235814188798514 ], [ 129.155386218326186, 35.235884159699886 ], [ 129.155058440297665, 35.236844497311601 ], [ 129.155522513968066, 35.238182427300792 ], [ 129.15517711011816, 35.238502842082504 ], [ 129.155222006938629, 35.238966976465704 ], [ 129.156476763411973, 35.240168614438076 ], [ 129.156931790497026, 35.242615235793515 ], [ 129.156374541246464, 35.244256338429352 ], [ 129.156034390458444, 35.244491202380168 ], [ 129.155188442001759, 35.244537248469925 ], [ 129.154666993916891, 35.244821930616745 ], [ 129.1532994925727, 35.244954268282804 ], [ 129.152690491517461, 35.245329069215678 ], [ 129.15031203637119, 35.245525789250856 ], [ 129.14863757622328, 35.246059726417457 ], [ 129.148793567467067, 35.247379938283736 ], [ 129.147061268858039, 35.249432576030337 ], [ 129.144446136447357, 35.251034021095052 ], [ 129.145278322581959, 35.251974504251507 ], [ 129.147322117172109, 35.250887970778287 ], [ 129.149443272996734, 35.252427951520787 ], [ 129.150931560130402, 35.254675325619345 ], [ 129.154889480665844, 35.253627700501134 ], [ 129.156451954610162, 35.254290628990077 ], [ 129.15736960862472, 35.253495369327439 ], [ 129.158305241531025, 35.25314452974203 ], [ 129.161559872292258, 35.253441677215605 ], [ 129.162825905581627, 35.253149402789532 ], [ 129.163260247528058, 35.251755892760592 ], [ 129.163985245649201, 35.251649553171895 ], [ 129.164602790593477, 35.251331450957458 ], [ 129.1651057284366, 35.250574728522331 ], [ 129.166385065484718, 35.250694583222206 ], [ 129.167264982037807, 35.250050182399939 ], [ 129.167645706433859, 35.249402679179298 ], [ 129.169041974274734, 35.248738719035387 ], [ 129.169487464430603, 35.247859112969842 ], [ 129.170782344953864, 35.248072729881187 ], [ 129.172582629971828, 35.247750132439073 ], [ 129.172565513086965, 35.248284199849842 ], [ 129.174742328046335, 35.249867732134689 ], [ 129.175325711192841, 35.249270748704447 ], [ 129.176507308944906, 35.249109236861571 ], [ 129.17805300472611, 35.250253046045543 ], [ 129.179938797350189, 35.250232523761923 ], [ 129.181283858937576, 35.251815789586189 ], [ 129.181347953452786, 35.253473313037411 ], [ 129.181840731613192, 35.253795232073443 ], [ 129.182884383320896, 35.255029251053607 ], [ 129.183101917502029, 35.255874801408879 ], [ 129.18284157206952, 35.256554259186082 ], [ 129.183391649369526, 35.258513847430763 ], [ 129.184468202915639, 35.25957598327166 ], [ 129.184804577342987, 35.26030772107184 ], [ 129.187388846357095, 35.25999525095385 ], [ 129.186740701835163, 35.256661471866678 ], [ 129.187001745481012, 35.255434529868239 ], [ 129.186839276868341, 35.254830430219819 ], [ 129.187327913141104, 35.253040972336578 ], [ 129.187072560946348, 35.252226733945591 ], [ 129.186402435770646, 35.251663159623874 ], [ 129.186246988760359, 35.251193348969942 ], [ 129.187049727157756, 35.250549105949638 ], [ 129.188006215809764, 35.250115711875338 ] ] ] } },
{ "type": "Feature", "properties": { "학교코드(KEDI)": "216021346", "학교명_20251001": "양운초등학교", "행정구_20251001": "해운대구" }, "geometry": { "type": "Polygon", "coordinates": [ [ [ 129.16924148728387, 35.180548349221397 ], [ 129.169962859256685, 35.179449701225828 ], [ 129.170167150795294, 35.179487763877866 ], [ 129.17058431886673, 35.178794809718823 ], [ 129.170774412133483, 35.178845047077381 ], [ 129.171029859117453, 35.178558584442442 ], [ 129.170674074627271, 35.178377679601837 ], [ 129.171657020610809, 35.177070679203389 ], [ 129.170591430979783, 35.176520339268968 ], [ 129.172430722340891, 35.174103076645459 ], [ 129.170437338151885, 35.173067499935009 ], [ 129.166681564907265, 35.173827086417553 ], [ 129.166417658337423, 35.172563631998855 ], [ 129.165948813484732, 35.172508664542413 ], [ 129.165438026601549, 35.171086266773088 ], [ 129.164552556816318, 35.171071183320642 ], [ 129.163705609257846, 35.170850110868734 ], [ 129.164311907347951, 35.172240687826495 ], [ 129.164295081695542, 35.17283198845989 ], [ 129.163768827506004, 35.173885555693992 ], [ 129.164625923296256, 35.174855600633371 ], [ 129.165763515833163, 35.178151648098208 ], [ 129.166838880018531, 35.179210966472446 ], [ 129.16924148728387, 35.180548349221397 ] ] ] } },
{ "type": "Feature", "properties": { "학교코드(KEDI)": "216021352", "학교명_20251001": "운봉초등학교", "행정구_20251001": "해운대구" }, "geometry": { "type": "Polygon", "coordinates": [ [ [ 129.161059843141544, 35.235615196900802 ], [ 129.160922554849691, 35.235511894031369 ], [ 129.161035814712477, 35.234488783493113 ], [ 129.161254934564482, 35.234118935727764 ], [ 129.161737723470168, 35.233829840135421 ], [ 129.16247734363958, 35.232936620075144 ], [ 129.16334692338441, 35.232642514697488 ], [ 129.162815285278441, 35.232122968363178 ], [ 129.161619054502069, 35.231744063318345 ], [ 129.161227037685819, 35.231332018147093 ], [ 129.161292810907838, 35.231059915847979 ], [ 129.161510661855857, 35.230933646671339 ], [ 129.161539646347421, 35.230315458162195 ], [ 129.161821175192955, 35.229640673874655 ], [ 129.162476273014022, 35.228899170376835 ], [ 129.161876857484486, 35.228435341770606 ], [ 129.160803870392783, 35.228832946804637 ], [ 129.16044238795439, 35.228377754905672 ], [ 129.159480591332709, 35.22776340570951 ], [ 129.15872686538043, 35.228717683314009 ], [ 129.157871882427628, 35.228561027038879 ], [ 129.1577167111422, 35.229145444688136 ], [ 129.157097507933656, 35.229328313763062 ], [ 129.156369957853713, 35.22914717552846 ], [ 129.1564579956366, 35.228544939325147 ], [ 129.155612255139403, 35.228963368318816 ], [ 129.155133362004534, 35.228843583142911 ], [ 129.15460012016564, 35.228381464062991 ], [ 129.154325853809183, 35.228513164380452 ], [ 129.154184750588115, 35.228957371365304 ], [ 129.153933325809987, 35.228909087857296 ], [ 129.153892362348927, 35.229091128962359 ], [ 129.153152772691783, 35.229507244015693 ], [ 129.151843281305588, 35.229351792838656 ], [ 129.150850589595024, 35.229755291592177 ], [ 129.150869441283277, 35.229956902642698 ], [ 129.149679434653251, 35.23016787009373 ], [ 129.150277215108275, 35.230332605115635 ], [ 129.153290824998066, 35.232068959936214 ], [ 129.153264703187887, 35.232233798036511 ], [ 129.155656881094984, 35.233466889476965 ], [ 129.156845401229504, 35.234667211780291 ], [ 129.157967381182971, 35.23534735258346 ], [ 129.158082174985111, 35.235245190913837 ], [ 129.160643148420178, 35.235886346723078 ], [ 129.16089562370442, 35.235868041167073 ], [ 129.161059843141544, 35.235615196900802 ] ] ] } },
{ "type": "Feature", "properties": { "학교코드(KEDI)": "216021364", "학교명_20251001": "운송초등학교", "행정구_20251001": "해운대구" }, "geometry": { "type": "Polygon", "coordinates": [ [ [ 129.15031203637119, 35.245525789250856 ], [ 129.152690491517461, 35.245329069215678 ], [ 129.1532994925727, 35.244954268282804 ], [ 129.154666993916891, 35.244821930616745 ], [ 129.155188442001759, 35.244537248469925 ], [ 129.156034390458444, 35.244491202380168 ], [ 129.156374541246464, 35.244256338429352 ], [ 129.156931790497026, 35.242615235793515 ], [ 129.156476763411973, 35.240168614438076 ], [ 129.155222006938629, 35.238966976465704 ], [ 129.15517711011816, 35.238502842082504 ], [ 129.155522513968066, 35.238182427300792 ], [ 129.155058440297665, 35.236844497311601 ], [ 129.155386218326186, 35.235884159699886 ], [ 129.157259428501476, 35.235814188798514 ], [ 129.157977510569509, 35.235375894619374 ], [ 129.156845401229504, 35.234667211780291 ], [ 129.155656881094984, 35.233466889476965 ], [ 129.153264703187887, 35.232233798036511 ], [ 129.153290824998066, 35.232068959936214 ], [ 129.150277215108275, 35.230332605115635 ], [ 129.149679434653251, 35.23016787009373 ], [ 129.150869441283277, 35.229956902642698 ], [ 129.150921692075343, 35.229594061711893 ], [ 129.150156362338578, 35.229322617603593 ], [ 129.149533813640403, 35.22755291646147 ], [ 129.150328262118506, 35.227702439249285 ], [ 129.150871024705737, 35.227226789784886 ], [ 129.150601495077979, 35.226765643201929 ], [ 129.149624095655355, 35.226876068165026 ], [ 129.149442113468609, 35.227045490353376 ], [ 129.149582943451492, 35.226366120230978 ], [ 129.149942939435448, 35.225794367872041 ], [ 129.1499119367422, 35.225387130448304 ], [ 129.148427246061516, 35.225445688894524 ], [ 129.148408128762384, 35.225325542827584 ], [ 129.146347599412508, 35.225691205110472 ], [ 129.146194867110438, 35.224864202656839 ], [ 129.14601667962188, 35.224888332499226 ], [ 129.146045837456541, 35.2252148180281 ], [ 129.14561770890603, 35.225377570038795 ], [ 129.145058437099152, 35.225864933470923 ], [ 129.145202101035807, 35.226342385991657 ], [ 129.144971502856009, 35.226486991935204 ], [ 129.144479046646296, 35.227478936696478 ], [ 129.143392415270654, 35.22798506768153 ], [ 129.141693037973681, 35.229870766381602 ], [ 129.14139663931573, 35.230006392642835 ], [ 129.139846887503438, 35.229476353048028 ], [ 129.139309509737046, 35.229936696514201 ], [ 129.139409692042108, 35.230837889912173 ], [ 129.140917129152029, 35.232278258397258 ], [ 129.140979737435913, 35.233555191173274 ], [ 129.140816642549026, 35.233775941345897 ], [ 129.139070812121957, 35.234229159787212 ], [ 129.137843663687875, 35.234263972108842 ], [ 129.137696030476917, 35.235524840148386 ], [ 129.137241585359448, 35.23611992543637 ], [ 129.13705568906596, 35.236294043181019 ], [ 129.136474431803634, 35.23642394764417 ], [ 129.135855799084368, 35.236471638797752 ], [ 129.135663002799504, 35.236361592705904 ], [ 129.135949151284365, 35.237295338607076 ], [ 129.136899970299197, 35.237677449002113 ], [ 129.137242072337983, 35.238524247179868 ], [ 129.137950553682003, 35.238930910758675 ], [ 129.139665876177048, 35.24049208910693 ], [ 129.140414581527551, 35.24154063864431 ], [ 129.141318677451721, 35.242061950226152 ], [ 129.141577649826445, 35.242498783550246 ], [ 129.140986419054713, 35.243878538025776 ], [ 129.14192743285642, 35.244810330180442 ], [ 129.142396091109873, 35.245702183704225 ], [ 129.143700372349883, 35.246948979630453 ], [ 129.143444748383303, 35.248440937756314 ], [ 129.144605666490492, 35.25096790077513 ], [ 129.147061268858039, 35.249432576030337 ], [ 129.148793567467067, 35.247379938283736 ], [ 129.14863757622328, 35.246059726417457 ], [ 129.15031203637119, 35.245525789250856 ] ] ] } },
{ "type": "Feature", "properties": { "학교코드(KEDI)": "216021367", "학교명_20251001": "일광초등학교", "행정구_20251001": "기장군" }, "geometry": { "type": "MultiPolygon", "coordinates": [ [ [ [ 129.24019019033264, 35.257811468841751 ], [ 129.240068765494556, 35.257703475612523 ], [ 129.240035923608957, 35.257757584783675 ], [ 129.24019019033264, 35.257811468841751 ] ] ], [ [ [ 129.207896740374025, 35.309020105204617 ], [ 129.209101473138617, 35.309594985204548 ], [ 129.211713577336724, 35.309699351981237 ], [ 129.210290301997219, 35.307783605252062 ], [ 129.210692999662285, 35.30643271539612 ], [ 129.214614598558768, 35.304623565238558 ], [ 129.216092459913597, 35.304208953385533 ], [ 129.217428348151941, 35.303582762588441 ], [ 129.217789017578951, 35.302025697522367 ], [ 129.218793275788528, 35.300796116021871 ], [ 129.220053461403012, 35.300229779738181 ], [ 129.224523584674557, 35.300175380908627 ], [ 129.225733080202815, 35.300728455448031 ], [ 129.226900054799529, 35.301998334126992 ], [ 129.227869099712393, 35.302459268956234 ], [ 129.228863621328742, 35.302236846795665 ], [ 129.228864667061174, 35.302099482112943 ], [ 129.22966623744918, 35.302038934222907 ], [ 129.230497047877265, 35.30252318231922 ], [ 129.231107241094264, 35.302593589061672 ], [ 129.231566855448875, 35.302836527220784 ], [ 129.232494955484526, 35.302109546605649 ], [ 129.233049970657191, 35.30137552046294 ], [ 129.234069928867342, 35.30111852406165 ], [ 129.234929166012222, 35.300703002968909 ], [ 129.23532278444884, 35.30072237079051 ], [ 129.235805316938468, 35.300295375777807 ], [ 129.2373165513375, 35.299776246275194 ], [ 129.237989426476901, 35.299357390967323 ], [ 129.23810820527666, 35.299095330223906 ], [ 129.238882708236218, 35.299355127213488 ], [ 129.239075630205548, 35.299650184919095 ], [ 129.24004668897112, 35.300023089987285 ], [ 129.241456798396854, 35.298267655345079 ], [ 129.243063765466559, 35.29669127190526 ], [ 129.243170336496917, 35.295558535558996 ], [ 129.243014841695185, 35.294434705774691 ], [ 129.241205803967773, 35.289396248359935 ], [ 129.241468762604228, 35.288838703342016 ], [ 129.241164462967021, 35.288312475645363 ], [ 129.241903007842154, 35.287954081587955 ], [ 129.243236650116529, 35.287727533733118 ], [ 129.243075129199809, 35.286494201616243 ], [ 129.243367610397883, 35.285853939991895 ], [ 129.244026699893169, 35.285071253419879 ], [ 129.245042687080854, 35.2850553317597 ], [ 129.246792162699336, 35.28538979782325 ], [ 129.247922030996392, 35.284827682377326 ], [ 129.248894044102997, 35.283799530862389 ], [ 129.250300204291904, 35.282764979357651 ], [ 129.251136970853025, 35.281059913620666 ], [ 129.250840333930682, 35.280103580421425 ], [ 129.250921638976592, 35.278479388595599 ], [ 129.251401304588796, 35.277475030785453 ], [ 129.25178230467219, 35.277343280437826 ], [ 129.252361368475363, 35.277532802798881 ], [ 129.255548938332112, 35.277884417773272 ], [ 129.255595478496247, 35.275198413146541 ], [ 129.255076240322154, 35.274297338658272 ], [ 129.254359852081535, 35.273574097172904 ], [ 129.253939309382872, 35.27270969592859 ], [ 129.253420564141919, 35.272043671042006 ], [ 129.253311040555417, 35.272143136240189 ], [ 129.253299061026041, 35.271809673436131 ], [ 129.252935173980376, 35.271440804580784 ], [ 129.252319393764026, 35.271324979364486 ], [ 129.251977677913459, 35.271037217879808 ], [ 129.251439463860891, 35.27105638234756 ], [ 129.2512212309299, 35.271570554295273 ], [ 129.247660808361786, 35.271794151008663 ], [ 129.2469140004211, 35.271994006273609 ], [ 129.246625311238574, 35.271039130675689 ], [ 129.246545078741917, 35.269948731254075 ], [ 129.246526216961485, 35.270994366218737 ], [ 129.246361709038041, 35.271030642604472 ], [ 129.24676163131511, 35.272445002715827 ], [ 129.245409807260245, 35.272483743859205 ], [ 129.244275292909776, 35.271611712299055 ], [ 129.243690334329585, 35.270819727762209 ], [ 129.243334652950921, 35.269513530128798 ], [ 129.244329682933682, 35.267844082155108 ], [ 129.244142837845828, 35.267754333248611 ], [ 129.243976438177981, 35.267285889267669 ], [ 129.243930294333239, 35.266483918238194 ], [ 129.243731876370134, 35.266285968809477 ], [ 129.243445882532825, 35.266286487919579 ], [ 129.243126145016618, 35.265872556748242 ], [ 129.243046034665127, 35.264809186135025 ], [ 129.241420908612668, 35.265317158818604 ], [ 129.241431444147793, 35.265163918655738 ], [ 129.241090969164759, 35.265155581890497 ], [ 129.240331260242385, 35.264760484329258 ], [ 129.24000958031101, 35.263688490614477 ], [ 129.240199150304562, 35.264688593400514 ], [ 129.239386659933103, 35.264870469460369 ], [ 129.238737954065016, 35.264790678099992 ], [ 129.237648330032897, 35.264233980236867 ], [ 129.237482364078602, 35.263891661450799 ], [ 129.237537789443365, 35.264071848062535 ], [ 129.237209008048239, 35.264351919477335 ], [ 129.237440311759912, 35.264522795144735 ], [ 129.237276390310285, 35.264829533492119 ], [ 129.235847954212545, 35.26485029158394 ], [ 129.235694472777283, 35.265012795506209 ], [ 129.235264958675231, 35.264725330147627 ], [ 129.23514527294347, 35.264322059140277 ], [ 129.234911911774475, 35.264284261020812 ], [ 129.233952470756407, 35.263015211315192 ], [ 129.233620032068956, 35.262060542201304 ], [ 129.233604989707942, 35.260636363745171 ], [ 129.234413175310777, 35.25892229043513 ], [ 129.23544301535523, 35.257892766821143 ], [ 129.236255380925741, 35.257620803729424 ], [ 129.236861053032698, 35.257998214471385 ], [ 129.237388510918663, 35.258015214054602 ], [ 129.237980418416612, 35.257554419658483 ], [ 129.238836856564575, 35.257300352641884 ], [ 129.239529436734557, 35.257316964398221 ], [ 129.240706935049474, 35.257963684196312 ], [ 129.240784474754321, 35.258098679785427 ], [ 129.240597308140366, 35.258072006863998 ], [ 129.240828274895307, 35.258143625013965 ], [ 129.240994418794713, 35.258566886734513 ], [ 129.241534396244077, 35.259088686549994 ], [ 129.241842531524725, 35.259232221233411 ], [ 129.241951712168998, 35.258970709328992 ], [ 129.241919725328444, 35.259268103614417 ], [ 129.24214969859068, 35.258979292427014 ], [ 129.242874685328189, 35.258950797805134 ], [ 129.242742884333524, 35.259014198604461 ], [ 129.243128111749314, 35.259139555910998 ], [ 129.243160821708841, 35.259031383428834 ], [ 129.243502164859336, 35.259282993714997 ], [ 129.243425661165872, 35.259472509253648 ], [ 129.243613763362106, 35.259832575565859 ], [ 129.244097138366556, 35.259831627437471 ], [ 129.24439307442222, 35.259569610956298 ], [ 129.244635037035977, 35.259641304167673 ], [ 129.244887283466312, 35.259451470849015 ], [ 129.245168847027315, 35.258107962862582 ], [ 129.245860630965126, 35.257971358454974 ], [ 129.246124702269441, 35.258060943413078 ], [ 129.246476786362308, 35.258204498864131 ], [ 129.247095112832596, 35.259113559364017 ], [ 129.247843770255344, 35.259643834007306 ], [ 129.247253476987453, 35.260609410740791 ], [ 129.248084666256176, 35.259390997537373 ], [ 129.248601789752797, 35.259543167966122 ], [ 129.249360079092412, 35.259514568469228 ], [ 129.250291743913067, 35.258728492250761 ], [ 129.250984293112623, 35.258880214279365 ], [ 129.251182710947404, 35.259078142995477 ], [ 129.250986383892979, 35.259502223094451 ], [ 129.251437830577743, 35.259861725506433 ], [ 129.251657649549202, 35.259852284227328 ], [ 129.251766572, 35.259545569136591 ], [ 129.252172679269336, 35.259382578422908 ], [ 129.251885352867674, 35.258887390363824 ], [ 129.251707504931517, 35.258166716663069 ], [ 129.251794683794373, 35.257905175325291 ], [ 129.251485889868121, 35.257626373073371 ], [ 129.251716927399087, 35.257625871035302 ], [ 129.25185914280928, 35.257418220498614 ], [ 129.25188034843984, 35.257228878912152 ], [ 129.25156223889482, 35.257382774559112 ], [ 129.251890787335185, 35.256985532347528 ], [ 129.251172877008912, 35.255878413608528 ], [ 129.25081064011431, 35.255951323851718 ], [ 129.250766240627314, 35.255798114109822 ], [ 129.25106237998159, 35.255644348369991 ], [ 129.250700022034351, 35.255762180926489 ], [ 129.250851892349488, 35.255058886521198 ], [ 129.251049308797718, 35.2550224084235 ], [ 129.2507416013637, 35.254968989535946 ], [ 129.250806837846227, 35.254770524023108 ], [ 129.251553921942701, 35.254660749737965 ], [ 129.25149420767579, 35.253146734176049 ], [ 129.252010558382324, 35.253073484891466 ], [ 129.252008318891001, 35.252334483518815 ], [ 129.251621972795789, 35.251857456560749 ], [ 129.249427142773612, 35.252745301893484 ], [ 129.248472016412478, 35.252990590085737 ], [ 129.247889730470149, 35.253000843640926 ], [ 129.247426334389644, 35.252443001104631 ], [ 129.247966283024653, 35.25290156189967 ], [ 129.249360959247269, 35.2526733209627 ], [ 129.251105887298792, 35.251939713845523 ], [ 129.252399490282983, 35.250900491328281 ], [ 129.253059984181135, 35.2477985227966 ], [ 129.252496161597207, 35.246700096785737 ], [ 129.252361435768847, 35.245762918348888 ], [ 129.25201879392182, 35.245114720764384 ], [ 129.251233583135246, 35.24433163734583 ], [ 129.248932671463621, 35.246930555627024 ], [ 129.248203032215912, 35.248644766042787 ], [ 129.248408510620038, 35.250242871130347 ], [ 129.247947378064509, 35.250758478288276 ], [ 129.247490607022513, 35.250320814636183 ], [ 129.247006564610928, 35.250163973977394 ], [ 129.245523963725162, 35.249974356627028 ], [ 129.243978145713186, 35.250017094263988 ], [ 129.243818603291601, 35.250799362204098 ], [ 129.243921531704899, 35.25252773469046 ], [ 129.243425712525237, 35.253460679528928 ], [ 129.241185035273986, 35.255432250882443 ], [ 129.238618783574168, 35.256074195718419 ], [ 129.236935298668271, 35.255986174433183 ], [ 129.237014119019705, 35.256073903525923 ], [ 129.236431553997278, 35.25643331628207 ], [ 129.234786347478092, 35.256206749865434 ], [ 129.234405301410931, 35.255490288375221 ], [ 129.232512045602988, 35.254660810941886 ], [ 129.231311390585972, 35.253392660755537 ], [ 129.229495552538339, 35.253929596864857 ], [ 129.228306053665051, 35.253805375509479 ], [ 129.228166970579139, 35.253105385922915 ], [ 129.227453655481725, 35.252682733383551 ], [ 129.226861105828704, 35.251864699480215 ], [ 129.226949914592211, 35.251397098683491 ], [ 129.225627217245119, 35.250610614870531 ], [ 129.225477423519806, 35.25199778084572 ], [ 129.223870323029956, 35.253047022166434 ], [ 129.223332258915804, 35.253017183548124 ], [ 129.222619956539972, 35.253564969006909 ], [ 129.222298617639524, 35.254156653924703 ], [ 129.221708555826638, 35.25403884306747 ], [ 129.220805171900309, 35.254587240653606 ], [ 129.220543705191631, 35.254486076905714 ], [ 129.219930504218496, 35.254688557424927 ], [ 129.219633766405678, 35.255197319165916 ], [ 129.219689852946743, 35.256257696810174 ], [ 129.220087607169404, 35.25665652306062 ], [ 129.220173997934438, 35.257292860074578 ], [ 129.221846687159712, 35.256459937851531 ], [ 129.223136224073926, 35.258124263130036 ], [ 129.22463750185787, 35.259450888999531 ], [ 129.226748955429031, 35.260764751127859 ], [ 129.227131155099158, 35.263581768268864 ], [ 129.228088049185544, 35.265956808738494 ], [ 129.225764632578233, 35.266602967701886 ], [ 129.225304150240902, 35.265440176558577 ], [ 129.223332666261655, 35.265899633539739 ], [ 129.223527105391014, 35.266371155799256 ], [ 129.222033044203926, 35.266763236992439 ], [ 129.221506387297779, 35.265574847974698 ], [ 129.220315963019118, 35.266245841176321 ], [ 129.218528016229129, 35.264390658061529 ], [ 129.215383452660149, 35.259261366963287 ], [ 129.215015257804282, 35.259823102269891 ], [ 129.213527586860351, 35.259877995808843 ], [ 129.21318203680724, 35.259605495402603 ], [ 129.211955585575055, 35.259703896361451 ], [ 129.209499445860132, 35.261006251290958 ], [ 129.209024685769236, 35.261426641511271 ], [ 129.20866826912021, 35.262276492322904 ], [ 129.208420920291275, 35.263841818043915 ], [ 129.206981526691777, 35.268988111835462 ], [ 129.203908219434965, 35.269397362738786 ], [ 129.202816310470098, 35.269126080268357 ], [ 129.197780800824603, 35.268417611905662 ], [ 129.195684111522041, 35.267417537798785 ], [ 129.192926519930296, 35.268466763838795 ], [ 129.192740347528087, 35.269776156868687 ], [ 129.19192592465285, 35.27206386355995 ], [ 129.191998653441885, 35.272520006756359 ], [ 129.194340759210831, 35.272783453080976 ], [ 129.194879039454236, 35.27433451174025 ], [ 129.19363799017944, 35.276546385178762 ], [ 129.194704825554851, 35.27872736061142 ], [ 129.194892000177191, 35.280062933661441 ], [ 129.190395333245533, 35.282420540900944 ], [ 129.187505444899813, 35.283070194926559 ], [ 129.184370581496637, 35.284982020589091 ], [ 129.183026825815602, 35.285410015520114 ], [ 129.181528440565785, 35.28625870081806 ], [ 129.181735772665434, 35.287156569803741 ], [ 129.181768509635674, 35.288881855541753 ], [ 129.181382337016771, 35.289086041225538 ], [ 129.179358728226134, 35.291343632177082 ], [ 129.179958330844244, 35.292933729070555 ], [ 129.180247261664846, 35.294682608645921 ], [ 129.180734473192189, 35.295006642967856 ], [ 129.181000234275672, 35.29549736966564 ], [ 129.182151758103288, 35.29634813562722 ], [ 129.181975074430312, 35.296796555627211 ], [ 129.182895668945349, 35.298700886294313 ], [ 129.182750680770283, 35.299666781533936 ], [ 129.182151251388234, 35.300645368186942 ], [ 129.181106529268817, 35.301179642981396 ], [ 129.180342057009852, 35.30247328540635 ], [ 129.180409559948771, 35.302919344107039 ], [ 129.179561287810202, 35.303766588053115 ], [ 129.179925359251285, 35.304829621625544 ], [ 129.180862690000339, 35.305722086311384 ], [ 129.183139176991858, 35.307009483878623 ], [ 129.184429143172707, 35.307439996827959 ], [ 129.186665688833415, 35.30760793810807 ], [ 129.188294846116577, 35.307011003588599 ], [ 129.18881001094212, 35.307212914384479 ], [ 129.190510314845142, 35.308802922401789 ], [ 129.194021574447333, 35.309730258294543 ], [ 129.200145567510077, 35.309402363803841 ], [ 129.200751907053018, 35.308966923874308 ], [ 129.201656618684666, 35.308826263876007 ], [ 129.203711689847978, 35.308815454714811 ], [ 129.204675650185067, 35.30915327938073 ], [ 129.205447050655124, 35.309873315548323 ], [ 129.207896740374025, 35.309020105204617 ] ] ] ] } },
{ "type": "Feature", "properties": { "학교코드(KEDI)": "216021376", "학교명_20251001": "월내초등학교", "행정구_20251001": "기장군" }, "geometry": { "type": "Polygon", "coordinates": [ [ [ 129.278492679504325, 35.342175984240221 ], [ 129.279182663637272, 35.341354917089099 ], [ 129.279667864361699, 35.34137769083938 ], [ 129.281726240556566, 35.340284196679221 ], [ 129.28226539124222, 35.34031907198554 ], [ 129.282616370002955, 35.340065911343444 ], [ 129.285506446958976, 35.3392208878671 ], [ 129.28617776466146, 35.339336463446578 ], [ 129.287323727107889, 35.339892625906757 ], [ 129.289085894880714, 35.340474259801184 ], [ 129.289774495230404, 35.339264881294007 ], [ 129.290905846106796, 35.338730398286003 ], [ 129.290990996945595, 35.338009044980588 ], [ 129.291888977771407, 35.336817231631429 ], [ 129.292331843978729, 35.337690353005243 ], [ 129.294136814179097, 35.337938411057557 ], [ 129.294354918085332, 35.337460215963567 ], [ 129.296012264308587, 35.336473747331588 ], [ 129.298398405773696, 35.336251574623866 ], [ 129.29911362345041, 35.336303867964041 ], [ 129.299343739742199, 35.336105053425783 ], [ 129.29993745453632, 35.335968310936238 ], [ 129.303664895717986, 35.335616609089108 ], [ 129.302771140807238, 35.334915718044854 ], [ 129.302183447067989, 35.333628365706765 ], [ 129.302706645505651, 35.332302109603916 ], [ 129.303725642195019, 35.331290097008939 ], [ 129.304139311139295, 35.330162333928428 ], [ 129.302827924738352, 35.329417591679771 ], [ 129.302717954405125, 35.329489943648021 ], [ 129.302794863197391, 35.329390624913827 ], [ 129.302475263904824, 35.329256195281118 ], [ 129.30249652642425, 35.329084872920866 ], [ 129.302353759181528, 35.329103218107043 ], [ 129.301878407660809, 35.328419410409225 ], [ 129.301702159257928, 35.328383912586361 ], [ 129.301425274043737, 35.327888799214158 ], [ 129.301285306940628, 35.325726036330622 ], [ 129.300508650878157, 35.323817128890525 ], [ 129.300339663979315, 35.322726932929477 ], [ 129.299976282158752, 35.322646692084291 ], [ 129.299808573068134, 35.321917041226214 ], [ 129.300028531413489, 35.321907504423891 ], [ 129.300032912827987, 35.320059773181931 ], [ 129.300219562281825, 35.319978074349862 ], [ 129.299125367755323, 35.318475618965515 ], [ 129.297673315132926, 35.318434091394501 ], [ 129.296486823173268, 35.318671337794079 ], [ 129.290956500741288, 35.319027263558482 ], [ 129.290197223828784, 35.31892985189846 ], [ 129.289802839881304, 35.319345485043527 ], [ 129.289593164380989, 35.319183737134772 ], [ 129.289856282040489, 35.318876612953716 ], [ 129.288932330389486, 35.318860876230453 ], [ 129.288713146086735, 35.319068611838667 ], [ 129.288146694676072, 35.320548105726857 ], [ 129.288170903280104, 35.321187991037149 ], [ 129.287709284941371, 35.321315271311249 ], [ 129.287757086079552, 35.322414822001264 ], [ 129.288230088767222, 35.322386722103531 ], [ 129.288277530117398, 35.323350977855853 ], [ 129.287453865020581, 35.323677442047689 ], [ 129.287680482241029, 35.325623734826941 ], [ 129.288264446510055, 35.32587470603 ], [ 129.288450889384279, 35.325748121944386 ], [ 129.288340384827592, 35.325631246604068 ], [ 129.288867206791679, 35.325341508296574 ], [ 129.288966403285968, 35.325386376404118 ], [ 129.288297325990129, 35.325919693242263 ], [ 129.288276427208785, 35.326190141683043 ], [ 129.288111365970479, 35.326136516207583 ], [ 129.287825930443347, 35.32633537471844 ], [ 129.287748977579753, 35.326223717144117 ], [ 129.2873237448905, 35.326634029918878 ], [ 129.287505810891133, 35.325948616950512 ], [ 129.287112715091837, 35.32364221436621 ], [ 129.284990861540251, 35.323818334065265 ], [ 129.284988222971919, 35.326215993925082 ], [ 129.28471332858976, 35.326288627693472 ], [ 129.284402753742, 35.325496187909266 ], [ 129.284625364925461, 35.326288877823316 ], [ 129.284351122094392, 35.326469766893112 ], [ 129.282900152364448, 35.326716531305941 ], [ 129.281701309692664, 35.326728320511215 ], [ 129.28154877254056, 35.327071212949562 ], [ 129.281607420427036, 35.328143682217714 ], [ 129.28102323497265, 35.327811578913554 ], [ 129.281031035759213, 35.326829098093199 ], [ 129.280843964153632, 35.326811512833402 ], [ 129.281019136019012, 35.326576736428962 ], [ 129.278421618616107, 35.326041828243781 ], [ 129.2785510965291, 35.325329492034847 ], [ 129.278333575926581, 35.326051088042632 ], [ 129.277463942814819, 35.325818685867581 ], [ 129.277507722773151, 35.325701422807867 ], [ 129.276835783985263, 35.325387570319599 ], [ 129.277032109503153, 35.32496345526129 ], [ 129.276922043558841, 35.324873591973024 ], [ 129.277393765431924, 35.324566074039708 ], [ 129.278229772435935, 35.324555122704027 ], [ 129.278824114583358, 35.324761030408439 ], [ 129.278790852799432, 35.324652956504707 ], [ 129.27825119349464, 35.324473899467939 ], [ 129.277349666865348, 35.324475951933238 ], [ 129.277054133116593, 35.324719459264045 ], [ 129.276458843714352, 35.324541163010679 ], [ 129.276372309931389, 35.324910833710526 ], [ 129.276031470538101, 35.324947658461966 ], [ 129.276604385601985, 35.325234800121983 ], [ 129.276407105765202, 35.325514751519883 ], [ 129.276077111093031, 35.325497446883645 ], [ 129.27555946914876, 35.32528233733705 ], [ 129.275888310868623, 35.324902901078879 ], [ 129.275227417377295, 35.324652045146372 ], [ 129.274598566361135, 35.323986511704589 ], [ 129.273683846418464, 35.323492908900676 ], [ 129.270723473889888, 35.322877639204556 ], [ 129.270547905668707, 35.323013138180613 ], [ 129.26999596118813, 35.322356407210066 ], [ 129.269917707431404, 35.321978013335816 ], [ 129.269753453602362, 35.322149621950629 ], [ 129.268190931318856, 35.321918749764798 ], [ 129.2672807809613, 35.321177306226254 ], [ 129.266405795899146, 35.321999314472599 ], [ 129.266615624588809, 35.324187277152483 ], [ 129.265994621195006, 35.324842191115287 ], [ 129.264731105145671, 35.32535731496823 ], [ 129.262290849792663, 35.324035964821213 ], [ 129.260698012643331, 35.324151501444007 ], [ 129.259673649252761, 35.323564045877369 ], [ 129.25929739589003, 35.323892698032481 ], [ 129.258717685478899, 35.324623186368306 ], [ 129.269026536608777, 35.33012864155949 ], [ 129.269514302717937, 35.32962573024475 ], [ 129.270067197825625, 35.330513355821012 ], [ 129.269904186951777, 35.331135495818053 ], [ 129.269994115459212, 35.33168515948033 ], [ 129.270181816465652, 35.331946190153275 ], [ 129.271747170046353, 35.332934043491981 ], [ 129.272146381840116, 35.333888599302583 ], [ 129.272048545308309, 35.334285375459821 ], [ 129.271443763560455, 35.334322780370407 ], [ 129.270699605992036, 35.334758437337321 ], [ 129.271450205012144, 35.335010012637575 ], [ 129.271934358329844, 35.335524667534045 ], [ 129.271734234977657, 35.337220337061588 ], [ 129.271848140428347, 35.338223801379634 ], [ 129.272279558561905, 35.338586156668072 ], [ 129.272820157327516, 35.338605478107517 ], [ 129.272793398640431, 35.338844571965737 ], [ 129.27407992052531, 35.339515931813018 ], [ 129.274651520815837, 35.340184056009278 ], [ 129.274591091629958, 35.340531472170198 ], [ 129.27540128687329, 35.341327220918657 ], [ 129.274478822495183, 35.342701755334339 ], [ 129.274346557450144, 35.343736323995074 ], [ 129.27582990698852, 35.344695579041982 ], [ 129.276546516965453, 35.344640503377228 ], [ 129.277760940790557, 35.343821855369306 ], [ 129.278492679504325, 35.342175984240221 ] ] ] } },
{ "type": "Feature", "properties": { "학교코드(KEDI)": "216021388", "학교명_20251001": "월평초등학교", "행정구_20251001": "기장군" }, "geometry": { "type": "Polygon", "coordinates": [ [ [ 129.118176014014921, 35.369034604705831 ], [ 129.121199661915568, 35.367364215382203 ], [ 129.122861334427284, 35.367488796707597 ], [ 129.123632226281984, 35.367821491740315 ], [ 129.127571291088827, 35.367727303706097 ], [ 129.128098746332967, 35.367285059133714 ], [ 129.129946272994118, 35.366697348654654 ], [ 129.131034733363123, 35.365965996334658 ], [ 129.132189721861863, 35.365739502866347 ], [ 129.133520790356386, 35.365593799154887 ], [ 129.13513849414997, 35.365655068184239 ], [ 129.137031519535014, 35.366040636779104 ], [ 129.137570794941638, 35.365931843704146 ], [ 129.138451342299078, 35.366093115638968 ], [ 129.138615902546064, 35.365984742365704 ], [ 129.138759329010327, 35.36618284271124 ], [ 129.140276392748888, 35.365360897864591 ], [ 129.141475369656035, 35.365044123972126 ], [ 129.14239951144458, 35.365033954705005 ], [ 129.143246275837299, 35.364645403418635 ], [ 129.145061386289427, 35.364462973369669 ], [ 129.145061047384587, 35.364345833924368 ], [ 129.145106552201497, 35.365039869623814 ], [ 129.146556281472215, 35.363677104688577 ], [ 129.146567532617837, 35.363803203754486 ], [ 129.147910944723463, 35.364243276998486 ], [ 129.148758209398267, 35.364251305897653 ], [ 129.150121797288307, 35.363934198532355 ], [ 129.150722156619764, 35.363591558805908 ], [ 129.151584257599325, 35.363418618886229 ], [ 129.153189321480596, 35.362551307745285 ], [ 129.153452885161784, 35.362262481709074 ], [ 129.159115299762277, 35.360272378454681 ], [ 129.161105883576539, 35.359404413268585 ], [ 129.1610490357331, 35.358818716908345 ], [ 129.162805564525939, 35.356806415035059 ], [ 129.164508913492341, 35.355857781895565 ], [ 129.165806846025646, 35.355702745854487 ], [ 129.166235531965242, 35.355485834963865 ], [ 129.16859794137747, 35.353797132247372 ], [ 129.168554219081159, 35.35232812155477 ], [ 129.169151520470393, 35.351008385436742 ], [ 129.168176688590762, 35.349672528415361 ], [ 129.167650968411124, 35.34780723771982 ], [ 129.166044636827394, 35.346902612290499 ], [ 129.166618505350982, 35.346122903893118 ], [ 129.166470146407107, 35.345872087223498 ], [ 129.164281977337225, 35.345466294296358 ], [ 129.163647885108901, 35.344375903082742 ], [ 129.162881811474904, 35.345109576356606 ], [ 129.161004878240476, 35.345391351013383 ], [ 129.160550960254653, 35.346199908824794 ], [ 129.159862945974737, 35.346095210719945 ], [ 129.158948536343956, 35.346579099106762 ], [ 129.1561529326911, 35.346303946528344 ], [ 129.155974280952137, 35.345668828629186 ], [ 129.15505323775534, 35.344995359796634 ], [ 129.154757016295179, 35.344484865566535 ], [ 129.154845721248392, 35.344332158612886 ], [ 129.153251590231918, 35.342543774830098 ], [ 129.153171570133139, 35.341753051293509 ], [ 129.152884186959994, 35.341368455644854 ], [ 129.151818286232526, 35.340603386812759 ], [ 129.15045522423847, 35.340337470938913 ], [ 129.14965644176533, 35.339815594927927 ], [ 129.148874170835398, 35.339051775041 ], [ 129.148856321936478, 35.337824007984096 ], [ 129.146539067993047, 35.336186124879148 ], [ 129.146065424857966, 35.336305487556608 ], [ 129.144858704061022, 35.337130827913192 ], [ 129.142413634943523, 35.337650885350634 ], [ 129.13982248475628, 35.339928018171598 ], [ 129.138856732871261, 35.341058934167471 ], [ 129.136215686555772, 35.342031194298528 ], [ 129.132619745377212, 35.343005336452222 ], [ 129.132214511357915, 35.342743940597764 ], [ 129.127995741968306, 35.343274372212448 ], [ 129.128424867084675, 35.343706054430619 ], [ 129.127161909407306, 35.345086440569879 ], [ 129.127140615516396, 35.345401926222422 ], [ 129.127383090510477, 35.345762189153028 ], [ 129.128550542009179, 35.346716399331179 ], [ 129.129268030837579, 35.348085721102706 ], [ 129.130105419729119, 35.348968002282668 ], [ 129.131151500626743, 35.349498688590955 ], [ 129.133671480896169, 35.350108967307825 ], [ 129.134036474539698, 35.3511540158635 ], [ 129.134587012424305, 35.351450821381924 ], [ 129.134466537070494, 35.351901671153342 ], [ 129.13465569906316, 35.353082180511507 ], [ 129.133897167291394, 35.353515712969006 ], [ 129.133337606402932, 35.354327444731034 ], [ 129.133271977306038, 35.354760153006865 ], [ 129.133481693691579, 35.355075360461576 ], [ 129.133240653107805, 35.355869638202861 ], [ 129.13328567098219, 35.356274346507277 ], [ 129.131824175865631, 35.35740259685096 ], [ 129.130671620384732, 35.359026191163693 ], [ 129.129494988103318, 35.359577313819699 ], [ 129.128944969491641, 35.35955082092773 ], [ 129.127956898413345, 35.360921862407629 ], [ 129.127550134549779, 35.361219768891225 ], [ 129.127034875421231, 35.362400996083593 ], [ 129.126737803537452, 35.362464377835707 ], [ 129.126144582754364, 35.363032943452538 ], [ 129.125407654540339, 35.363285963692604 ], [ 129.123339211075034, 35.363234024280693 ], [ 129.122151745559989, 35.363848070241787 ], [ 129.121569367422211, 35.364425578914954 ], [ 129.121152490820663, 35.365219112164041 ], [ 129.121142177900737, 35.365678871635581 ], [ 129.12059246961087, 35.366585973739944 ], [ 129.118085970996617, 35.367574537609904 ], [ 129.118306935525027, 35.368268334388254 ], [ 129.118176014014921, 35.369034604705831 ] ] ] } },
{ "type": "Feature", "properties": { "학교코드(KEDI)": "216021396", "학교명_20251001": "인지초등학교", "행정구_20251001": "해운대구" }, "geometry": { "type": "Polygon", "coordinates": [ [ [ 129.122172943991615, 35.205957911419276 ], [ 129.122539745516121, 35.206004500759349 ], [ 129.122720166521418, 35.20637013137808 ], [ 129.123336599392616, 35.206484255500825 ], [ 129.123448269739896, 35.206414389733162 ], [ 129.123279510234852, 35.206283179224585 ], [ 129.123826801550251, 35.205729086762709 ], [ 129.123551133844643, 35.205307379229126 ], [ 129.125453244186843, 35.204673091259586 ], [ 129.124589512035641, 35.203300742963087 ], [ 129.125706048864146, 35.202957600024014 ], [ 129.125923144287015, 35.202408051807197 ], [ 129.124829722591272, 35.202103047802474 ], [ 129.124009897270184, 35.202379786531225 ], [ 129.123741192062226, 35.20195282845156 ], [ 129.123092562065324, 35.199733484593423 ], [ 129.120559578956005, 35.200203304053808 ], [ 129.120806547751727, 35.200731784251261 ], [ 129.120341631504772, 35.200856278163293 ], [ 129.120298765996267, 35.201253129082502 ], [ 129.119682864605494, 35.20159203620026 ], [ 129.119786944051953, 35.202241440153436 ], [ 129.120503133141369, 35.202188464126849 ], [ 129.120794772140016, 35.202937015772918 ], [ 129.119986630493202, 35.20318092213909 ], [ 129.119775232160237, 35.20349690377715 ], [ 129.121406664078847, 35.205814764181156 ], [ 129.121850900478023, 35.20559673454801 ], [ 129.122172943991615, 35.205957911419276 ] ] ] } },
{ "type": "Feature", "properties": { "학교코드(KEDI)": "216021412", "학교명_20251001": "장산초등학교", "행정구_20251001": "해운대구" }, "geometry": { "type": "Polygon", "coordinates": [ [ [ 129.120794772140016, 35.202937015772918 ], [ 129.120503133141369, 35.202188464126849 ], [ 129.119786944051953, 35.202241440153436 ], [ 129.119682864605494, 35.20159203620026 ], [ 129.120298765996267, 35.201253129082502 ], [ 129.120341631504772, 35.200856278163293 ], [ 129.120806547751727, 35.200731784251261 ], [ 129.120559578956005, 35.200203304053808 ], [ 129.120712075517531, 35.200200753018208 ], [ 129.120557990697733, 35.199340799204499 ], [ 129.122810268621663, 35.19904254139098 ], [ 129.122654565073901, 35.197450799182512 ], [ 129.122395087780859, 35.196824899216992 ], [ 129.121472039466795, 35.196134321405488 ], [ 129.120781200404366, 35.196080631099576 ], [ 129.118675323961099, 35.197504276753044 ], [ 129.11823101201847, 35.194166788525841 ], [ 129.118348517425687, 35.193943232315753 ], [ 129.11771921552031, 35.193479216858513 ], [ 129.114305310469376, 35.194145425483725 ], [ 129.114723942528201, 35.197675925802059 ], [ 129.11531935677354, 35.199324762632777 ], [ 129.116798864422634, 35.201656079827266 ], [ 129.119306718350657, 35.204930513689099 ], [ 129.120480667457855, 35.20447420700247 ], [ 129.119775232160237, 35.20349690377715 ], [ 129.119986630493202, 35.20318092213909 ], [ 129.120794772140016, 35.202937015772918 ] ] ] } },
{ "type": "Feature", "properties": { "학교코드(KEDI)": "216021424", "학교명_20251001": "장안초등학교", "행정구_20251001": "기장군" }, "geometry": { "type": "Polygon", "coordinates": [ [ [ 129.21156341936063, 35.380778755892344 ], [ 129.214214283891522, 35.38029641861867 ], [ 129.214742837858211, 35.380412612621782 ], [ 129.216500928756147, 35.379345948359301 ], [ 129.218536011360868, 35.378954786521348 ], [ 129.220473823572746, 35.37929371830591 ], [ 129.221883936291107, 35.379822959576252 ], [ 129.223700230980285, 35.379954849548326 ], [ 129.224812960496223, 35.380421530617866 ], [ 129.226838323590215, 35.380615977438772 ], [ 129.22794970488863, 35.380469761483525 ], [ 129.229237902767295, 35.380701691086706 ], [ 129.230196572545935, 35.3811414543094 ], [ 129.231748058182319, 35.381057479808 ], [ 129.233342628628662, 35.380540588123665 ], [ 129.235399540033143, 35.380257294389303 ], [ 129.236097426545371, 35.381724993088945 ], [ 129.236431031349014, 35.382986262726149 ], [ 129.237015978216903, 35.383561987609006 ], [ 129.240220838645342, 35.384303756043465 ], [ 129.240971635021964, 35.385068435004762 ], [ 129.241979144669301, 35.383353865915602 ], [ 129.244853214673185, 35.383870875154528 ], [ 129.245996397186559, 35.383444983406697 ], [ 129.246808876997108, 35.382749273548704 ], [ 129.248790924296742, 35.383150846981138 ], [ 129.249838277581688, 35.38367144300792 ], [ 129.250876010651609, 35.384723847916078 ], [ 129.250824520489857, 35.385841599674542 ], [ 129.25029898051227, 35.386753040686564 ], [ 129.250641957411602, 35.387365169383223 ], [ 129.252896777054048, 35.386837831438882 ], [ 129.255818403805108, 35.384929907675541 ], [ 129.25797284427361, 35.3841231796683 ], [ 129.261729182710752, 35.385151697712075 ], [ 129.26224662522921, 35.385087941460711 ], [ 129.262787510259102, 35.385618044963167 ], [ 129.26333771047004, 35.385643930799247 ], [ 129.264629524785335, 35.38688490626194 ], [ 129.265521856190475, 35.38714428631593 ], [ 129.266127682576638, 35.383871266942812 ], [ 129.267912647640259, 35.381145363684823 ], [ 129.268075935351561, 35.380640226580176 ], [ 129.267975187138376, 35.380099632358082 ], [ 129.269690232223297, 35.379609150505836 ], [ 129.270182864960049, 35.378832984224751 ], [ 129.27117028852274, 35.377911376833147 ], [ 129.272345531401072, 35.377214732117899 ], [ 129.273340525714985, 35.375301773320608 ], [ 129.273790299660163, 35.374814038988397 ], [ 129.275097099091539, 35.374053941713456 ], [ 129.276840380236365, 35.372139102984804 ], [ 129.277343903364169, 35.371362854842495 ], [ 129.277570062501752, 35.369929239385932 ], [ 129.278344546811752, 35.367944644461275 ], [ 129.279427935876214, 35.366139507019952 ], [ 129.280911538319344, 35.36558620851455 ], [ 129.283122358796504, 35.365148559394441 ], [ 129.283218400840497, 35.364481340529665 ], [ 129.282930260908188, 35.363905022589272 ], [ 129.282028097278641, 35.363961343530931 ], [ 129.281933844136574, 35.361906253135281 ], [ 129.281269021239751, 35.360781322998797 ], [ 129.280944084702639, 35.359078621045185 ], [ 129.280938552930735, 35.357537445014955 ], [ 129.280515919341838, 35.356222364821065 ], [ 129.282127747944372, 35.354551268359799 ], [ 129.283981879895748, 35.353077748436696 ], [ 129.28433122271224, 35.35233788284458 ], [ 129.284187189214009, 35.35203169924592 ], [ 129.284930809964067, 35.350732051792129 ], [ 129.284357290126394, 35.350345844086448 ], [ 129.283946960925817, 35.349346353669155 ], [ 129.283350261494974, 35.348599729155787 ], [ 129.283830587493071, 35.347543979983499 ], [ 129.283880576915863, 35.346083700274811 ], [ 129.283449242701266, 35.345435738595754 ], [ 129.282568826071383, 35.345121638191486 ], [ 129.282101720202803, 35.343897654310432 ], [ 129.280712463182425, 35.342963503388518 ], [ 129.280280117606623, 35.342009042928083 ], [ 129.279667864361699, 35.34137769083938 ], [ 129.279182663637272, 35.341354917089099 ], [ 129.278492679504325, 35.342175984240221 ], [ 129.277760940790557, 35.343821855369306 ], [ 129.276546516965453, 35.344640503377228 ], [ 129.27582990698852, 35.344695579041982 ], [ 129.274346557450144, 35.343736323995074 ], [ 129.274478822495183, 35.342701755334339 ], [ 129.27540128687329, 35.341327220918657 ], [ 129.274591091629958, 35.340531472170198 ], [ 129.274651520815837, 35.340184056009278 ], [ 129.27407992052531, 35.339515931813018 ], [ 129.272793398640431, 35.338844571965737 ], [ 129.272820157327516, 35.338605478107517 ], [ 129.272279558561905, 35.338586156668072 ], [ 129.271848140428347, 35.338223801379634 ], [ 129.271734234977657, 35.337220337061588 ], [ 129.271934358329844, 35.335524667534045 ], [ 129.271450205012144, 35.335010012637575 ], [ 129.270699605992036, 35.334758437337321 ], [ 129.271443763560455, 35.334322780370407 ], [ 129.272048545308309, 35.334285375459821 ], [ 129.272146381840116, 35.333888599302583 ], [ 129.271747170046353, 35.332934043491981 ], [ 129.270181816465652, 35.331946190153275 ], [ 129.269994115459212, 35.33168515948033 ], [ 129.269904186951777, 35.331135495818053 ], [ 129.270067197825625, 35.330513355821012 ], [ 129.269514302717937, 35.32962573024475 ], [ 129.269026536608777, 35.33012864155949 ], [ 129.258717685478899, 35.324623186368306 ], [ 129.258843777811961, 35.324467231455372 ], [ 129.258263116013978, 35.323712731448111 ], [ 129.258036444777275, 35.32304194829991 ], [ 129.254840722347666, 35.323722745045536 ], [ 129.254135351297805, 35.323518448293129 ], [ 129.25220982454033, 35.324713020728204 ], [ 129.251809278084551, 35.32578201433423 ], [ 129.250530172676349, 35.326343477773115 ], [ 129.249887752799737, 35.327055223764887 ], [ 129.249538770818958, 35.327807918363447 ], [ 129.249378139393343, 35.329230002640486 ], [ 129.252365827027489, 35.334909314899654 ], [ 129.252378180044019, 35.335098568178594 ], [ 129.251477809188913, 35.335822485657651 ], [ 129.250956314708873, 35.336891092969253 ], [ 129.24816046675636, 35.336784525870812 ], [ 129.247486579889312, 35.336873958769388 ], [ 129.247556851130241, 35.336978188724217 ], [ 129.24660382980565, 35.336623380342239 ], [ 129.246119225818518, 35.335356648675344 ], [ 129.245322009085385, 35.335251000534917 ], [ 129.244132070196343, 35.333509419036524 ], [ 129.242526395814451, 35.332683321134148 ], [ 129.240958013611589, 35.332705906256969 ], [ 129.23898820658772, 35.333643025996629 ], [ 129.237146600514194, 35.334276206073525 ], [ 129.235875162574729, 35.336012470161755 ], [ 129.233764601418187, 35.337819555999616 ], [ 129.23326745054888, 35.338678482062221 ], [ 129.232263923104057, 35.339677539822574 ], [ 129.23065759804436, 35.340724872385508 ], [ 129.229549433603808, 35.341812885045847 ], [ 129.228017799516948, 35.342572877384136 ], [ 129.227068756780653, 35.34255545477874 ], [ 129.22625207637688, 35.342150929162152 ], [ 129.225331856808083, 35.341015613895117 ], [ 129.223937474612796, 35.341733120594803 ], [ 129.222457870993253, 35.341905914095634 ], [ 129.220125877884129, 35.342821485272609 ], [ 129.219776544026757, 35.343612037902048 ], [ 129.218051809184175, 35.344938376716875 ], [ 129.217482161868134, 35.345792860412239 ], [ 129.214224959695997, 35.34747194827294 ], [ 129.213148984035286, 35.347440127008063 ], [ 129.211093118126371, 35.346541754371053 ], [ 129.209593297830622, 35.347197536262826 ], [ 129.208291561876592, 35.34819122837763 ], [ 129.207043309600436, 35.348813469688331 ], [ 129.206296773467329, 35.349554002510089 ], [ 129.204970442425207, 35.349655474186925 ], [ 129.205563879255465, 35.351460282196669 ], [ 129.206431199436366, 35.351793566793738 ], [ 129.206308048670309, 35.352996232760105 ], [ 129.205008254302129, 35.354246673276833 ], [ 129.205537697712828, 35.354828935675158 ], [ 129.206882946638359, 35.355148430918824 ], [ 129.207625343228301, 35.355834515270352 ], [ 129.207522927492761, 35.356056868024844 ], [ 129.208179404601054, 35.35682628695703 ], [ 129.208027902442893, 35.357689745285342 ], [ 129.20751174695198, 35.358454227218829 ], [ 129.207492988069589, 35.358910058119982 ], [ 129.20859867594379, 35.360082275334726 ], [ 129.207691550038959, 35.36094539505865 ], [ 129.206536219361169, 35.361659477479975 ], [ 129.207174899662391, 35.362577722710768 ], [ 129.206709183416393, 35.363984619531998 ], [ 129.206112247773291, 35.364197632510653 ], [ 129.206010629344348, 35.365556703001559 ], [ 129.206466638900423, 35.366162941249165 ], [ 129.206074096260892, 35.368080817423298 ], [ 129.20510054349549, 35.369429446090486 ], [ 129.205183063489471, 35.370542932431142 ], [ 129.204967438727778, 35.371479497705543 ], [ 129.202878009031792, 35.373386734983669 ], [ 129.202266981787659, 35.375702502371652 ], [ 129.201740981815391, 35.376037873063822 ], [ 129.201141663325501, 35.375784463075867 ], [ 129.199197881343991, 35.375957879328929 ], [ 129.198392051704104, 35.377114477637306 ], [ 129.197160508042344, 35.3776483839927 ], [ 129.196689782910056, 35.378649564727297 ], [ 129.195614462222807, 35.379976266418396 ], [ 129.194569588927095, 35.380257269220657 ], [ 129.19359451606752, 35.382088575697338 ], [ 129.194444484771026, 35.38307857454781 ], [ 129.19434618085873, 35.383448262881736 ], [ 129.196408608983489, 35.385301709003159 ], [ 129.197126779438435, 35.386463322857004 ], [ 129.197921224145858, 35.387164971018187 ], [ 129.199367443925524, 35.389037445051407 ], [ 129.201169615287881, 35.387781671979525 ], [ 129.202577077484847, 35.387238455578064 ], [ 129.203400832553086, 35.386588169027071 ], [ 129.205089950478879, 35.3843410746845 ], [ 129.207387389411934, 35.383210487414253 ], [ 129.207946809005307, 35.382452504753573 ], [ 129.21156341936063, 35.380778755892344 ] ] ] } },
{ "type": "Feature", "properties": { "학교코드(KEDI)": "216021436", "학교명_20251001": "재송초등학교", "행정구_20251001": "해운대구" }, "geometry": { "type": "Polygon", "coordinates": [ [ [ 129.143916245591384, 35.19168437929909 ], [ 129.140522645322847, 35.186489007737542 ], [ 129.1388522337609, 35.183388744518894 ], [ 129.137271882758029, 35.180902050551168 ], [ 129.135373609115646, 35.18010782076535 ], [ 129.135022244664242, 35.179065615038049 ], [ 129.133890669124725, 35.178561559736487 ], [ 129.133682276255399, 35.178137431918451 ], [ 129.13280532260984, 35.177577743871275 ], [ 129.13262176664233, 35.176891835291848 ], [ 129.132011923235069, 35.176359199359332 ], [ 129.131488099743308, 35.176149622345513 ], [ 129.130523588037761, 35.176053331733748 ], [ 129.1299857912677, 35.176474927825836 ], [ 129.127452204170453, 35.17743810126305 ], [ 129.123222254510068, 35.18153354960868 ], [ 129.121048073568971, 35.18448078071944 ], [ 129.120849876685014, 35.187931492109627 ], [ 129.124006514044765, 35.187567131092699 ], [ 129.123966791214229, 35.188271549007077 ], [ 129.123725253258442, 35.188534662369392 ], [ 129.123837852148995, 35.189313180045367 ], [ 129.124589718698161, 35.189265043809122 ], [ 129.125856321790451, 35.189624072998804 ], [ 129.126247745511762, 35.190207794561161 ], [ 129.126038287779267, 35.190519235179622 ], [ 129.125283282383435, 35.191037483842983 ], [ 129.126013522831499, 35.191240677138659 ], [ 129.125879584518572, 35.190982666084821 ], [ 129.126580076507366, 35.190727425285125 ], [ 129.126713099325997, 35.190926883516546 ], [ 129.127575023773659, 35.190543364125894 ], [ 129.128060274801868, 35.191577220939287 ], [ 129.130304812517522, 35.191795306476195 ], [ 129.130395019888141, 35.191150898630596 ], [ 129.131092850926962, 35.190445244606067 ], [ 129.131306712885731, 35.190362213916821 ], [ 129.131515977491091, 35.19054988455153 ], [ 129.132259841261572, 35.19067388057536 ], [ 129.13278790729359, 35.190458933270115 ], [ 129.133075272482841, 35.1907578653285 ], [ 129.133746677882385, 35.190475392107814 ], [ 129.133870799206477, 35.189828915407901 ], [ 129.13499923309567, 35.190197499750013 ], [ 129.134868636225207, 35.190638403873848 ], [ 129.135182463779017, 35.190919133180628 ], [ 129.134959878623306, 35.192920520241607 ], [ 129.135482345152781, 35.194211577611867 ], [ 129.136067463380215, 35.193933313326944 ], [ 129.144096296977295, 35.192469054480306 ], [ 129.143916245591384, 35.19168437929909 ] ] ] } },
{ "type": "Feature", "properties": { "학교코드(KEDI)": "216021448", "학교명_20251001": "정관초등학교", "행정구_20251001": "기장군" }, "geometry": { "type": "Polygon", "coordinates": [ [ [ 129.17326108915799, 35.322653785369923 ], [ 129.17496566269989, 35.321779109079749 ], [ 129.176875522971784, 35.324655847125349 ], [ 129.178576043966189, 35.324640659050523 ], [ 129.180536315941822, 35.324153539497523 ], [ 129.173662742974329, 35.311913570127388 ], [ 129.171872230353813, 35.306174577226749 ], [ 129.171085375926054, 35.306689441986123 ], [ 129.168487037122077, 35.307327056255602 ], [ 129.167836638089767, 35.308072361615764 ], [ 129.16486924529184, 35.307523891057606 ], [ 129.164336621539263, 35.308236843324977 ], [ 129.163225408384676, 35.30868241979725 ], [ 129.161455751604649, 35.310224492234305 ], [ 129.159519626206389, 35.309524297435907 ], [ 129.158132406070962, 35.309360617689428 ], [ 129.156686431411117, 35.308885498347827 ], [ 129.154694825157378, 35.308503799620389 ], [ 129.154226754378755, 35.308453646772236 ], [ 129.153822260835568, 35.308767100184575 ], [ 129.153369780135137, 35.308704034278158 ], [ 129.152724411490027, 35.308924408460413 ], [ 129.152438057980845, 35.31086461147985 ], [ 129.152409004482053, 35.313455705962582 ], [ 129.153169999884568, 35.315011711361052 ], [ 129.15366860745084, 35.316843309577024 ], [ 129.154198698492252, 35.318037806594901 ], [ 129.153160909297554, 35.320507583090141 ], [ 129.157141024830878, 35.321622652317515 ], [ 129.160029325097554, 35.321124339777676 ], [ 129.161239476020143, 35.321067630025517 ], [ 129.163416040403035, 35.321373084626458 ], [ 129.164136960156185, 35.321744702882327 ], [ 129.164918347005852, 35.321845788613338 ], [ 129.167785016041705, 35.323579572300311 ], [ 129.170867683619576, 35.324983550938541 ], [ 129.170242642594786, 35.326024614516818 ], [ 129.172380933559225, 35.326973082655357 ], [ 129.174523778347492, 35.324505064420308 ], [ 129.17326108915799, 35.322653785369923 ] ] ] } },
{ "type": "Feature", "properties": { "학교코드(KEDI)": "216021460", "학교명_20251001": "좌동초등학교", "행정구_20251001": "해운대구" }, "geometry": { "type": "Polygon", "coordinates": [ [ [ 129.176474880157542, 35.177547494058871 ], [ 129.17540842622617, 35.174786554268486 ], [ 129.17821079222017, 35.173855577334827 ], [ 129.176008673647601, 35.172781591679637 ], [ 129.177697648722216, 35.170408239068564 ], [ 129.175617651594592, 35.169433437198144 ], [ 129.175708453457077, 35.169319137258832 ], [ 129.174554317498348, 35.168446446848542 ], [ 129.174002241945459, 35.169253161254339 ], [ 129.174391168825252, 35.1698040721068 ], [ 129.174156913288471, 35.170559379022592 ], [ 129.173498281923628, 35.171019860679948 ], [ 129.173464472059493, 35.171327135687115 ], [ 129.173361717688124, 35.171237127165526 ], [ 129.173424413016591, 35.171810091565696 ], [ 129.17323234227959, 35.172446453447925 ], [ 129.172792801514788, 35.172858821418046 ], [ 129.171574967148217, 35.173069216996147 ], [ 129.171189310547561, 35.173511229926476 ], [ 129.172430722340891, 35.174103076645459 ], [ 129.170591430979783, 35.176520339268968 ], [ 129.171657020610809, 35.177070679203389 ], [ 129.170674074627271, 35.178377679601837 ], [ 129.172594326507294, 35.179331638970908 ], [ 129.173454918117955, 35.179532818386555 ], [ 129.174809316247405, 35.179546561729452 ], [ 129.175443242992998, 35.179421483175595 ], [ 129.174883688194569, 35.1779523727106 ], [ 129.176474880157542, 35.177547494058871 ] ] ] } },
{ "type": "Feature", "properties": { "학교코드(KEDI)": "216021472", "학교명_20251001": "좌산초등학교", "행정구_20251001": "해운대구" }, "geometry": { "type": "Polygon", "coordinates": [ [ [ 129.187532534610739, 35.165004815183721 ], [ 129.186401179691728, 35.1646234103371 ], [ 129.185972364560655, 35.164217992162754 ], [ 129.185799506995437, 35.16444282637314 ], [ 129.185285826787407, 35.164624360904234 ], [ 129.182982252014426, 35.164795098675228 ], [ 129.180422345975956, 35.164567908485502 ], [ 129.182170755617562, 35.166642777022609 ], [ 129.182845866205923, 35.168287665345595 ], [ 129.182928818386642, 35.169508503758955 ], [ 129.18272790217344, 35.170544566725269 ], [ 129.182432833501338, 35.171331274397375 ], [ 129.181862610146339, 35.172168265429178 ], [ 129.183057703164678, 35.172837932557634 ], [ 129.183517303225756, 35.173400326956951 ], [ 129.184833769324598, 35.1728557398609 ], [ 129.184746708759008, 35.17248299535521 ], [ 129.185028268044107, 35.171228644944009 ], [ 129.185402247939351, 35.170462063194314 ], [ 129.186345377811278, 35.1697315337574 ], [ 129.186146893816442, 35.168844085427956 ], [ 129.185775960242125, 35.16852112677698 ], [ 129.185694732038286, 35.167761302612519 ], [ 129.186545413548288, 35.167189124810285 ], [ 129.186762654031526, 35.166808215090697 ], [ 129.187064580519063, 35.165186605320983 ], [ 129.187532534610739, 35.165004815183721 ] ] ] } },
{ "type": "Feature", "properties": { "학교코드(KEDI)": "216021484", "학교명_20251001": "좌천초등학교", "행정구_20251001": "기장군" }, "geometry": { "type": "Polygon", "coordinates": [ [ [ 129.209593297830622, 35.347197536262826 ], [ 129.211093118126371, 35.346541754371053 ], [ 129.213148984035286, 35.347440127008063 ], [ 129.214224959695997, 35.34747194827294 ], [ 129.217482161868134, 35.345792860412239 ], [ 129.218051809184175, 35.344938376716875 ], [ 129.219776544026757, 35.343612037902048 ], [ 129.220125877884129, 35.342821485272609 ], [ 129.222457870993253, 35.341905914095634 ], [ 129.223937474612796, 35.341733120594803 ], [ 129.225331856808083, 35.341015613895117 ], [ 129.22625207637688, 35.342150929162152 ], [ 129.227068756780653, 35.34255545477874 ], [ 129.228017799516948, 35.342572877384136 ], [ 129.229549433603808, 35.341812885045847 ], [ 129.23065759804436, 35.340724872385508 ], [ 129.232263923104057, 35.339677539822574 ], [ 129.23326745054888, 35.338678482062221 ], [ 129.233764601418187, 35.337819555999616 ], [ 129.235875162574729, 35.336012470161755 ], [ 129.237146600514194, 35.334276206073525 ], [ 129.23898820658772, 35.333643025996629 ], [ 129.240958013611589, 35.332705906256969 ], [ 129.242526395814451, 35.332683321134148 ], [ 129.244132070196343, 35.333509419036524 ], [ 129.245322009085385, 35.335251000534917 ], [ 129.246119225818518, 35.335356648675344 ], [ 129.24660382980565, 35.336623380342239 ], [ 129.247556851130241, 35.336978188724217 ], [ 129.247486579889312, 35.336873958769388 ], [ 129.24816046675636, 35.336784525870812 ], [ 129.250956314708873, 35.336891092969253 ], [ 129.251477809188913, 35.335822485657651 ], [ 129.252378180044019, 35.335098568178594 ], [ 129.252365827027489, 35.334909314899654 ], [ 129.249378139393343, 35.329230002640486 ], [ 129.249538770818958, 35.327807918363447 ], [ 129.249887752799737, 35.327055223764887 ], [ 129.250530172676349, 35.326343477773115 ], [ 129.251809278084551, 35.32578201433423 ], [ 129.25220982454033, 35.324713020728204 ], [ 129.254135351297805, 35.323518448293129 ], [ 129.254840722347666, 35.323722745045536 ], [ 129.258036444777275, 35.32304194829991 ], [ 129.258263116013978, 35.323712731448111 ], [ 129.258843777811961, 35.324467231455372 ], [ 129.259673649252761, 35.323564045877369 ], [ 129.260698012643331, 35.324151501444007 ], [ 129.262290849792663, 35.324035964821213 ], [ 129.264731105145671, 35.32535731496823 ], [ 129.265994621195006, 35.324842191115287 ], [ 129.266615624588809, 35.324187277152483 ], [ 129.266405795899146, 35.321999314472599 ], [ 129.2672807809613, 35.321177306226254 ], [ 129.266843774098732, 35.320859705086349 ], [ 129.266687485698981, 35.321030997125071 ], [ 129.266405253933186, 35.320696889190387 ], [ 129.266887472941107, 35.320137052985778 ], [ 129.267623833133854, 35.319955143789656 ], [ 129.267867124170238, 35.320387190255573 ], [ 129.268064634807644, 35.32028759948021 ], [ 129.267678505927591, 35.319882869764392 ], [ 129.266843270195778, 35.320091985476893 ], [ 129.266196007828313, 35.320598174202992 ], [ 129.265215370977785, 35.319942411477534 ], [ 129.264409999013964, 35.319214090872798 ], [ 129.262630710898605, 35.316477926252162 ], [ 129.262696252416902, 35.316351525424317 ], [ 129.26219971498071, 35.315829871655893 ], [ 129.262484227930003, 35.315387517119362 ], [ 129.261782493783329, 35.316047045845053 ], [ 129.261011469170427, 35.315661176022481 ], [ 129.260139084214188, 35.314410170641992 ], [ 129.261652016312155, 35.315185376116673 ], [ 129.261102787214583, 35.31449112783087 ], [ 129.259400175963009, 35.313269504577789 ], [ 129.25745840926939, 35.312769426300555 ], [ 129.257106989482992, 35.312180971333838 ], [ 129.256846626679049, 35.312154482032462 ], [ 129.256408032465714, 35.312518642627509 ], [ 129.255192036449472, 35.312893269061675 ], [ 129.254601994609118, 35.312300170129738 ], [ 129.253678916579048, 35.31185602943178 ], [ 129.253150162719919, 35.311233501735728 ], [ 129.253380221224063, 35.310848965023325 ], [ 129.253213207094404, 35.310747826288285 ], [ 129.252826230916696, 35.308748129176301 ], [ 129.251735740532922, 35.308625555598042 ], [ 129.251138324567734, 35.308798044355235 ], [ 129.25011291166274, 35.308617144622794 ], [ 129.249958781032859, 35.306790145122996 ], [ 129.248954532749991, 35.305088906691068 ], [ 129.248399809827873, 35.304562807023757 ], [ 129.249091482658713, 35.30326105186365 ], [ 129.248882807537797, 35.302665895342791 ], [ 129.249206662627415, 35.302631063265899 ], [ 129.248446491823245, 35.302535762404624 ], [ 129.246729502066501, 35.302790684100735 ], [ 129.24523709143611, 35.30283205268649 ], [ 129.244222049301214, 35.302322047706525 ], [ 129.242642032159154, 35.300831170797906 ], [ 129.242076517109751, 35.300565125512961 ], [ 129.240907851483144, 35.300536510194227 ], [ 129.239075630205548, 35.299650184919095 ], [ 129.238882708236218, 35.299355127213488 ], [ 129.238163595110279, 35.299098384929849 ], [ 129.2373165513375, 35.299776246275194 ], [ 129.235805316938468, 35.300295375777807 ], [ 129.23532278444884, 35.30072237079051 ], [ 129.234929166012222, 35.300703002968909 ], [ 129.234069928867342, 35.30111852406165 ], [ 129.233049970657191, 35.30137552046294 ], [ 129.232494955484526, 35.302109546605649 ], [ 129.231566855448875, 35.302836527220784 ], [ 129.231107241094264, 35.302593589061672 ], [ 129.230497047877265, 35.30252318231922 ], [ 129.22966623744918, 35.302038934222907 ], [ 129.228864667061174, 35.302099482112943 ], [ 129.228863621328742, 35.302236846795665 ], [ 129.227869099712393, 35.302459268956234 ], [ 129.226900054799529, 35.301998334126992 ], [ 129.225733080202815, 35.300728455448031 ], [ 129.224523584674557, 35.300175380908627 ], [ 129.220053461403012, 35.300229779738181 ], [ 129.218793275788528, 35.300796116021871 ], [ 129.217789017578951, 35.302025697522367 ], [ 129.217428348151941, 35.303582762588441 ], [ 129.216092459913597, 35.304208953385533 ], [ 129.214614598558768, 35.304623565238558 ], [ 129.210692999662285, 35.30643271539612 ], [ 129.210290301997219, 35.307783605252062 ], [ 129.211713577336724, 35.309699351981237 ], [ 129.213186283926575, 35.310978202555269 ], [ 129.214749573079786, 35.311978819506066 ], [ 129.216659984440128, 35.315236804782721 ], [ 129.21856693500493, 35.31607163253063 ], [ 129.223022061965395, 35.313989231882026 ], [ 129.223850719979566, 35.31445991838217 ], [ 129.224442419159715, 35.314491636146684 ], [ 129.225401151446164, 35.314832731524376 ], [ 129.227447268920201, 35.314673083888216 ], [ 129.227699075211575, 35.314825749527046 ], [ 129.227611450790448, 35.315030153669632 ], [ 129.228168955931437, 35.31659877599057 ], [ 129.228652465990166, 35.317182741689351 ], [ 129.228784772223804, 35.318837603724965 ], [ 129.229769721398071, 35.320262561620488 ], [ 129.230110579784451, 35.32008624233093 ], [ 129.2298210986051, 35.319420898262472 ], [ 129.231215715616628, 35.318697628177503 ], [ 129.232122182470789, 35.318535465659309 ], [ 129.23323115417918, 35.319702910172872 ], [ 129.233762715538688, 35.320499611411485 ], [ 129.233645794699612, 35.320800824524866 ], [ 129.232964156949521, 35.321174569973181 ], [ 129.231633195745161, 35.321619212583528 ], [ 129.22919622446949, 35.324818404780224 ], [ 129.227279683498267, 35.326738042876237 ], [ 129.226696379711967, 35.326632322269234 ], [ 129.225802641369995, 35.326740701694192 ], [ 129.224691406365565, 35.327265890616722 ], [ 129.221401077283303, 35.32714636487561 ], [ 129.220604299240847, 35.328546852417219 ], [ 129.219784925735723, 35.328753656855042 ], [ 129.218764356449526, 35.329401115722071 ], [ 129.217185871013498, 35.329243057126519 ], [ 129.215703398752225, 35.330623281609292 ], [ 129.21445582736979, 35.330709669526506 ], [ 129.213490130977533, 35.331294706472285 ], [ 129.213144145012961, 35.332194295481692 ], [ 129.2118330888473, 35.332834093383241 ], [ 129.211416084862663, 35.333544252348787 ], [ 129.210886305828808, 35.333817373437462 ], [ 129.2108763079315, 35.335058786284471 ], [ 129.210345388399389, 35.336731936724618 ], [ 129.209408505744904, 35.337010980550502 ], [ 129.209108065963136, 35.337337776999235 ], [ 129.207538575905886, 35.337786980348831 ], [ 129.206880967779597, 35.339028052809006 ], [ 129.204113482802427, 35.339891598377591 ], [ 129.203411419662842, 35.340490892768557 ], [ 129.203357846167705, 35.341516938632594 ], [ 129.203005156509079, 35.34191226912737 ], [ 129.203243321622011, 35.34276845963452 ], [ 129.202425229889514, 35.345104191409732 ], [ 129.203339655539764, 35.347138997908068 ], [ 129.203202518197912, 35.348584245427475 ], [ 129.202897184905368, 35.349050108873271 ], [ 129.203162750130673, 35.349402532763037 ], [ 129.204970442425207, 35.349655474186925 ], [ 129.206296773467329, 35.349554002510089 ], [ 129.207043309600436, 35.348813469688331 ], [ 129.208291561876592, 35.34819122837763 ], [ 129.209593297830622, 35.347197536262826 ] ] ] } },
{ "type": "Feature", "properties": { "학교코드(KEDI)": "216021496", "학교명_20251001": "죽성초등학교", "행정구_20251001": "기장군" }, "geometry": { "type": "Polygon", "coordinates": [ [ [ 129.237014119019705, 35.256073903525923 ], [ 129.236935298668271, 35.255986174433183 ], [ 129.238618783574168, 35.256074195718419 ], [ 129.241185035273986, 35.255432250882443 ], [ 129.243425712525237, 35.253460679528928 ], [ 129.243921531704899, 35.25252773469046 ], [ 129.243818603291601, 35.250799362204098 ], [ 129.243978145713186, 35.250017094263988 ], [ 129.245523963725162, 35.249974356627028 ], [ 129.247006564610928, 35.250163973977394 ], [ 129.247490607022513, 35.250320814636183 ], [ 129.247947378064509, 35.250758478288276 ], [ 129.248408510620038, 35.250242871130347 ], [ 129.248203032215912, 35.248644766042787 ], [ 129.248932671463621, 35.246930555627024 ], [ 129.251233583135246, 35.24433163734583 ], [ 129.25042223143987, 35.243919186782314 ], [ 129.249971624735991, 35.243848015008915 ], [ 129.249466345741808, 35.243984260011068 ], [ 129.24884152243618, 35.244391087751723 ], [ 129.24848970952624, 35.244391851549807 ], [ 129.248347349313747, 35.244482213807288 ], [ 129.248415098882589, 35.245058932254373 ], [ 129.248196963325796, 35.245600270020958 ], [ 129.24764852681156, 35.245889799757066 ], [ 129.246548628714862, 35.245513450191737 ], [ 129.246545487967296, 35.244440909275369 ], [ 129.246368995529537, 35.244251991950058 ], [ 129.246061204626642, 35.244243484116033 ], [ 129.245873854614445, 35.244009567755221 ], [ 129.2455330441515, 35.243911145678332 ], [ 129.24551148275782, 35.244100487912711 ], [ 129.244875062765516, 35.244336017954566 ], [ 129.244269667669869, 35.244003838427012 ], [ 129.244686035124488, 35.243642438216916 ], [ 129.244924645533189, 35.242560342498578 ], [ 129.24577990146301, 35.241945664742481 ], [ 129.246361956411846, 35.241917545401442 ], [ 129.246341510281553, 35.242458310585683 ], [ 129.24737539432806, 35.242807727822395 ], [ 129.247673220229586, 35.24317672608381 ], [ 129.247463195197412, 35.242780472536509 ], [ 129.247177035407219, 35.242609925555143 ], [ 129.247186897331034, 35.242258309738936 ], [ 129.247492294002058, 35.241545694272986 ], [ 129.248249067810605, 35.241057431561416 ], [ 129.248313427368402, 35.240516423158311 ], [ 129.248456081858734, 35.240462096501133 ], [ 129.248278960459373, 35.240038765073784 ], [ 129.247805312553908, 35.239616153136943 ], [ 129.247903671449677, 35.239498734173978 ], [ 129.247496815621787, 35.239382386803442 ], [ 129.247408351292137, 35.239211411052707 ], [ 129.247453578123412, 35.239544680560478 ], [ 129.247277512839531, 35.239545138113094 ], [ 129.24713446182443, 35.239473312935687 ], [ 129.247254895334748, 35.239247768840713 ], [ 129.246980187236431, 35.239293275779005 ], [ 129.246243229185353, 35.238943263063007 ], [ 129.24599960172705, 35.238285748382545 ], [ 129.246086900001444, 35.23807828416642 ], [ 129.245591220179364, 35.23772774312296 ], [ 129.245173848049149, 35.237764772411339 ], [ 129.244911461608524, 35.238107693178044 ], [ 129.245054412001735, 35.238188535902019 ], [ 129.244670525050338, 35.238369540386024 ], [ 129.244395737015395, 35.23832506837784 ], [ 129.244471901778525, 35.238099654339067 ], [ 129.244185953912506, 35.238073133639631 ], [ 129.243877668145956, 35.23782132968487 ], [ 129.243822104001623, 35.237523999240622 ], [ 129.243572134227264, 35.238480011123492 ], [ 129.242934401679832, 35.238355115852201 ], [ 129.243207063913957, 35.237624386725983 ], [ 129.242821210793608, 35.237210546882956 ], [ 129.242864308016721, 35.236868034085752 ], [ 129.24300609849999, 35.236570289954777 ], [ 129.243215071101787, 35.23660584449896 ], [ 129.243433972493278, 35.236416216851012 ], [ 129.243433355417437, 35.236181797704269 ], [ 129.243092286497415, 35.235948192807641 ], [ 129.243113171733683, 35.235659731534938 ], [ 129.243343818692125, 35.235560142025037 ], [ 129.243583473313237, 35.234964767877855 ], [ 129.24394548195022, 35.234774743545742 ], [ 129.244153203552088, 35.234440856993238 ], [ 129.244537533162173, 35.234313905886118 ], [ 129.244848719943633, 35.233841612028904 ], [ 129.244089615894836, 35.231520603092136 ], [ 129.244594227143807, 35.231213178401404 ], [ 129.245176089272064, 35.231130860420592 ], [ 129.24497159649934, 35.230615111362518 ], [ 129.241718919768573, 35.231056072397884 ], [ 129.241628022221562, 35.232567984389703 ], [ 129.240723932267315, 35.232795470973166 ], [ 129.239561309988886, 35.2327464767856 ], [ 129.23855960841297, 35.233106545896106 ], [ 129.237900818693305, 35.23352659728144 ], [ 129.237004191462177, 35.233758908730962 ], [ 129.232895720140164, 35.234075453056832 ], [ 129.232856871860605, 35.234322314008821 ], [ 129.233638844151329, 35.235599640442871 ], [ 129.234213697348281, 35.237048614054075 ], [ 129.234152328579228, 35.23860201364036 ], [ 129.234828218318995, 35.23914566284332 ], [ 129.236119847153191, 35.24127095955879 ], [ 129.235218907721361, 35.242328893119137 ], [ 129.234506110930084, 35.243488581021559 ], [ 129.233815598050484, 35.244109308389916 ], [ 129.232925799499043, 35.2455961062659 ], [ 129.232080687809798, 35.245549418268929 ], [ 129.231446195240977, 35.2458622902519 ], [ 129.23140141539514, 35.246233195918322 ], [ 129.231067614896546, 35.246335788716493 ], [ 129.231140071051243, 35.246459305634318 ], [ 129.230540688736312, 35.247460207489155 ], [ 129.230224584255666, 35.24902655922574 ], [ 129.229020935334887, 35.250143514261723 ], [ 129.226949914592211, 35.251397098683491 ], [ 129.226861105828704, 35.251864699480215 ], [ 129.227453655481725, 35.252682733383551 ], [ 129.228166970579139, 35.253105385922915 ], [ 129.228306053665051, 35.253805375509479 ], [ 129.229495552538339, 35.253929596864857 ], [ 129.231311390585972, 35.253392660755537 ], [ 129.232512045602988, 35.254660810941886 ], [ 129.234405301410931, 35.255490288375221 ], [ 129.234786347478092, 35.256206749865434 ], [ 129.236431553997278, 35.25643331628207 ], [ 129.237014119019705, 35.256073903525923 ] ] ] } },
{ "type": "Feature", "properties": { "학교코드(KEDI)": "216021508", "학교명_20251001": "철마초등학교", "행정구_20251001": "기장군" }, "geometry": { "type": "Polygon", "coordinates": [ [ [ 129.163515120278674, 35.308559540881404 ], [ 129.164336621539263, 35.308236843324977 ], [ 129.16486924529184, 35.307523891057606 ], [ 129.167836638089767, 35.308072361615764 ], [ 129.168487037122077, 35.307327056255602 ], [ 129.171085375926054, 35.306689441986123 ], [ 129.172024082623921, 35.306072873214177 ], [ 129.17308128139166, 35.305862629150617 ], [ 129.173286736524489, 35.305632408077869 ], [ 129.173854517983727, 35.305521547051775 ], [ 129.174295482986196, 35.305289004553948 ], [ 129.175264273596923, 35.304362938871911 ], [ 129.176142019104475, 35.30431444437275 ], [ 129.179925359251285, 35.304829621625544 ], [ 129.179561287810202, 35.303766588053115 ], [ 129.180409559948771, 35.302919344107039 ], [ 129.180342057009852, 35.30247328540635 ], [ 129.181106529268817, 35.301179642981396 ], [ 129.182151251388234, 35.300645368186942 ], [ 129.182750680770283, 35.299666781533936 ], [ 129.182895668945349, 35.298700886294313 ], [ 129.181975074430312, 35.296796555627211 ], [ 129.182151758103288, 35.29634813562722 ], [ 129.181000234275672, 35.29549736966564 ], [ 129.180734473192189, 35.295006642967856 ], [ 129.180247261664846, 35.294682608645921 ], [ 129.179958330844244, 35.292933729070555 ], [ 129.179358728226134, 35.291343632177082 ], [ 129.181382337016771, 35.289086041225538 ], [ 129.181768509635674, 35.288881855541753 ], [ 129.181735772665434, 35.287156569803741 ], [ 129.181528440565785, 35.28625870081806 ], [ 129.183026825815602, 35.285410015520114 ], [ 129.184370581496637, 35.284982020589091 ], [ 129.187505444899813, 35.283070194926559 ], [ 129.190395333245533, 35.282420540900944 ], [ 129.194892000177191, 35.280062933661441 ], [ 129.194704825554851, 35.27872736061142 ], [ 129.19363799017944, 35.276546385178762 ], [ 129.194879039454236, 35.27433451174025 ], [ 129.194340759210831, 35.272783453080976 ], [ 129.191998653441885, 35.272520006756359 ], [ 129.19192592465285, 35.27206386355995 ], [ 129.192740347528087, 35.269776156868687 ], [ 129.192926519930296, 35.268466763838795 ], [ 129.195684111522041, 35.267417537798785 ], [ 129.194762338514636, 35.265322412166661 ], [ 129.193231296366719, 35.264835691927694 ], [ 129.19259938391744, 35.26492953063844 ], [ 129.191649859201249, 35.265396115159511 ], [ 129.190029823542801, 35.265055241884724 ], [ 129.189634348457844, 35.263316906029885 ], [ 129.187388846357095, 35.25999525095385 ], [ 129.184804577342987, 35.26030772107184 ], [ 129.184468202915639, 35.25957598327166 ], [ 129.183391649369526, 35.258513847430763 ], [ 129.18284157206952, 35.256554259186082 ], [ 129.183101917502029, 35.255874801408879 ], [ 129.182884383320896, 35.255029251053607 ], [ 129.181840731613192, 35.253795232073443 ], [ 129.181347953452786, 35.253473313037411 ], [ 129.181283858937576, 35.251815789586189 ], [ 129.179938797350189, 35.250232523761923 ], [ 129.17805300472611, 35.250253046045543 ], [ 129.176507308944906, 35.249109236861571 ], [ 129.175325711192841, 35.249270748704447 ], [ 129.174742328046335, 35.249867732134689 ], [ 129.172565513086965, 35.248284199849842 ], [ 129.172582629971828, 35.247750132439073 ], [ 129.170782344953864, 35.248072729881187 ], [ 129.169487464430603, 35.247859112969842 ], [ 129.169041974274734, 35.248738719035387 ], [ 129.167645706433859, 35.249402679179298 ], [ 129.167264982037807, 35.250050182399939 ], [ 129.166385065484718, 35.250694583222206 ], [ 129.1651057284366, 35.250574728522331 ], [ 129.164602790593477, 35.251331450957458 ], [ 129.163985245649201, 35.251649553171895 ], [ 129.163260247528058, 35.251755892760592 ], [ 129.162825905581627, 35.253149402789532 ], [ 129.161559872292258, 35.253441677215605 ], [ 129.158305241531025, 35.25314452974203 ], [ 129.15736960862472, 35.253495369327439 ], [ 129.156451954610162, 35.254290628990077 ], [ 129.154889480665844, 35.253627700501134 ], [ 129.150931560130402, 35.254675325619345 ], [ 129.149443272996734, 35.252427951520787 ], [ 129.147322117172109, 35.250887970778287 ], [ 129.145278322581959, 35.251974504251507 ], [ 129.144446136447357, 35.251034021095052 ], [ 129.142274327822662, 35.251475370428722 ], [ 129.140117474672138, 35.2529019600655 ], [ 129.139931304780276, 35.25330330643159 ], [ 129.138273710786365, 35.254292159086489 ], [ 129.138533388132828, 35.255120971521485 ], [ 129.138402381290746, 35.255675228816237 ], [ 129.138556798815273, 35.255986349342535 ], [ 129.138201084091946, 35.256860951142421 ], [ 129.138883773186365, 35.257599366690499 ], [ 129.139579387377665, 35.259626579564355 ], [ 129.139558166734645, 35.260099761658296 ], [ 129.139229420078351, 35.260537277280086 ], [ 129.13779001274176, 35.260570445077498 ], [ 129.134361941152918, 35.259251517507757 ], [ 129.133238412469098, 35.260568808734163 ], [ 129.129429957904534, 35.260337935127346 ], [ 129.125816641408619, 35.261820864029154 ], [ 129.122151091136203, 35.261502211314166 ], [ 129.121395819307509, 35.261228072236477 ], [ 129.121516521385928, 35.261709890786832 ], [ 129.12257704551115, 35.261839563862608 ], [ 129.122292734216842, 35.262813265859705 ], [ 129.121283055162451, 35.263607484815246 ], [ 129.121020489495095, 35.265865201287262 ], [ 129.121056008407322, 35.266081838724475 ], [ 129.121490350693733, 35.266266139042202 ], [ 129.1207170027362, 35.267289940978074 ], [ 129.120965115872707, 35.267798959996192 ], [ 129.121330380162732, 35.269601293756182 ], [ 129.121748367232215, 35.269934428208458 ], [ 129.121963894170705, 35.270628179703863 ], [ 129.122387636864545, 35.271168605273239 ], [ 129.124782036174764, 35.273721425825279 ], [ 129.125118583885524, 35.274577362469792 ], [ 129.125110519625167, 35.276582800103462 ], [ 129.12606435958034, 35.278497134751667 ], [ 129.124803703801462, 35.27993038948356 ], [ 129.12426027160322, 35.281279656656267 ], [ 129.125642548490617, 35.282725773377734 ], [ 129.127930811359448, 35.287846620897945 ], [ 129.12820816825419, 35.289324519490052 ], [ 129.130629742561126, 35.291273393908313 ], [ 129.13215311167599, 35.291880166891836 ], [ 129.132373788363196, 35.291836699114626 ], [ 129.132929794058498, 35.29221889409817 ], [ 129.133356645820157, 35.292677748374615 ], [ 129.133937511054455, 35.294005771283686 ], [ 129.13423784597731, 35.295007906189198 ], [ 129.134192628408556, 35.295526221558461 ], [ 129.134416295645877, 35.295757889571533 ], [ 129.135837983499925, 35.296259893520698 ], [ 129.138099559709985, 35.297368793901526 ], [ 129.14153706491328, 35.299384388948148 ], [ 129.142192208559379, 35.299502605201759 ], [ 129.14317576348995, 35.299117939518766 ], [ 129.145136055119394, 35.297681244022783 ], [ 129.146596830293333, 35.297604509486668 ], [ 129.147570320705, 35.297822271862586 ], [ 129.149281042867983, 35.298800933535674 ], [ 129.150042880619367, 35.298701303869045 ], [ 129.150341305432846, 35.299802186205959 ], [ 129.152379882479124, 35.303815187224657 ], [ 129.151635045053581, 35.306117845974171 ], [ 129.151743852800564, 35.307876840804127 ], [ 129.152656748086116, 35.30884418426254 ], [ 129.152156282318714, 35.309054097185069 ], [ 129.153369780135137, 35.308704034278158 ], [ 129.153822260835568, 35.308767100184575 ], [ 129.154226754378755, 35.308453646772236 ], [ 129.154572633492023, 35.308488360719302 ], [ 129.156686431411117, 35.308885498347827 ], [ 129.158132406070962, 35.309360617689428 ], [ 129.159519626206389, 35.309524297435907 ], [ 129.161455751604649, 35.310224492234305 ], [ 129.163515120278674, 35.308559540881404 ] ] ] } },
{ "type": "Feature", "properties": { "학교코드(KEDI)": "216021520", "학교명_20251001": "칠암초등학교", "행정구_20251001": "기장군" }, "geometry": { "type": "Polygon", "coordinates": [ [ [ 129.262103638151046, 35.313742096274268 ], [ 129.261296897667904, 35.311992175296581 ], [ 129.260961972540969, 35.309910328168321 ], [ 129.261035842005498, 35.309486939306169 ], [ 129.260858804591891, 35.309099817575749 ], [ 129.260981040562825, 35.309505137648294 ], [ 129.260805549130538, 35.309667798283506 ], [ 129.260320678692693, 35.309353307675366 ], [ 129.260154727648398, 35.309056233773845 ], [ 129.26042892612233, 35.308848358084603 ], [ 129.259324748707058, 35.307399640480433 ], [ 129.258851347757314, 35.307139137696147 ], [ 129.258949184457066, 35.30677841426882 ], [ 129.259489370738009, 35.307291101773338 ], [ 129.259014823415896, 35.306742275205202 ], [ 129.259947787497254, 35.306172500541862 ], [ 129.260111725185283, 35.30582955363019 ], [ 129.259881513930964, 35.306136570915825 ], [ 129.258860753651618, 35.306661521329197 ], [ 129.257934400775355, 35.305825161579968 ], [ 129.257823600925917, 35.305546065283885 ], [ 129.257866488513315, 35.305185386777381 ], [ 129.258252172343049, 35.305454986504415 ], [ 129.257899261199753, 35.305104233950161 ], [ 129.257920451755297, 35.304815771462586 ], [ 129.258292668003463, 35.304328282835179 ], [ 129.25859775499822, 35.303489351808189 ], [ 129.259102044334156, 35.302983488469756 ], [ 129.259795782531882, 35.303324487333697 ], [ 129.259905352568666, 35.303225152147405 ], [ 129.259607771428449, 35.302937433056442 ], [ 129.259914565916091, 35.302630253312351 ], [ 129.261316177442268, 35.304276730322442 ], [ 129.261458900030135, 35.304258431506916 ], [ 129.260432325153914, 35.303016780378911 ], [ 129.259602082184273, 35.301224890732875 ], [ 129.259642997470849, 35.300188281682743 ], [ 129.26035407443274, 35.299078052099382 ], [ 129.260384894917962, 35.298420093365152 ], [ 129.260780374064069, 35.298338082809138 ], [ 129.259999481039131, 35.29825861633902 ], [ 129.259900311152819, 35.298150650939753 ], [ 129.260129542192232, 35.297636401658714 ], [ 129.260228110374328, 35.29753712596559 ], [ 129.260525521689004, 35.297671661347124 ], [ 129.260548336121076, 35.297923967401076 ], [ 129.260635245263728, 35.297689460838882 ], [ 129.261680551098323, 35.297939554935567 ], [ 129.262828353876301, 35.299243975027579 ], [ 129.261724375943317, 35.297885371629157 ], [ 129.261151769982462, 35.297625179157741 ], [ 129.260656968440173, 35.297581210461026 ], [ 129.261019851158125, 35.2975624607245 ], [ 129.261625073453132, 35.297723347526279 ], [ 129.26172376852594, 35.297678129098998 ], [ 129.261800055869742, 35.297506622021864 ], [ 129.261679284856399, 35.297461852981762 ], [ 129.261580499609209, 35.297615337091472 ], [ 129.260788402543028, 35.297391640020876 ], [ 129.261116680286847, 35.296931284295901 ], [ 129.26183235654571, 35.297272296544357 ], [ 129.261930548044376, 35.296974646717217 ], [ 129.261643858217951, 35.296731922284977 ], [ 129.261159869438131, 35.296705915910536 ], [ 129.260760765931394, 35.295607127016822 ], [ 129.260902262164734, 35.295174212485968 ], [ 129.260758391952606, 35.294904030631351 ], [ 129.261119812345754, 35.294425611546082 ], [ 129.260734226762338, 35.294183043855348 ], [ 129.26077658954361, 35.293705239323224 ], [ 129.260313751253932, 35.293327678566939 ], [ 129.260603867180834, 35.291689353879185 ], [ 129.260142912022786, 35.29144433019362 ], [ 129.259909955060351, 35.29082284056436 ], [ 129.259645472433675, 35.290661220330989 ], [ 129.259722302339952, 35.290570937132465 ], [ 129.25837834734071, 35.289753509017267 ], [ 129.2591564149281, 35.288967690813131 ], [ 129.258323276489307, 35.289699624350831 ], [ 129.257663674010132, 35.289655893019095 ], [ 129.257101594399387, 35.28921541153548 ], [ 129.257141743732006, 35.28842225280691 ], [ 129.257600171798259, 35.287429808155316 ], [ 129.25781960649573, 35.28723099585855 ], [ 129.258480009571571, 35.287527006991361 ], [ 129.258994655570746, 35.286841151899644 ], [ 129.258321393445158, 35.285995141290435 ], [ 129.258715352231292, 35.285489513647953 ], [ 129.258823881076552, 35.284623974135215 ], [ 129.259908861183334, 35.28354013273421 ], [ 129.25999518114017, 35.283062205419334 ], [ 129.259312539676387, 35.282694098133426 ], [ 129.259366849086462, 35.282522720134438 ], [ 129.258618708963922, 35.282280996369778 ], [ 129.258365875332714, 35.282290502177169 ], [ 129.258377593681359, 35.28255188173145 ], [ 129.257388268035243, 35.282454753649191 ], [ 129.257278479815966, 35.282545227160092 ], [ 129.255558697197813, 35.280899418887408 ], [ 129.255548938332112, 35.277884417773272 ], [ 129.252361368475363, 35.277532802798881 ], [ 129.25178230467219, 35.277343280437826 ], [ 129.251401304588796, 35.277475030785453 ], [ 129.250921638976592, 35.278479388595599 ], [ 129.250840333930682, 35.280103580421425 ], [ 129.251136970853025, 35.281059913620666 ], [ 129.250300204291904, 35.282764979357651 ], [ 129.248894044102997, 35.283799530862389 ], [ 129.247922030996392, 35.284827682377326 ], [ 129.246792162699336, 35.28538979782325 ], [ 129.245042687080854, 35.2850553317597 ], [ 129.244026699893169, 35.285071253419879 ], [ 129.243367610397883, 35.285853939991895 ], [ 129.243075129199809, 35.286494201616243 ], [ 129.243236650116529, 35.287727533733118 ], [ 129.241903007842154, 35.287954081587955 ], [ 129.241164462967021, 35.288312475645363 ], [ 129.241468762604228, 35.288838703342016 ], [ 129.241205803967773, 35.289396248359935 ], [ 129.243014841695185, 35.294434705774691 ], [ 129.243177099723368, 35.296279856924535 ], [ 129.242899900214525, 35.296896019870154 ], [ 129.241456798396854, 35.298267655345079 ], [ 129.24004668897112, 35.300023089987285 ], [ 129.240907851483144, 35.300536510194227 ], [ 129.242076517109751, 35.300565125512961 ], [ 129.242642032159154, 35.300831170797906 ], [ 129.244222049301214, 35.302322047706525 ], [ 129.24523709143611, 35.30283205268649 ], [ 129.246729502066501, 35.302790684100735 ], [ 129.248446491823245, 35.302535762404624 ], [ 129.249206662627415, 35.302631063265899 ], [ 129.248882807537797, 35.302665895342791 ], [ 129.249091482658713, 35.30326105186365 ], [ 129.248399809827873, 35.304562807023757 ], [ 129.248954532749991, 35.305088906691068 ], [ 129.249958781032859, 35.306790145122996 ], [ 129.25011291166274, 35.308617144622794 ], [ 129.251138324567734, 35.308798044355235 ], [ 129.251735740532922, 35.308625555598042 ], [ 129.252826230916696, 35.308748129176301 ], [ 129.253213207094404, 35.310747826288285 ], [ 129.253380221224063, 35.310848965023325 ], [ 129.253150162719919, 35.311233501735728 ], [ 129.253251595405317, 35.311461237342868 ], [ 129.253678916579048, 35.31185602943178 ], [ 129.254601994609118, 35.312300170129738 ], [ 129.255192036449472, 35.312893269061675 ], [ 129.256408032465714, 35.312518642627509 ], [ 129.256846626679049, 35.312154482032462 ], [ 129.257106989482992, 35.312180971333838 ], [ 129.25745840926939, 35.312769426300555 ], [ 129.259400175963009, 35.313269504577789 ], [ 129.260121367162526, 35.313701051598258 ], [ 129.261102787214583, 35.31449112783087 ], [ 129.26174727742719, 35.315263045407576 ], [ 129.262211286160408, 35.314604342534743 ], [ 129.262103638151046, 35.313742096274268 ] ] ] } },
{ "type": "Feature", "properties": { "학교코드(KEDI)": "216021532", "학교명_20251001": "해강초등학교", "행정구_20251001": "해운대구" }, "geometry": { "type": "MultiPolygon", "coordinates": [ [ [ [ 129.139627051139371, 35.158035671507349 ], [ 129.138947259822515, 35.158514162421561 ], [ 129.138069233691454, 35.158533174773787 ], [ 129.138980470644782, 35.158604250997001 ], [ 129.139627051139371, 35.158035671507349 ] ] ], [ [ [ 129.141846720213039, 35.163416518869411 ], [ 129.142827167327283, 35.164140107205078 ], [ 129.144121604704083, 35.163319949284862 ], [ 129.149377693523491, 35.160560192902913 ], [ 129.151068544367888, 35.160070627685691 ], [ 129.154111523616223, 35.160935581851831 ], [ 129.153925390807302, 35.159906889850475 ], [ 129.152725196609225, 35.159453795539093 ], [ 129.153355581746041, 35.158193504344936 ], [ 129.151027819993118, 35.157788293416587 ], [ 129.144876699343968, 35.159544271099094 ], [ 129.144628849850619, 35.158974453605701 ], [ 129.143710350991199, 35.159238086341219 ], [ 129.143165945209688, 35.158135653487527 ], [ 129.141046142827605, 35.156468583063557 ], [ 129.140131094583182, 35.157485251609231 ], [ 129.139351740739642, 35.157513225882994 ], [ 129.140175045947871, 35.157566277355762 ], [ 129.14068993223492, 35.157115063646437 ], [ 129.142031060963376, 35.158177095283349 ], [ 129.142042687635239, 35.15855565030288 ], [ 129.140760398840342, 35.159674891862323 ], [ 129.140167967067896, 35.159783626143238 ], [ 129.140157564331133, 35.16019834263259 ], [ 129.13887532869731, 35.161308406486469 ], [ 129.138403385194351, 35.161317999350075 ], [ 129.137051649352685, 35.160282998233399 ], [ 129.13820230011865, 35.15928116515245 ], [ 129.138158068561893, 35.158992737520414 ], [ 129.13811461161032, 35.159245256345194 ], [ 129.135670236638617, 35.161366054115661 ], [ 129.135330593585422, 35.161582818312631 ], [ 129.13488042563344, 35.161520219100396 ], [ 129.135253584593556, 35.161627970159621 ], [ 129.135199144898422, 35.161736220625841 ], [ 129.135736337927483, 35.161402062433041 ], [ 129.136549501324538, 35.162023172526965 ], [ 129.135859298747988, 35.16270894277222 ], [ 129.134365711915024, 35.162268917723623 ], [ 129.134804267398948, 35.161925938826286 ], [ 129.133701864603523, 35.162608869370686 ], [ 129.133903353384397, 35.163653013166346 ], [ 129.134307284391042, 35.164110831178803 ], [ 129.137831173496096, 35.165972577407317 ], [ 129.138295017898997, 35.166509548044907 ], [ 129.139950502178266, 35.164440449721162 ], [ 129.141846720213039, 35.163416518869411 ] ] ] ] } },
{ "type": "Feature", "properties": { "학교코드(KEDI)": "216021544", "학교명_20251001": "해동초등학교", "행정구_20251001": "해운대구" }, "geometry": { "type": "Polygon", "coordinates": [ [ [ 129.164311907347951, 35.172240687826495 ], [ 129.163486529050374, 35.170594437810159 ], [ 129.163163264633994, 35.168959004533889 ], [ 129.162858590946911, 35.168637493588761 ], [ 129.163253353244698, 35.167989849566183 ], [ 129.162883896373131, 35.167279929244515 ], [ 129.16324292368796, 35.166065496871674 ], [ 129.154128093618397, 35.160940257800902 ], [ 129.152272311544351, 35.160359195450276 ], [ 129.151068544367888, 35.160070627685691 ], [ 129.149377693523491, 35.160560192902913 ], [ 129.147756247598778, 35.16144518946836 ], [ 129.148094777477866, 35.161826870616196 ], [ 129.148534307674936, 35.161683853595399 ], [ 129.149668364753978, 35.162401293709621 ], [ 129.150707483841956, 35.162668753955892 ], [ 129.15141883873207, 35.163889237001186 ], [ 129.15144454250904, 35.165429744392483 ], [ 129.151032917771289, 35.166156710220037 ], [ 129.149510538126151, 35.167507102490127 ], [ 129.14934128451128, 35.169311474286147 ], [ 129.151159181327472, 35.172305561470857 ], [ 129.154717963400429, 35.171750584443238 ], [ 129.157260898166868, 35.171971019768321 ], [ 129.162340217763244, 35.17326578813536 ], [ 129.163768827506004, 35.173885555693992 ], [ 129.164295081695542, 35.17283198845989 ], [ 129.164311907347951, 35.172240687826495 ] ] ] } },
{ "type": "Feature", "properties": { "학교코드(KEDI)": "216021547", "학교명_20251001": "해림초등학교", "행정구_20251001": "해운대구" }, "geometry": { "type": "Polygon", "coordinates": [ [ [ 129.145945719080743, 35.169607647601403 ], [ 129.148431030677415, 35.169520129152147 ], [ 129.149341345215333, 35.169311529079472 ], [ 129.149510538126151, 35.167507102490127 ], [ 129.151032917771289, 35.166156710220037 ], [ 129.15144454250904, 35.165429744392483 ], [ 129.15141883873207, 35.163889237001186 ], [ 129.150916363185104, 35.162857295707525 ], [ 129.150707483841956, 35.162668753955892 ], [ 129.149668364753978, 35.162401293709621 ], [ 129.148534307674936, 35.161683853595399 ], [ 129.148094777477866, 35.161826870616196 ], [ 129.147756247598778, 35.16144518946836 ], [ 129.144121604704083, 35.163319949284862 ], [ 129.142827167327283, 35.164140107205078 ], [ 129.141846720213039, 35.163416518869411 ], [ 129.140063300185744, 35.164355581516901 ], [ 129.138295017898997, 35.166509548044907 ], [ 129.13917583612303, 35.168490263614096 ], [ 129.139335396288914, 35.1681344227501 ], [ 129.140168177337785, 35.167930148656815 ], [ 129.140952868789384, 35.168058930797542 ], [ 129.141651676610223, 35.16795880142778 ], [ 129.141942522805437, 35.168081254454584 ], [ 129.141372944392401, 35.168387822456971 ], [ 129.141602040197711, 35.168620291479691 ], [ 129.1413123171059, 35.168821817218664 ], [ 129.14136640196773, 35.169024001306376 ], [ 129.141708836758596, 35.169370818715649 ], [ 129.142384038509107, 35.169492450611081 ], [ 129.14277015821628, 35.17026351305838 ], [ 129.143388464951073, 35.17061300185263 ], [ 129.143873887866391, 35.170666783305663 ], [ 129.145945719080743, 35.169607647601403 ] ] ] } },
{ "type": "Feature", "properties": { "학교코드(KEDI)": "216021550", "학교명_20251001": "해송초등학교", "행정구_20251001": "해운대구" }, "geometry": { "type": "Polygon", "coordinates": [ [ [ 129.173448885009492, 35.161683044027761 ], [ 129.171882162881985, 35.162051480420757 ], [ 129.17088923896128, 35.162538113842125 ], [ 129.170151382035073, 35.163495871009466 ], [ 129.1709293267036, 35.163888062803565 ], [ 129.170692249021926, 35.164390028515207 ], [ 129.170971113687273, 35.164504242703153 ], [ 129.170964998778175, 35.164820268372871 ], [ 129.170303307705865, 35.165154743162617 ], [ 129.173877913585642, 35.167904410556268 ], [ 129.175315719195538, 35.16805292620279 ], [ 129.177176605475182, 35.166516624030329 ], [ 129.17757907075395, 35.166873417693104 ], [ 129.179527498065312, 35.167778258850767 ], [ 129.182396026971588, 35.16703456659792 ], [ 129.1799966692694, 35.164059037146522 ], [ 129.178488132922752, 35.162908609701773 ], [ 129.17643831504617, 35.162469592681113 ], [ 129.17527303842391, 35.161959318755699 ], [ 129.173448885009492, 35.161683044027761 ] ] ] } },
{ "type": "Feature", "properties": { "학교코드(KEDI)": "216021556", "학교명_20251001": "해운대초등학교", "행정구_20251001": "해운대구" }, "geometry": { "type": "Polygon", "coordinates": [ [ [ 129.172387696554239, 35.16675448500154 ], [ 129.170303307705865, 35.165154743162617 ], [ 129.170964998778175, 35.164820268372871 ], [ 129.170971113687273, 35.164504242703153 ], [ 129.170692249021926, 35.164390028515207 ], [ 129.1709293267036, 35.163888062803565 ], [ 129.170151382035073, 35.163495871009466 ], [ 129.17088923896128, 35.162538113842125 ], [ 129.171882162881985, 35.162051480420757 ], [ 129.173448885009492, 35.161683044027761 ], [ 129.171753235579644, 35.161416591533936 ], [ 129.171553283913994, 35.161245273389639 ], [ 129.171925449033949, 35.161127583870417 ], [ 129.174461500444579, 35.158542357829454 ], [ 129.175113643962675, 35.158261881239135 ], [ 129.175703328272618, 35.157606153543107 ], [ 129.176656169721497, 35.156958446039106 ], [ 129.177758672547895, 35.156315512227856 ], [ 129.178093976366966, 35.156270761865358 ], [ 129.176893729557179, 35.155373458683478 ], [ 129.175720786172434, 35.156033192999914 ], [ 129.173516605036895, 35.156829561492707 ], [ 129.172289249579109, 35.157714544421211 ], [ 129.171004648676217, 35.15758113750681 ], [ 129.170971995866324, 35.157707453578986 ], [ 129.171411433147654, 35.157869108212687 ], [ 129.172018239926075, 35.157858366709632 ], [ 129.171566116026952, 35.15828353354911 ], [ 129.17113748124666, 35.158076767626206 ], [ 129.170795137281488, 35.158361945678315 ], [ 129.170656643176557, 35.15824595261256 ], [ 129.170469680258776, 35.15842097094616 ], [ 129.170592096457852, 35.158531081399254 ], [ 129.170118640792083, 35.158925472025274 ], [ 129.170195912111609, 35.159123608732301 ], [ 129.168429407858014, 35.159477665381267 ], [ 129.16840733538865, 35.159369496612442 ], [ 129.167123206577799, 35.159371206122231 ], [ 129.167145333689177, 35.159533437220539 ], [ 129.164686964069659, 35.159581887599415 ], [ 129.162437887818953, 35.159309913081209 ], [ 129.16206948409291, 35.159801963240902 ], [ 129.1590918116068, 35.15929945654441 ], [ 129.156689390414726, 35.158524689876018 ], [ 129.154788023684802, 35.158542525447189 ], [ 129.153355581746041, 35.158193504344936 ], [ 129.152725196609225, 35.159453795539093 ], [ 129.153925390807302, 35.159906889850475 ], [ 129.154111523616223, 35.160935581851831 ], [ 129.16324292368796, 35.166065496871674 ], [ 129.163099773019923, 35.166705915858735 ], [ 129.163868446810483, 35.166813391464316 ], [ 129.165027164657971, 35.166711613395186 ], [ 129.165917388901562, 35.166434659612548 ], [ 129.167524343988532, 35.166657580547394 ], [ 129.167540667826103, 35.166758489043055 ], [ 129.172387696554239, 35.16675448500154 ] ] ] } },
{ "type": "Feature", "properties": { "학교코드(KEDI)": "216021568", "학교명_20251001": "호암초등학교", "행정구_20251001": "수영구" }, "geometry": { "type": "Polygon", "coordinates": [ [ [ 129.101989592793103, 35.163262588525527 ], [ 129.105197960545183, 35.161062714581398 ], [ 129.105202508469432, 35.16161515939698 ], [ 129.106315987939752, 35.161469906059118 ], [ 129.10619594193281, 35.160929563171429 ], [ 129.108165186268394, 35.16066767592978 ], [ 129.107931605816276, 35.159593879814366 ], [ 129.110533164731464, 35.159221497271197 ], [ 129.110514849243003, 35.160647115483073 ], [ 129.11158415111376, 35.160549755633902 ], [ 129.112615222657325, 35.160660681344083 ], [ 129.113673950446952, 35.160382672410577 ], [ 129.113147108748109, 35.157110948429256 ], [ 129.112993544074243, 35.157137746328289 ], [ 129.111692667376104, 35.152331980765865 ], [ 129.109602005346375, 35.152560040429314 ], [ 129.1092436368356, 35.152723955235842 ], [ 129.109049941414696, 35.152563451937333 ], [ 129.108896163293537, 35.151943762632314 ], [ 129.107602885741613, 35.152005816204849 ], [ 129.106579248548968, 35.151467254806072 ], [ 129.106404647280414, 35.151171213046865 ], [ 129.105294835486973, 35.150981474587027 ], [ 129.105016388896075, 35.151233690328276 ], [ 129.103460948137865, 35.151300989295841 ], [ 129.101209354436605, 35.151846218079982 ], [ 129.09894285560884, 35.154767276287174 ], [ 129.098905345875778, 35.155416327174891 ], [ 129.097995643923952, 35.156471640623927 ], [ 129.097541451449615, 35.157679718516142 ], [ 129.096987864082479, 35.158356154768541 ], [ 129.096506425391169, 35.159505842664849 ], [ 129.095848411936117, 35.159988502250719 ], [ 129.095766992078183, 35.160651122914594 ], [ 129.094907157617371, 35.162170633457791 ], [ 129.098076124260984, 35.162654004772087 ], [ 129.099953583003554, 35.162389207492325 ], [ 129.101989592793103, 35.163262588525527 ] ] ] } },
{ "type": "Feature", "properties": { "학교코드(KEDI)": "216021569", "학교명_20251001": "삼어초등학교", "행정구_20251001": "해운대구" }, "geometry": { "type": "Polygon", "coordinates": [ [ [ 129.11644328573351, 35.213848969974975 ], [ 129.116212022355853, 35.214079593355763 ], [ 129.116496189295674, 35.214394117221651 ], [ 129.116768041668934, 35.214234383738827 ], [ 129.117081064666621, 35.214541249060133 ], [ 129.118908577851101, 35.213499621817022 ], [ 129.118629280378826, 35.214094744463559 ], [ 129.119167971836958, 35.21443676925837 ], [ 129.119203250101492, 35.215053099402546 ], [ 129.120437249378881, 35.212404202625635 ], [ 129.12134340506276, 35.209871401876626 ], [ 129.120321113409489, 35.206639094211283 ], [ 129.119939141049144, 35.205878641349685 ], [ 129.119306718350657, 35.204930513689099 ], [ 129.118537231541467, 35.205187398814452 ], [ 129.117547112585385, 35.203836038116293 ], [ 129.116619936273452, 35.204299633151663 ], [ 129.113837034022652, 35.204383910640892 ], [ 129.111083025623429, 35.204752373363867 ], [ 129.110724488085083, 35.20809023362667 ], [ 129.110304670292749, 35.208613447920882 ], [ 129.110239776957371, 35.210137369710402 ], [ 129.110667053716298, 35.210379707277887 ], [ 129.11060732738224, 35.210803296015698 ], [ 129.111361026933139, 35.211897723590184 ], [ 129.112224061278312, 35.212509950907943 ], [ 129.115431808862269, 35.213137845690646 ], [ 129.115931830492855, 35.213299624138578 ], [ 129.11644328573351, 35.213848969974975 ] ] ] } },
{ "type": "Feature", "properties": { "학교코드(KEDI)": "216021570", "학교명_20251001": "송수초등학교", "행정구_20251001": "해운대구" }, "geometry": { "type": "Polygon", "coordinates": [ [ [ 129.120396195340817, 35.190196200114862 ], [ 129.120863100418802, 35.187668116672093 ], [ 129.120522594642466, 35.187674279934527 ], [ 129.119908149532023, 35.1872004570127 ], [ 129.119656151295089, 35.187268708653271 ], [ 129.119407823594372, 35.187111576378989 ], [ 129.118837604488192, 35.187265044071459 ], [ 129.118777944446066, 35.187151476798824 ], [ 129.118523144553052, 35.187448196049971 ], [ 129.117348628794474, 35.186984842876498 ], [ 129.11606008308226, 35.189966054016082 ], [ 129.114569971999401, 35.188863361970945 ], [ 129.114525478632288, 35.189167409539174 ], [ 129.114668414228561, 35.189176315858859 ], [ 129.114493753838019, 35.189915485314089 ], [ 129.114780440322761, 35.190839084369657 ], [ 129.114305310469376, 35.194145425483725 ], [ 129.11771921552031, 35.193479216858513 ], [ 129.119033265076382, 35.192805299498957 ], [ 129.119666684843736, 35.192140152318011 ], [ 129.120396195340817, 35.190196200114862 ] ] ] } },
{ "type": "Feature", "properties": { "학교코드(KEDI)": "216021571", "학교명_20251001": "센텀초등학교", "행정구_20251001": "해운대구" }, "geometry": { "type": "Polygon", "coordinates": [ [ [ 129.126974191127118, 35.177979710938189 ], [ 129.1204855535766, 35.174563476357889 ], [ 129.118769897386215, 35.177536232931331 ], [ 129.117782286253913, 35.179897598589669 ], [ 129.117950403624803, 35.180970821186946 ], [ 129.116741117110365, 35.183635543691381 ], [ 129.121009505413241, 35.184697612720541 ], [ 129.121317899874782, 35.183977181716052 ], [ 129.123222254510068, 35.18153354960868 ], [ 129.126974191127118, 35.177979710938189 ] ] ] } },
{ "type": "Feature", "properties": { "학교코드(KEDI)": "216021717", "학교명_20251001": "정원초등학교", "행정구_20251001": "기장군" }, "geometry": { "type": "Polygon", "coordinates": [ [ [ 129.164777367762269, 35.327906816719512 ], [ 129.164727891212777, 35.3276364524298 ], [ 129.152469456010067, 35.324251798315196 ], [ 129.152870732651451, 35.326016153800438 ], [ 129.152307896413987, 35.327698107000387 ], [ 129.152658219802419, 35.329898082498723 ], [ 129.160991224428614, 35.332328955724165 ], [ 129.161196324638979, 35.332651892348551 ], [ 129.161768685426949, 35.332812915006009 ], [ 129.162291425246536, 35.332632754214451 ], [ 129.166513221531147, 35.33406834155916 ], [ 129.169363287871221, 35.334820061874844 ], [ 129.170950871820594, 35.336241785000368 ], [ 129.172849342846121, 35.337447552674128 ], [ 129.177973117762463, 35.334102794075143 ], [ 129.171532670283256, 35.330848620607576 ], [ 129.164777367762269, 35.327906816719512 ] ] ] } },
{ "type": "Feature", "properties": { "학교코드(KEDI)": "216021718", "학교명_20251001": "달산초등학교", "행정구_20251001": "기장군" }, "geometry": { "type": "Polygon", "coordinates": [ [ [ 129.217910725471313, 35.321546621935745 ], [ 129.218724847520974, 35.32153167841507 ], [ 129.22078361830836, 35.322352172778125 ], [ 129.222415788131542, 35.322465220952779 ], [ 129.22632960214969, 35.320914988492063 ], [ 129.226869275756769, 35.31937916570751 ], [ 129.227501075584996, 35.319081419919421 ], [ 129.228501389499598, 35.319492132691764 ], [ 129.229336425013031, 35.320239672376111 ], [ 129.229769721398071, 35.320262561620488 ], [ 129.228784772223804, 35.318837603724965 ], [ 129.228652465990166, 35.317182741689351 ], [ 129.228168955931437, 35.31659877599057 ], [ 129.227611450790448, 35.315030153669632 ], [ 129.227699075211575, 35.314825749527046 ], [ 129.227447268920201, 35.314673083888216 ], [ 129.225401151446164, 35.314832731524376 ], [ 129.224442419159715, 35.314491636146684 ], [ 129.223850719979566, 35.31445991838217 ], [ 129.223022061965395, 35.313989231882026 ], [ 129.21856693500493, 35.31607163253063 ], [ 129.216659984440128, 35.315236804782721 ], [ 129.214749573079786, 35.311978819506066 ], [ 129.213186283926575, 35.310978202555269 ], [ 129.211713577336724, 35.309699351981237 ], [ 129.209101473138617, 35.309594985204548 ], [ 129.207896740374025, 35.309020105204617 ], [ 129.205447050655124, 35.309873315548323 ], [ 129.204675650185067, 35.30915327938073 ], [ 129.203711689847978, 35.308815454714811 ], [ 129.201656618684666, 35.308826263876007 ], [ 129.200751907053018, 35.308966923874308 ], [ 129.200145567510077, 35.309402363803841 ], [ 129.194021574447333, 35.309730258294543 ], [ 129.190510314845142, 35.308802922401789 ], [ 129.18881001094212, 35.307212914384479 ], [ 129.188294846116577, 35.307011003588599 ], [ 129.186665688833415, 35.30760793810807 ], [ 129.184429143172707, 35.307439996827959 ], [ 129.183139176991858, 35.307009483878623 ], [ 129.181936580701034, 35.30640631136464 ], [ 129.180862690000339, 35.305722086311384 ], [ 129.179925359251285, 35.304829621625544 ], [ 129.176142019104475, 35.30431444437275 ], [ 129.175264273596923, 35.304362938871911 ], [ 129.174295482986196, 35.305289004553948 ], [ 129.173286736524489, 35.305632408077869 ], [ 129.17308128139166, 35.305862629150617 ], [ 129.171872230353813, 35.306174577226749 ], [ 129.173662742974329, 35.311913570127388 ], [ 129.178437792559237, 35.320504673511813 ], [ 129.181274776970099, 35.319642276598145 ], [ 129.184015298404944, 35.319450375544633 ], [ 129.184439020651809, 35.321361318585978 ], [ 129.18536946401241, 35.32134449748316 ], [ 129.186630003747894, 35.321054665889534 ], [ 129.187994788914182, 35.320140448485844 ], [ 129.187793872631005, 35.319967905767186 ], [ 129.188169091987277, 35.32029013379038 ], [ 129.189705455784747, 35.320305223183105 ], [ 129.191462051255741, 35.320073110396343 ], [ 129.193762205190922, 35.319287509333506 ], [ 129.194720149006855, 35.319212896624791 ], [ 129.199483021586502, 35.319976041399109 ], [ 129.202005495717543, 35.320740736448307 ], [ 129.205573457061348, 35.321438618238766 ], [ 129.210985473267442, 35.321482780200071 ], [ 129.213872601856934, 35.322812759394075 ], [ 129.215623683959109, 35.323019088233693 ], [ 129.216719475100007, 35.322665206338151 ], [ 129.217910725471313, 35.321546621935745 ] ] ] } },
{ "type": "Feature", "properties": { "학교코드(KEDI)": "216021880", "학교명_20251001": "모전초등학교", "행정구_20251001": "기장군" }, "geometry": { "type": "Polygon", "coordinates": [ [ [ 129.158948536343956, 35.346579099106762 ], [ 129.159862945974737, 35.346095210719945 ], [ 129.160550960254653, 35.346199908824794 ], [ 129.161004878240476, 35.345391351013383 ], [ 129.162881811474904, 35.345109576356606 ], [ 129.163647885108901, 35.344375903082742 ], [ 129.164281977337225, 35.345466294296358 ], [ 129.166070324665554, 35.345737252409087 ], [ 129.173765247623351, 35.338305486751899 ], [ 129.172649776247709, 35.337291947139946 ], [ 129.170950871820594, 35.336241785000368 ], [ 129.169363287871221, 35.334820061874844 ], [ 129.166513221531147, 35.33406834155916 ], [ 129.162291425246536, 35.332632754214451 ], [ 129.161768685426949, 35.332812915006009 ], [ 129.161196324638979, 35.332651892348551 ], [ 129.160991224428614, 35.332328955724165 ], [ 129.152658219802419, 35.329898082498723 ], [ 129.152999443887126, 35.330690374125744 ], [ 129.152321951445373, 35.331533062509664 ], [ 129.152404975692178, 35.332884771076998 ], [ 129.15199813198123, 35.333465078128782 ], [ 129.151398309368375, 35.336079879097596 ], [ 129.148856321936478, 35.337824007984096 ], [ 129.148874170835398, 35.339051775041 ], [ 129.14965644176533, 35.339815594927927 ], [ 129.15045522423847, 35.340337470938913 ], [ 129.151738803937661, 35.340569595479231 ], [ 129.152884186959994, 35.341368455644854 ], [ 129.153171570133139, 35.341753051293509 ], [ 129.153251590231918, 35.342543774830098 ], [ 129.154845721248392, 35.344332158612886 ], [ 129.154757016295179, 35.344484865566535 ], [ 129.15505323775534, 35.344995359796634 ], [ 129.155974280952137, 35.345668828629186 ], [ 129.1561529326911, 35.346303946528344 ], [ 129.158948536343956, 35.346579099106762 ] ] ] } }
]
}
