{
"type": "FeatureCollection",
"name": "school_points_2025",
"crs": { "type": "name", "properties": { "name": "urn:ogc:def:crs:OGC:1.3:CRS84" } },
"features": [
{ "type": "Feature", "properties": { "학교코드(KEDI)": "215021109", "학교명_20251001": "가락초등학교", "행정구_20251001": "강서구", "학교명키": "가락초등학교", "행정구키": "강서구", "위도": 35.19634003, "경도": 128.8952655, "소재지도로명주소": "부산광역시 강서구 호계로 41", "설립_20251001": "공립", "지역규모_20251001": "특별/광역시", "주소_20251001": "부산광역시 강서구 호계로 41(죽림동.가락초등학교)", "학생수_20251001": 19, "학급수_20251001": 7, "교원수_20251001": 19, "학급당학생수_20251001_공시": 2.7, "교원1인당학생수_20251001_공시": 1.0, "부산교육청_기준학생수_정책2026": 240, "학생수기준_충족_정책2026": true, "정책적용대상_공립_정책2026": true, "주분석대상_소규모공립_정책2026": true, "학생수_20250401_1학년": 7.0, "학급수_20250401_1학년": 1.0, "학생수_20250401_2학년": 3.0, "학급수_20250401_2학년": 2.0, "학생수_20250401_3학년": 3.0, "학급수_20250401_3학년": 1.0, "학생수_20250401_4학년": 3.0, "학급수_20250401_4학년": 1.0, "학생수_20250401_5학년": 2.0, "학급수_20250401_5학년": 1.0, "학생수_20250401_6학년": 1.0, "학급수_20250401_6학년": 1.0, "학생수_20250401_반합계": 19.0, "학급수_20250401_반합계": 7.0, "조사기준일_데이터3": 20250401, "학생수_20250401_학교총계": 19, "학급수_20250401_학교총계": 7, "교지면적_20250401": 13271, "학생1인당교지면적_20250401_공시": 698.5, "일반교실수_20250401": 9, "교과교실수_20250401": 0, "특별교실수_20250401": 8, "수준별교실수_20250401": 0, "기타교실수_20250401": 0, "전체교실수_20250401": 17, "학생수_일반교실_20250401": 2.1111111111111112, "학생수_전체교실_20250401": 1.1176470588235294, "학급당학생수_20251001_계산": 2.7142857142857144, "교원1인당학생수_20251001_계산": 1.0, "학교짧은키": "가락초" }, "geometry": { "type": "Point", "coordinates": [ 128.8952655, 35.19634003 ] } },
{ "type": "Feature", "properties": { "학교코드(KEDI)": "215021878", "학교명_20251001": "남명초등학교", "행정구_20251001": "강서구", "학교명키": "남명초등학교", "행정구키": "강서구", "위도": 35.08403561, "경도": 128.9105908, "소재지도로명주소": "부산광역시 강서구 명지오션시티11로 132", "설립_20251001": "공립", "지역규모_20251001": "특별/광역시", "주소_20251001": "부산광역시 강서구 명지오션시티11로 132(명지동. 남명초등학교)", "학생수_20251001": 745, "학급수_20251001": 33, "교원수_20251001": 48, "학급당학생수_20251001_공시": 22.6, "교원1인당학생수_20251001_공시": 15.5, "부산교육청_기준학생수_정책2026": 240, "학생수기준_충족_정책2026": false, "정책적용대상_공립_정책2026": true, "주분석대상_소규모공립_정책2026": false, "학생수_20250401_1학년": 111.0, "학급수_20250401_1학년": 5.0, "학생수_20250401_2학년": 106.0, "학급수_20250401_2학년": 5.0, "학생수_20250401_3학년": 128.0, "학급수_20250401_3학년": 6.0, "학생수_20250401_4학년": 161.0, "학급수_20250401_4학년": 6.0, "학생수_20250401_5학년": 138.0, "학급수_20250401_5학년": 6.0, "학생수_20250401_6학년": 115.0, "학급수_20250401_6학년": 5.0, "학생수_20250401_반합계": 759.0, "학급수_20250401_반합계": 33.0, "조사기준일_데이터3": 20250401, "학생수_20250401_학교총계": 759, "학급수_20250401_학교총계": 33, "교지면적_20250401": 12300, "학생1인당교지면적_20250401_공시": 16.2, "일반교실수_20250401": 34, "교과교실수_20250401": 0, "특별교실수_20250401": 2, "수준별교실수_20250401": 0, "기타교실수_20250401": 0, "전체교실수_20250401": 36, "학생수_일반교실_20250401": 22.323529411764707, "학생수_전체교실_20250401": 21.083333333333332, "학급당학생수_20251001_계산": 22.575757575757574, "교원1인당학생수_20251001_계산": 15.520833333333334, "학교짧은키": "남명초" }, "geometry": { "type": "Point", "coordinates": [ 128.9105908, 35.08403561 ] } },
{ "type": "Feature", "properties": { "학교코드(KEDI)": "215021181", "학교명_20251001": "녹명초등학교", "행정구_20251001": "강서구", "학교명키": "녹명초등학교", "행정구키": "강서구", "위도": 35.11484347, "경도": 128.8863922, "소재지도로명주소": "부산광역시 강서구 낙동남로 617", "설립_20251001": "공립", "지역규모_20251001": "특별/광역시", "주소_20251001": "부산광역시 강서구 낙동남로 617(녹산동. 녹명초등학교)", "학생수_20251001": 99, "학급수_20251001": 7, "교원수_20251001": 13, "학급당학생수_20251001_공시": 14.1, "교원1인당학생수_20251001_공시": 7.6, "부산교육청_기준학생수_정책2026": 240, "학생수기준_충족_정책2026": true, "정책적용대상_공립_정책2026": true, "주분석대상_소규모공립_정책2026": true, "학생수_20250401_1학년": 13.0, "학급수_20250401_1학년": 1.0, "학생수_20250401_2학년": 18.0, "학급수_20250401_2학년": 1.0, "학생수_20250401_3학년": 13.0, "학급수_20250401_3학년": 1.0, "학생수_20250401_4학년": 20.0, "학급수_20250401_4학년": 1.0, "학생수_20250401_5학년": 12.0, "학급수_20250401_5학년": 1.0, "학생수_20250401_6학년": 24.0, "학급수_20250401_6학년": 2.0, "학생수_20250401_반합계": 100.0, "학급수_20250401_반합계": 7.0, "조사기준일_데이터3": 20250401, "학생수_20250401_학교총계": 100, "학급수_20250401_학교총계": 7, "교지면적_20250401": 11427, "학생1인당교지면적_20250401_공시": 114.3, "일반교실수_20250401": 7, "교과교실수_20250401": 2, "특별교실수_20250401": 1, "수준별교실수_20250401": 0, "기타교실수_20250401": 3, "전체교실수_20250401": 13, "학생수_일반교실_20250401": 14.285714285714286, "학생수_전체교실_20250401": 7.6923076923076925, "학급당학생수_20251001_계산": 14.142857142857142, "교원1인당학생수_20251001_계산": 7.615384615384615, "학교짧은키": "녹명초" }, "geometry": { "type": "Point", "coordinates": [ 128.886392199999989, 35.11484347 ] } },
{ "type": "Feature", "properties": { "학교코드(KEDI)": "215021131", "학교명_20251001": "녹산초등학교", "행정구_20251001": "강서구", "학교명키": "녹산초등학교", "행정구키": "강서구", "위도": 35.15147548, "경도": 128.8371146, "소재지도로명주소": "부산광역시 강서구 과학산단2로20번길 55", "설립_20251001": "공립", "지역규모_20251001": "특별/광역시", "주소_20251001": "부산광역시 강서구 과학산단2로20번길 55. 녹산초등학교 (지사동)", "학생수_20251001": 1059, "학급수_20251001": 50, "교원수_20251001": 70, "학급당학생수_20251001_공시": 21.2, "교원1인당학생수_20251001_공시": 15.1, "부산교육청_기준학생수_정책2026": 240, "학생수기준_충족_정책2026": false, "정책적용대상_공립_정책2026": true, "주분석대상_소규모공립_정책2026": false, "학생수_20250401_1학년": 161.0, "학급수_20250401_1학년": 9.0, "학생수_20250401_2학년": 171.0, "학급수_20250401_2학년": 8.0, "학생수_20250401_3학년": 185.0, "학급수_20250401_3학년": 9.0, "학생수_20250401_4학년": 187.0, "학급수_20250401_4학년": 8.0, "학생수_20250401_5학년": 185.0, "학급수_20250401_5학년": 8.0, "학생수_20250401_6학년": 194.0, "학급수_20250401_6학년": 8.0, "학생수_20250401_반합계": 1083.0, "학급수_20250401_반합계": 50.0, "조사기준일_데이터3": 20250401, "학생수_20250401_학교총계": 1083, "학급수_20250401_학교총계": 50, "교지면적_20250401": 17120, "학생1인당교지면적_20250401_공시": 15.8, "일반교실수_20250401": 51, "교과교실수_20250401": 0, "특별교실수_20250401": 1, "수준별교실수_20250401": 0, "기타교실수_20250401": 0, "전체교실수_20250401": 52, "학생수_일반교실_20250401": 21.235294117647058, "학생수_전체교실_20250401": 20.826923076923077, "학급당학생수_20251001_계산": 21.18, "교원1인당학생수_20251001_계산": 15.128571428571428, "학교짧은키": "녹산초" }, "geometry": { "type": "Point", "coordinates": [ 128.8371146, 35.15147548 ] } },
{ "type": "Feature", "properties": { "학교코드(KEDI)": "215021199", "학교명_20251001": "대사초등학교", "행정구_20251001": "강서구", "학교명키": "대사초등학교", "행정구키": "강서구", "위도": 35.22041811, "경도": 128.9385487, "소재지도로명주소": "부산광역시 강서구 낙동북로73번길 29", "설립_20251001": "공립", "지역규모_20251001": "특별/광역시", "주소_20251001": "부산광역시 강서구 낙동북로73번길 29(강동동)", "학생수_20251001": 10, "학급수_20251001": 7, "교원수_20251001": 13, "학급당학생수_20251001_공시": 1.4, "교원1인당학생수_20251001_공시": 0.8, "부산교육청_기준학생수_정책2026": 240, "학생수기준_충족_정책2026": true, "정책적용대상_공립_정책2026": true, "주분석대상_소규모공립_정책2026": true, "학생수_20250401_1학년": 2.0, "학급수_20250401_1학년": 1.0, "학생수_20250401_2학년": 2.0, "학급수_20250401_2학년": 1.0, "학생수_20250401_3학년": 3.0, "학급수_20250401_3학년": 1.0, "학생수_20250401_4학년": 2.0, "학급수_20250401_4학년": 1.0, "학생수_20250401_5학년": 2.0, "학급수_20250401_5학년": 2.0, "학생수_20250401_6학년": 2.0, "학급수_20250401_6학년": 1.0, "학생수_20250401_반합계": 13.0, "학급수_20250401_반합계": 7.0, "조사기준일_데이터3": 20250401, "학생수_20250401_학교총계": 13, "학급수_20250401_학교총계": 7, "교지면적_20250401": 9049, "학생1인당교지면적_20250401_공시": 696.1, "일반교실수_20250401": 7, "교과교실수_20250401": 1, "특별교실수_20250401": 5, "수준별교실수_20250401": 0, "기타교실수_20250401": 5, "전체교실수_20250401": 18, "학생수_일반교실_20250401": 1.8571428571428572, "학생수_전체교실_20250401": 0.72222222222222221, "학급당학생수_20251001_계산": 1.4285714285714286, "교원1인당학생수_20251001_계산": 0.76923076923076927, "학교짧은키": "대사초" }, "geometry": { "type": "Point", "coordinates": [ 128.938548700000013, 35.22041811 ] } },
{ "type": "Feature", "properties": { "학교코드(KEDI)": "215021208", "학교명_20251001": "대상초등학교", "행정구_20251001": "강서구", "학교명키": "대상초등학교", "행정구키": "강서구", "위도": 35.21411967, "경도": 128.9802525, "소재지도로명주소": "부산광역시 강서구 대저로 249", "설립_20251001": "공립", "지역규모_20251001": "특별/광역시", "주소_20251001": "부산광역시 강서구 대저로 249(대저1동)", "학생수_20251001": 30, "학급수_20251001": 7, "교원수_20251001": 13, "학급당학생수_20251001_공시": 4.3, "교원1인당학생수_20251001_공시": 2.3, "부산교육청_기준학생수_정책2026": 240, "학생수기준_충족_정책2026": true, "정책적용대상_공립_정책2026": true, "주분석대상_소규모공립_정책2026": true, "학생수_20250401_1학년": 8.0, "학급수_20250401_1학년": 2.0, "학생수_20250401_2학년": 8.0, "학급수_20250401_2학년": 1.0, "학생수_20250401_3학년": 2.0, "학급수_20250401_3학년": 1.0, "학생수_20250401_4학년": 8.0, "학급수_20250401_4학년": 1.0, "학생수_20250401_5학년": 4.0, "학급수_20250401_5학년": 1.0, "학생수_20250401_6학년": 2.0, "학급수_20250401_6학년": 1.0, "학생수_20250401_반합계": 32.0, "학급수_20250401_반합계": 7.0, "조사기준일_데이터3": 20250401, "학생수_20250401_학교총계": 32, "학급수_20250401_학교총계": 7, "교지면적_20250401": 17839, "학생1인당교지면적_20250401_공시": 557.5, "일반교실수_20250401": 7, "교과교실수_20250401": 3, "특별교실수_20250401": 4, "수준별교실수_20250401": 0, "기타교실수_20250401": 1, "전체교실수_20250401": 15, "학생수_일반교실_20250401": 4.5714285714285712, "학생수_전체교실_20250401": 2.1333333333333333, "학급당학생수_20251001_계산": 4.2857142857142856, "교원1인당학생수_20251001_계산": 2.3076923076923075, "학교짧은키": "대상초" }, "geometry": { "type": "Point", "coordinates": [ 128.9802525, 35.21411967 ] } },
{ "type": "Feature", "properties": { "학교코드(KEDI)": "215021828", "학교명_20251001": "대저중앙초등학교", "행정구_20251001": "강서구", "학교명키": "대저중앙초등학교", "행정구키": "강서구", "위도": 35.1424244, "경도": 128.916221, "소재지도로명주소": "부산광역시 강서구 에코델타2로 23", "설립_20251001": "공립", "지역규모_20251001": "특별/광역시", "주소_20251001": "부산광역시 강서구 에코델타2로 23(강동동)", "학생수_20251001": 842, "학급수_20251001": 37, "교원수_20251001": 47, "학급당학생수_20251001_공시": 22.8, "교원1인당학생수_20251001_공시": 17.9, "부산교육청_기준학생수_정책2026": 240, "학생수기준_충족_정책2026": false, "정책적용대상_공립_정책2026": true, "주분석대상_소규모공립_정책2026": false, "학생수_20250401_1학년": 105.0, "학급수_20250401_1학년": 7.0, "학생수_20250401_2학년": 63.0, "학급수_20250401_2학년": 6.0, "학생수_20250401_3학년": 60.0, "학급수_20250401_3학년": 5.0, "학생수_20250401_4학년": 56.0, "학급수_20250401_4학년": 4.0, "학생수_20250401_5학년": 47.0, "학급수_20250401_5학년": 4.0, "학생수_20250401_6학년": 38.0, "학급수_20250401_6학년": 4.0, "학생수_20250401_반합계": 369.0, "학급수_20250401_반합계": 30.0, "조사기준일_데이터3": 20250401, "학생수_20250401_학교총계": 369, "학급수_20250401_학교총계": 30, "교지면적_20250401": 6819, "학생1인당교지면적_20250401_공시": 18.5, "일반교실수_20250401": 49, "교과교실수_20250401": 9, "특별교실수_20250401": 1, "수준별교실수_20250401": 0, "기타교실수_20250401": 0, "전체교실수_20250401": 59, "학생수_일반교실_20250401": 7.5306122448979593, "학생수_전체교실_20250401": 6.2542372881355934, "학급당학생수_20251001_계산": 22.756756756756758, "교원1인당학생수_20251001_계산": 17.914893617021278, "학교짧은키": "대저중앙초" }, "geometry": { "type": "Point", "coordinates": [ 128.916221, 35.1424244 ] } },
{ "type": "Feature", "properties": { "학교코드(KEDI)": "215021217", "학교명_20251001": "대저초등학교", "행정구_20251001": "강서구", "학교명키": "대저초등학교", "행정구키": "강서구", "위도": 35.21610222, "경도": 128.9553077, "소재지도로명주소": "부산광역시 강서구 대저로29번길 27", "설립_20251001": "공립", "지역규모_20251001": "특별/광역시", "주소_20251001": "부산광역시 강서구 대저로29번길 27. 대저초등학교 (대저1동. 대저초등학교)", "학생수_20251001": 29, "학급수_20251001": 6, "교원수_20251001": 12, "학급당학생수_20251001_공시": 4.8, "교원1인당학생수_20251001_공시": 2.4, "부산교육청_기준학생수_정책2026": 240, "학생수기준_충족_정책2026": true, "정책적용대상_공립_정책2026": true, "주분석대상_소규모공립_정책2026": true, "학생수_20250401_1학년": null, "학급수_20250401_1학년": null, "학생수_20250401_2학년": 7.0, "학급수_20250401_2학년": 1.0, "학생수_20250401_3학년": 7.0, "학급수_20250401_3학년": 2.0, "학생수_20250401_4학년": 4.0, "학급수_20250401_4학년": 1.0, "학생수_20250401_5학년": 4.0, "학급수_20250401_5학년": 1.0, "학생수_20250401_6학년": 9.0, "학급수_20250401_6학년": 1.0, "학생수_20250401_반합계": 31.0, "학급수_20250401_반합계": 6.0, "조사기준일_데이터3": 20250401, "학생수_20250401_학교총계": 31, "학급수_20250401_학교총계": 6, "교지면적_20250401": 20991, "학생1인당교지면적_20250401_공시": 677.1, "일반교실수_20250401": 6, "교과교실수_20250401": 2, "특별교실수_20250401": 8, "수준별교실수_20250401": 0, "기타교실수_20250401": 1, "전체교실수_20250401": 17, "학생수_일반교실_20250401": 5.166666666666667, "학생수_전체교실_20250401": 1.8235294117647058, "학급당학생수_20251001_계산": 4.833333333333333, "교원1인당학생수_20251001_계산": 2.4166666666666665, "학교짧은키": "대저초" }, "geometry": { "type": "Point", "coordinates": [ 128.9553077, 35.216102220000018 ] } },
{ "type": "Feature", "properties": { "학교코드(KEDI)": "215021253", "학교명_20251001": "덕두초등학교", "행정구_20251001": "강서구", "학교명키": "덕두초등학교", "행정구키": "강서구", "위도": 35.17564815, "경도": 128.9558698, "소재지도로명주소": "부산광역시 강서구 공항로791번길 68", "설립_20251001": "공립", "지역규모_20251001": "특별/광역시", "주소_20251001": "부산광역시 강서구 공항로791번길 68(대저2동.덕두초등학교)", "학생수_20251001": 201, "학급수_20251001": 13, "교원수_20251001": 24, "학급당학생수_20251001_공시": 15.5, "교원1인당학생수_20251001_공시": 8.4, "부산교육청_기준학생수_정책2026": 240, "학생수기준_충족_정책2026": true, "정책적용대상_공립_정책2026": true, "주분석대상_소규모공립_정책2026": true, "학생수_20250401_1학년": 38.0, "학급수_20250401_1학년": 2.0, "학생수_20250401_2학년": 33.0, "학급수_20250401_2학년": 2.0, "학생수_20250401_3학년": 36.0, "학급수_20250401_3학년": 2.0, "학생수_20250401_4학년": 33.0, "학급수_20250401_4학년": 2.0, "학생수_20250401_5학년": 33.0, "학급수_20250401_5학년": 3.0, "학생수_20250401_6학년": 33.0, "학급수_20250401_6학년": 2.0, "학생수_20250401_반합계": 206.0, "학급수_20250401_반합계": 13.0, "조사기준일_데이터3": 20250401, "학생수_20250401_학교총계": 206, "학급수_20250401_학교총계": 13, "교지면적_20250401": 13720, "학생1인당교지면적_20250401_공시": 66.6, "일반교실수_20250401": 13, "교과교실수_20250401": 0, "특별교실수_20250401": 4, "수준별교실수_20250401": 0, "기타교실수_20250401": 5, "전체교실수_20250401": 22, "학생수_일반교실_20250401": 15.846153846153847, "학생수_전체교실_20250401": 9.3636363636363633, "학급당학생수_20251001_계산": 15.461538461538462, "교원1인당학생수_20251001_계산": 8.375, "학교짧은키": "덕두초" }, "geometry": { "type": "Point", "coordinates": [ 128.955869799999988, 35.17564815 ] } },
{ "type": "Feature", "properties": { "학교코드(KEDI)": "215021853", "학교명_20251001": "명문초등학교", "행정구_20251001": "강서구", "학교명키": "명문초등학교", "행정구키": "강서구", "위도": 35.0997879, "경도": 128.9139109, "소재지도로명주소": "부산광역시 강서구 명지국제8로 195", "설립_20251001": "공립", "지역규모_20251001": "특별/광역시", "주소_20251001": "부산광역시 강서구 명지국제8로 195. 명문초등학교 (명지동)", "학생수_20251001": 1128, "학급수_20251001": 47, "교원수_20251001": 64, "학급당학생수_20251001_공시": 24.0, "교원1인당학생수_20251001_공시": 17.6, "부산교육청_기준학생수_정책2026": 240, "학생수기준_충족_정책2026": false, "정책적용대상_공립_정책2026": true, "주분석대상_소규모공립_정책2026": false, "학생수_20250401_1학년": 202.0, "학급수_20250401_1학년": 8.0, "학생수_20250401_2학년": 241.0, "학급수_20250401_2학년": 10.0, "학생수_20250401_3학년": 230.0, "학급수_20250401_3학년": 10.0, "학생수_20250401_4학년": 196.0, "학급수_20250401_4학년": 8.0, "학생수_20250401_5학년": 154.0, "학급수_20250401_5학년": 6.0, "학생수_20250401_6학년": 121.0, "학급수_20250401_6학년": 5.0, "학생수_20250401_반합계": 1144.0, "학급수_20250401_반합계": 47.0, "조사기준일_데이터3": 20250401, "학생수_20250401_학교총계": 1144, "학급수_20250401_학교총계": 47, "교지면적_20250401": 16107, "학생1인당교지면적_20250401_공시": 14.1, "일반교실수_20250401": 47, "교과교실수_20250401": 0, "특별교실수_20250401": 5, "수준별교실수_20250401": 0, "기타교실수_20250401": 2, "전체교실수_20250401": 54, "학생수_일반교실_20250401": 24.340425531914892, "학생수_전체교실_20250401": 21.185185185185187, "학급당학생수_20251001_계산": 24.0, "교원1인당학생수_20251001_계산": 17.625, "학교짧은키": "명문초" }, "geometry": { "type": "Point", "coordinates": [ 128.9139109, 35.0997879 ] } },
{ "type": "Feature", "properties": { "학교코드(KEDI)": "215021369", "학교명_20251001": "명원초등학교", "행정구_20251001": "강서구", "학교명키": "명원초등학교", "행정구키": "강서구", "위도": 35.09412838, "경도": 128.9149353, "소재지도로명주소": "부산광역시 강서구 명지국제6로 147", "설립_20251001": "공립", "지역규모_20251001": "특별/광역시", "주소_20251001": "부산광역시 강서구 명지국제6로 147(명지동. 명원초등학교)", "학생수_20251001": 1324, "학급수_20251001": 58, "교원수_20251001": 84, "학급당학생수_20251001_공시": 22.8, "교원1인당학생수_20251001_공시": 15.8, "부산교육청_기준학생수_정책2026": 240, "학생수기준_충족_정책2026": false, "정책적용대상_공립_정책2026": true, "주분석대상_소규모공립_정책2026": false, "학생수_20250401_1학년": 179.0, "학급수_20250401_1학년": 8.0, "학생수_20250401_2학년": 226.0, "학급수_20250401_2학년": 9.0, "학생수_20250401_3학년": 222.0, "학급수_20250401_3학년": 10.0, "학생수_20250401_4학년": 241.0, "학급수_20250401_4학년": 10.0, "학생수_20250401_5학년": 244.0, "학급수_20250401_5학년": 10.0, "학생수_20250401_6학년": 239.0, "학급수_20250401_6학년": 11.0, "학생수_20250401_반합계": 1351.0, "학급수_20250401_반합계": 58.0, "조사기준일_데이터3": 20250401, "학생수_20250401_학교총계": 1351, "학급수_20250401_학교총계": 58, "교지면적_20250401": 13004, "학생1인당교지면적_20250401_공시": 9.6, "일반교실수_20250401": 64, "교과교실수_20250401": 0, "특별교실수_20250401": 5, "수준별교실수_20250401": 0, "기타교실수_20250401": 0, "전체교실수_20250401": 69, "학생수_일반교실_20250401": 21.109375, "학생수_전체교실_20250401": 19.579710144927535, "학급당학생수_20251001_계산": 22.827586206896552, "교원1인당학생수_20251001_계산": 15.761904761904763, "학교짧은키": "명원초" }, "geometry": { "type": "Point", "coordinates": [ 128.9149353, 35.09412838 ] } },
{ "type": "Feature", "properties": { "학교코드(KEDI)": "215021215", "학교명_20251001": "명일초등학교", "행정구_20251001": "강서구", "학교명키": "명일초등학교", "행정구키": "강서구", "위도": 35.10951726, "경도": 128.922704, "소재지도로명주소": "부산광역시 강서구 명지국제5로 170-5", "설립_20251001": "공립", "지역규모_20251001": "특별/광역시", "주소_20251001": "부산광역시 강서구 명지국제5로 170-5(명지동. 명일초등학교)", "학생수_20251001": 873, "학급수_20251001": 41, "교원수_20251001": 58, "학급당학생수_20251001_공시": 21.3, "교원1인당학생수_20251001_공시": 15.1, "부산교육청_기준학생수_정책2026": 240, "학생수기준_충족_정책2026": false, "정책적용대상_공립_정책2026": true, "주분석대상_소규모공립_정책2026": false, "학생수_20250401_1학년": 154.0, "학급수_20250401_1학년": 8.0, "학생수_20250401_2학년": 148.0, "학급수_20250401_2학년": 7.0, "학생수_20250401_3학년": 169.0, "학급수_20250401_3학년": 8.0, "학생수_20250401_4학년": 135.0, "학급수_20250401_4학년": 6.0, "학생수_20250401_5학년": 149.0, "학급수_20250401_5학년": 6.0, "학생수_20250401_6학년": 133.0, "학급수_20250401_6학년": 6.0, "학생수_20250401_반합계": 888.0, "학급수_20250401_반합계": 41.0, "조사기준일_데이터3": 20250401, "학생수_20250401_학교총계": 888, "학급수_20250401_학교총계": 41, "교지면적_20250401": 13339, "학생1인당교지면적_20250401_공시": 15.0, "일반교실수_20250401": 36, "교과교실수_20250401": 2, "특별교실수_20250401": 3, "수준별교실수_20250401": 1, "기타교실수_20250401": 0, "전체교실수_20250401": 42, "학생수_일반교실_20250401": 24.666666666666668, "학생수_전체교실_20250401": 21.142857142857142, "학급당학생수_20251001_계산": 21.292682926829269, "교원1인당학생수_20251001_계산": 15.051724137931034, "학교짧은키": "명일초" }, "geometry": { "type": "Point", "coordinates": [ 128.922704, 35.10951726 ] } },
{ "type": "Feature", "properties": { "학교코드(KEDI)": "215021325", "학교명_20251001": "명지초등학교", "행정구_20251001": "강서구", "학교명키": "명지초등학교", "행정구키": "강서구", "위도": 35.10226077, "경도": 128.9241427, "소재지도로명주소": "부산광역시 강서구 명지국제6로 296", "설립_20251001": "공립", "지역규모_20251001": "특별/광역시", "주소_20251001": "부산광역시 강서구 명지국제6로 296. 명지초등학교 (명지동)", "학생수_20251001": 1352, "학급수_20251001": 57, "교원수_20251001": 84, "학급당학생수_20251001_공시": 23.7, "교원1인당학생수_20251001_공시": 16.1, "부산교육청_기준학생수_정책2026": 240, "학생수기준_충족_정책2026": false, "정책적용대상_공립_정책2026": true, "주분석대상_소규모공립_정책2026": false, "학생수_20250401_1학년": 198.0, "학급수_20250401_1학년": 8.0, "학생수_20250401_2학년": 243.0, "학급수_20250401_2학년": 11.0, "학생수_20250401_3학년": 248.0, "학급수_20250401_3학년": 10.0, "학생수_20250401_4학년": 242.0, "학급수_20250401_4학년": 10.0, "학생수_20250401_5학년": 259.0, "학급수_20250401_5학년": 10.0, "학생수_20250401_6학년": 185.0, "학급수_20250401_6학년": 8.0, "학생수_20250401_반합계": 1375.0, "학급수_20250401_반합계": 57.0, "조사기준일_데이터3": 20250401, "학생수_20250401_학교총계": 1375, "학급수_20250401_학교총계": 57, "교지면적_20250401": 13304, "학생1인당교지면적_20250401_공시": 9.7, "일반교실수_20250401": 56, "교과교실수_20250401": 2, "특별교실수_20250401": 2, "수준별교실수_20250401": 0, "기타교실수_20250401": 0, "전체교실수_20250401": 60, "학생수_일반교실_20250401": 24.553571428571427, "학생수_전체교실_20250401": 22.916666666666668, "학급당학생수_20251001_계산": 23.719298245614034, "교원1인당학생수_20251001_계산": 16.095238095238095, "학교짧은키": "명지초" }, "geometry": { "type": "Point", "coordinates": [ 128.9241427, 35.10226077 ] } },
{ "type": "Feature", "properties": { "학교코드(KEDI)": "215021267", "학교명_20251001": "명호초등학교", "행정구_20251001": "강서구", "학교명키": "명호초등학교", "행정구키": "강서구", "위도": 35.08526967, "경도": 128.9004096, "소재지도로명주소": "부산광역시 강서구 명지오션시티2로 41", "설립_20251001": "공립", "지역규모_20251001": "특별/광역시", "주소_20251001": "부산광역시 강서구 명지오션시티2로 41(명지동. 명호초등학교)", "학생수_20251001": 1369, "학급수_20251001": 56, "교원수_20251001": 76, "학급당학생수_20251001_공시": 24.4, "교원1인당학생수_20251001_공시": 18.0, "부산교육청_기준학생수_정책2026": 240, "학생수기준_충족_정책2026": false, "정책적용대상_공립_정책2026": true, "주분석대상_소규모공립_정책2026": false, "학생수_20250401_1학년": 164.0, "학급수_20250401_1학년": 7.0, "학생수_20250401_2학년": 183.0, "학급수_20250401_2학년": 8.0, "학생수_20250401_3학년": 234.0, "학급수_20250401_3학년": 9.0, "학생수_20250401_4학년": 276.0, "학급수_20250401_4학년": 11.0, "학생수_20250401_5학년": 267.0, "학급수_20250401_5학년": 11.0, "학생수_20250401_6학년": 260.0, "학급수_20250401_6학년": 10.0, "학생수_20250401_반합계": 1384.0, "학급수_20250401_반합계": 56.0, "조사기준일_데이터3": 20250401, "학생수_20250401_학교총계": 1384, "학급수_20250401_학교총계": 56, "교지면적_20250401": 13200, "학생1인당교지면적_20250401_공시": 9.5, "일반교실수_20250401": 64, "교과교실수_20250401": 0, "특별교실수_20250401": 3, "수준별교실수_20250401": 0, "기타교실수_20250401": 0, "전체교실수_20250401": 67, "학생수_일반교실_20250401": 21.625, "학생수_전체교실_20250401": 20.656716417910449, "학급당학생수_20251001_계산": 24.446428571428573, "교원1인당학생수_20251001_계산": 18.013157894736842, "학교짧은키": "명호초" }, "geometry": { "type": "Point", "coordinates": [ 128.900409599999989, 35.08526967 ] } },
{ "type": "Feature", "properties": { "학교코드(KEDI)": "215021370", "학교명_20251001": "배영초등학교", "행정구_20251001": "강서구", "학교명키": "배영초등학교", "행정구키": "강서구", "위도": 35.15020326, "경도": 128.9453246, "소재지도로명주소": "부산광역시 강서구 공항로339번길 260", "설립_20251001": "공립", "지역규모_20251001": "특별/광역시", "주소_20251001": "부산광역시 강서구 공항로339번길 260. 배영초등학교 (대저2동)", "학생수_20251001": 39, "학급수_20251001": 7, "교원수_20251001": 13, "학급당학생수_20251001_공시": 5.6, "교원1인당학생수_20251001_공시": 3.0, "부산교육청_기준학생수_정책2026": 240, "학생수기준_충족_정책2026": true, "정책적용대상_공립_정책2026": true, "주분석대상_소규모공립_정책2026": true, "학생수_20250401_1학년": 1.0, "학급수_20250401_1학년": 1.0, "학생수_20250401_2학년": 7.0, "학급수_20250401_2학년": 2.0, "학생수_20250401_3학년": 4.0, "학급수_20250401_3학년": 1.0, "학생수_20250401_4학년": 4.0, "학급수_20250401_4학년": 1.0, "학생수_20250401_5학년": 10.0, "학급수_20250401_5학년": 1.0, "학생수_20250401_6학년": 11.0, "학급수_20250401_6학년": 1.0, "학생수_20250401_반합계": 37.0, "학급수_20250401_반합계": 7.0, "조사기준일_데이터3": 20250401, "학생수_20250401_학교총계": 37, "학급수_20250401_학교총계": 7, "교지면적_20250401": 5609, "학생1인당교지면적_20250401_공시": 151.6, "일반교실수_20250401": 7, "교과교실수_20250401": 1, "특별교실수_20250401": 2, "수준별교실수_20250401": 0, "기타교실수_20250401": 0, "전체교실수_20250401": 10, "학생수_일반교실_20250401": 5.2857142857142856, "학생수_전체교실_20250401": 3.7, "학급당학생수_20251001_계산": 5.5714285714285712, "교원1인당학생수_20251001_계산": 3.0, "학교짧은키": "배영초" }, "geometry": { "type": "Point", "coordinates": [ 128.9453246, 35.15020326 ] } },
{ "type": "Feature", "properties": { "학교코드(KEDI)": "215021167", "학교명_20251001": "송정초등학교", "행정구_20251001": "강서구", "학교명키": "송정초등학교", "행정구키": "강서구", "위도": 35.08536457, "경도": 128.8735012, "소재지도로명주소": "부산광역시 강서구 신호산단4로 10", "설립_20251001": "공립", "지역규모_20251001": "특별/광역시", "주소_20251001": "부산광역시 강서구 신호사로 10(신호동)", "학생수_20251001": 693, "학급수_20251001": 35, "교원수_20251001": 49, "학급당학생수_20251001_공시": 19.8, "교원1인당학생수_20251001_공시": 14.1, "부산교육청_기준학생수_정책2026": 240, "학생수기준_충족_정책2026": false, "정책적용대상_공립_정책2026": true, "주분석대상_소규모공립_정책2026": false, "학생수_20250401_1학년": 100.0, "학급수_20250401_1학년": 5.0, "학생수_20250401_2학년": 111.0, "학급수_20250401_2학년": 5.0, "학생수_20250401_3학년": 120.0, "학급수_20250401_3학년": 6.0, "학생수_20250401_4학년": 147.0, "학급수_20250401_4학년": 7.0, "학생수_20250401_5학년": 131.0, "학급수_20250401_5학년": 7.0, "학생수_20250401_6학년": 121.0, "학급수_20250401_6학년": 5.0, "학생수_20250401_반합계": 730.0, "학급수_20250401_반합계": 35.0, "조사기준일_데이터3": 20250401, "학생수_20250401_학교총계": 730, "학급수_20250401_학교총계": 35, "교지면적_20250401": 13915, "학생1인당교지면적_20250401_공시": 19.1, "일반교실수_20250401": 36, "교과교실수_20250401": 2, "특별교실수_20250401": 6, "수준별교실수_20250401": 0, "기타교실수_20250401": 0, "전체교실수_20250401": 44, "학생수_일반교실_20250401": 20.277777777777779, "학생수_전체교실_20250401": 16.59090909090909, "학급당학생수_20251001_계산": 19.8, "교원1인당학생수_20251001_계산": 14.142857142857142, "학교짧은키": "송정초" }, "geometry": { "type": "Point", "coordinates": [ 128.8735012, 35.08536457 ] } },
{ "type": "Feature", "properties": { "학교코드(KEDI)": "215021166", "학교명_20251001": "신명초등학교", "행정구_20251001": "강서구", "학교명키": "신명초등학교", "행정구키": "강서구", "위도": 35.09523277, "경도": 128.9207165, "소재지도로명주소": "부산광역시 강서구 명지국제7로 178", "설립_20251001": "공립", "지역규모_20251001": "특별/광역시", "주소_20251001": "부산광역시 강서구 명지국제7로 178(명지동)", "학생수_20251001": 1086, "학급수_20251001": 49, "교원수_20251001": 72, "학급당학생수_20251001_공시": 22.2, "교원1인당학생수_20251001_공시": 15.1, "부산교육청_기준학생수_정책2026": 240, "학생수기준_충족_정책2026": false, "정책적용대상_공립_정책2026": true, "주분석대상_소규모공립_정책2026": false, "학생수_20250401_1학년": 168.0, "학급수_20250401_1학년": 7.0, "학생수_20250401_2학년": 144.0, "학급수_20250401_2학년": 6.0, "학생수_20250401_3학년": 181.0, "학급수_20250401_3학년": 8.0, "학생수_20250401_4학년": 210.0, "학급수_20250401_4학년": 10.0, "학생수_20250401_5학년": 183.0, "학급수_20250401_5학년": 8.0, "학생수_20250401_6학년": 206.0, "학급수_20250401_6학년": 10.0, "학생수_20250401_반합계": 1092.0, "학급수_20250401_반합계": 49.0, "조사기준일_데이터3": 20250401, "학생수_20250401_학교총계": 1092, "학급수_20250401_학교총계": 49, "교지면적_20250401": 13928, "학생1인당교지면적_20250401_공시": 12.8, "일반교실수_20250401": 51, "교과교실수_20250401": 1, "특별교실수_20250401": 2, "수준별교실수_20250401": 1, "기타교실수_20250401": 0, "전체교실수_20250401": 55, "학생수_일반교실_20250401": 21.411764705882351, "학생수_전체교실_20250401": 19.854545454545455, "학급당학생수_20251001_계산": 22.163265306122447, "교원1인당학생수_20251001_계산": 15.083333333333334, "학교짧은키": "신명초" }, "geometry": { "type": "Point", "coordinates": [ 128.9207165, 35.09523277 ] } },
{ "type": "Feature", "properties": { "학교코드(KEDI)": "215021469", "학교명_20251001": "신호초등학교", "행정구_20251001": "강서구", "학교명키": "신호초등학교", "행정구키": "강서구", "위도": 35.08196953, "경도": 128.8785862, "소재지도로명주소": "부산광역시 강서구 신호산단2로75번길 12", "설립_20251001": "공립", "지역규모_20251001": "특별/광역시", "주소_20251001": "부산광역시 강서구 신호이로75번길 12(신호동)", "학생수_20251001": 410, "학급수_20251001": 21, "교원수_20251001": 33, "학급당학생수_20251001_공시": 19.5, "교원1인당학생수_20251001_공시": 12.4, "부산교육청_기준학생수_정책2026": 240, "학생수기준_충족_정책2026": false, "정책적용대상_공립_정책2026": true, "주분석대상_소규모공립_정책2026": false, "학생수_20250401_1학년": 47.0, "학급수_20250401_1학년": 2.0, "학생수_20250401_2학년": 66.0, "학급수_20250401_2학년": 4.0, "학생수_20250401_3학년": 82.0, "학급수_20250401_3학년": 4.0, "학생수_20250401_4학년": 73.0, "학급수_20250401_4학년": 3.0, "학생수_20250401_5학년": 89.0, "학급수_20250401_5학년": 4.0, "학생수_20250401_6학년": 78.0, "학급수_20250401_6학년": 4.0, "학생수_20250401_반합계": 435.0, "학급수_20250401_반합계": 21.0, "조사기준일_데이터3": 20250401, "학생수_20250401_학교총계": 435, "학급수_20250401_학교총계": 21, "교지면적_20250401": 11992, "학생1인당교지면적_20250401_공시": 27.6, "일반교실수_20250401": 34, "교과교실수_20250401": 2, "특별교실수_20250401": 7, "수준별교실수_20250401": 0, "기타교실수_20250401": 4, "전체교실수_20250401": 47, "학생수_일반교실_20250401": 12.794117647058824, "학생수_전체교실_20250401": 9.2553191489361701, "학급당학생수_20251001_계산": 19.523809523809526, "교원1인당학생수_20251001_계산": 12.424242424242424, "학교짧은키": "신호초" }, "geometry": { "type": "Point", "coordinates": [ 128.8785862, 35.08196953 ] } },
{ "type": "Feature", "properties": { "학교코드(KEDI)": "215021114", "학교명_20251001": "오션초등학교", "행정구_20251001": "강서구", "학교명키": "오션초등학교", "행정구키": "강서구", "위도": 35.08029669, "경도": 128.9070666, "소재지도로명주소": "부산광역시 강서구 명지오션시티6로 72", "설립_20251001": "공립", "지역규모_20251001": "특별/광역시", "주소_20251001": "부산광역시 강서구 명지오션시티6로 72(명지동)", "학생수_20251001": 1010, "학급수_20251001": 46, "교원수_20251001": 65, "학급당학생수_20251001_공시": 22.0, "교원1인당학생수_20251001_공시": 15.5, "부산교육청_기준학생수_정책2026": 240, "학생수기준_충족_정책2026": false, "정책적용대상_공립_정책2026": true, "주분석대상_소규모공립_정책2026": false, "학생수_20250401_1학년": 147.0, "학급수_20250401_1학년": 7.0, "학생수_20250401_2학년": 129.0, "학급수_20250401_2학년": 6.0, "학생수_20250401_3학년": 166.0, "학급수_20250401_3학년": 7.0, "학생수_20250401_4학년": 212.0, "학급수_20250401_4학년": 9.0, "학생수_20250401_5학년": 189.0, "학급수_20250401_5학년": 9.0, "학생수_20250401_6학년": 183.0, "학급수_20250401_6학년": 8.0, "학생수_20250401_반합계": 1026.0, "학급수_20250401_반합계": 46.0, "조사기준일_데이터3": 20250401, "학생수_20250401_학교총계": 1026, "학급수_20250401_학교총계": 46, "교지면적_20250401": 13000, "학생1인당교지면적_20250401_공시": 12.7, "일반교실수_20250401": 48, "교과교실수_20250401": 0, "특별교실수_20250401": 6, "수준별교실수_20250401": 0, "기타교실수_20250401": 0, "전체교실수_20250401": 54, "학생수_일반교실_20250401": 21.375, "학생수_전체교실_20250401": 19.0, "학급당학생수_20251001_계산": 21.956521739130434, "교원1인당학생수_20251001_계산": 15.538461538461538, "학교짧은키": "오션초" }, "geometry": { "type": "Point", "coordinates": [ 128.9070666, 35.08029669 ] } },
{ "type": "Feature", "properties": { "학교코드(KEDI)": "215021523", "학교명_20251001": "천가초등학교", "행정구_20251001": "강서구", "학교명키": "천가초등학교", "행정구키": "강서구", "위도": 35.05234602, "경도": 128.8312677, "소재지도로명주소": "부산광역시 강서구 동선길 135", "설립_20251001": "공립", "지역규모_20251001": "특별/광역시", "주소_20251001": "부산광역시 강서구 동선길 135(성북동)", "학생수_20251001": 60, "학급수_20251001": 7, "교원수_20251001": 14, "학급당학생수_20251001_공시": 8.6, "교원1인당학생수_20251001_공시": 4.3, "부산교육청_기준학생수_정책2026": 240, "학생수기준_충족_정책2026": true, "정책적용대상_공립_정책2026": true, "주분석대상_소규모공립_정책2026": true, "학생수_20250401_1학년": 7.0, "학급수_20250401_1학년": 1.0, "학생수_20250401_2학년": 5.0, "학급수_20250401_2학년": 1.0, "학생수_20250401_3학년": 14.0, "학급수_20250401_3학년": 1.0, "학생수_20250401_4학년": 10.0, "학급수_20250401_4학년": 1.0, "학생수_20250401_5학년": 10.0, "학급수_20250401_5학년": 1.0, "학생수_20250401_6학년": 18.0, "학급수_20250401_6학년": 2.0, "학생수_20250401_반합계": 64.0, "학급수_20250401_반합계": 7.0, "조사기준일_데이터3": 20250401, "학생수_20250401_학교총계": 64, "학급수_20250401_학교총계": 7, "교지면적_20250401": 9233, "학생1인당교지면적_20250401_공시": 144.3, "일반교실수_20250401": 7, "교과교실수_20250401": 0, "특별교실수_20250401": 4, "수준별교실수_20250401": 0, "기타교실수_20250401": 1, "전체교실수_20250401": 12, "학생수_일반교실_20250401": 9.1428571428571423, "학생수_전체교실_20250401": 5.333333333333333, "학급당학생수_20251001_계산": 8.5714285714285712, "교원1인당학생수_20251001_계산": 4.2857142857142856, "학교짧은키": "천가초" }, "geometry": { "type": "Point", "coordinates": [ 128.831267700000012, 35.05234602 ] } },
{ "type": "Feature", "properties": { "학교코드(KEDI)": "214021127", "학교명_20251001": "공덕초등학교", "행정구_20251001": "금정구", "학교명키": "공덕초등학교", "행정구키": "금정구", "위도": 35.29585964, "경도": 129.1113124, "소재지도로명주소": "부산광역시 금정구 대두로 2", "설립_20251001": "공립", "지역규모_20251001": "특별/광역시", "주소_20251001": "부산광역시 금정구 대두로 2(두구동.공덕초등학교)", "학생수_20251001": 42, "학급수_20251001": 7, "교원수_20251001": 15, "학급당학생수_20251001_공시": 6.0, "교원1인당학생수_20251001_공시": 2.8, "부산교육청_기준학생수_정책2026": 240, "학생수기준_충족_정책2026": true, "정책적용대상_공립_정책2026": true, "주분석대상_소규모공립_정책2026": true, "학생수_20250401_1학년": 4.0, "학급수_20250401_1학년": 2.0, "학생수_20250401_2학년": 5.0, "학급수_20250401_2학년": 1.0, "학생수_20250401_3학년": 11.0, "학급수_20250401_3학년": 1.0, "학생수_20250401_4학년": 14.0, "학급수_20250401_4학년": 1.0, "학생수_20250401_5학년": 7.0, "학급수_20250401_5학년": 1.0, "학생수_20250401_6학년": 4.0, "학급수_20250401_6학년": 1.0, "학생수_20250401_반합계": 45.0, "학급수_20250401_반합계": 7.0, "조사기준일_데이터3": 20250401, "학생수_20250401_학교총계": 45, "학급수_20250401_학교총계": 7, "교지면적_20250401": 8404, "학생1인당교지면적_20250401_공시": 186.8, "일반교실수_20250401": 8, "교과교실수_20250401": 1, "특별교실수_20250401": 2, "수준별교실수_20250401": 0, "기타교실수_20250401": 0, "전체교실수_20250401": 11, "학생수_일반교실_20250401": 5.625, "학생수_전체교실_20250401": 4.0909090909090908, "학급당학생수_20251001_계산": 6.0, "교원1인당학생수_20251001_계산": 2.8, "학교짧은키": "공덕초" }, "geometry": { "type": "Point", "coordinates": [ 129.1113124, 35.29585964 ] } },
{ "type": "Feature", "properties": { "학교코드(KEDI)": "214021401", "학교명_20251001": "구서초등학교", "행정구_20251001": "금정구", "학교명키": "구서초등학교", "행정구키": "금정구", "위도": 35.25420144, "경도": 129.0871404, "소재지도로명주소": "부산광역시 금정구 구서중앙로 35", "설립_20251001": "공립", "지역규모_20251001": "특별/광역시", "주소_20251001": "부산광역시 금정구 구서중앙로 35(구서동) 구서초등학교", "학생수_20251001": 467, "학급수_20251001": 23, "교원수_20251001": 37, "학급당학생수_20251001_공시": 20.3, "교원1인당학생수_20251001_공시": 12.6, "부산교육청_기준학생수_정책2026": 240, "학생수기준_충족_정책2026": false, "정책적용대상_공립_정책2026": true, "주분석대상_소규모공립_정책2026": false, "학생수_20250401_1학년": 45.0, "학급수_20250401_1학년": 3.0, "학생수_20250401_2학년": 63.0, "학급수_20250401_2학년": 4.0, "학생수_20250401_3학년": 72.0, "학급수_20250401_3학년": 3.0, "학생수_20250401_4학년": 104.0, "학급수_20250401_4학년": 5.0, "학생수_20250401_5학년": 86.0, "학급수_20250401_5학년": 4.0, "학생수_20250401_6학년": 93.0, "학급수_20250401_6학년": 4.0, "학생수_20250401_반합계": 463.0, "학급수_20250401_반합계": 23.0, "조사기준일_데이터3": 20250401, "학생수_20250401_학교총계": 463, "학급수_20250401_학교총계": 23, "교지면적_20250401": 17704, "학생1인당교지면적_20250401_공시": 38.2, "일반교실수_20250401": 23, "교과교실수_20250401": 4, "특별교실수_20250401": 10, "수준별교실수_20250401": 0, "기타교실수_20250401": 4, "전체교실수_20250401": 41, "학생수_일반교실_20250401": 20.130434782608695, "학생수_전체교실_20250401": 11.292682926829269, "학급당학생수_20251001_계산": 20.304347826086957, "교원1인당학생수_20251001_계산": 12.621621621621621, "학교짧은키": "구서초" }, "geometry": { "type": "Point", "coordinates": [ 129.08714040000001, 35.25420144000001 ] } },
{ "type": "Feature", "properties": { "학교코드(KEDI)": "214021180", "학교명_20251001": "금빛초등학교", "행정구_20251001": "금정구", "학교명키": "금빛초등학교", "행정구키": "금정구", "위도": 35.22797751, "경도": 129.080361, "소재지도로명주소": "부산광역시 금정구 소정로 31", "설립_20251001": "공립", "지역규모_20251001": "특별/광역시", "주소_20251001": "부산광역시 금정구 소정로 31(장전동. 금빛초등학교)", "학생수_20251001": 693, "학급수_20251001": 32, "교원수_20251001": 44, "학급당학생수_20251001_공시": 21.7, "교원1인당학생수_20251001_공시": 15.8, "부산교육청_기준학생수_정책2026": 240, "학생수기준_충족_정책2026": false, "정책적용대상_공립_정책2026": true, "주분석대상_소규모공립_정책2026": false, "학생수_20250401_1학년": 93.0, "학급수_20250401_1학년": 4.0, "학생수_20250401_2학년": 120.0, "학급수_20250401_2학년": 6.0, "학생수_20250401_3학년": 106.0, "학급수_20250401_3학년": 5.0, "학생수_20250401_4학년": 131.0, "학급수_20250401_4학년": 6.0, "학생수_20250401_5학년": 112.0, "학급수_20250401_5학년": 5.0, "학생수_20250401_6학년": 124.0, "학급수_20250401_6학년": 6.0, "학생수_20250401_반합계": 686.0, "학급수_20250401_반합계": 32.0, "조사기준일_데이터3": 20250401, "학생수_20250401_학교총계": 686, "학급수_20250401_학교총계": 32, "교지면적_20250401": 9900, "학생1인당교지면적_20250401_공시": 14.4, "일반교실수_20250401": 32, "교과교실수_20250401": 2, "특별교실수_20250401": 3, "수준별교실수_20250401": 0, "기타교실수_20250401": 0, "전체교실수_20250401": 37, "학생수_일반교실_20250401": 21.4375, "학생수_전체교실_20250401": 18.54054054054054, "학급당학생수_20251001_계산": 21.65625, "교원1인당학생수_20251001_계산": 15.75, "학교짧은키": "금빛초" }, "geometry": { "type": "Point", "coordinates": [ 129.080361, 35.22797751 ] } },
{ "type": "Feature", "properties": { "학교코드(KEDI)": "214021172", "학교명_20251001": "금사초등학교", "행정구_20251001": "금정구", "학교명키": "금사초등학교", "행정구키": "금정구", "위도": 35.21892241, "경도": 129.1095532, "소재지도로명주소": "부산광역시 금정구 금사로57번길 24", "설립_20251001": "공립", "지역규모_20251001": "특별/광역시", "주소_20251001": "부산광역시 금정구 금사로57번길 24서동. 금사초등학교", "학생수_20251001": 268, "학급수_20251001": 16, "교원수_20251001": 21, "학급당학생수_20251001_공시": 16.8, "교원1인당학생수_20251001_공시": 12.8, "부산교육청_기준학생수_정책2026": 240, "학생수기준_충족_정책2026": false, "정책적용대상_공립_정책2026": true, "주분석대상_소규모공립_정책2026": false, "학생수_20250401_1학년": 41.0, "학급수_20250401_1학년": 3.0, "학생수_20250401_2학년": 38.0, "학급수_20250401_2학년": 2.0, "학생수_20250401_3학년": 41.0, "학급수_20250401_3학년": 2.0, "학생수_20250401_4학년": 60.0, "학급수_20250401_4학년": 3.0, "학생수_20250401_5학년": 38.0, "학급수_20250401_5학년": 2.0, "학생수_20250401_6학년": 62.0, "학급수_20250401_6학년": 4.0, "학생수_20250401_반합계": 280.0, "학급수_20250401_반합계": 16.0, "조사기준일_데이터3": 20250401, "학생수_20250401_학교총계": 280, "학급수_20250401_학교총계": 16, "교지면적_20250401": 10856, "학생1인당교지면적_20250401_공시": 38.8, "일반교실수_20250401": 20, "교과교실수_20250401": 2, "특별교실수_20250401": 5, "수준별교실수_20250401": 0, "기타교실수_20250401": 0, "전체교실수_20250401": 27, "학생수_일반교실_20250401": 14.0, "학생수_전체교실_20250401": 10.37037037037037, "학급당학생수_20251001_계산": 16.75, "교원1인당학생수_20251001_계산": 12.761904761904763, "학교짧은키": "금사초" }, "geometry": { "type": "Point", "coordinates": [ 129.1095532, 35.21892241 ] } },
{ "type": "Feature", "properties": { "학교코드(KEDI)": "214021185", "학교명_20251001": "금샘초등학교", "행정구_20251001": "금정구", "학교명키": "금샘초등학교", "행정구키": "금정구", "위도": 35.26905892, "경도": 129.0838921, "소재지도로명주소": "부산광역시 금정구 금샘로 525", "설립_20251001": "공립", "지역규모_20251001": "특별/광역시", "주소_20251001": "부산광역시 금정구 금샘로 525(남산동. 금샘초등학교)", "학생수_20251001": 151, "학급수_20251001": 11, "교원수_20251001": 19, "학급당학생수_20251001_공시": 13.7, "교원1인당학생수_20251001_공시": 7.9, "부산교육청_기준학생수_정책2026": 240, "학생수기준_충족_정책2026": true, "정책적용대상_공립_정책2026": true, "주분석대상_소규모공립_정책2026": true, "학생수_20250401_1학년": 16.0, "학급수_20250401_1학년": 1.0, "학생수_20250401_2학년": 26.0, "학급수_20250401_2학년": 2.0, "학생수_20250401_3학년": 31.0, "학급수_20250401_3학년": 3.0, "학생수_20250401_4학년": 30.0, "학급수_20250401_4학년": 2.0, "학생수_20250401_5학년": 21.0, "학급수_20250401_5학년": 1.0, "학생수_20250401_6학년": 27.0, "학급수_20250401_6학년": 2.0, "학생수_20250401_반합계": 151.0, "학급수_20250401_반합계": 11.0, "조사기준일_데이터3": 20250401, "학생수_20250401_학교총계": 151, "학급수_20250401_학교총계": 11, "교지면적_20250401": 13569, "학생1인당교지면적_20250401_공시": 89.9, "일반교실수_20250401": 15, "교과교실수_20250401": 2, "특별교실수_20250401": 11, "수준별교실수_20250401": 5, "기타교실수_20250401": 8, "전체교실수_20250401": 41, "학생수_일반교실_20250401": 10.066666666666666, "학생수_전체교실_20250401": 3.6829268292682928, "학급당학생수_20251001_계산": 13.727272727272727, "교원1인당학생수_20251001_계산": 7.9473684210526319, "학교짧은키": "금샘초" }, "geometry": { "type": "Point", "coordinates": [ 129.083892100000014, 35.26905892 ] } },
{ "type": "Feature", "properties": { "학교코드(KEDI)": "214021181", "학교명_20251001": "금성초등학교", "행정구_20251001": "금정구", "학교명키": "금성초등학교", "행정구키": "금정구", "위도": 35.25063811, "경도": 129.0573705, "소재지도로명주소": "부산광역시 금정구 중리1길 15", "설립_20251001": "공립", "지역규모_20251001": "특별/광역시", "주소_20251001": "부산광역시 금정구 중리1길 15(금성동)", "학생수_20251001": 43, "학급수_20251001": 7, "교원수_20251001": 15, "학급당학생수_20251001_공시": 6.1, "교원1인당학생수_20251001_공시": 2.9, "부산교육청_기준학생수_정책2026": 240, "학생수기준_충족_정책2026": true, "정책적용대상_공립_정책2026": true, "주분석대상_소규모공립_정책2026": true, "학생수_20250401_1학년": 2.0, "학급수_20250401_1학년": 1.0, "학생수_20250401_2학년": 10.0, "학급수_20250401_2학년": 1.0, "학생수_20250401_3학년": 2.0, "학급수_20250401_3학년": 2.0, "학생수_20250401_4학년": 11.0, "학급수_20250401_4학년": 1.0, "학생수_20250401_5학년": 4.0, "학급수_20250401_5학년": 1.0, "학생수_20250401_6학년": 10.0, "학급수_20250401_6학년": 1.0, "학생수_20250401_반합계": 39.0, "학급수_20250401_반합계": 7.0, "조사기준일_데이터3": 20250401, "학생수_20250401_학교총계": 39, "학급수_20250401_학교총계": 7, "교지면적_20250401": 7967, "학생1인당교지면적_20250401_공시": 204.3, "일반교실수_20250401": 7, "교과교실수_20250401": 0, "특별교실수_20250401": 2, "수준별교실수_20250401": 0, "기타교실수_20250401": 3, "전체교실수_20250401": 12, "학생수_일반교실_20250401": 5.5714285714285712, "학생수_전체교실_20250401": 3.25, "학급당학생수_20251001_계산": 6.1428571428571432, "교원1인당학생수_20251001_계산": 2.8666666666666667, "학교짧은키": "금성초" }, "geometry": { "type": "Point", "coordinates": [ 129.0573705, 35.25063811 ] } },
{ "type": "Feature", "properties": { "학교코드(KEDI)": "214021195", "학교명_20251001": "금양초등학교", "행정구_20251001": "금정구", "학교명키": "금양초등학교", "행정구키": "금정구", "위도": 35.24123522, "경도": 129.0920128, "소재지도로명주소": "부산광역시 금정구 중앙대로 1755", "설립_20251001": "공립", "지역규모_20251001": "특별/광역시", "주소_20251001": "부산광역시 금정구 중앙대로 1755(부곡동)", "학생수_20251001": 658, "학급수_20251001": 33, "교원수_20251001": 45, "학급당학생수_20251001_공시": 19.9, "교원1인당학생수_20251001_공시": 14.6, "부산교육청_기준학생수_정책2026": 240, "학생수기준_충족_정책2026": false, "정책적용대상_공립_정책2026": true, "주분석대상_소규모공립_정책2026": false, "학생수_20250401_1학년": 84.0, "학급수_20250401_1학년": 4.0, "학생수_20250401_2학년": 89.0, "학급수_20250401_2학년": 5.0, "학생수_20250401_3학년": 118.0, "학급수_20250401_3학년": 7.0, "학생수_20250401_4학년": 107.0, "학급수_20250401_4학년": 5.0, "학생수_20250401_5학년": 131.0, "학급수_20250401_5학년": 6.0, "학생수_20250401_6학년": 135.0, "학급수_20250401_6학년": 6.0, "학생수_20250401_반합계": 664.0, "학급수_20250401_반합계": 33.0, "조사기준일_데이터3": 20250401, "학생수_20250401_학교총계": 664, "학급수_20250401_학교총계": 33, "교지면적_20250401": 6626, "학생1인당교지면적_20250401_공시": 10.0, "일반교실수_20250401": 36, "교과교실수_20250401": 1, "특별교실수_20250401": 4, "수준별교실수_20250401": 0, "기타교실수_20250401": 1, "전체교실수_20250401": 42, "학생수_일반교실_20250401": 18.444444444444443, "학생수_전체교실_20250401": 15.80952380952381, "학급당학생수_20251001_계산": 19.939393939393938, "교원1인당학생수_20251001_계산": 14.622222222222222, "학교짧은키": "금양초" }, "geometry": { "type": "Point", "coordinates": [ 129.0920128, 35.24123522 ] } },
{ "type": "Feature", "properties": { "학교코드(KEDI)": "214021190", "학교명_20251001": "금정초등학교", "행정구_20251001": "금정구", "학교명키": "금정초등학교", "행정구키": "금정구", "위도": 35.22802827, "경도": 129.0848988, "소재지도로명주소": "부산광역시 금정구 식물원로44번길 46", "설립_20251001": "공립", "지역규모_20251001": "특별/광역시", "주소_20251001": "부산광역시 금정구 식물원로44번길 46.금정초등학교 (장전동. 금정초등학교.금정유치원)", "학생수_20251001": 1298, "학급수_20251001": 54, "교원수_20251001": 71, "학급당학생수_20251001_공시": 24.0, "교원1인당학생수_20251001_공시": 18.3, "부산교육청_기준학생수_정책2026": 240, "학생수기준_충족_정책2026": false, "정책적용대상_공립_정책2026": true, "주분석대상_소규모공립_정책2026": false, "학생수_20250401_1학년": 227.0, "학급수_20250401_1학년": 10.0, "학생수_20250401_2학년": 206.0, "학급수_20250401_2학년": 8.0, "학생수_20250401_3학년": 216.0, "학급수_20250401_3학년": 9.0, "학생수_20250401_4학년": 241.0, "학급수_20250401_4학년": 10.0, "학생수_20250401_5학년": 211.0, "학급수_20250401_5학년": 8.0, "학생수_20250401_6학년": 199.0, "학급수_20250401_6학년": 9.0, "학생수_20250401_반합계": 1300.0, "학급수_20250401_반합계": 54.0, "조사기준일_데이터3": 20250401, "학생수_20250401_학교총계": 1300, "학급수_20250401_학교총계": 54, "교지면적_20250401": 38630, "학생1인당교지면적_20250401_공시": 29.7, "일반교실수_20250401": 39, "교과교실수_20250401": 0, "특별교실수_20250401": 7, "수준별교실수_20250401": 0, "기타교실수_20250401": 0, "전체교실수_20250401": 46, "학생수_일반교실_20250401": 33.333333333333336, "학생수_전체교실_20250401": 28.260869565217391, "학급당학생수_20251001_계산": 24.037037037037038, "교원1인당학생수_20251001_계산": 18.281690140845072, "학교짧은키": "금정초" }, "geometry": { "type": "Point", "coordinates": [ 129.0848988, 35.22802827 ] } },
{ "type": "Feature", "properties": { "학교코드(KEDI)": "214021208", "학교명_20251001": "남산초등학교", "행정구_20251001": "금정구", "학교명키": "남산초등학교", "행정구키": "금정구", "위도": 35.26214065, "경도": 129.0891842, "소재지도로명주소": "부산광역시 금정구 금강로 614", "설립_20251001": "공립", "지역규모_20251001": "특별/광역시", "주소_20251001": "부산광역시 금정구 금강로 614(남산동. 남산초등학교)", "학생수_20251001": 358, "학급수_20251001": 18, "교원수_20251001": 28, "학급당학생수_20251001_공시": 19.9, "교원1인당학생수_20251001_공시": 12.8, "부산교육청_기준학생수_정책2026": 240, "학생수기준_충족_정책2026": false, "정책적용대상_공립_정책2026": true, "주분석대상_소규모공립_정책2026": false, "학생수_20250401_1학년": 36.0, "학급수_20250401_1학년": 2.0, "학생수_20250401_2학년": 48.0, "학급수_20250401_2학년": 2.0, "학생수_20250401_3학년": 59.0, "학급수_20250401_3학년": 3.0, "학생수_20250401_4학년": 58.0, "학급수_20250401_4학년": 3.0, "학생수_20250401_5학년": 82.0, "학급수_20250401_5학년": 4.0, "학생수_20250401_6학년": 75.0, "학급수_20250401_6학년": 4.0, "학생수_20250401_반합계": 358.0, "학급수_20250401_반합계": 18.0, "조사기준일_데이터3": 20250401, "학생수_20250401_학교총계": 358, "학급수_20250401_학교총계": 18, "교지면적_20250401": 11534, "학생1인당교지면적_20250401_공시": 32.2, "일반교실수_20250401": 20, "교과교실수_20250401": 3, "특별교실수_20250401": 9, "수준별교실수_20250401": 0, "기타교실수_20250401": 0, "전체교실수_20250401": 32, "학생수_일반교실_20250401": 17.9, "학생수_전체교실_20250401": 11.1875, "학급당학생수_20251001_계산": 19.888888888888889, "교원1인당학생수_20251001_계산": 12.785714285714286, "학교짧은키": "남산초" }, "geometry": { "type": "Point", "coordinates": [ 129.0891842, 35.26214065 ] } },
{ "type": "Feature", "properties": { "학교코드(KEDI)": "214021253", "학교명_20251001": "동상초등학교", "행정구_20251001": "금정구", "학교명키": "동상초등학교", "행정구키": "금정구", "위도": 35.21130087, "경도": 129.1069511, "소재지도로명주소": "부산광역시 금정구 옥봉로 5", "설립_20251001": "공립", "지역규모_20251001": "특별/광역시", "주소_20251001": "부산광역시 금정구 옥봉로 5(서동. 동상초등학교)", "학생수_20251001": 100, "학급수_20251001": 7, "교원수_20251001": 12, "학급당학생수_20251001_공시": 14.3, "교원1인당학생수_20251001_공시": 8.3, "부산교육청_기준학생수_정책2026": 240, "학생수기준_충족_정책2026": true, "정책적용대상_공립_정책2026": true, "주분석대상_소규모공립_정책2026": true, "학생수_20250401_1학년": 10.0, "학급수_20250401_1학년": 1.0, "학생수_20250401_2학년": 16.0, "학급수_20250401_2학년": 1.0, "학생수_20250401_3학년": 15.0, "학급수_20250401_3학년": 2.0, "학생수_20250401_4학년": 20.0, "학급수_20250401_4학년": 1.0, "학생수_20250401_5학년": 20.0, "학급수_20250401_5학년": 1.0, "학생수_20250401_6학년": 19.0, "학급수_20250401_6학년": 1.0, "학생수_20250401_반합계": 100.0, "학급수_20250401_반합계": 7.0, "조사기준일_데이터3": 20250401, "학생수_20250401_학교총계": 100, "학급수_20250401_학교총계": 7, "교지면적_20250401": 12405, "학생1인당교지면적_20250401_공시": 124.1, "일반교실수_20250401": 11, "교과교실수_20250401": 3, "특별교실수_20250401": 4, "수준별교실수_20250401": 0, "기타교실수_20250401": 10, "전체교실수_20250401": 28, "학생수_일반교실_20250401": 9.0909090909090917, "학생수_전체교실_20250401": 3.5714285714285716, "학급당학생수_20251001_계산": 14.285714285714286, "교원1인당학생수_20251001_계산": 8.3333333333333339, "학교짧은키": "동상초" }, "geometry": { "type": "Point", "coordinates": [ 129.1069511, 35.21130087 ] } },
{ "type": "Feature", "properties": { "학교코드(KEDI)": "214021262", "학교명_20251001": "동현초등학교", "행정구_20251001": "금정구", "학교명키": "동현초등학교", "행정구키": "금정구", "위도": 35.2220225, "경도": 129.0927597, "소재지도로명주소": "부산광역시 금정구 동현로 36", "설립_20251001": "공립", "지역규모_20251001": "특별/광역시", "주소_20251001": "부산광역시 금정구 동현로 36(부곡동. 동현초등학교)", "학생수_20251001": 289, "학급수_20251001": 16, "교원수_20251001": 24, "학급당학생수_20251001_공시": 18.1, "교원1인당학생수_20251001_공시": 12.0, "부산교육청_기준학생수_정책2026": 240, "학생수기준_충족_정책2026": false, "정책적용대상_공립_정책2026": true, "주분석대상_소규모공립_정책2026": false, "학생수_20250401_1학년": 41.0, "학급수_20250401_1학년": 2.0, "학생수_20250401_2학년": 44.0, "학급수_20250401_2학년": 3.0, "학생수_20250401_3학년": 54.0, "학급수_20250401_3학년": 3.0, "학생수_20250401_4학년": 40.0, "학급수_20250401_4학년": 2.0, "학생수_20250401_5학년": 57.0, "학급수_20250401_5학년": 3.0, "학생수_20250401_6학년": 53.0, "학급수_20250401_6학년": 3.0, "학생수_20250401_반합계": 289.0, "학급수_20250401_반합계": 16.0, "조사기준일_데이터3": 20250401, "학생수_20250401_학교총계": 289, "학급수_20250401_학교총계": 16, "교지면적_20250401": 16130, "학생1인당교지면적_20250401_공시": 55.8, "일반교실수_20250401": 19, "교과교실수_20250401": 4, "특별교실수_20250401": 6, "수준별교실수_20250401": 0, "기타교실수_20250401": 4, "전체교실수_20250401": 33, "학생수_일반교실_20250401": 15.210526315789474, "학생수_전체교실_20250401": 8.7575757575757578, "학급당학생수_20251001_계산": 18.0625, "교원1인당학생수_20251001_계산": 12.041666666666666, "학교짧은키": "동현초" }, "geometry": { "type": "Point", "coordinates": [ 129.092759699999988, 35.2220225 ] } },
{ "type": "Feature", "properties": { "학교코드(KEDI)": "214021543", "학교명_20251001": "두실초등학교", "행정구_20251001": "금정구", "학교명키": "두실초등학교", "행정구키": "금정구", "위도": 35.25315685, "경도": 129.0894002, "소재지도로명주소": "부산광역시 금정구 중앙대로1893번길 33", "설립_20251001": "공립", "지역규모_20251001": "특별/광역시", "주소_20251001": "부산광역시 금정구 중앙대로1893번길 33(구서동. 두실초등학교)", "학생수_20251001": 759, "학급수_20251001": 32, "교원수_20251001": 48, "학급당학생수_20251001_공시": 23.7, "교원1인당학생수_20251001_공시": 15.8, "부산교육청_기준학생수_정책2026": 240, "학생수기준_충족_정책2026": false, "정책적용대상_공립_정책2026": true, "주분석대상_소규모공립_정책2026": false, "학생수_20250401_1학년": 88.0, "학급수_20250401_1학년": 4.0, "학생수_20250401_2학년": 132.0, "학급수_20250401_2학년": 5.0, "학생수_20250401_3학년": 132.0, "학급수_20250401_3학년": 5.0, "학생수_20250401_4학년": 132.0, "학급수_20250401_4학년": 6.0, "학생수_20250401_5학년": 129.0, "학급수_20250401_5학년": 6.0, "학생수_20250401_6학년": 147.0, "학급수_20250401_6학년": 6.0, "학생수_20250401_반합계": 760.0, "학급수_20250401_반합계": 32.0, "조사기준일_데이터3": 20250401, "학생수_20250401_학교총계": 760, "학급수_20250401_학교총계": 32, "교지면적_20250401": 9623, "학생1인당교지면적_20250401_공시": 12.7, "일반교실수_20250401": 32, "교과교실수_20250401": 5, "특별교실수_20250401": 14, "수준별교실수_20250401": 0, "기타교실수_20250401": 0, "전체교실수_20250401": 51, "학생수_일반교실_20250401": 23.75, "학생수_전체교실_20250401": 14.901960784313726, "학급당학생수_20251001_계산": 23.71875, "교원1인당학생수_20251001_계산": 15.8125, "학교짧은키": "두실초" }, "geometry": { "type": "Point", "coordinates": [ 129.0894002, 35.25315685 ] } },
{ "type": "Feature", "properties": { "학교코드(KEDI)": "214021316", "학교명_20251001": "부곡초등학교", "행정구_20251001": "금정구", "학교명키": "부곡초등학교", "행정구키": "금정구", "위도": 35.23411218, "경도": 129.0932501, "소재지도로명주소": "부산광역시 금정구 기찰로22번길 15", "설립_20251001": "공립", "지역규모_20251001": "특별/광역시", "주소_20251001": "부산광역시 금정구 기찰로22번길 15(부곡동)", "학생수_20251001": 445, "학급수_20251001": 21, "교원수_20251001": 31, "학급당학생수_20251001_공시": 21.2, "교원1인당학생수_20251001_공시": 14.4, "부산교육청_기준학생수_정책2026": 240, "학생수기준_충족_정책2026": false, "정책적용대상_공립_정책2026": true, "주분석대상_소규모공립_정책2026": false, "학생수_20250401_1학년": 64.0, "학급수_20250401_1학년": 3.0, "학생수_20250401_2학년": 75.0, "학급수_20250401_2학년": 4.0, "학생수_20250401_3학년": 72.0, "학급수_20250401_3학년": 4.0, "학생수_20250401_4학년": 81.0, "학급수_20250401_4학년": 4.0, "학생수_20250401_5학년": 73.0, "학급수_20250401_5학년": 3.0, "학생수_20250401_6학년": 73.0, "학급수_20250401_6학년": 3.0, "학생수_20250401_반합계": 438.0, "학급수_20250401_반합계": 21.0, "조사기준일_데이터3": 20250401, "학생수_20250401_학교총계": 438, "학급수_20250401_학교총계": 21, "교지면적_20250401": 17289, "학생1인당교지면적_20250401_공시": 39.5, "일반교실수_20250401": 27, "교과교실수_20250401": 4, "특별교실수_20250401": 6, "수준별교실수_20250401": 0, "기타교실수_20250401": 0, "전체교실수_20250401": 37, "학생수_일반교실_20250401": 16.222222222222221, "학생수_전체교실_20250401": 11.837837837837839, "학급당학생수_20251001_계산": 21.19047619047619, "교원1인당학생수_20251001_계산": 14.35483870967742, "학교짧은키": "부곡초" }, "geometry": { "type": "Point", "coordinates": [ 129.0932501, 35.23411218 ] } },
{ "type": "Feature", "properties": { "학교코드(KEDI)": "214021024", "학교명_20251001": "서동초등학교", "행정구_20251001": "금정구", "학교명키": "서동초등학교", "행정구키": "금정구", "위도": 35.21911398, "경도": 129.0968813, "소재지도로명주소": "부산광역시 금정구 동현로 147", "설립_20251001": "공립", "지역규모_20251001": "특별/광역시", "주소_20251001": "부산광역시 금정구 동현로 147(서동. 서동초등학교)", "학생수_20251001": 62, "학급수_20251001": 7, "교원수_20251001": 14, "학급당학생수_20251001_공시": 8.9, "교원1인당학생수_20251001_공시": 4.4, "부산교육청_기준학생수_정책2026": 240, "학생수기준_충족_정책2026": true, "정책적용대상_공립_정책2026": true, "주분석대상_소규모공립_정책2026": true, "학생수_20250401_1학년": 7.0, "학급수_20250401_1학년": 1.0, "학생수_20250401_2학년": 16.0, "학급수_20250401_2학년": 2.0, "학생수_20250401_3학년": 7.0, "학급수_20250401_3학년": 1.0, "학생수_20250401_4학년": 12.0, "학급수_20250401_4학년": 1.0, "학생수_20250401_5학년": 14.0, "학급수_20250401_5학년": 1.0, "학생수_20250401_6학년": 7.0, "학급수_20250401_6학년": 1.0, "학생수_20250401_반합계": 63.0, "학급수_20250401_반합계": 7.0, "조사기준일_데이터3": 20250401, "학생수_20250401_학교총계": 63, "학급수_20250401_학교총계": 7, "교지면적_20250401": 21342, "학생1인당교지면적_20250401_공시": 338.8, "일반교실수_20250401": 7, "교과교실수_20250401": 8, "특별교실수_20250401": 6, "수준별교실수_20250401": 0, "기타교실수_20250401": 2, "전체교실수_20250401": 23, "학생수_일반교실_20250401": 9.0, "학생수_전체교실_20250401": 2.7391304347826089, "학급당학생수_20251001_계산": 8.8571428571428577, "교원1인당학생수_20251001_계산": 4.4285714285714288, "학교짧은키": "서동초" }, "geometry": { "type": "Point", "coordinates": [ 129.0968813, 35.21911398 ] } },
{ "type": "Feature", "properties": { "학교코드(KEDI)": "214021352", "학교명_20251001": "서명초등학교", "행정구_20251001": "금정구", "학교명키": "서명초등학교", "행정구키": "금정구", "위도": 35.2151646, "경도": 129.094634, "소재지도로명주소": "부산광역시 금정구 명서로 48", "설립_20251001": "공립", "지역규모_20251001": "특별/광역시", "주소_20251001": "부산광역시 금정구 명서로 48(서동)", "학생수_20251001": 36, "학급수_20251001": 7, "교원수_20251001": 14, "학급당학생수_20251001_공시": 5.1, "교원1인당학생수_20251001_공시": 2.6, "부산교육청_기준학생수_정책2026": 240, "학생수기준_충족_정책2026": true, "정책적용대상_공립_정책2026": true, "주분석대상_소규모공립_정책2026": true, "학생수_20250401_1학년": 3.0, "학급수_20250401_1학년": 1.0, "학생수_20250401_2학년": 4.0, "학급수_20250401_2학년": 1.0, "학생수_20250401_3학년": 9.0, "학급수_20250401_3학년": 2.0, "학생수_20250401_4학년": 9.0, "학급수_20250401_4학년": 1.0, "학생수_20250401_5학년": 2.0, "학급수_20250401_5학년": 1.0, "학생수_20250401_6학년": 10.0, "학급수_20250401_6학년": 1.0, "학생수_20250401_반합계": 37.0, "학급수_20250401_반합계": 7.0, "조사기준일_데이터3": 20250401, "학생수_20250401_학교총계": 37, "학급수_20250401_학교총계": 7, "교지면적_20250401": 11917, "학생1인당교지면적_20250401_공시": 322.1, "일반교실수_20250401": 10, "교과교실수_20250401": 2, "특별교실수_20250401": 6, "수준별교실수_20250401": 0, "기타교실수_20250401": 1, "전체교실수_20250401": 19, "학생수_일반교실_20250401": 3.7, "학생수_전체교실_20250401": 1.9473684210526316, "학급당학생수_20251001_계산": 5.1428571428571432, "교원1인당학생수_20251001_계산": 2.5714285714285716, "학교짧은키": "서명초" }, "geometry": { "type": "Point", "coordinates": [ 129.094634, 35.2151646 ] } },
{ "type": "Feature", "properties": { "학교코드(KEDI)": "214021478", "학교명_20251001": "장서초등학교", "행정구_20251001": "금정구", "학교명키": "장서초등학교", "행정구키": "금정구", "위도": 35.24805073, "경도": 129.0854915, "소재지도로명주소": "부산광역시 금정구 금강로453번길 26-7", "설립_20251001": "공립", "지역규모_20251001": "특별/광역시", "주소_20251001": "부산광역시 금정구 금강로 453번길 26-7. 장서초등학교 (구서동)", "학생수_20251001": 571, "학급수_20251001": 26, "교원수_20251001": 39, "학급당학생수_20251001_공시": 22.0, "교원1인당학생수_20251001_공시": 14.6, "부산교육청_기준학생수_정책2026": 240, "학생수기준_충족_정책2026": false, "정책적용대상_공립_정책2026": true, "주분석대상_소규모공립_정책2026": false, "학생수_20250401_1학년": 62.0, "학급수_20250401_1학년": 3.0, "학생수_20250401_2학년": 87.0, "학급수_20250401_2학년": 4.0, "학생수_20250401_3학년": 91.0, "학급수_20250401_3학년": 5.0, "학생수_20250401_4학년": 118.0, "학급수_20250401_4학년": 5.0, "학생수_20250401_5학년": 111.0, "학급수_20250401_5학년": 5.0, "학생수_20250401_6학년": 98.0, "학급수_20250401_6학년": 4.0, "학생수_20250401_반합계": 567.0, "학급수_20250401_반합계": 26.0, "조사기준일_데이터3": 20250401, "학생수_20250401_학교총계": 567, "학급수_20250401_학교총계": 26, "교지면적_20250401": 11587, "학생1인당교지면적_20250401_공시": 20.4, "일반교실수_20250401": 26, "교과교실수_20250401": 1, "특별교실수_20250401": 6, "수준별교실수_20250401": 0, "기타교실수_20250401": 6, "전체교실수_20250401": 39, "학생수_일반교실_20250401": 21.807692307692307, "학생수_전체교실_20250401": 14.538461538461538, "학급당학생수_20251001_계산": 21.96153846153846, "교원1인당학생수_20251001_계산": 14.641025641025641, "학교짧은키": "장서초" }, "geometry": { "type": "Point", "coordinates": [ 129.085491499999989, 35.24805073 ] } },
{ "type": "Feature", "properties": { "학교코드(KEDI)": "214021487", "학교명_20251001": "장전초등학교", "행정구_20251001": "금정구", "학교명키": "장전초등학교", "행정구키": "금정구", "위도": 35.24137313, "경도": 129.082757, "소재지도로명주소": "부산광역시 금정구 수림로 90", "설립_20251001": "공립", "지역규모_20251001": "특별/광역시", "주소_20251001": "부산광역시 금정구 수림로 90(장전동. 장전초등학교)", "학생수_20251001": 428, "학급수_20251001": 22, "교원수_20251001": 33, "학급당학생수_20251001_공시": 19.5, "교원1인당학생수_20251001_공시": 13.0, "부산교육청_기준학생수_정책2026": 240, "학생수기준_충족_정책2026": false, "정책적용대상_공립_정책2026": true, "주분석대상_소규모공립_정책2026": false, "학생수_20250401_1학년": 47.0, "학급수_20250401_1학년": 3.0, "학생수_20250401_2학년": 49.0, "학급수_20250401_2학년": 2.0, "학생수_20250401_3학년": 70.0, "학급수_20250401_3학년": 3.0, "학생수_20250401_4학년": 97.0, "학급수_20250401_4학년": 5.0, "학생수_20250401_5학년": 70.0, "학급수_20250401_5학년": 4.0, "학생수_20250401_6학년": 93.0, "학급수_20250401_6학년": 5.0, "학생수_20250401_반합계": 426.0, "학급수_20250401_반합계": 22.0, "조사기준일_데이터3": 20250401, "학생수_20250401_학교총계": 426, "학급수_20250401_학교총계": 22, "교지면적_20250401": 12508, "학생1인당교지면적_20250401_공시": 29.4, "일반교실수_20250401": 30, "교과교실수_20250401": 3, "특별교실수_20250401": 6, "수준별교실수_20250401": 0, "기타교실수_20250401": 15, "전체교실수_20250401": 54, "학생수_일반교실_20250401": 14.2, "학생수_전체교실_20250401": 7.8888888888888893, "학급당학생수_20251001_계산": 19.454545454545453, "교원1인당학생수_20251001_계산": 12.969696969696969, "학교짧은키": "장전초" }, "geometry": { "type": "Point", "coordinates": [ 129.082757, 35.24137313 ] } },
{ "type": "Feature", "properties": { "학교코드(KEDI)": "214021505", "학교명_20251001": "청룡초등학교", "행정구_20251001": "금정구", "학교명키": "청룡초등학교", "행정구키": "금정구", "위도": 35.27279359, "경도": 129.0917544, "소재지도로명주소": "부산광역시 금정구 팔송로 6", "설립_20251001": "공립", "지역규모_20251001": "특별/광역시", "주소_20251001": "부산광역시 금정구 팔송로 6(청룡동. 청룡초등학교)", "학생수_20251001": 389, "학급수_20251001": 21, "교원수_20251001": 35, "학급당학생수_20251001_공시": 18.5, "교원1인당학생수_20251001_공시": 11.1, "부산교육청_기준학생수_정책2026": 240, "학생수기준_충족_정책2026": false, "정책적용대상_공립_정책2026": true, "주분석대상_소규모공립_정책2026": false, "학생수_20250401_1학년": 39.0, "학급수_20250401_1학년": 2.0, "학생수_20250401_2학년": 52.0, "학급수_20250401_2학년": 3.0, "학생수_20250401_3학년": 60.0, "학급수_20250401_3학년": 4.0, "학생수_20250401_4학년": 75.0, "학급수_20250401_4학년": 3.0, "학생수_20250401_5학년": 74.0, "학급수_20250401_5학년": 4.0, "학생수_20250401_6학년": 87.0, "학급수_20250401_6학년": 5.0, "학생수_20250401_반합계": 387.0, "학급수_20250401_반합계": 21.0, "조사기준일_데이터3": 20250401, "학생수_20250401_학교총계": 387, "학급수_20250401_학교총계": 21, "교지면적_20250401": 12174, "학생1인당교지면적_20250401_공시": 31.5, "일반교실수_20250401": 24, "교과교실수_20250401": 2, "특별교실수_20250401": 6, "수준별교실수_20250401": 0, "기타교실수_20250401": 0, "전체교실수_20250401": 32, "학생수_일반교실_20250401": 16.125, "학생수_전체교실_20250401": 12.09375, "학급당학생수_20251001_계산": 18.523809523809526, "교원1인당학생수_20251001_계산": 11.114285714285714, "학교짧은키": "청룡초" }, "geometry": { "type": "Point", "coordinates": [ 129.091754400000013, 35.27279359 ] } },
{ "type": "Feature", "properties": { "학교코드(KEDI)": "214021532", "학교명_20251001": "현곡초등학교", "행정구_20251001": "금정구", "학교명키": "현곡초등학교", "행정구키": "금정구", "위도": 35.22691628, "경도": 129.0967464, "소재지도로명주소": "부산광역시 금정구 동부곡로27번라길 20", "설립_20251001": "공립", "지역규모_20251001": "특별/광역시", "주소_20251001": "부산광역시 금정구 동부곡로27번라길 20(부곡동. 현곡초등학교)", "학생수_20251001": 86, "학급수_20251001": 7, "교원수_20251001": 13, "학급당학생수_20251001_공시": 12.3, "교원1인당학생수_20251001_공시": 6.6, "부산교육청_기준학생수_정책2026": 240, "학생수기준_충족_정책2026": true, "정책적용대상_공립_정책2026": true, "주분석대상_소규모공립_정책2026": true, "학생수_20250401_1학년": 14.0, "학급수_20250401_1학년": 2.0, "학생수_20250401_2학년": 10.0, "학급수_20250401_2학년": 1.0, "학생수_20250401_3학년": 13.0, "학급수_20250401_3학년": 1.0, "학생수_20250401_4학년": 20.0, "학급수_20250401_4학년": 1.0, "학생수_20250401_5학년": 14.0, "학급수_20250401_5학년": 1.0, "학생수_20250401_6학년": 15.0, "학급수_20250401_6학년": 1.0, "학생수_20250401_반합계": 86.0, "학급수_20250401_반합계": 7.0, "조사기준일_데이터3": 20250401, "학생수_20250401_학교총계": 86, "학급수_20250401_학교총계": 7, "교지면적_20250401": 14551, "학생1인당교지면적_20250401_공시": 169.2, "일반교실수_20250401": 7, "교과교실수_20250401": 1, "특별교실수_20250401": 2, "수준별교실수_20250401": 0, "기타교실수_20250401": 1, "전체교실수_20250401": 11, "학생수_일반교실_20250401": 12.285714285714286, "학생수_전체교실_20250401": 7.8181818181818183, "학급당학생수_20251001_계산": 12.285714285714286, "교원1인당학생수_20251001_계산": 6.615384615384615, "학교짧은키": "현곡초" }, "geometry": { "type": "Point", "coordinates": [ 129.0967464, 35.22691628 ] } },
{ "type": "Feature", "properties": { "학교코드(KEDI)": "216021131", "학교명_20251001": "가동초등학교", "행정구_20251001": "기장군", "학교명키": "가동초등학교", "행정구키": "기장군", "위도": 35.32689908, "경도": 129.1785529, "소재지도로명주소": "부산광역시 기장군 정관읍 정관5로 100", "설립_20251001": "공립", "지역규모_20251001": "읍지역", "주소_20251001": "부산광역시 기장군 정관읍 정관5로 100(정관읍)", "학생수_20251001": 918, "학급수_20251001": 41, "교원수_20251001": 64, "학급당학생수_20251001_공시": 22.4, "교원1인당학생수_20251001_공시": 14.3, "부산교육청_기준학생수_정책2026": 120, "학생수기준_충족_정책2026": false, "정책적용대상_공립_정책2026": true, "주분석대상_소규모공립_정책2026": false, "학생수_20250401_1학년": 116.0, "학급수_20250401_1학년": 6.0, "학생수_20250401_2학년": 128.0, "학급수_20250401_2학년": 5.0, "학생수_20250401_3학년": 137.0, "학급수_20250401_3학년": 6.0, "학생수_20250401_4학년": 164.0, "학급수_20250401_4학년": 7.0, "학생수_20250401_5학년": 189.0, "학급수_20250401_5학년": 8.0, "학생수_20250401_6학년": 187.0, "학급수_20250401_6학년": 9.0, "학생수_20250401_반합계": 921.0, "학급수_20250401_반합계": 41.0, "조사기준일_데이터3": 20250401, "학생수_20250401_학교총계": 921, "학급수_20250401_학교총계": 41, "교지면적_20250401": 13790, "학생1인당교지면적_20250401_공시": 15.0, "일반교실수_20250401": 39, "교과교실수_20250401": 1, "특별교실수_20250401": 7, "수준별교실수_20250401": 0, "기타교실수_20250401": 4, "전체교실수_20250401": 51, "학생수_일반교실_20250401": 23.615384615384617, "학생수_전체교실_20250401": 18.058823529411764, "학급당학생수_20251001_계산": 22.390243902439025, "교원1인당학생수_20251001_계산": 14.34375, "학교짧은키": "가동초" }, "geometry": { "type": "Point", "coordinates": [ 129.1785529, 35.32689908 ] } },
{ "type": "Feature", "properties": { "학교코드(KEDI)": "216021216", "학교명_20251001": "교리초등학교", "행정구_20251001": "기장군", "학교명키": "교리초등학교", "행정구키": "기장군", "위도": 35.25506637, "경도": 129.2167847, "소재지도로명주소": "부산광역시 기장군 기장읍 차성로 427", "설립_20251001": "공립", "지역규모_20251001": "읍지역", "주소_20251001": "부산광역시 기장군 기장읍 차성로 427.교리초등학교(기장읍. 교리초등학교)", "학생수_20251001": 529, "학급수_20251001": 25, "교원수_20251001": 44, "학급당학생수_20251001_공시": 21.2, "교원1인당학생수_20251001_공시": 12.0, "부산교육청_기준학생수_정책2026": 120, "학생수기준_충족_정책2026": false, "정책적용대상_공립_정책2026": true, "주분석대상_소규모공립_정책2026": false, "학생수_20250401_1학년": 67.0, "학급수_20250401_1학년": 3.0, "학생수_20250401_2학년": 82.0, "학급수_20250401_2학년": 4.0, "학생수_20250401_3학년": 94.0, "학급수_20250401_3학년": 4.0, "학생수_20250401_4학년": 86.0, "학급수_20250401_4학년": 4.0, "학생수_20250401_5학년": 113.0, "학급수_20250401_5학년": 6.0, "학생수_20250401_6학년": 90.0, "학급수_20250401_6학년": 4.0, "학생수_20250401_반합계": 532.0, "학급수_20250401_반합계": 25.0, "조사기준일_데이터3": 20250401, "학생수_20250401_학교총계": 532, "학급수_20250401_학교총계": 25, "교지면적_20250401": 13350, "학생1인당교지면적_20250401_공시": 25.1, "일반교실수_20250401": 35, "교과교실수_20250401": 0, "특별교실수_20250401": 10, "수준별교실수_20250401": 0, "기타교실수_20250401": 6, "전체교실수_20250401": 51, "학생수_일반교실_20250401": 15.2, "학생수_전체교실_20250401": 10.431372549019608, "학급당학생수_20251001_계산": 21.16, "교원1인당학생수_20251001_계산": 12.022727272727273, "학교짧은키": "교리초" }, "geometry": { "type": "Point", "coordinates": [ 129.2167847, 35.25506637 ] } },
{ "type": "Feature", "properties": { "학교코드(KEDI)": "216021148", "학교명_20251001": "기장초등학교", "행정구_20251001": "기장군", "학교명키": "기장초등학교", "행정구키": "기장군", "위도": 35.24577217, "경도": 129.2127656, "소재지도로명주소": "부산광역시 기장군 기장읍 읍내로 69", "설립_20251001": "공립", "지역규모_20251001": "읍지역", "주소_20251001": "부산광역시 기장군 기장읍 읍내로 69(기장읍. 기장초등학교)", "학생수_20251001": 460, "학급수_20251001": 23, "교원수_20251001": 35, "학급당학생수_20251001_공시": 20.0, "교원1인당학생수_20251001_공시": 13.1, "부산교육청_기준학생수_정책2026": 120, "학생수기준_충족_정책2026": false, "정책적용대상_공립_정책2026": true, "주분석대상_소규모공립_정책2026": false, "학생수_20250401_1학년": 63.0, "학급수_20250401_1학년": 3.0, "학생수_20250401_2학년": 63.0, "학급수_20250401_2학년": 3.0, "학생수_20250401_3학년": 85.0, "학급수_20250401_3학년": 5.0, "학생수_20250401_4학년": 79.0, "학급수_20250401_4학년": 4.0, "학생수_20250401_5학년": 71.0, "학급수_20250401_5학년": 3.0, "학생수_20250401_6학년": 93.0, "학급수_20250401_6학년": 5.0, "학생수_20250401_반합계": 454.0, "학급수_20250401_반합계": 23.0, "조사기준일_데이터3": 20250401, "학생수_20250401_학교총계": 454, "학급수_20250401_학교총계": 23, "교지면적_20250401": 18863, "학생1인당교지면적_20250401_공시": 41.5, "일반교실수_20250401": 34, "교과교실수_20250401": 4, "특별교실수_20250401": 11, "수준별교실수_20250401": 0, "기타교실수_20250401": 2, "전체교실수_20250401": 51, "학생수_일반교실_20250401": 13.352941176470589, "학생수_전체교실_20250401": 8.9019607843137258, "학급당학생수_20251001_계산": 20.0, "교원1인당학생수_20251001_계산": 13.142857142857142, "학교짧은키": "기장초" }, "geometry": { "type": "Point", "coordinates": [ 129.212765600000012, 35.24577217 ] } },
{ "type": "Feature", "properties": { "학교코드(KEDI)": "216021241", "학교명_20251001": "내리초등학교", "행정구_20251001": "기장군", "학교명키": "내리초등학교", "행정구키": "기장군", "위도": 35.2057615, "경도": 129.2055036, "소재지도로명주소": "부산광역시 기장군 기장읍 소정안길 50", "설립_20251001": "공립", "지역규모_20251001": "읍지역", "주소_20251001": "부산광역시 기장군 기장읍 소정안길 50(기장읍.내리초등학교)", "학생수_20251001": 124, "학급수_20251001": 10, "교원수_20251001": 19, "학급당학생수_20251001_공시": 12.4, "교원1인당학생수_20251001_공시": 6.5, "부산교육청_기준학생수_정책2026": 120, "학생수기준_충족_정책2026": false, "정책적용대상_공립_정책2026": true, "주분석대상_소규모공립_정책2026": false, "학생수_20250401_1학년": 18.0, "학급수_20250401_1학년": 1.0, "학생수_20250401_2학년": 20.0, "학급수_20250401_2학년": 1.0, "학생수_20250401_3학년": 27.0, "학급수_20250401_3학년": 2.0, "학생수_20250401_4학년": 23.0, "학급수_20250401_4학년": 2.0, "학생수_20250401_5학년": 28.0, "학급수_20250401_5학년": 3.0, "학생수_20250401_6학년": 14.0, "학급수_20250401_6학년": 1.0, "학생수_20250401_반합계": 130.0, "학급수_20250401_반합계": 10.0, "조사기준일_데이터3": 20250401, "학생수_20250401_학교총계": 130, "학급수_20250401_학교총계": 10, "교지면적_20250401": 10771, "학생1인당교지면적_20250401_공시": 82.9, "일반교실수_20250401": 10, "교과교실수_20250401": 0, "특별교실수_20250401": 4, "수준별교실수_20250401": 0, "기타교실수_20250401": 8, "전체교실수_20250401": 22, "학생수_일반교실_20250401": 13.0, "학생수_전체교실_20250401": 5.9090909090909092, "학급당학생수_20251001_계산": 12.4, "교원1인당학생수_20251001_계산": 6.5263157894736841, "학교짧은키": "내리초" }, "geometry": { "type": "Point", "coordinates": [ 129.205503599999986, 35.2057615 ] } },
{ "type": "Feature", "properties": { "학교코드(KEDI)": "216021718", "학교명_20251001": "달산초등학교", "행정구_20251001": "기장군", "학교명키": "달산초등학교", "행정구키": "기장군", "위도": 35.31928499, "경도": 129.186736, "소재지도로명주소": "부산광역시 기장군 정관읍 정관로 674", "설립_20251001": "공립", "지역규모_20251001": "읍지역", "주소_20251001": "부산광역시 기장군 정관읍 정관로 674. 달산초등학교 (정관읍)", "학생수_20251001": 547, "학급수_20251001": 26, "교원수_20251001": 44, "학급당학생수_20251001_공시": 21.0, "교원1인당학생수_20251001_공시": 12.4, "부산교육청_기준학생수_정책2026": 120, "학생수기준_충족_정책2026": false, "정책적용대상_공립_정책2026": true, "주분석대상_소규모공립_정책2026": false, "학생수_20250401_1학년": 59.0, "학급수_20250401_1학년": 3.0, "학생수_20250401_2학년": 84.0, "학급수_20250401_2학년": 4.0, "학생수_20250401_3학년": 99.0, "학급수_20250401_3학년": 5.0, "학생수_20250401_4학년": 108.0, "학급수_20250401_4학년": 5.0, "학생수_20250401_5학년": 105.0, "학급수_20250401_5학년": 4.0, "학생수_20250401_6학년": 103.0, "학급수_20250401_6학년": 5.0, "학생수_20250401_반합계": 558.0, "학급수_20250401_반합계": 26.0, "조사기준일_데이터3": 20250401, "학생수_20250401_학교총계": 558, "학급수_20250401_학교총계": 26, "교지면적_20250401": 13636, "학생1인당교지면적_20250401_공시": 24.4, "일반교실수_20250401": 28, "교과교실수_20250401": 0, "특별교실수_20250401": 2, "수준별교실수_20250401": 0, "기타교실수_20250401": 0, "전체교실수_20250401": 30, "학생수_일반교실_20250401": 19.928571428571427, "학생수_전체교실_20250401": 18.6, "학급당학생수_20251001_계산": 21.03846153846154, "교원1인당학생수_20251001_계산": 12.431818181818182, "학교짧은키": "달산초" }, "geometry": { "type": "Point", "coordinates": [ 129.186736, 35.31928499 ] } },
{ "type": "Feature", "properties": { "학교코드(KEDI)": "216021178", "학교명_20251001": "대청초등학교", "행정구_20251001": "기장군", "학교명키": "대청초등학교", "행정구키": "기장군", "위도": 35.23550289, "경도": 129.2099118, "소재지도로명주소": "부산광역시 기장군 기장읍 차성서로 31", "설립_20251001": "공립", "지역규모_20251001": "읍지역", "주소_20251001": "부산광역시 기장군 기장읍 차성서로 31대청초등학교", "학생수_20251001": 472, "학급수_20251001": 23, "교원수_20251001": 35, "학급당학생수_20251001_공시": 20.5, "교원1인당학생수_20251001_공시": 13.5, "부산교육청_기준학생수_정책2026": 120, "학생수기준_충족_정책2026": false, "정책적용대상_공립_정책2026": true, "주분석대상_소규모공립_정책2026": false, "학생수_20250401_1학년": 78.0, "학급수_20250401_1학년": 4.0, "학생수_20250401_2학년": 71.0, "학급수_20250401_2학년": 4.0, "학생수_20250401_3학년": 79.0, "학급수_20250401_3학년": 4.0, "학생수_20250401_4학년": 77.0, "학급수_20250401_4학년": 3.0, "학생수_20250401_5학년": 79.0, "학급수_20250401_5학년": 4.0, "학생수_20250401_6학년": 85.0, "학급수_20250401_6학년": 4.0, "학생수_20250401_반합계": 469.0, "학급수_20250401_반합계": 23.0, "조사기준일_데이터3": 20250401, "학생수_20250401_학교총계": 469, "학급수_20250401_학교총계": 23, "교지면적_20250401": 13207, "학생1인당교지면적_20250401_공시": 28.2, "일반교실수_20250401": 26, "교과교실수_20250401": 3, "특별교실수_20250401": 12, "수준별교실수_20250401": 0, "기타교실수_20250401": 7, "전체교실수_20250401": 48, "학생수_일반교실_20250401": 18.03846153846154, "학생수_전체교실_20250401": 9.7708333333333339, "학급당학생수_20251001_계산": 20.521739130434781, "교원1인당학생수_20251001_계산": 13.485714285714286, "학교짧은키": "대청초" }, "geometry": { "type": "Point", "coordinates": [ 129.209911799999986, 35.23550289 ] } },
{ "type": "Feature", "properties": { "학교코드(KEDI)": "216021880", "학교명_20251001": "모전초등학교", "행정구_20251001": "기장군", "학교명키": "모전초등학교", "행정구키": "기장군", "위도": 35.33968491, "경도": 129.162335, "소재지도로명주소": "부산광역시 기장군 정관읍 정관1로 17", "설립_20251001": "공립", "지역규모_20251001": "읍지역", "주소_20251001": "부산광역시 기장군 정관읍 정관1로 17. 모전초등학교 (정관읍)", "학생수_20251001": 1466, "학급수_20251001": 60, "교원수_20251001": 86, "학급당학생수_20251001_공시": 24.4, "교원1인당학생수_20251001_공시": 17.0, "부산교육청_기준학생수_정책2026": 120, "학생수기준_충족_정책2026": false, "정책적용대상_공립_정책2026": true, "주분석대상_소규모공립_정책2026": false, "학생수_20250401_1학년": 172.0, "학급수_20250401_1학년": 7.0, "학생수_20250401_2학년": 197.0, "학급수_20250401_2학년": 8.0, "학생수_20250401_3학년": 269.0, "학급수_20250401_3학년": 11.0, "학생수_20250401_4학년": 270.0, "학급수_20250401_4학년": 11.0, "학생수_20250401_5학년": 294.0, "학급수_20250401_5학년": 12.0, "학생수_20250401_6학년": 270.0, "학급수_20250401_6학년": 11.0, "학생수_20250401_반합계": 1472.0, "학급수_20250401_반합계": 60.0, "조사기준일_데이터3": 20250401, "학생수_20250401_학교총계": 1472, "학급수_20250401_학교총계": 60, "교지면적_20250401": 16949, "학생1인당교지면적_20250401_공시": 11.5, "일반교실수_20250401": 60, "교과교실수_20250401": 4, "특별교실수_20250401": 3, "수준별교실수_20250401": 0, "기타교실수_20250401": 0, "전체교실수_20250401": 67, "학생수_일반교실_20250401": 24.533333333333335, "학생수_전체교실_20250401": 21.970149253731343, "학급당학생수_20251001_계산": 24.433333333333334, "교원1인당학생수_20251001_계산": 17.046511627906977, "학교짧은키": "모전초" }, "geometry": { "type": "Point", "coordinates": [ 129.162335, 35.33968491 ] } },
{ "type": "Feature", "properties": { "학교코드(KEDI)": "216021115", "학교명_20251001": "방곡초등학교", "행정구_20251001": "기장군", "학교명키": "방곡초등학교", "행정구키": "기장군", "위도": 35.32292968, "경도": 129.1867088, "소재지도로명주소": "부산광역시 기장군 정관읍 정관덕산길 61", "설립_20251001": "공립", "지역규모_20251001": "읍지역", "주소_20251001": "부산광역시 기장군 정관읍 정관덕산길 61(정관읍)", "학생수_20251001": 960, "학급수_20251001": 42, "교원수_20251001": 61, "학급당학생수_20251001_공시": 22.9, "교원1인당학생수_20251001_공시": 15.7, "부산교육청_기준학생수_정책2026": 120, "학생수기준_충족_정책2026": false, "정책적용대상_공립_정책2026": true, "주분석대상_소규모공립_정책2026": false, "학생수_20250401_1학년": 112.0, "학급수_20250401_1학년": 5.0, "학생수_20250401_2학년": 129.0, "학급수_20250401_2학년": 6.0, "학생수_20250401_3학년": 157.0, "학급수_20250401_3학년": 6.0, "학생수_20250401_4학년": 196.0, "학급수_20250401_4학년": 8.0, "학생수_20250401_5학년": 194.0, "학급수_20250401_5학년": 8.0, "학생수_20250401_6학년": 172.0, "학급수_20250401_6학년": 9.0, "학생수_20250401_반합계": 960.0, "학급수_20250401_반합계": 42.0, "조사기준일_데이터3": 20250401, "학생수_20250401_학교총계": 960, "학급수_20250401_학교총계": 42, "교지면적_20250401": 14202, "학생1인당교지면적_20250401_공시": 14.8, "일반교실수_20250401": 49, "교과교실수_20250401": 3, "특별교실수_20250401": 4, "수준별교실수_20250401": 0, "기타교실수_20250401": 0, "전체교실수_20250401": 56, "학생수_일반교실_20250401": 19.591836734693878, "학생수_전체교실_20250401": 17.142857142857142, "학급당학생수_20251001_계산": 22.857142857142858, "교원1인당학생수_20251001_계산": 15.737704918032787, "학교짧은키": "방곡초" }, "geometry": { "type": "Point", "coordinates": [ 129.1867088, 35.32292968 ] } },
{ "type": "Feature", "properties": { "학교코드(KEDI)": "216021242", "학교명_20251001": "신정초등학교", "행정구_20251001": "기장군", "학교명키": "신정초등학교", "행정구키": "기장군", "위도": 35.32865657, "경도": 129.1676858, "소재지도로명주소": "부산광역시 기장군 정관읍 정관로 460", "설립_20251001": "공립", "지역규모_20251001": "읍지역", "주소_20251001": "부산광역시 기장군 정관읍 정관로 460(정관읍. 신정초등학교)", "학생수_20251001": 655, "학급수_20251001": 31, "교원수_20251001": 41, "학급당학생수_20251001_공시": 21.1, "교원1인당학생수_20251001_공시": 16.0, "부산교육청_기준학생수_정책2026": 120, "학생수기준_충족_정책2026": false, "정책적용대상_공립_정책2026": true, "주분석대상_소규모공립_정책2026": false, "학생수_20250401_1학년": 82.0, "학급수_20250401_1학년": 5.0, "학생수_20250401_2학년": 84.0, "학급수_20250401_2학년": 4.0, "학생수_20250401_3학년": 111.0, "학급수_20250401_3학년": 6.0, "학생수_20250401_4학년": 137.0, "학급수_20250401_4학년": 6.0, "학생수_20250401_5학년": 129.0, "학급수_20250401_5학년": 5.0, "학생수_20250401_6학년": 119.0, "학급수_20250401_6학년": 5.0, "학생수_20250401_반합계": 662.0, "학급수_20250401_반합계": 31.0, "조사기준일_데이터3": 20250401, "학생수_20250401_학교총계": 662, "학급수_20250401_학교총계": 31, "교지면적_20250401": 13648, "학생1인당교지면적_20250401_공시": 20.6, "일반교실수_20250401": 32, "교과교실수_20250401": 0, "특별교실수_20250401": 11, "수준별교실수_20250401": 0, "기타교실수_20250401": 5, "전체교실수_20250401": 48, "학생수_일반교실_20250401": 20.6875, "학생수_전체교실_20250401": 13.791666666666666, "학급당학생수_20251001_계산": 21.129032258064516, "교원1인당학생수_20251001_계산": 15.975609756097562, "학교짧은키": "신정초" }, "geometry": { "type": "Point", "coordinates": [ 129.167685799999987, 35.32865657 ] } },
{ "type": "Feature", "properties": { "학교코드(KEDI)": "216021340", "학교명_20251001": "신진초등학교", "행정구_20251001": "기장군", "학교명키": "신진초등학교", "행정구키": "기장군", "위도": 35.24091918, "경도": 129.1714604, "소재지도로명주소": "부산광역시 기장군 철마면 고촌로28번길 10", "설립_20251001": "공립", "지역규모_20251001": "면지역", "주소_20251001": "부산광역시 기장군 철마면 고촌로28번길 10(철마면. 신진초등학교)", "학생수_20251001": 151, "학급수_20251001": 11, "교원수_20251001": 18, "학급당학생수_20251001_공시": 13.7, "교원1인당학생수_20251001_공시": 8.4, "부산교육청_기준학생수_정책2026": 120, "학생수기준_충족_정책2026": false, "정책적용대상_공립_정책2026": true, "주분석대상_소규모공립_정책2026": false, "학생수_20250401_1학년": 19.0, "학급수_20250401_1학년": 2.0, "학생수_20250401_2학년": 21.0, "학급수_20250401_2학년": 1.0, "학생수_20250401_3학년": 32.0, "학급수_20250401_3학년": 2.0, "학생수_20250401_4학년": 26.0, "학급수_20250401_4학년": 2.0, "학생수_20250401_5학년": 32.0, "학급수_20250401_5학년": 2.0, "학생수_20250401_6학년": 26.0, "학급수_20250401_6학년": 2.0, "학생수_20250401_반합계": 156.0, "학급수_20250401_반합계": 11.0, "조사기준일_데이터3": 20250401, "학생수_20250401_학교총계": 156, "학급수_20250401_학교총계": 11, "교지면적_20250401": 13654, "학생1인당교지면적_20250401_공시": 87.5, "일반교실수_20250401": 14, "교과교실수_20250401": 0, "특별교실수_20250401": 9, "수준별교실수_20250401": 0, "기타교실수_20250401": 2, "전체교실수_20250401": 25, "학생수_일반교실_20250401": 11.142857142857142, "학생수_전체교실_20250401": 6.24, "학급당학생수_20251001_계산": 13.727272727272727, "교원1인당학생수_20251001_계산": 8.3888888888888893, "학교짧은키": "신진초" }, "geometry": { "type": "Point", "coordinates": [ 129.1714604, 35.24091918 ] } },
{ "type": "Feature", "properties": { "학교코드(KEDI)": "216021172", "학교명_20251001": "용암초등학교", "행정구_20251001": "기장군", "학교명키": "용암초등학교", "행정구키": "기장군", "위도": 35.22530669, "경도": 129.2268633, "소재지도로명주소": "부산광역시 기장군 기장읍 기장해안로 577", "설립_20251001": "공립", "지역규모_20251001": "읍지역", "주소_20251001": "부산광역시 기장군 기장읍 기장해안로 577. 용암초등학교 (기장읍)", "학생수_20251001": 68, "학급수_20251001": 7, "교원수_20251001": 14, "학급당학생수_20251001_공시": 9.7, "교원1인당학생수_20251001_공시": 4.9, "부산교육청_기준학생수_정책2026": 120, "학생수기준_충족_정책2026": true, "정책적용대상_공립_정책2026": true, "주분석대상_소규모공립_정책2026": true, "학생수_20250401_1학년": 7.0, "학급수_20250401_1학년": 1.0, "학생수_20250401_2학년": 17.0, "학급수_20250401_2학년": 1.0, "학생수_20250401_3학년": 12.0, "학급수_20250401_3학년": 1.0, "학생수_20250401_4학년": 10.0, "학급수_20250401_4학년": 2.0, "학생수_20250401_5학년": 11.0, "학급수_20250401_5학년": 1.0, "학생수_20250401_6학년": 13.0, "학급수_20250401_6학년": 1.0, "학생수_20250401_반합계": 70.0, "학급수_20250401_반합계": 7.0, "조사기준일_데이터3": 20250401, "학생수_20250401_학교총계": 70, "학급수_20250401_학교총계": 7, "교지면적_20250401": 8975, "학생1인당교지면적_20250401_공시": 128.2, "일반교실수_20250401": 8, "교과교실수_20250401": 0, "특별교실수_20250401": 2, "수준별교실수_20250401": 0, "기타교실수_20250401": 2, "전체교실수_20250401": 12, "학생수_일반교실_20250401": 8.75, "학생수_전체교실_20250401": 5.833333333333333, "학급당학생수_20251001_계산": 9.7142857142857135, "교원1인당학생수_20251001_계산": 4.8571428571428568, "학교짧은키": "용암초" }, "geometry": { "type": "Point", "coordinates": [ 129.2268633, 35.225306689999989 ] } },
{ "type": "Feature", "properties": { "학교코드(KEDI)": "216021376", "학교명_20251001": "월내초등학교", "행정구_20251001": "기장군", "학교명키": "월내초등학교", "행정구키": "기장군", "위도": 35.32806314, "경도": 129.2824798, "소재지도로명주소": "부산광역시 기장군 장안읍 길천2길 25", "설립_20251001": "공립", "지역규모_20251001": "읍지역", "주소_20251001": "부산광역시 기장군 장안읍 길천2길 25(장안읍. 월내초등학교)", "학생수_20251001": 150, "학급수_20251001": 11, "교원수_20251001": 16, "학급당학생수_20251001_공시": 13.6, "교원1인당학생수_20251001_공시": 9.4, "부산교육청_기준학생수_정책2026": 120, "학생수기준_충족_정책2026": false, "정책적용대상_공립_정책2026": true, "주분석대상_소규모공립_정책2026": false, "학생수_20250401_1학년": 25.0, "학급수_20250401_1학년": 2.0, "학생수_20250401_2학년": 21.0, "학급수_20250401_2학년": 1.0, "학생수_20250401_3학년": 26.0, "학급수_20250401_3학년": 2.0, "학생수_20250401_4학년": 28.0, "학급수_20250401_4학년": 2.0, "학생수_20250401_5학년": 29.0, "학급수_20250401_5학년": 2.0, "학생수_20250401_6학년": 27.0, "학급수_20250401_6학년": 2.0, "학생수_20250401_반합계": 156.0, "학급수_20250401_반합계": 11.0, "조사기준일_데이터3": 20250401, "학생수_20250401_학교총계": 156, "학급수_20250401_학교총계": 11, "교지면적_20250401": 10841, "학생1인당교지면적_20250401_공시": 69.5, "일반교실수_20250401": 12, "교과교실수_20250401": 3, "특별교실수_20250401": 6, "수준별교실수_20250401": 1, "기타교실수_20250401": 2, "전체교실수_20250401": 24, "학생수_일반교실_20250401": 13.0, "학생수_전체교실_20250401": 6.5, "학급당학생수_20251001_계산": 13.636363636363637, "교원1인당학생수_20251001_계산": 9.375, "학교짧은키": "월내초" }, "geometry": { "type": "Point", "coordinates": [ 129.2824798, 35.32806314 ] } },
{ "type": "Feature", "properties": { "학교코드(KEDI)": "216021388", "학교명_20251001": "월평초등학교", "행정구_20251001": "기장군", "학교명키": "월평초등학교", "행정구키": "기장군", "위도": 35.35969505, "경도": 129.1383592, "소재지도로명주소": "부산광역시 기장군 정관읍 월평1길 21", "설립_20251001": "공립", "지역규모_20251001": "읍지역", "주소_20251001": "부산광역시 기장군 정관읍 월평1길 21(정관읍. 월평초등학교)", "학생수_20251001": 53, "학급수_20251001": 7, "교원수_20251001": 14, "학급당학생수_20251001_공시": 7.6, "교원1인당학생수_20251001_공시": 3.8, "부산교육청_기준학생수_정책2026": 120, "학생수기준_충족_정책2026": true, "정책적용대상_공립_정책2026": true, "주분석대상_소규모공립_정책2026": true, "학생수_20250401_1학년": 10.0, "학급수_20250401_1학년": 2.0, "학생수_20250401_2학년": 11.0, "학급수_20250401_2학년": 1.0, "학생수_20250401_3학년": 7.0, "학급수_20250401_3학년": 1.0, "학생수_20250401_4학년": 9.0, "학급수_20250401_4학년": 1.0, "학생수_20250401_5학년": 7.0, "학급수_20250401_5학년": 1.0, "학생수_20250401_6학년": 11.0, "학급수_20250401_6학년": 1.0, "학생수_20250401_반합계": 55.0, "학급수_20250401_반합계": 7.0, "조사기준일_데이터3": 20250401, "학생수_20250401_학교총계": 55, "학급수_20250401_학교총계": 7, "교지면적_20250401": 9622, "학생1인당교지면적_20250401_공시": 174.9, "일반교실수_20250401": 8, "교과교실수_20250401": 0, "특별교실수_20250401": 3, "수준별교실수_20250401": 0, "기타교실수_20250401": 0, "전체교실수_20250401": 11, "학생수_일반교실_20250401": 6.875, "학생수_전체교실_20250401": 5.0, "학급당학생수_20251001_계산": 7.5714285714285712, "교원1인당학생수_20251001_계산": 3.7857142857142856, "학교짧은키": "월평초" }, "geometry": { "type": "Point", "coordinates": [ 129.1383592, 35.35969505 ] } },
{ "type": "Feature", "properties": { "학교코드(KEDI)": "216021367", "학교명_20251001": "일광초등학교", "행정구_20251001": "기장군", "학교명키": "일광초등학교", "행정구키": "기장군", "위도": 35.2681181, "경도": 129.2229034, "소재지도로명주소": "부산광역시 기장군 일광읍 해빛로 46", "설립_20251001": "공립", "지역규모_20251001": "읍지역", "주소_20251001": "부산광역시 기장군 일광읍 해빛로 46(일광읍)", "학생수_20251001": 1023, "학급수_20251001": 43, "교원수_20251001": 68, "학급당학생수_20251001_공시": 23.8, "교원1인당학생수_20251001_공시": 15.0, "부산교육청_기준학생수_정책2026": 120, "학생수기준_충족_정책2026": false, "정책적용대상_공립_정책2026": true, "주분석대상_소규모공립_정책2026": false, "학생수_20250401_1학년": 148.0, "학급수_20250401_1학년": 7.0, "학생수_20250401_2학년": 183.0, "학급수_20250401_2학년": 7.0, "학생수_20250401_3학년": 170.0, "학급수_20250401_3학년": 7.0, "학생수_20250401_4학년": 190.0, "학급수_20250401_4학년": 8.0, "학생수_20250401_5학년": 171.0, "학급수_20250401_5학년": 7.0, "학생수_20250401_6학년": 170.0, "학급수_20250401_6학년": 7.0, "학생수_20250401_반합계": 1032.0, "학급수_20250401_반합계": 43.0, "조사기준일_데이터3": 20250401, "학생수_20250401_학교총계": 1032, "학급수_20250401_학교총계": 43, "교지면적_20250401": 13912, "학생1인당교지면적_20250401_공시": 13.5, "일반교실수_20250401": 43, "교과교실수_20250401": 4, "특별교실수_20250401": 6, "수준별교실수_20250401": 0, "기타교실수_20250401": 2, "전체교실수_20250401": 55, "학생수_일반교실_20250401": 24.0, "학생수_전체교실_20250401": 18.763636363636362, "학급당학생수_20251001_계산": 23.790697674418606, "교원1인당학생수_20251001_계산": 15.044117647058824, "학교짧은키": "일광초" }, "geometry": { "type": "Point", "coordinates": [ 129.2229034, 35.2681181 ] } },
{ "type": "Feature", "properties": { "학교코드(KEDI)": "216021424", "학교명_20251001": "장안초등학교", "행정구_20251001": "기장군", "학교명키": "장안초등학교", "행정구키": "기장군", "위도": 35.34650207, "경도": 129.2540999, "소재지도로명주소": "부산광역시 기장군 장안읍 장안로 67-4", "설립_20251001": "공립", "지역규모_20251001": "읍지역", "주소_20251001": "부산광역시 기장군 장안읍 장안로 67-4(장안읍.장안초등학교)", "학생수_20251001": 58, "학급수_20251001": 6, "교원수_20251001": 14, "학급당학생수_20251001_공시": 9.7, "교원1인당학생수_20251001_공시": 4.1, "부산교육청_기준학생수_정책2026": 120, "학생수기준_충족_정책2026": true, "정책적용대상_공립_정책2026": true, "주분석대상_소규모공립_정책2026": true, "학생수_20250401_1학년": 4.0, "학급수_20250401_1학년": 1.0, "학생수_20250401_2학년": 12.0, "학급수_20250401_2학년": 1.0, "학생수_20250401_3학년": 13.0, "학급수_20250401_3학년": 1.0, "학생수_20250401_4학년": 9.0, "학급수_20250401_4학년": 1.0, "학생수_20250401_5학년": 10.0, "학급수_20250401_5학년": 1.0, "학생수_20250401_6학년": 10.0, "학급수_20250401_6학년": 1.0, "학생수_20250401_반합계": 58.0, "학급수_20250401_반합계": 6.0, "조사기준일_데이터3": 20250401, "학생수_20250401_학교총계": 58, "학급수_20250401_학교총계": 6, "교지면적_20250401": 7448, "학생1인당교지면적_20250401_공시": 128.4, "일반교실수_20250401": 7, "교과교실수_20250401": 0, "특별교실수_20250401": 4, "수준별교실수_20250401": 0, "기타교실수_20250401": 1, "전체교실수_20250401": 12, "학생수_일반교실_20250401": 8.2857142857142865, "학생수_전체교실_20250401": 4.833333333333333, "학급당학생수_20251001_계산": 9.6666666666666661, "교원1인당학생수_20251001_계산": 4.1428571428571432, "학교짧은키": "장안초" }, "geometry": { "type": "Point", "coordinates": [ 129.2540999, 35.34650207 ] } },
{ "type": "Feature", "properties": { "학교코드(KEDI)": "216021448", "학교명_20251001": "정관초등학교", "행정구_20251001": "기장군", "학교명키": "정관초등학교", "행정구키": "기장군", "위도": 35.32321474, "경도": 129.17185, "소재지도로명주소": "부산광역시 기장군 정관읍 정관로 530", "설립_20251001": "공립", "지역규모_20251001": "읍지역", "주소_20251001": "부산광역시 기장군 정관읍 정관로 530. 정관초등학교 (정관읍)", "학생수_20251001": 1237, "학급수_20251001": 50, "교원수_20251001": 74, "학급당학생수_20251001_공시": 24.7, "교원1인당학생수_20251001_공시": 16.7, "부산교육청_기준학생수_정책2026": 120, "학생수기준_충족_정책2026": false, "정책적용대상_공립_정책2026": true, "주분석대상_소규모공립_정책2026": false, "학생수_20250401_1학년": 164.0, "학급수_20250401_1학년": 8.0, "학생수_20250401_2학년": 175.0, "학급수_20250401_2학년": 7.0, "학생수_20250401_3학년": 226.0, "학급수_20250401_3학년": 9.0, "학생수_20250401_4학년": 213.0, "학급수_20250401_4학년": 8.0, "학생수_20250401_5학년": 236.0, "학급수_20250401_5학년": 9.0, "학생수_20250401_6학년": 219.0, "학급수_20250401_6학년": 9.0, "학생수_20250401_반합계": 1233.0, "학급수_20250401_반합계": 50.0, "조사기준일_데이터3": 20250401, "학생수_20250401_학교총계": 1233, "학급수_20250401_학교총계": 50, "교지면적_20250401": 13718, "학생1인당교지면적_20250401_공시": 11.1, "일반교실수_20250401": 50, "교과교실수_20250401": 0, "특별교실수_20250401": 5, "수준별교실수_20250401": 0, "기타교실수_20250401": 5, "전체교실수_20250401": 60, "학생수_일반교실_20250401": 24.66, "학생수_전체교실_20250401": 20.55, "학급당학생수_20251001_계산": 24.74, "교원1인당학생수_20251001_계산": 16.716216216216218, "학교짧은키": "정관초" }, "geometry": { "type": "Point", "coordinates": [ 129.17185, 35.32321474 ] } },
{ "type": "Feature", "properties": { "학교코드(KEDI)": "216021717", "학교명_20251001": "정원초등학교", "행정구_20251001": "기장군", "학교명키": "정원초등학교", "행정구키": "기장군", "위도": 35.33196766, "경도": 129.1672729, "소재지도로명주소": "부산광역시 기장군 정관읍 정관로 423", "설립_20251001": "공립", "지역규모_20251001": "읍지역", "주소_20251001": "부산광역시 기장군 정관읍 정관로 423. 정원초등학교 (정관읍)", "학생수_20251001": 1000, "학급수_20251001": 44, "교원수_20251001": 68, "학급당학생수_20251001_공시": 22.7, "교원1인당학생수_20251001_공시": 14.7, "부산교육청_기준학생수_정책2026": 120, "학생수기준_충족_정책2026": false, "정책적용대상_공립_정책2026": true, "주분석대상_소규모공립_정책2026": false, "학생수_20250401_1학년": 112.0, "학급수_20250401_1학년": 6.0, "학생수_20250401_2학년": 129.0, "학급수_20250401_2학년": 6.0, "학생수_20250401_3학년": 166.0, "학급수_20250401_3학년": 8.0, "학생수_20250401_4학년": 188.0, "학급수_20250401_4학년": 7.0, "학생수_20250401_5학년": 192.0, "학급수_20250401_5학년": 8.0, "학생수_20250401_6학년": 215.0, "학급수_20250401_6학년": 9.0, "학생수_20250401_반합계": 1002.0, "학급수_20250401_반합계": 44.0, "조사기준일_데이터3": 20250401, "학생수_20250401_학교총계": 1002, "학급수_20250401_학교총계": 44, "교지면적_20250401": 13545, "학생1인당교지면적_20250401_공시": 13.5, "일반교실수_20250401": 44, "교과교실수_20250401": 3, "특별교실수_20250401": 6, "수준별교실수_20250401": 0, "기타교실수_20250401": 2, "전체교실수_20250401": 55, "학생수_일반교실_20250401": 22.772727272727273, "학생수_전체교실_20250401": 18.218181818181819, "학급당학생수_20251001_계산": 22.727272727272727, "교원1인당학생수_20251001_계산": 14.705882352941176, "학교짧은키": "정원초" }, "geometry": { "type": "Point", "coordinates": [ 129.1672729, 35.33196766 ] } },
{ "type": "Feature", "properties": { "학교코드(KEDI)": "216021484", "학교명_20251001": "좌천초등학교", "행정구_20251001": "기장군", "학교명키": "좌천초등학교", "행정구키": "기장군", "위도": 35.31195204, "경도": 129.2395575, "소재지도로명주소": "부산광역시 기장군 장안읍 좌천로 13-66", "설립_20251001": "공립", "지역규모_20251001": "읍지역", "주소_20251001": "부산광역시 기장군 장안읍 좌천로 13-66. 좌천초등학교 (장안읍)", "학생수_20251001": 37, "학급수_20251001": 7, "교원수_20251001": 14, "학급당학생수_20251001_공시": 5.3, "교원1인당학생수_20251001_공시": 2.6, "부산교육청_기준학생수_정책2026": 120, "학생수기준_충족_정책2026": true, "정책적용대상_공립_정책2026": true, "주분석대상_소규모공립_정책2026": true, "학생수_20250401_1학년": 0.0, "학급수_20250401_1학년": 1.0, "학생수_20250401_2학년": 8.0, "학급수_20250401_2학년": 1.0, "학생수_20250401_3학년": 13.0, "학급수_20250401_3학년": 2.0, "학생수_20250401_4학년": 7.0, "학급수_20250401_4학년": 1.0, "학생수_20250401_5학년": 8.0, "학급수_20250401_5학년": 1.0, "학생수_20250401_6학년": 3.0, "학급수_20250401_6학년": 1.0, "학생수_20250401_반합계": 39.0, "학급수_20250401_반합계": 7.0, "조사기준일_데이터3": 20250401, "학생수_20250401_학교총계": 39, "학급수_20250401_학교총계": 7, "교지면적_20250401": 13112, "학생1인당교지면적_20250401_공시": 336.2, "일반교실수_20250401": 10, "교과교실수_20250401": 0, "특별교실수_20250401": 2, "수준별교실수_20250401": 0, "기타교실수_20250401": 0, "전체교실수_20250401": 12, "학생수_일반교실_20250401": 3.9, "학생수_전체교실_20250401": 3.25, "학급당학생수_20251001_계산": 5.2857142857142856, "교원1인당학생수_20251001_계산": 2.6428571428571428, "학교짧은키": "좌천초" }, "geometry": { "type": "Point", "coordinates": [ 129.239557499999989, 35.31195204 ] } },
{ "type": "Feature", "properties": { "학교코드(KEDI)": "216021496", "학교명_20251001": "죽성초등학교", "행정구_20251001": "기장군", "학교명키": "죽성초등학교", "행정구키": "기장군", "위도": 35.24275627, "경도": 129.2436029, "소재지도로명주소": "부산광역시 기장군 기장읍 죽성로 270", "설립_20251001": "공립", "지역규모_20251001": "읍지역", "주소_20251001": "부산광역시 기장군 기장읍 죽성로 270(기장읍. 죽성초등학교)", "학생수_20251001": 71, "학급수_20251001": 7, "교원수_20251001": 12, "학급당학생수_20251001_공시": 10.1, "교원1인당학생수_20251001_공시": 5.9, "부산교육청_기준학생수_정책2026": 120, "학생수기준_충족_정책2026": true, "정책적용대상_공립_정책2026": true, "주분석대상_소규모공립_정책2026": true, "학생수_20250401_1학년": 10.0, "학급수_20250401_1학년": 1.0, "학생수_20250401_2학년": 11.0, "학급수_20250401_2학년": 1.0, "학생수_20250401_3학년": 14.0, "학급수_20250401_3학년": 1.0, "학생수_20250401_4학년": 12.0, "학급수_20250401_4학년": 1.0, "학생수_20250401_5학년": 22.0, "학급수_20250401_5학년": 2.0, "학생수_20250401_6학년": 4.0, "학급수_20250401_6학년": 1.0, "학생수_20250401_반합계": 73.0, "학급수_20250401_반합계": 7.0, "조사기준일_데이터3": 20250401, "학생수_20250401_학교총계": 73, "학급수_20250401_학교총계": 7, "교지면적_20250401": 8033, "학생1인당교지면적_20250401_공시": 110.0, "일반교실수_20250401": 6, "교과교실수_20250401": 0, "특별교실수_20250401": 2, "수준별교실수_20250401": 1, "기타교실수_20250401": 2, "전체교실수_20250401": 11, "학생수_일반교실_20250401": 12.166666666666666, "학생수_전체교실_20250401": 6.6363636363636367, "학급당학생수_20251001_계산": 10.142857142857142, "교원1인당학생수_20251001_계산": 5.916666666666667, "학교짧은키": "죽성초" }, "geometry": { "type": "Point", "coordinates": [ 129.243602900000013, 35.24275627 ] } },
{ "type": "Feature", "properties": { "학교코드(KEDI)": "216021508", "학교명_20251001": "철마초등학교", "행정구_20251001": "기장군", "학교명키": "철마초등학교", "행정구키": "기장군", "위도": 35.27521738, "경도": 129.1512365, "소재지도로명주소": "부산광역시 기장군 철마면 철마로 493", "설립_20251001": "공립", "지역규모_20251001": "면지역", "주소_20251001": "부산광역시 기장군 철마면 철마로 493(철마면. 철마초등학교)", "학생수_20251001": 83, "학급수_20251001": 6, "교원수_20251001": 13, "학급당학생수_20251001_공시": 13.8, "교원1인당학생수_20251001_공시": 6.4, "부산교육청_기준학생수_정책2026": 120, "학생수기준_충족_정책2026": true, "정책적용대상_공립_정책2026": true, "주분석대상_소규모공립_정책2026": true, "학생수_20250401_1학년": 12.0, "학급수_20250401_1학년": 1.0, "학생수_20250401_2학년": 15.0, "학급수_20250401_2학년": 1.0, "학생수_20250401_3학년": 15.0, "학급수_20250401_3학년": 1.0, "학생수_20250401_4학년": 14.0, "학급수_20250401_4학년": 1.0, "학생수_20250401_5학년": 15.0, "학급수_20250401_5학년": 1.0, "학생수_20250401_6학년": 13.0, "학급수_20250401_6학년": 1.0, "학생수_20250401_반합계": 84.0, "학급수_20250401_반합계": 6.0, "조사기준일_데이터3": 20250401, "학생수_20250401_학교총계": 84, "학급수_20250401_학교총계": 6, "교지면적_20250401": 6963, "학생1인당교지면적_20250401_공시": 82.9, "일반교실수_20250401": 6, "교과교실수_20250401": 0, "특별교실수_20250401": 2, "수준별교실수_20250401": 0, "기타교실수_20250401": 4, "전체교실수_20250401": 12, "학생수_일반교실_20250401": 14.0, "학생수_전체교실_20250401": 7.0, "학급당학생수_20251001_계산": 13.833333333333334, "교원1인당학생수_20251001_계산": 6.384615384615385, "학교짧은키": "철마초" }, "geometry": { "type": "Point", "coordinates": [ 129.15123650000001, 35.27521738 ] } },
{ "type": "Feature", "properties": { "학교코드(KEDI)": "216021520", "학교명_20251001": "칠암초등학교", "행정구_20251001": "기장군", "학교명키": "칠암초등학교", "행정구키": "기장군", "위도": 35.29848293, "경도": 129.2554506, "소재지도로명주소": "부산광역시 기장군 일광읍 박영준길 19", "설립_20251001": "공립", "지역규모_20251001": "읍지역", "주소_20251001": "부산광역시 기장군 일광읍 박영준길 19(일광읍. 칠암초등학교)", "학생수_20251001": 55, "학급수_20251001": 7, "교원수_20251001": 13, "학급당학생수_20251001_공시": 7.9, "교원1인당학생수_20251001_공시": 4.2, "부산교육청_기준학생수_정책2026": 120, "학생수기준_충족_정책2026": true, "정책적용대상_공립_정책2026": true, "주분석대상_소규모공립_정책2026": true, "학생수_20250401_1학년": 12.0, "학급수_20250401_1학년": 2.0, "학생수_20250401_2학년": 10.0, "학급수_20250401_2학년": 1.0, "학생수_20250401_3학년": 11.0, "학급수_20250401_3학년": 1.0, "학생수_20250401_4학년": 9.0, "학급수_20250401_4학년": 1.0, "학생수_20250401_5학년": 10.0, "학급수_20250401_5학년": 1.0, "학생수_20250401_6학년": 7.0, "학급수_20250401_6학년": 1.0, "학생수_20250401_반합계": 59.0, "학급수_20250401_반합계": 7.0, "조사기준일_데이터3": 20250401, "학생수_20250401_학교총계": 59, "학급수_20250401_학교총계": 7, "교지면적_20250401": 11329, "학생1인당교지면적_20250401_공시": 192.0, "일반교실수_20250401": 8, "교과교실수_20250401": 0, "특별교실수_20250401": 4, "수준별교실수_20250401": 0, "기타교실수_20250401": 0, "전체교실수_20250401": 12, "학생수_일반교실_20250401": 7.375, "학생수_전체교실_20250401": 4.916666666666667, "학급당학생수_20251001_계산": 7.8571428571428568, "교원1인당학생수_20251001_계산": 4.2307692307692308, "학교짧은키": "칠암초" }, "geometry": { "type": "Point", "coordinates": [ 129.255450599999989, 35.29848293 ] } },
{ "type": "Feature", "properties": { "학교코드(KEDI)": "216021310", "학교명_20251001": "해빛초등학교", "행정구_20251001": "기장군", "학교명키": "해빛초등학교", "행정구키": "기장군", "위도": 35.26449792, "경도": 129.2214621, "소재지도로명주소": "부산광역시 기장군 일광읍 해빛6로 9", "설립_20251001": "공립", "지역규모_20251001": "읍지역", "주소_20251001": "부산광역시 기장군 일광면 해빛6로 9. 해빛초등학교 (일광면)", "학생수_20251001": 1062, "학급수_20251001": 43, "교원수_20251001": 62, "학급당학생수_20251001_공시": 24.7, "교원1인당학생수_20251001_공시": 17.1, "부산교육청_기준학생수_정책2026": 120, "학생수기준_충족_정책2026": false, "정책적용대상_공립_정책2026": true, "주분석대상_소규모공립_정책2026": false, "학생수_20250401_1학년": 194.0, "학급수_20250401_1학년": 9.0, "학생수_20250401_2학년": 159.0, "학급수_20250401_2학년": 6.0, "학생수_20250401_3학년": 202.0, "학급수_20250401_3학년": 8.0, "학생수_20250401_4학년": 190.0, "학급수_20250401_4학년": 7.0, "학생수_20250401_5학년": 181.0, "학급수_20250401_5학년": 7.0, "학생수_20250401_6학년": 142.0, "학급수_20250401_6학년": 6.0, "학생수_20250401_반합계": 1068.0, "학급수_20250401_반합계": 43.0, "조사기준일_데이터3": 20250401, "학생수_20250401_학교총계": 1068, "학급수_20250401_학교총계": 43, "교지면적_20250401": 11719, "학생1인당교지면적_20250401_공시": 11.0, "일반교실수_20250401": 44, "교과교실수_20250401": 0, "특별교실수_20250401": 4, "수준별교실수_20250401": 0, "기타교실수_20250401": 0, "전체교실수_20250401": 48, "학생수_일반교실_20250401": 24.272727272727273, "학생수_전체교실_20250401": 22.25, "학급당학생수_20251001_계산": 24.697674418604652, "교원1인당학생수_20251001_계산": 17.129032258064516, "학교짧은키": "해빛초" }, "geometry": { "type": "Point", "coordinates": [ 129.2214621, 35.26449792 ] } },
{ "type": "Feature", "properties": { "학교코드(KEDI)": "213021238", "학교명_20251001": "대남초등학교", "행정구_20251001": "남구", "학교명키": "대남초등학교", "행정구키": "남구", "위도": 35.14885579, "경도": 129.0972346, "소재지도로명주소": "부산광역시 남구 황령대로353번길 9-55", "설립_20251001": "공립", "지역규모_20251001": "특별/광역시", "주소_20251001": "부산광역시 남구 황령대로 343번길 9-55(대연동. 대남초등학교)", "학생수_20251001": 295, "학급수_20251001": 16, "교원수_20251001": 22, "학급당학생수_20251001_공시": 18.4, "교원1인당학생수_20251001_공시": 13.4, "부산교육청_기준학생수_정책2026": 240, "학생수기준_충족_정책2026": false, "정책적용대상_공립_정책2026": true, "주분석대상_소규모공립_정책2026": false, "학생수_20250401_1학년": 48.0, "학급수_20250401_1학년": 3.0, "학생수_20250401_2학년": 68.0, "학급수_20250401_2학년": 4.0, "학생수_20250401_3학년": 39.0, "학급수_20250401_3학년": 2.0, "학생수_20250401_4학년": 64.0, "학급수_20250401_4학년": 3.0, "학생수_20250401_5학년": 41.0, "학급수_20250401_5학년": 2.0, "학생수_20250401_6학년": 41.0, "학급수_20250401_6학년": 2.0, "학생수_20250401_반합계": 301.0, "학급수_20250401_반합계": 16.0, "조사기준일_데이터3": 20250401, "학생수_20250401_학교총계": 301, "학급수_20250401_학교총계": 16, "교지면적_20250401": 10863, "학생1인당교지면적_20250401_공시": 36.1, "일반교실수_20250401": 17, "교과교실수_20250401": 0, "특별교실수_20250401": 5, "수준별교실수_20250401": 0, "기타교실수_20250401": 0, "전체교실수_20250401": 22, "학생수_일반교실_20250401": 17.705882352941178, "학생수_전체교실_20250401": 13.681818181818182, "학급당학생수_20251001_계산": 18.4375, "교원1인당학생수_20251001_계산": 13.409090909090908, "학교짧은키": "대남초" }, "geometry": { "type": "Point", "coordinates": [ 129.0972346, 35.14885579 ] } },
{ "type": "Feature", "properties": { "학교코드(KEDI)": "213021150", "학교명_20251001": "대연초등학교", "행정구_20251001": "남구", "학교명키": "대연초등학교", "행정구키": "남구", "위도": 35.1372365, "경도": 129.0922864, "소재지도로명주소": "부산광역시 남구 진남로18번길 11", "설립_20251001": "공립", "지역규모_20251001": "특별/광역시", "주소_20251001": "부산광역시 남구 진남로18번길 11(대연동. 대연초등학교)", "학생수_20251001": 784, "학급수_20251001": 36, "교원수_20251001": 53, "학급당학생수_20251001_공시": 21.8, "교원1인당학생수_20251001_공시": 14.8, "부산교육청_기준학생수_정책2026": 240, "학생수기준_충족_정책2026": false, "정책적용대상_공립_정책2026": true, "주분석대상_소규모공립_정책2026": false, "학생수_20250401_1학년": 86.0, "학급수_20250401_1학년": 4.0, "학생수_20250401_2학년": 110.0, "학급수_20250401_2학년": 6.0, "학생수_20250401_3학년": 126.0, "학급수_20250401_3학년": 5.0, "학생수_20250401_4학년": 131.0, "학급수_20250401_4학년": 6.0, "학생수_20250401_5학년": 160.0, "학급수_20250401_5학년": 8.0, "학생수_20250401_6학년": 157.0, "학급수_20250401_6학년": 7.0, "학생수_20250401_반합계": 770.0, "학급수_20250401_반합계": 36.0, "조사기준일_데이터3": 20250401, "학생수_20250401_학교총계": 770, "학급수_20250401_학교총계": 36, "교지면적_20250401": 9709, "학생1인당교지면적_20250401_공시": 12.6, "일반교실수_20250401": 36, "교과교실수_20250401": 2, "특별교실수_20250401": 6, "수준별교실수_20250401": 0, "기타교실수_20250401": 6, "전체교실수_20250401": 50, "학생수_일반교실_20250401": 21.388888888888889, "학생수_전체교실_20250401": 15.4, "학급당학생수_20251001_계산": 21.777777777777779, "교원1인당학생수_20251001_계산": 14.79245283018868, "학교짧은키": "대연초" }, "geometry": { "type": "Point", "coordinates": [ 129.0922864, 35.1372365 ] } },
{ "type": "Feature", "properties": { "학교코드(KEDI)": "213021160", "학교명_20251001": "대천초등학교", "행정구_20251001": "남구", "학교명키": "대천초등학교", "행정구키": "남구", "위도": 35.12920185, "경도": 129.1010297, "소재지도로명주소": "부산광역시 남구 조각공원로 19", "설립_20251001": "공립", "지역규모_20251001": "특별/광역시", "주소_20251001": "부산광역시 남구 조각공원로 19(대연동. 대천초등학교)", "학생수_20251001": 516, "학급수_20251001": 26, "교원수_20251001": 43, "학급당학생수_20251001_공시": 19.8, "교원1인당학생수_20251001_공시": 12.0, "부산교육청_기준학생수_정책2026": 240, "학생수기준_충족_정책2026": false, "정책적용대상_공립_정책2026": true, "주분석대상_소규모공립_정책2026": false, "학생수_20250401_1학년": 49.0, "학급수_20250401_1학년": 3.0, "학생수_20250401_2학년": 74.0, "학급수_20250401_2학년": 3.0, "학생수_20250401_3학년": 85.0, "학급수_20250401_3학년": 4.0, "학생수_20250401_4학년": 106.0, "학급수_20250401_4학년": 6.0, "학생수_20250401_5학년": 86.0, "학급수_20250401_5학년": 4.0, "학생수_20250401_6학년": 110.0, "학급수_20250401_6학년": 6.0, "학생수_20250401_반합계": 510.0, "학급수_20250401_반합계": 26.0, "조사기준일_데이터3": 20250401, "학생수_20250401_학교총계": 510, "학급수_20250401_학교총계": 26, "교지면적_20250401": 10608, "학생1인당교지면적_20250401_공시": 20.8, "일반교실수_20250401": 27, "교과교실수_20250401": 3, "특별교실수_20250401": 3, "수준별교실수_20250401": 0, "기타교실수_20250401": 0, "전체교실수_20250401": 33, "학생수_일반교실_20250401": 18.888888888888889, "학생수_전체교실_20250401": 15.454545454545455, "학급당학생수_20251001_계산": 19.846153846153847, "교원1인당학생수_20251001_계산": 12.0, "학교짧은키": "대천초" }, "geometry": { "type": "Point", "coordinates": [ 129.1010297, 35.12920185 ] } },
{ "type": "Feature", "properties": { "학교코드(KEDI)": "213021180", "학교명_20251001": "동천초등학교", "행정구_20251001": "남구", "학교명키": "동천초등학교", "행정구키": "남구", "위도": 35.12161542, "경도": 129.0831725, "소재지도로명주소": "부산광역시 남구 석포로26번길 22", "설립_20251001": "공립", "지역규모_20251001": "특별/광역시", "주소_20251001": "부산광역시 남구 석포로26번길 22. 동천초등학교 (감만동. 동천초등학교)", "학생수_20251001": 260, "학급수_20251001": 13, "교원수_20251001": 22, "학급당학생수_20251001_공시": 20.0, "교원1인당학생수_20251001_공시": 11.8, "부산교육청_기준학생수_정책2026": 240, "학생수기준_충족_정책2026": false, "정책적용대상_공립_정책2026": true, "주분석대상_소규모공립_정책2026": false, "학생수_20250401_1학년": 24.0, "학급수_20250401_1학년": 1.0, "학생수_20250401_2학년": 39.0, "학급수_20250401_2학년": 3.0, "학생수_20250401_3학년": 47.0, "학급수_20250401_3학년": 2.0, "학생수_20250401_4학년": 52.0, "학급수_20250401_4학년": 2.0, "학생수_20250401_5학년": 44.0, "학급수_20250401_5학년": 2.0, "학생수_20250401_6학년": 59.0, "학급수_20250401_6학년": 3.0, "학생수_20250401_반합계": 265.0, "학급수_20250401_반합계": 13.0, "조사기준일_데이터3": 20250401, "학생수_20250401_학교총계": 265, "학급수_20250401_학교총계": 13, "교지면적_20250401": 8457, "학생1인당교지면적_20250401_공시": 31.9, "일반교실수_20250401": 16, "교과교실수_20250401": 0, "특별교실수_20250401": 9, "수준별교실수_20250401": 0, "기타교실수_20250401": 3, "전체교실수_20250401": 28, "학생수_일반교실_20250401": 16.5625, "학생수_전체교실_20250401": 9.4642857142857135, "학급당학생수_20251001_계산": 20.0, "교원1인당학생수_20251001_계산": 11.818181818181818, "학교짧은키": "동천초" }, "geometry": { "type": "Point", "coordinates": [ 129.083172499999989, 35.12161542 ] } },
{ "type": "Feature", "properties": { "학교코드(KEDI)": "213021190", "학교명_20251001": "동항초등학교", "행정구_20251001": "남구", "학교명키": "동항초등학교", "행정구키": "남구", "위도": 35.11401535, "경도": 129.0829062, "소재지도로명주소": "부산광역시 남구 우암로 42", "설립_20251001": "공립", "지역규모_20251001": "특별/광역시", "주소_20251001": "부산광역시 남구 우암로 42(감만동) 동항초등학교", "학생수_20251001": 127, "학급수_20251001": 9, "교원수_20251001": 16, "학급당학생수_20251001_공시": 14.1, "교원1인당학생수_20251001_공시": 7.9, "부산교육청_기준학생수_정책2026": 240, "학생수기준_충족_정책2026": true, "정책적용대상_공립_정책2026": true, "주분석대상_소규모공립_정책2026": true, "학생수_20250401_1학년": 14.0, "학급수_20250401_1학년": 1.0, "학생수_20250401_2학년": 24.0, "학급수_20250401_2학년": 2.0, "학생수_20250401_3학년": 9.0, "학급수_20250401_3학년": 1.0, "학생수_20250401_4학년": 32.0, "학급수_20250401_4학년": 2.0, "학생수_20250401_5학년": 17.0, "학급수_20250401_5학년": 1.0, "학생수_20250401_6학년": 32.0, "학급수_20250401_6학년": 2.0, "학생수_20250401_반합계": 128.0, "학급수_20250401_반합계": 9.0, "조사기준일_데이터3": 20250401, "학생수_20250401_학교총계": 128, "학급수_20250401_학교총계": 9, "교지면적_20250401": 11951, "학생1인당교지면적_20250401_공시": 93.4, "일반교실수_20250401": 23, "교과교실수_20250401": 3, "특별교실수_20250401": 12, "수준별교실수_20250401": 0, "기타교실수_20250401": 1, "전체교실수_20250401": 39, "학생수_일반교실_20250401": 5.5652173913043477, "학생수_전체교실_20250401": 3.2820512820512819, "학급당학생수_20251001_계산": 14.111111111111111, "교원1인당학생수_20251001_계산": 7.9375, "학교짧은키": "동항초" }, "geometry": { "type": "Point", "coordinates": [ 129.0829062, 35.11401535 ] } },
{ "type": "Feature", "properties": { "학교코드(KEDI)": "213021210", "학교명_20251001": "문현초등학교", "행정구_20251001": "남구", "학교명키": "문현초등학교", "행정구키": "남구", "위도": 35.14532445, "경도": 129.0729385, "소재지도로명주소": "부산광역시 남구 고동골로 86-13", "설립_20251001": "공립", "지역규모_20251001": "특별/광역시", "주소_20251001": "부산광역시 남구 고동골로 86-13(문현동. 문현초등학교)", "학생수_20251001": 485, "학급수_20251001": 27, "교원수_20251001": 39, "학급당학생수_20251001_공시": 18.0, "교원1인당학생수_20251001_공시": 12.4, "부산교육청_기준학생수_정책2026": 240, "학생수기준_충족_정책2026": false, "정책적용대상_공립_정책2026": true, "주분석대상_소규모공립_정책2026": false, "학생수_20250401_1학년": 63.0, "학급수_20250401_1학년": 3.0, "학생수_20250401_2학년": 81.0, "학급수_20250401_2학년": 5.0, "학생수_20250401_3학년": 73.0, "학급수_20250401_3학년": 4.0, "학생수_20250401_4학년": 101.0, "학급수_20250401_4학년": 6.0, "학생수_20250401_5학년": 95.0, "학급수_20250401_5학년": 5.0, "학생수_20250401_6학년": 79.0, "학급수_20250401_6학년": 4.0, "학생수_20250401_반합계": 492.0, "학급수_20250401_반합계": 27.0, "조사기준일_데이터3": 20250401, "학생수_20250401_학교총계": 492, "학급수_20250401_학교총계": 27, "교지면적_20250401": 14133, "학생1인당교지면적_20250401_공시": 28.7, "일반교실수_20250401": 31, "교과교실수_20250401": 3, "특별교실수_20250401": 8, "수준별교실수_20250401": 0, "기타교실수_20250401": 0, "전체교실수_20250401": 42, "학생수_일반교실_20250401": 15.870967741935484, "학생수_전체교실_20250401": 11.714285714285714, "학급당학생수_20251001_계산": 17.962962962962962, "교원1인당학생수_20251001_계산": 12.435897435897436, "학교짧은키": "문현초" }, "geometry": { "type": "Point", "coordinates": [ 129.0729385, 35.14532445 ] } },
{ "type": "Feature", "properties": { "학교코드(KEDI)": "213021089", "학교명_20251001": "백운초등학교", "행정구_20251001": "남구", "학교명키": "백운초등학교", "행정구키": "남구", "위도": 35.11830866, "경도": 129.1055296, "소재지도로명주소": "부산광역시 남구 동명로 76", "설립_20251001": "공립", "지역규모_20251001": "특별/광역시", "주소_20251001": "부산광역시 남구 동명로 76(용호동. 백운초등학교)", "학생수_20251001": 152, "학급수_20251001": 11, "교원수_20251001": 19, "학급당학생수_20251001_공시": 13.8, "교원1인당학생수_20251001_공시": 8.0, "부산교육청_기준학생수_정책2026": 240, "학생수기준_충족_정책2026": true, "정책적용대상_공립_정책2026": true, "주분석대상_소규모공립_정책2026": true, "학생수_20250401_1학년": 16.0, "학급수_20250401_1학년": 1.0, "학생수_20250401_2학년": 21.0, "학급수_20250401_2학년": 2.0, "학생수_20250401_3학년": 26.0, "학급수_20250401_3학년": 2.0, "학생수_20250401_4학년": 18.0, "학급수_20250401_4학년": 1.0, "학생수_20250401_5학년": 36.0, "학급수_20250401_5학년": 3.0, "학생수_20250401_6학년": 40.0, "학급수_20250401_6학년": 2.0, "학생수_20250401_반합계": 157.0, "학급수_20250401_반합계": 11.0, "조사기준일_데이터3": 20250401, "학생수_20250401_학교총계": 157, "학급수_20250401_학교총계": 11, "교지면적_20250401": 19794, "학생1인당교지면적_20250401_공시": 126.1, "일반교실수_20250401": 21, "교과교실수_20250401": 0, "특별교실수_20250401": 8, "수준별교실수_20250401": 0, "기타교실수_20250401": 0, "전체교실수_20250401": 29, "학생수_일반교실_20250401": 7.4761904761904763, "학생수_전체교실_20250401": 5.4137931034482758, "학급당학생수_20251001_계산": 13.818181818181818, "교원1인당학생수_20251001_계산": 8.0, "학교짧은키": "백운초" }, "geometry": { "type": "Point", "coordinates": [ 129.105529600000011, 35.11830866 ] } },
{ "type": "Feature", "properties": { "학교코드(KEDI)": "213021289", "학교명_20251001": "분포초등학교", "행정구_20251001": "남구", "학교명키": "분포초등학교", "행정구키": "남구", "위도": 35.12891273, "경도": 129.1139761, "소재지도로명주소": "부산광역시 남구 분포로 41", "설립_20251001": "공립", "지역규모_20251001": "특별/광역시", "주소_20251001": "부산광역시 남구 분포로 41(용호동. 분포초등학교)", "학생수_20251001": 965, "학급수_20251001": 41, "교원수_20251001": 61, "학급당학생수_20251001_공시": 23.5, "교원1인당학생수_20251001_공시": 15.8, "부산교육청_기준학생수_정책2026": 240, "학생수기준_충족_정책2026": false, "정책적용대상_공립_정책2026": true, "주분석대상_소규모공립_정책2026": false, "학생수_20250401_1학년": 105.0, "학급수_20250401_1학년": 5.0, "학생수_20250401_2학년": 138.0, "학급수_20250401_2학년": 6.0, "학생수_20250401_3학년": 157.0, "학급수_20250401_3학년": 7.0, "학생수_20250401_4학년": 178.0, "학급수_20250401_4학년": 8.0, "학생수_20250401_5학년": 194.0, "학급수_20250401_5학년": 8.0, "학생수_20250401_6학년": 186.0, "학급수_20250401_6학년": 7.0, "학생수_20250401_반합계": 958.0, "학급수_20250401_반합계": 41.0, "조사기준일_데이터3": 20250401, "학생수_20250401_학교총계": 958, "학급수_20250401_학교총계": 41, "교지면적_20250401": 6354, "학생1인당교지면적_20250401_공시": 6.6, "일반교실수_20250401": 43, "교과교실수_20250401": 0, "특별교실수_20250401": 15, "수준별교실수_20250401": 0, "기타교실수_20250401": 3, "전체교실수_20250401": 61, "학생수_일반교실_20250401": 22.279069767441861, "학생수_전체교실_20250401": 15.704918032786885, "학급당학생수_20251001_계산": 23.536585365853657, "교원1인당학생수_20251001_계산": 15.819672131147541, "학교짧은키": "분포초" }, "geometry": { "type": "Point", "coordinates": [ 129.1139761, 35.12891273 ] } },
{ "type": "Feature", "properties": { "학교코드(KEDI)": "213021290", "학교명_20251001": "석포초등학교", "행정구_20251001": "남구", "학교명키": "석포초등학교", "행정구키": "남구", "위도": 35.12656566, "경도": 129.0918348, "소재지도로명주소": "부산광역시 남구 석포로86번길 76", "설립_20251001": "공립", "지역규모_20251001": "특별/광역시", "주소_20251001": "부산광역시 남구 석포로86번길 76(대연동. 석포초등학교)", "학생수_20251001": 651, "학급수_20251001": 32, "교원수_20251001": 45, "학급당학생수_20251001_공시": 20.3, "교원1인당학생수_20251001_공시": 14.5, "부산교육청_기준학생수_정책2026": 240, "학생수기준_충족_정책2026": false, "정책적용대상_공립_정책2026": true, "주분석대상_소규모공립_정책2026": false, "학생수_20250401_1학년": 112.0, "학급수_20250401_1학년": 5.0, "학생수_20250401_2학년": 111.0, "학급수_20250401_2학년": 5.0, "학생수_20250401_3학년": 94.0, "학급수_20250401_3학년": 5.0, "학생수_20250401_4학년": 124.0, "학급수_20250401_4학년": 5.0, "학생수_20250401_5학년": 130.0, "학급수_20250401_5학년": 6.0, "학생수_20250401_6학년": 95.0, "학급수_20250401_6학년": 6.0, "학생수_20250401_반합계": 666.0, "학급수_20250401_반합계": 32.0, "조사기준일_데이터3": 20250401, "학생수_20250401_학교총계": 666, "학급수_20250401_학교총계": 32, "교지면적_20250401": 10985, "학생1인당교지면적_20250401_공시": 16.5, "일반교실수_20250401": 18, "교과교실수_20250401": 0, "특별교실수_20250401": 4, "수준별교실수_20250401": 0, "기타교실수_20250401": 8, "전체교실수_20250401": 30, "학생수_일반교실_20250401": 37.0, "학생수_전체교실_20250401": 22.2, "학급당학생수_20251001_계산": 20.34375, "교원1인당학생수_20251001_계산": 14.466666666666667, "학교짧은키": "석포초" }, "geometry": { "type": "Point", "coordinates": [ 129.091834799999987, 35.12656566 ] } },
{ "type": "Feature", "properties": { "학교코드(KEDI)": "213021300", "학교명_20251001": "성동초등학교", "행정구_20251001": "남구", "학교명키": "성동초등학교", "행정구키": "남구", "위도": 35.14383316, "경도": 129.0691045, "소재지도로명주소": "부산광역시 남구 전포대로68번길 27", "설립_20251001": "공립", "지역규모_20251001": "특별/광역시", "주소_20251001": "부산광역시 남구 전포대로68번길 27. 성동초등학교 (문현동)", "학생수_20251001": 753, "학급수_20251001": 35, "교원수_20251001": 51, "학급당학생수_20251001_공시": 21.5, "교원1인당학생수_20251001_공시": 14.8, "부산교육청_기준학생수_정책2026": 240, "학생수기준_충족_정책2026": false, "정책적용대상_공립_정책2026": true, "주분석대상_소규모공립_정책2026": false, "학생수_20250401_1학년": 84.0, "학급수_20250401_1학년": 4.0, "학생수_20250401_2학년": 115.0, "학급수_20250401_2학년": 6.0, "학생수_20250401_3학년": 140.0, "학급수_20250401_3학년": 6.0, "학생수_20250401_4학년": 131.0, "학급수_20250401_4학년": 6.0, "학생수_20250401_5학년": 137.0, "학급수_20250401_5학년": 6.0, "학생수_20250401_6학년": 155.0, "학급수_20250401_6학년": 7.0, "학생수_20250401_반합계": 762.0, "학급수_20250401_반합계": 35.0, "조사기준일_데이터3": 20250401, "학생수_20250401_학교총계": 762, "학급수_20250401_학교총계": 35, "교지면적_20250401": 16243, "학생1인당교지면적_20250401_공시": 21.3, "일반교실수_20250401": 41, "교과교실수_20250401": 0, "특별교실수_20250401": 8, "수준별교실수_20250401": 0, "기타교실수_20250401": 17, "전체교실수_20250401": 66, "학생수_일반교실_20250401": 18.585365853658537, "학생수_전체교실_20250401": 11.545454545454545, "학급당학생수_20251001_계산": 21.514285714285716, "교원1인당학생수_20251001_계산": 14.764705882352942, "학교짧은키": "성동초" }, "geometry": { "type": "Point", "coordinates": [ 129.0691045, 35.14383316 ] } },
{ "type": "Feature", "properties": { "학교코드(KEDI)": "213021213", "학교명_20251001": "성천초등학교", "행정구_20251001": "남구", "학교명키": "성천초등학교", "행정구키": "남구", "위도": 35.13082801, "경도": 129.0722321, "소재지도로명주소": "부산광역시 남구 장고개로 64-41", "설립_20251001": "공립", "지역규모_20251001": "특별/광역시", "주소_20251001": "부산광역시 남구 장고개로 64-41(우암동)", "학생수_20251001": 122, "학급수_20251001": 10, "교원수_20251001": 19, "학급당학생수_20251001_공시": 12.2, "교원1인당학생수_20251001_공시": 6.4, "부산교육청_기준학생수_정책2026": 240, "학생수기준_충족_정책2026": true, "정책적용대상_공립_정책2026": true, "주분석대상_소규모공립_정책2026": true, "학생수_20250401_1학년": 19.0, "학급수_20250401_1학년": 1.0, "학생수_20250401_2학년": 25.0, "학급수_20250401_2학년": 2.0, "학생수_20250401_3학년": 27.0, "학급수_20250401_3학년": 2.0, "학생수_20250401_4학년": 22.0, "학급수_20250401_4학년": 2.0, "학생수_20250401_5학년": 14.0, "학급수_20250401_5학년": 2.0, "학생수_20250401_6학년": 17.0, "학급수_20250401_6학년": 1.0, "학생수_20250401_반합계": 124.0, "학급수_20250401_반합계": 10.0, "조사기준일_데이터3": 20250401, "학생수_20250401_학교총계": 124, "학급수_20250401_학교총계": 10, "교지면적_20250401": 14820, "학생1인당교지면적_20250401_공시": 119.5, "일반교실수_20250401": 8, "교과교실수_20250401": 1, "특별교실수_20250401": 4, "수준별교실수_20250401": 0, "기타교실수_20250401": 0, "전체교실수_20250401": 13, "학생수_일반교실_20250401": 15.5, "학생수_전체교실_20250401": 9.5384615384615383, "학급당학생수_20251001_계산": 12.2, "교원1인당학생수_20251001_계산": 6.4210526315789478, "학교짧은키": "성천초" }, "geometry": { "type": "Point", "coordinates": [ 129.0722321, 35.13082801 ] } },
{ "type": "Feature", "properties": { "학교코드(KEDI)": "213021370", "학교명_20251001": "연포초등학교", "행정구_20251001": "남구", "학교명키": "연포초등학교", "행정구키": "남구", "위도": 35.13724304, "경도": 129.0840862, "소재지도로명주소": "부산광역시 남구 못골로 17", "설립_20251001": "공립", "지역규모_20251001": "특별/광역시", "주소_20251001": "부산광역시 남구 못골로 17. 연포초등학교 (대연동)", "학생수_20251001": 1226, "학급수_20251001": 52, "교원수_20251001": 72, "학급당학생수_20251001_공시": 23.6, "교원1인당학생수_20251001_공시": 17.0, "부산교육청_기준학생수_정책2026": 240, "학생수기준_충족_정책2026": false, "정책적용대상_공립_정책2026": true, "주분석대상_소규모공립_정책2026": false, "학생수_20250401_1학년": 166.0, "학급수_20250401_1학년": 7.0, "학생수_20250401_2학년": 190.0, "학급수_20250401_2학년": 8.0, "학생수_20250401_3학년": 220.0, "학급수_20250401_3학년": 9.0, "학생수_20250401_4학년": 223.0, "학급수_20250401_4학년": 10.0, "학생수_20250401_5학년": 219.0, "학급수_20250401_5학년": 9.0, "학생수_20250401_6학년": 209.0, "학급수_20250401_6학년": 9.0, "학생수_20250401_반합계": 1227.0, "학급수_20250401_반합계": 52.0, "조사기준일_데이터3": 20250401, "학생수_20250401_학교총계": 1227, "학급수_20250401_학교총계": 52, "교지면적_20250401": 12229, "학생1인당교지면적_20250401_공시": 10.0, "일반교실수_20250401": 57, "교과교실수_20250401": 3, "특별교실수_20250401": 4, "수준별교실수_20250401": 0, "기타교실수_20250401": 0, "전체교실수_20250401": 64, "학생수_일반교실_20250401": 21.526315789473685, "학생수_전체교실_20250401": 19.171875, "학급당학생수_20251001_계산": 23.576923076923077, "교원1인당학생수_20251001_계산": 17.027777777777779, "학교짧은키": "연포초" }, "geometry": { "type": "Point", "coordinates": [ 129.0840862, 35.13724304 ] } },
{ "type": "Feature", "properties": { "학교코드(KEDI)": "213021360", "학교명_20251001": "오륙도초등학교", "행정구_20251001": "남구", "학교명키": "오륙도초등학교", "행정구키": "남구", "위도": 35.10423905, "경도": 129.1161864, "소재지도로명주소": "부산광역시 남구 오륙도로 57", "설립_20251001": "공립", "지역규모_20251001": "특별/광역시", "주소_20251001": "부산광역시 남구 오륙도로 57(용호동. 오륙도초등학교)", "학생수_20251001": 467, "학급수_20251001": 22, "교원수_20251001": 32, "학급당학생수_20251001_공시": 21.2, "교원1인당학생수_20251001_공시": 14.6, "부산교육청_기준학생수_정책2026": 240, "학생수기준_충족_정책2026": false, "정책적용대상_공립_정책2026": true, "주분석대상_소규모공립_정책2026": false, "학생수_20250401_1학년": 60.0, "학급수_20250401_1학년": 3.0, "학생수_20250401_2학년": 67.0, "학급수_20250401_2학년": 3.0, "학생수_20250401_3학년": 88.0, "학급수_20250401_3학년": 4.0, "학생수_20250401_4학년": 88.0, "학급수_20250401_4학년": 4.0, "학생수_20250401_5학년": 81.0, "학급수_20250401_5학년": 4.0, "학생수_20250401_6학년": 84.0, "학급수_20250401_6학년": 4.0, "학생수_20250401_반합계": 468.0, "학급수_20250401_반합계": 22.0, "조사기준일_데이터3": 20250401, "학생수_20250401_학교총계": 468, "학급수_20250401_학교총계": 22, "교지면적_20250401": 13439, "학생1인당교지면적_20250401_공시": 28.7, "일반교실수_20250401": 22, "교과교실수_20250401": 1, "특별교실수_20250401": 5, "수준별교실수_20250401": 0, "기타교실수_20250401": 0, "전체교실수_20250401": 28, "학생수_일반교실_20250401": 21.272727272727273, "학생수_전체교실_20250401": 16.714285714285715, "학급당학생수_20251001_계산": 21.227272727272727, "교원1인당학생수_20251001_계산": 14.59375, "학교짧은키": "오륙도초" }, "geometry": { "type": "Point", "coordinates": [ 129.1161864, 35.10423905 ] } },
{ "type": "Feature", "properties": { "학교코드(KEDI)": "213021380", "학교명_20251001": "용당초등학교", "행정구_20251001": "남구", "학교명키": "용당초등학교", "행정구키": "남구", "위도": 35.11669795, "경도": 129.0939473, "소재지도로명주소": "부산광역시 남구 신선로 341", "설립_20251001": "공립", "지역규모_20251001": "특별/광역시", "주소_20251001": "부산광역시 남구 신선로 341(용당동)", "학생수_20251001": 86, "학급수_20251001": 9, "교원수_20251001": 16, "학급당학생수_20251001_공시": 9.6, "교원1인당학생수_20251001_공시": 5.4, "부산교육청_기준학생수_정책2026": 240, "학생수기준_충족_정책2026": true, "정책적용대상_공립_정책2026": true, "주분석대상_소규모공립_정책2026": true, "학생수_20250401_1학년": 4.0, "학급수_20250401_1학년": 1.0, "학생수_20250401_2학년": 10.0, "학급수_20250401_2학년": 1.0, "학생수_20250401_3학년": 12.0, "학급수_20250401_3학년": 1.0, "학생수_20250401_4학년": 19.0, "학급수_20250401_4학년": 1.0, "학생수_20250401_5학년": 10.0, "학급수_20250401_5학년": 1.0, "학생수_20250401_6학년": 34.0, "학급수_20250401_6학년": 4.0, "학생수_20250401_반합계": 89.0, "학급수_20250401_반합계": 9.0, "조사기준일_데이터3": 20250401, "학생수_20250401_학교총계": 89, "학급수_20250401_학교총계": 9, "교지면적_20250401": 6420, "학생1인당교지면적_20250401_공시": 72.1, "일반교실수_20250401": 9, "교과교실수_20250401": 3, "특별교실수_20250401": 2, "수준별교실수_20250401": 0, "기타교실수_20250401": 0, "전체교실수_20250401": 14, "학생수_일반교실_20250401": 9.8888888888888893, "학생수_전체교실_20250401": 6.3571428571428568, "학급당학생수_20251001_계산": 9.5555555555555554, "교원1인당학생수_20251001_계산": 5.375, "학교짧은키": "용당초" }, "geometry": { "type": "Point", "coordinates": [ 129.0939473, 35.116697950000017 ] } },
{ "type": "Feature", "properties": { "학교코드(KEDI)": "213021385", "학교명_20251001": "용문초등학교", "행정구_20251001": "남구", "학교명키": "용문초등학교", "행정구키": "남구", "위도": 35.13067534, "경도": 129.1081405, "소재지도로명주소": "부산광역시 남구 신선로 542", "설립_20251001": "공립", "지역규모_20251001": "특별/광역시", "주소_20251001": "부산광역시 남구 신선로 542(용호동. 용문초등학교)", "학생수_20251001": 843, "학급수_20251001": 36, "교원수_20251001": 57, "학급당학생수_20251001_공시": 23.4, "교원1인당학생수_20251001_공시": 14.8, "부산교육청_기준학생수_정책2026": 240, "학생수기준_충족_정책2026": false, "정책적용대상_공립_정책2026": true, "주분석대상_소규모공립_정책2026": false, "학생수_20250401_1학년": 108.0, "학급수_20250401_1학년": 5.0, "학생수_20250401_2학년": 118.0, "학급수_20250401_2학년": 5.0, "학생수_20250401_3학년": 136.0, "학급수_20250401_3학년": 6.0, "학생수_20250401_4학년": 173.0, "학급수_20250401_4학년": 7.0, "학생수_20250401_5학년": 149.0, "학급수_20250401_5학년": 6.0, "학생수_20250401_6학년": 157.0, "학급수_20250401_6학년": 7.0, "학생수_20250401_반합계": 841.0, "학급수_20250401_반합계": 36.0, "조사기준일_데이터3": 20250401, "학생수_20250401_학교총계": 841, "학급수_20250401_학교총계": 36, "교지면적_20250401": 6062, "학생1인당교지면적_20250401_공시": 7.2, "일반교실수_20250401": 36, "교과교실수_20250401": 0, "특별교실수_20250401": 11, "수준별교실수_20250401": 0, "기타교실수_20250401": 14, "전체교실수_20250401": 61, "학생수_일반교실_20250401": 23.361111111111111, "학생수_전체교실_20250401": 13.78688524590164, "학급당학생수_20251001_계산": 23.416666666666668, "교원1인당학생수_20251001_계산": 14.789473684210526, "학교짧은키": "용문초" }, "geometry": { "type": "Point", "coordinates": [ 129.1081405, 35.13067534 ] } },
{ "type": "Feature", "properties": { "학교코드(KEDI)": "213021390", "학교명_20251001": "용산초등학교", "행정구_20251001": "남구", "학교명키": "용산초등학교", "행정구키": "남구", "위도": 35.11653695, "경도": 129.1160682, "소재지도로명주소": "부산광역시 남구 동명로176번길 55", "설립_20251001": "공립", "지역규모_20251001": "특별/광역시", "주소_20251001": "부산광역시 남구 동명로 176번길 55(용호동)", "학생수_20251001": 276, "학급수_20251001": 16, "교원수_20251001": 30, "학급당학생수_20251001_공시": 17.3, "교원1인당학생수_20251001_공시": 9.2, "부산교육청_기준학생수_정책2026": 240, "학생수기준_충족_정책2026": false, "정책적용대상_공립_정책2026": true, "주분석대상_소규모공립_정책2026": false, "학생수_20250401_1학년": 25.0, "학급수_20250401_1학년": 2.0, "학생수_20250401_2학년": 45.0, "학급수_20250401_2학년": 3.0, "학생수_20250401_3학년": 40.0, "학급수_20250401_3학년": 2.0, "학생수_20250401_4학년": 57.0, "학급수_20250401_4학년": 3.0, "학생수_20250401_5학년": 51.0, "학급수_20250401_5학년": 3.0, "학생수_20250401_6학년": 55.0, "학급수_20250401_6학년": 3.0, "학생수_20250401_반합계": 273.0, "학급수_20250401_반합계": 16.0, "조사기준일_데이터3": 20250401, "학생수_20250401_학교총계": 273, "학급수_20250401_학교총계": 16, "교지면적_20250401": 12506, "학생1인당교지면적_20250401_공시": 45.8, "일반교실수_20250401": 25, "교과교실수_20250401": 0, "특별교실수_20250401": 13, "수준별교실수_20250401": 0, "기타교실수_20250401": 15, "전체교실수_20250401": 53, "학생수_일반교실_20250401": 10.92, "학생수_전체교실_20250401": 5.1509433962264151, "학급당학생수_20251001_계산": 17.25, "교원1인당학생수_20251001_계산": 9.2, "학교짧은키": "용산초" }, "geometry": { "type": "Point", "coordinates": [ 129.1160682, 35.11653695 ] } },
{ "type": "Feature", "properties": { "학교코드(KEDI)": "213021711", "학교명_20251001": "용소초등학교", "행정구_20251001": "남구", "학교명키": "용소초등학교", "행정구키": "남구", "위도": 35.14284782, "경도": 129.0995041, "소재지도로명주소": "부산광역시 남구 수영로325번길 114", "설립_20251001": "공립", "지역규모_20251001": "특별/광역시", "주소_20251001": "부산광역시 남구 수영로325번길 114(대연동)", "학생수_20251001": 1103, "학급수_20251001": 43, "교원수_20251001": 64, "학급당학생수_20251001_공시": 25.7, "교원1인당학생수_20251001_공시": 17.2, "부산교육청_기준학생수_정책2026": 240, "학생수기준_충족_정책2026": false, "정책적용대상_공립_정책2026": true, "주분석대상_소규모공립_정책2026": false, "학생수_20250401_1학년": 144.0, "학급수_20250401_1학년": 7.0, "학생수_20250401_2학년": 151.0, "학급수_20250401_2학년": 6.0, "학생수_20250401_3학년": 197.0, "학급수_20250401_3학년": 7.0, "학생수_20250401_4학년": 191.0, "학급수_20250401_4학년": 7.0, "학생수_20250401_5학년": 212.0, "학급수_20250401_5학년": 8.0, "학생수_20250401_6학년": 207.0, "학급수_20250401_6학년": 8.0, "학생수_20250401_반합계": 1102.0, "학급수_20250401_반합계": 43.0, "조사기준일_데이터3": 20250401, "학생수_20250401_학교총계": 1102, "학급수_20250401_학교총계": 43, "교지면적_20250401": 8546, "학생1인당교지면적_20250401_공시": 7.8, "일반교실수_20250401": 42, "교과교실수_20250401": 0, "특별교실수_20250401": 1, "수준별교실수_20250401": 0, "기타교실수_20250401": 16, "전체교실수_20250401": 59, "학생수_일반교실_20250401": 26.238095238095237, "학생수_전체교실_20250401": 18.677966101694917, "학급당학생수_20251001_계산": 25.651162790697676, "교원1인당학생수_20251001_계산": 17.234375, "학교짧은키": "용소초" }, "geometry": { "type": "Point", "coordinates": [ 129.0995041, 35.14284782 ] } },
{ "type": "Feature", "properties": { "학교코드(KEDI)": "213021400", "학교명_20251001": "용호초등학교", "행정구_20251001": "남구", "학교명키": "용호초등학교", "행정구키": "남구", "위도": 35.1224793, "경도": 129.108986, "소재지도로명주소": "부산광역시 남구 용호로42번길 94", "설립_20251001": "공립", "지역규모_20251001": "특별/광역시", "주소_20251001": "부산광역시 남구 용호로42번길 94(용호동)", "학생수_20251001": 395, "학급수_20251001": 20, "교원수_20251001": 31, "학급당학생수_20251001_공시": 19.8, "교원1인당학생수_20251001_공시": 12.7, "부산교육청_기준학생수_정책2026": 240, "학생수기준_충족_정책2026": false, "정책적용대상_공립_정책2026": true, "주분석대상_소규모공립_정책2026": false, "학생수_20250401_1학년": 46.0, "학급수_20250401_1학년": 3.0, "학생수_20250401_2학년": 61.0, "학급수_20250401_2학년": 4.0, "학생수_20250401_3학년": 65.0, "학급수_20250401_3학년": 3.0, "학생수_20250401_4학년": 76.0, "학급수_20250401_4학년": 3.0, "학생수_20250401_5학년": 81.0, "학급수_20250401_5학년": 4.0, "학생수_20250401_6학년": 65.0, "학급수_20250401_6학년": 3.0, "학생수_20250401_반합계": 394.0, "학급수_20250401_반합계": 20.0, "조사기준일_데이터3": 20250401, "학생수_20250401_학교총계": 394, "학급수_20250401_학교총계": 20, "교지면적_20250401": 18369, "학생1인당교지면적_20250401_공시": 46.6, "일반교실수_20250401": 31, "교과교실수_20250401": 3, "특별교실수_20250401": 10, "수준별교실수_20250401": 0, "기타교실수_20250401": 4, "전체교실수_20250401": 48, "학생수_일반교실_20250401": 12.709677419354838, "학생수_전체교실_20250401": 8.2083333333333339, "학급당학생수_20251001_계산": 19.75, "교원1인당학생수_20251001_계산": 12.741935483870968, "학교짧은키": "용호초" }, "geometry": { "type": "Point", "coordinates": [ 129.108986, 35.1224793 ] } },
{ "type": "Feature", "properties": { "학교코드(KEDI)": "213021410", "학교명_20251001": "우암초등학교", "행정구_20251001": "남구", "학교명키": "우암초등학교", "행정구키": "남구", "위도": 35.12534348, "경도": 129.0763824, "소재지도로명주소": "부산광역시 남구 우암로 190-19", "설립_20251001": "공립", "지역규모_20251001": "특별/광역시", "주소_20251001": "부산광역시 남구 우암로 190-19(우암동. 우암초등학교)", "학생수_20251001": 267, "학급수_20251001": 15, "교원수_20251001": 24, "학급당학생수_20251001_공시": 17.8, "교원1인당학생수_20251001_공시": 11.1, "부산교육청_기준학생수_정책2026": 240, "학생수기준_충족_정책2026": false, "정책적용대상_공립_정책2026": true, "주분석대상_소규모공립_정책2026": false, "학생수_20250401_1학년": 35.0, "학급수_20250401_1학년": 2.0, "학생수_20250401_2학년": 45.0, "학급수_20250401_2학년": 3.0, "학생수_20250401_3학년": 38.0, "학급수_20250401_3학년": 2.0, "학생수_20250401_4학년": 49.0, "학급수_20250401_4학년": 2.0, "학생수_20250401_5학년": 52.0, "학급수_20250401_5학년": 3.0, "학생수_20250401_6학년": 52.0, "학급수_20250401_6학년": 3.0, "학생수_20250401_반합계": 271.0, "학급수_20250401_반합계": 15.0, "조사기준일_데이터3": 20250401, "학생수_20250401_학교총계": 271, "학급수_20250401_학교총계": 15, "교지면적_20250401": 6122, "학생1인당교지면적_20250401_공시": 22.6, "일반교실수_20250401": 17, "교과교실수_20250401": 4, "특별교실수_20250401": 8, "수준별교실수_20250401": 0, "기타교실수_20250401": 4, "전체교실수_20250401": 33, "학생수_일반교실_20250401": 15.941176470588236, "학생수_전체교실_20250401": 8.2121212121212128, "학급당학생수_20251001_계산": 17.8, "교원1인당학생수_20251001_계산": 11.125, "학교짧은키": "우암초" }, "geometry": { "type": "Point", "coordinates": [ 129.0763824, 35.12534348 ] } },
{ "type": "Feature", "properties": { "학교코드(KEDI)": "213021430", "학교명_20251001": "운산초등학교", "행정구_20251001": "남구", "학교명키": "운산초등학교", "행정구키": "남구", "위도": 35.11020374, "경도": 129.1152252, "소재지도로명주소": "부산광역시 남구 용호로269번길 89", "설립_20251001": "공립", "지역규모_20251001": "특별/광역시", "주소_20251001": "부산광역시 남구 용호로269번길 89(용호동. 운산초등학교)", "학생수_20251001": 454, "학급수_20251001": 23, "교원수_20251001": 33, "학급당학생수_20251001_공시": 19.7, "교원1인당학생수_20251001_공시": 13.8, "부산교육청_기준학생수_정책2026": 240, "학생수기준_충족_정책2026": false, "정책적용대상_공립_정책2026": true, "주분석대상_소규모공립_정책2026": false, "학생수_20250401_1학년": 65.0, "학급수_20250401_1학년": 3.0, "학생수_20250401_2학년": 90.0, "학급수_20250401_2학년": 5.0, "학생수_20250401_3학년": 74.0, "학급수_20250401_3학년": 4.0, "학생수_20250401_4학년": 76.0, "학급수_20250401_4학년": 3.0, "학생수_20250401_5학년": 76.0, "학급수_20250401_5학년": 4.0, "학생수_20250401_6학년": 73.0, "학급수_20250401_6학년": 4.0, "학생수_20250401_반합계": 454.0, "학급수_20250401_반합계": 23.0, "조사기준일_데이터3": 20250401, "학생수_20250401_학교총계": 454, "학급수_20250401_학교총계": 23, "교지면적_20250401": 11378, "학생1인당교지면적_20250401_공시": 25.1, "일반교실수_20250401": 23, "교과교실수_20250401": 2, "특별교실수_20250401": 5, "수준별교실수_20250401": 0, "기타교실수_20250401": 0, "전체교실수_20250401": 30, "학생수_일반교실_20250401": 19.739130434782609, "학생수_전체교실_20250401": 15.133333333333333, "학급당학생수_20251001_계산": 19.739130434782609, "교원1인당학생수_20251001_계산": 13.757575757575758, "학교짧은키": "운산초" }, "geometry": { "type": "Point", "coordinates": [ 129.1152252, 35.11020374 ] } },
{ "type": "Feature", "properties": { "학교코드(KEDI)": "213021175", "학교명_20251001": "동일중앙초등학교", "행정구_20251001": "동구", "학교명키": "동일중앙초등학교", "행정구키": "동구", "위도": 35.12451406, "경도": 129.036772, "소재지도로명주소": "부산광역시 동구 구봉로 46", "설립_20251001": "공립", "지역규모_20251001": "특별/광역시", "주소_20251001": "부산광역시 동구 구봉로 46(수정동.동일중앙초등학교)", "학생수_20251001": 898, "학급수_20251001": 40, "교원수_20251001": 54, "학급당학생수_20251001_공시": 22.5, "교원1인당학생수_20251001_공시": 16.6, "부산교육청_기준학생수_정책2026": 240, "학생수기준_충족_정책2026": false, "정책적용대상_공립_정책2026": true, "주분석대상_소규모공립_정책2026": false, "학생수_20250401_1학년": 110.0, "학급수_20250401_1학년": 5.0, "학생수_20250401_2학년": 144.0, "학급수_20250401_2학년": 6.0, "학생수_20250401_3학년": 155.0, "학급수_20250401_3학년": 8.0, "학생수_20250401_4학년": 167.0, "학급수_20250401_4학년": 7.0, "학생수_20250401_5학년": 144.0, "학급수_20250401_5학년": 7.0, "학생수_20250401_6학년": 177.0, "학급수_20250401_6학년": 7.0, "학생수_20250401_반합계": 897.0, "학급수_20250401_반합계": 40.0, "조사기준일_데이터3": 20250401, "학생수_20250401_학교총계": 897, "학급수_20250401_학교총계": 40, "교지면적_20250401": 13559, "학생1인당교지면적_20250401_공시": 15.1, "일반교실수_20250401": 35, "교과교실수_20250401": 4, "특별교실수_20250401": 5, "수준별교실수_20250401": 0, "기타교실수_20250401": 6, "전체교실수_20250401": 50, "학생수_일반교실_20250401": 25.62857142857143, "학생수_전체교실_20250401": 17.94, "학급당학생수_20251001_계산": 22.45, "교원1인당학생수_20251001_계산": 16.62962962962963, "학교짧은키": "동일중앙초" }, "geometry": { "type": "Point", "coordinates": [ 129.036772, 35.12451406000001 ] } },
{ "type": "Feature", "properties": { "학교코드(KEDI)": "213021283", "학교명_20251001": "범일초등학교", "행정구_20251001": "동구", "학교명키": "범일초등학교", "행정구키": "동구", "위도": 35.13957208, "경도": 129.0496524, "소재지도로명주소": "부산광역시 동구 증산서로 55", "설립_20251001": "공립", "지역규모_20251001": "특별/광역시", "주소_20251001": "부산광역시 동구 증산서로 55(범일동. 범일초등학교)", "학생수_20251001": 181, "학급수_20251001": 13, "교원수_20251001": 19, "학급당학생수_20251001_공시": 13.9, "교원1인당학생수_20251001_공시": 9.5, "부산교육청_기준학생수_정책2026": 240, "학생수기준_충족_정책2026": true, "정책적용대상_공립_정책2026": true, "주분석대상_소규모공립_정책2026": true, "학생수_20250401_1학년": 19.0, "학급수_20250401_1학년": 1.0, "학생수_20250401_2학년": 32.0, "학급수_20250401_2학년": 3.0, "학생수_20250401_3학년": 29.0, "학급수_20250401_3학년": 2.0, "학생수_20250401_4학년": 32.0, "학급수_20250401_4학년": 2.0, "학생수_20250401_5학년": 37.0, "학급수_20250401_5학년": 3.0, "학생수_20250401_6학년": 36.0, "학급수_20250401_6학년": 2.0, "학생수_20250401_반합계": 185.0, "학급수_20250401_반합계": 13.0, "조사기준일_데이터3": 20250401, "학생수_20250401_학교총계": 185, "학급수_20250401_학교총계": 13, "교지면적_20250401": 5134, "학생1인당교지면적_20250401_공시": 27.8, "일반교실수_20250401": 17, "교과교실수_20250401": 3, "특별교실수_20250401": 6, "수준별교실수_20250401": 0, "기타교실수_20250401": 6, "전체교실수_20250401": 32, "학생수_일반교실_20250401": 10.882352941176471, "학생수_전체교실_20250401": 5.78125, "학급당학생수_20251001_계산": 13.923076923076923, "교원1인당학생수_20251001_계산": 9.526315789473685, "학교짧은키": "범일초" }, "geometry": { "type": "Point", "coordinates": [ 129.049652400000042, 35.13957208 ] } },
{ "type": "Feature", "properties": { "학교코드(KEDI)": "213021295", "학교명_20251001": "성남초등학교", "행정구_20251001": "동구", "학교명키": "성남초등학교", "행정구키": "동구", "위도": 35.13519264, "경도": 129.0584713, "소재지도로명주소": "부산광역시 동구 범일로53번길 14", "설립_20251001": "공립", "지역규모_20251001": "특별/광역시", "주소_20251001": "부산광역시 동구 범일로53번길 14(범일동.성남초등학교)", "학생수_20251001": 567, "학급수_20251001": 28, "교원수_20251001": 44, "학급당학생수_20251001_공시": 20.3, "교원1인당학생수_20251001_공시": 12.9, "부산교육청_기준학생수_정책2026": 240, "학생수기준_충족_정책2026": false, "정책적용대상_공립_정책2026": true, "주분석대상_소규모공립_정책2026": false, "학생수_20250401_1학년": 99.0, "학급수_20250401_1학년": 5.0, "학생수_20250401_2학년": 103.0, "학급수_20250401_2학년": 5.0, "학생수_20250401_3학년": 103.0, "학급수_20250401_3학년": 6.0, "학생수_20250401_4학년": 89.0, "학급수_20250401_4학년": 4.0, "학생수_20250401_5학년": 100.0, "학급수_20250401_5학년": 4.0, "학생수_20250401_6학년": 75.0, "학급수_20250401_6학년": 4.0, "학생수_20250401_반합계": 569.0, "학급수_20250401_반합계": 28.0, "조사기준일_데이터3": 20250401, "학생수_20250401_학교총계": 569, "학급수_20250401_학교총계": 28, "교지면적_20250401": 8815, "학생1인당교지면적_20250401_공시": 15.5, "일반교실수_20250401": 42, "교과교실수_20250401": 0, "특별교실수_20250401": 6, "수준별교실수_20250401": 0, "기타교실수_20250401": 0, "전체교실수_20250401": 48, "학생수_일반교실_20250401": 13.547619047619047, "학생수_전체교실_20250401": 11.854166666666666, "학급당학생수_20251001_계산": 20.25, "교원1인당학생수_20251001_계산": 12.886363636363637, "학교짧은키": "성남초" }, "geometry": { "type": "Point", "coordinates": [ 129.0584713, 35.13519264 ] } },
{ "type": "Feature", "properties": { "학교코드(KEDI)": "213021335", "학교명_20251001": "수성초등학교", "행정구_20251001": "동구", "학교명키": "수성초등학교", "행정구키": "동구", "위도": 35.134524, "경도": 129.0427196, "소재지도로명주소": "부산광역시 동구 망양로 807", "설립_20251001": "공립", "지역규모_20251001": "특별/광역시", "주소_20251001": "부산광역시 동구 망양로 807. 수성초등학교 (수정동. 수성초등학교)", "학생수_20251001": 124, "학급수_20251001": 9, "교원수_20251001": 15, "학급당학생수_20251001_공시": 13.8, "교원1인당학생수_20251001_공시": 8.3, "부산교육청_기준학생수_정책2026": 240, "학생수기준_충족_정책2026": true, "정책적용대상_공립_정책2026": true, "주분석대상_소규모공립_정책2026": true, "학생수_20250401_1학년": 14.0, "학급수_20250401_1학년": 1.0, "학생수_20250401_2학년": 15.0, "학급수_20250401_2학년": 1.0, "학생수_20250401_3학년": 23.0, "학급수_20250401_3학년": 1.0, "학생수_20250401_4학년": 17.0, "학급수_20250401_4학년": 1.0, "학생수_20250401_5학년": 27.0, "학급수_20250401_5학년": 2.0, "학생수_20250401_6학년": 29.0, "학급수_20250401_6학년": 3.0, "학생수_20250401_반합계": 125.0, "학급수_20250401_반합계": 9.0, "조사기준일_데이터3": 20250401, "학생수_20250401_학교총계": 125, "학급수_20250401_학교총계": 9, "교지면적_20250401": 8271, "학생1인당교지면적_20250401_공시": 66.2, "일반교실수_20250401": 17, "교과교실수_20250401": 2, "특별교실수_20250401": 24, "수준별교실수_20250401": 0, "기타교실수_20250401": 0, "전체교실수_20250401": 43, "학생수_일반교실_20250401": 7.3529411764705879, "학생수_전체교실_20250401": 2.9069767441860463, "학급당학생수_20251001_계산": 13.777777777777779, "교원1인당학생수_20251001_계산": 8.2666666666666675, "학교짧은키": "수성초" }, "geometry": { "type": "Point", "coordinates": [ 129.0427196, 35.134524 ] } },
{ "type": "Feature", "properties": { "학교코드(KEDI)": "213021345", "학교명_20251001": "수정초등학교", "행정구_20251001": "동구", "학교명키": "수정초등학교", "행정구키": "동구", "위도": 35.13126429, "경도": 129.0467273, "소재지도로명주소": "부산광역시 동구 진성로 29", "설립_20251001": "공립", "지역규모_20251001": "특별/광역시", "주소_20251001": "부산광역시 동구 진성로 29(수정동.수정초등학교)", "학생수_20251001": 335, "학급수_20251001": 18, "교원수_20251001": 24, "학급당학생수_20251001_공시": 18.6, "교원1인당학생수_20251001_공시": 14.0, "부산교육청_기준학생수_정책2026": 240, "학생수기준_충족_정책2026": false, "정책적용대상_공립_정책2026": true, "주분석대상_소규모공립_정책2026": false, "학생수_20250401_1학년": 29.0, "학급수_20250401_1학년": 2.0, "학생수_20250401_2학년": 65.0, "학급수_20250401_2학년": 4.0, "학생수_20250401_3학년": 58.0, "학급수_20250401_3학년": 3.0, "학생수_20250401_4학년": 65.0, "학급수_20250401_4학년": 3.0, "학생수_20250401_5학년": 49.0, "학급수_20250401_5학년": 3.0, "학생수_20250401_6학년": 71.0, "학급수_20250401_6학년": 3.0, "학생수_20250401_반합계": 337.0, "학급수_20250401_반합계": 18.0, "조사기준일_데이터3": 20250401, "학생수_20250401_학교총계": 337, "학급수_20250401_학교총계": 18, "교지면적_20250401": 10707, "학생1인당교지면적_20250401_공시": 31.8, "일반교실수_20250401": 18, "교과교실수_20250401": 0, "특별교실수_20250401": 7, "수준별교실수_20250401": 0, "기타교실수_20250401": 2, "전체교실수_20250401": 27, "학생수_일반교실_20250401": 18.722222222222221, "학생수_전체교실_20250401": 12.481481481481481, "학급당학생수_20251001_계산": 18.611111111111111, "교원1인당학생수_20251001_계산": 13.958333333333334, "학교짧은키": "수정초" }, "geometry": { "type": "Point", "coordinates": [ 129.046727299999986, 35.13126429 ] } },
{ "type": "Feature", "properties": { "학교코드(KEDI)": "213021058", "학교명_20251001": "초량초등학교", "행정구_20251001": "동구", "학교명키": "초량초등학교", "행정구키": "동구", "위도": 35.11571241, "경도": 129.0363325, "소재지도로명주소": "부산광역시 동구 초량상로 49", "설립_20251001": "공립", "지역규모_20251001": "특별/광역시", "주소_20251001": "부산광역시 동구 초량상로 49(초량동. 초량초등학교)", "학생수_20251001": 185, "학급수_20251001": 13, "교원수_20251001": 21, "학급당학생수_20251001_공시": 14.2, "교원1인당학생수_20251001_공시": 8.8, "부산교육청_기준학생수_정책2026": 240, "학생수기준_충족_정책2026": true, "정책적용대상_공립_정책2026": true, "주분석대상_소규모공립_정책2026": true, "학생수_20250401_1학년": 13.0, "학급수_20250401_1학년": 1.0, "학생수_20250401_2학년": 25.0, "학급수_20250401_2학년": 2.0, "학생수_20250401_3학년": 33.0, "학급수_20250401_3학년": 2.0, "학생수_20250401_4학년": 30.0, "학급수_20250401_4학년": 3.0, "학생수_20250401_5학년": 57.0, "학급수_20250401_5학년": 3.0, "학생수_20250401_6학년": 31.0, "학급수_20250401_6학년": 2.0, "학생수_20250401_반합계": 189.0, "학급수_20250401_반합계": 13.0, "조사기준일_데이터3": 20250401, "학생수_20250401_학교총계": 189, "학급수_20250401_학교총계": 13, "교지면적_20250401": 12511, "학생1인당교지면적_20250401_공시": 66.2, "일반교실수_20250401": 16, "교과교실수_20250401": 0, "특별교실수_20250401": 3, "수준별교실수_20250401": 0, "기타교실수_20250401": 11, "전체교실수_20250401": 30, "학생수_일반교실_20250401": 11.8125, "학생수_전체교실_20250401": 6.3, "학급당학생수_20251001_계산": 14.23076923076923, "교원1인당학생수_20251001_계산": 8.8095238095238102, "학교짧은키": "초량초" }, "geometry": { "type": "Point", "coordinates": [ 129.036332499999986, 35.11571241 ] } },
{ "type": "Feature", "properties": { "학교코드(KEDI)": "214021145", "학교명_20251001": "교동초등학교", "행정구_20251001": "동래구", "학교명키": "교동초등학교", "행정구키": "동래구", "위도": 35.21545808, "경도": 129.0921765, "소재지도로명주소": "부산광역시 동래구 시실로 73-13", "설립_20251001": "공립", "지역규모_20251001": "특별/광역시", "주소_20251001": "부산광역시 동래구 시실로 73-13(명륜동)", "학생수_20251001": 862, "학급수_20251001": 37, "교원수_20251001": 54, "학급당학생수_20251001_공시": 23.3, "교원1인당학생수_20251001_공시": 16.0, "부산교육청_기준학생수_정책2026": 240, "학생수기준_충족_정책2026": false, "정책적용대상_공립_정책2026": true, "주분석대상_소규모공립_정책2026": false, "학생수_20250401_1학년": 122.0, "학급수_20250401_1학년": 5.0, "학생수_20250401_2학년": 130.0, "학급수_20250401_2학년": 6.0, "학생수_20250401_3학년": 133.0, "학급수_20250401_3학년": 7.0, "학생수_20250401_4학년": 164.0, "학급수_20250401_4학년": 7.0, "학생수_20250401_5학년": 147.0, "학급수_20250401_5학년": 6.0, "학생수_20250401_6학년": 162.0, "학급수_20250401_6학년": 6.0, "학생수_20250401_반합계": 858.0, "학급수_20250401_반합계": 37.0, "조사기준일_데이터3": 20250401, "학생수_20250401_학교총계": 858, "학급수_20250401_학교총계": 37, "교지면적_20250401": 22621, "학생1인당교지면적_20250401_공시": 26.4, "일반교실수_20250401": 38, "교과교실수_20250401": 2, "특별교실수_20250401": 11, "수준별교실수_20250401": 10, "기타교실수_20250401": 28, "전체교실수_20250401": 89, "학생수_일반교실_20250401": 22.578947368421051, "학생수_전체교실_20250401": 9.6404494382022463, "학급당학생수_20251001_계산": 23.297297297297298, "교원1인당학생수_20251001_계산": 15.962962962962964, "학교짧은키": "교동초" }, "geometry": { "type": "Point", "coordinates": [ 129.0921765, 35.21545808 ] } },
{ "type": "Feature", "properties": { "학교코드(KEDI)": "214021163", "학교명_20251001": "금강초등학교", "행정구_20251001": "동래구", "학교명키": "금강초등학교", "행정구키": "동래구", "위도": 35.2031347, "경도": 129.0641112, "소재지도로명주소": "부산광역시 동래구 사직북로28번길 125", "설립_20251001": "공립", "지역규모_20251001": "특별/광역시", "주소_20251001": "부산광역시 동래구 사직북로28번길 125(온천동.금강초등학교)", "학생수_20251001": 757, "학급수_20251001": 35, "교원수_20251001": 49, "학급당학생수_20251001_공시": 21.6, "교원1인당학생수_20251001_공시": 15.4, "부산교육청_기준학생수_정책2026": 240, "학생수기준_충족_정책2026": false, "정책적용대상_공립_정책2026": true, "주분석대상_소규모공립_정책2026": false, "학생수_20250401_1학년": 122.0, "학급수_20250401_1학년": 6.0, "학생수_20250401_2학년": 128.0, "학급수_20250401_2학년": 6.0, "학생수_20250401_3학년": 125.0, "학급수_20250401_3학년": 5.0, "학생수_20250401_4학년": 133.0, "학급수_20250401_4학년": 7.0, "학생수_20250401_5학년": 129.0, "학급수_20250401_5학년": 6.0, "학생수_20250401_6학년": 118.0, "학급수_20250401_6학년": 5.0, "학생수_20250401_반합계": 755.0, "학급수_20250401_반합계": 35.0, "조사기준일_데이터3": 20250401, "학생수_20250401_학교총계": 755, "학급수_20250401_학교총계": 35, "교지면적_20250401": 16200, "학생1인당교지면적_20250401_공시": 21.5, "일반교실수_20250401": 42, "교과교실수_20250401": 2, "특별교실수_20250401": 5, "수준별교실수_20250401": 0, "기타교실수_20250401": 0, "전체교실수_20250401": 49, "학생수_일반교실_20250401": 17.976190476190474, "학생수_전체교실_20250401": 15.408163265306122, "학급당학생수_20251001_계산": 21.62857142857143, "교원1인당학생수_20251001_계산": 15.448979591836734, "학교짧은키": "금강초" }, "geometry": { "type": "Point", "coordinates": [ 129.064111200000013, 35.2031347 ] } },
{ "type": "Feature", "properties": { "학교코드(KEDI)": "214021199", "학교명_20251001": "낙민초등학교", "행정구_20251001": "동래구", "학교명키": "낙민초등학교", "행정구키": "동래구", "위도": 35.19942578, "경도": 129.088343, "소재지도로명주소": "부산광역시 동래구 충렬대로272번길 34", "설립_20251001": "공립", "지역규모_20251001": "특별/광역시", "주소_20251001": "부산광역시 동래구 충렬대로272번길 34(낙민동.낙민초등학교)", "학생수_20251001": 589, "학급수_20251001": 28, "교원수_20251001": 39, "학급당학생수_20251001_공시": 21.0, "교원1인당학생수_20251001_공시": 15.1, "부산교육청_기준학생수_정책2026": 240, "학생수기준_충족_정책2026": false, "정책적용대상_공립_정책2026": true, "주분석대상_소규모공립_정책2026": false, "학생수_20250401_1학년": 83.0, "학급수_20250401_1학년": 5.0, "학생수_20250401_2학년": 80.0, "학급수_20250401_2학년": 4.0, "학생수_20250401_3학년": 105.0, "학급수_20250401_3학년": 5.0, "학생수_20250401_4학년": 144.0, "학급수_20250401_4학년": 6.0, "학생수_20250401_5학년": 85.0, "학급수_20250401_5학년": 4.0, "학생수_20250401_6학년": 100.0, "학급수_20250401_6학년": 4.0, "학생수_20250401_반합계": 597.0, "학급수_20250401_반합계": 28.0, "조사기준일_데이터3": 20250401, "학생수_20250401_학교총계": 597, "학급수_20250401_학교총계": 28, "교지면적_20250401": 14522, "학생1인당교지면적_20250401_공시": 24.3, "일반교실수_20250401": 31, "교과교실수_20250401": 0, "특별교실수_20250401": 5, "수준별교실수_20250401": 0, "기타교실수_20250401": 0, "전체교실수_20250401": 36, "학생수_일반교실_20250401": 19.258064516129032, "학생수_전체교실_20250401": 16.583333333333332, "학급당학생수_20251001_계산": 21.035714285714285, "교원1인당학생수_20251001_계산": 15.102564102564102, "학교짧은키": "낙민초" }, "geometry": { "type": "Point", "coordinates": [ 129.088343, 35.19942578 ] } },
{ "type": "Feature", "properties": { "학교코드(KEDI)": "214021217", "학교명_20251001": "내산초등학교", "행정구_20251001": "동래구", "학교명키": "내산초등학교", "행정구키": "동래구", "위도": 35.20735793, "경도": 129.0766352, "소재지도로명주소": "부산광역시 동래구 중앙대로1335번길 38", "설립_20251001": "공립", "지역규모_20251001": "특별/광역시", "주소_20251001": "부산광역시 동래구 중앙대로1335번길 38(온천동. 내산초등학교)", "학생수_20251001": 215, "학급수_20251001": 13, "교원수_20251001": 22, "학급당학생수_20251001_공시": 16.5, "교원1인당학생수_20251001_공시": 9.8, "부산교육청_기준학생수_정책2026": 240, "학생수기준_충족_정책2026": true, "정책적용대상_공립_정책2026": true, "주분석대상_소규모공립_정책2026": true, "학생수_20250401_1학년": 16.0, "학급수_20250401_1학년": 1.0, "학생수_20250401_2학년": 27.0, "학급수_20250401_2학년": 2.0, "학생수_20250401_3학년": 38.0, "학급수_20250401_3학년": 2.0, "학생수_20250401_4학년": 40.0, "학급수_20250401_4학년": 2.0, "학생수_20250401_5학년": 42.0, "학급수_20250401_5학년": 2.0, "학생수_20250401_6학년": 52.0, "학급수_20250401_6학년": 4.0, "학생수_20250401_반합계": 215.0, "학급수_20250401_반합계": 13.0, "조사기준일_데이터3": 20250401, "학생수_20250401_학교총계": 215, "학급수_20250401_학교총계": 13, "교지면적_20250401": 8133, "학생1인당교지면적_20250401_공시": 37.8, "일반교실수_20250401": 15, "교과교실수_20250401": 2, "특별교실수_20250401": 4, "수준별교실수_20250401": 0, "기타교실수_20250401": 0, "전체교실수_20250401": 21, "학생수_일반교실_20250401": 14.333333333333334, "학생수_전체교실_20250401": 10.238095238095237, "학급당학생수_20251001_계산": 16.53846153846154, "교원1인당학생수_20251001_계산": 9.7727272727272734, "학교짧은키": "내산초" }, "geometry": { "type": "Point", "coordinates": [ 129.0766352, 35.20735793 ] } },
{ "type": "Feature", "properties": { "학교코드(KEDI)": "214021226", "학교명_20251001": "내성초등학교", "행정구_20251001": "동래구", "학교명키": "내성초등학교", "행정구키": "동래구", "위도": 35.20461583, "경도": 129.0897914, "소재지도로명주소": "부산광역시 동래구 동래로 173", "설립_20251001": "공립", "지역규모_20251001": "특별/광역시", "주소_20251001": "부산광역시 동래구 동래로 173(복천동) 내성초등학교", "학생수_20251001": 107, "학급수_20251001": 9, "교원수_20251001": 17, "학급당학생수_20251001_공시": 11.9, "교원1인당학생수_20251001_공시": 6.3, "부산교육청_기준학생수_정책2026": 240, "학생수기준_충족_정책2026": true, "정책적용대상_공립_정책2026": true, "주분석대상_소규모공립_정책2026": true, "학생수_20250401_1학년": 10.0, "학급수_20250401_1학년": 1.0, "학생수_20250401_2학년": 11.0, "학급수_20250401_2학년": 1.0, "학생수_20250401_3학년": 14.0, "학급수_20250401_3학년": 1.0, "학생수_20250401_4학년": 25.0, "학급수_20250401_4학년": 2.0, "학생수_20250401_5학년": 19.0, "학급수_20250401_5학년": 1.0, "학생수_20250401_6학년": 31.0, "학급수_20250401_6학년": 3.0, "학생수_20250401_반합계": 110.0, "학급수_20250401_반합계": 9.0, "조사기준일_데이터3": 20250401, "학생수_20250401_학교총계": 110, "학급수_20250401_학교총계": 9, "교지면적_20250401": 15273, "학생1인당교지면적_20250401_공시": 138.8, "일반교실수_20250401": 25, "교과교실수_20250401": 4, "특별교실수_20250401": 20, "수준별교실수_20250401": 0, "기타교실수_20250401": 4, "전체교실수_20250401": 53, "학생수_일반교실_20250401": 4.4, "학생수_전체교실_20250401": 2.0754716981132075, "학급당학생수_20251001_계산": 11.888888888888889, "교원1인당학생수_20251001_계산": 6.2941176470588234, "학교짧은키": "내성초" }, "geometry": { "type": "Point", "coordinates": [ 129.0897914, 35.20461583 ] } },
{ "type": "Feature", "properties": { "학교코드(KEDI)": "214021235", "학교명_20251001": "달북초등학교", "행정구_20251001": "동래구", "학교명키": "달북초등학교", "행정구키": "동래구", "위도": 35.20357435, "경도": 129.0599975, "소재지도로명주소": "부산광역시 동래구 쇠미로 131", "설립_20251001": "공립", "지역규모_20251001": "특별/광역시", "주소_20251001": "부산광역시 동래구 쇠미로 131(온천동.달북초등학교)", "학생수_20251001": 513, "학급수_20251001": 25, "교원수_20251001": 38, "학급당학생수_20251001_공시": 20.5, "교원1인당학생수_20251001_공시": 13.5, "부산교육청_기준학생수_정책2026": 240, "학생수기준_충족_정책2026": false, "정책적용대상_공립_정책2026": true, "주분석대상_소규모공립_정책2026": false, "학생수_20250401_1학년": 61.0, "학급수_20250401_1학년": 3.0, "학생수_20250401_2학년": 88.0, "학급수_20250401_2학년": 5.0, "학생수_20250401_3학년": 95.0, "학급수_20250401_3학년": 4.0, "학생수_20250401_4학년": 101.0, "학급수_20250401_4학년": 5.0, "학생수_20250401_5학년": 82.0, "학급수_20250401_5학년": 4.0, "학생수_20250401_6학년": 94.0, "학급수_20250401_6학년": 4.0, "학생수_20250401_반합계": 521.0, "학급수_20250401_반합계": 25.0, "조사기준일_데이터3": 20250401, "학생수_20250401_학교총계": 521, "학급수_20250401_학교총계": 25, "교지면적_20250401": 10583, "학생1인당교지면적_20250401_공시": 20.3, "일반교실수_20250401": 25, "교과교실수_20250401": 2, "특별교실수_20250401": 2, "수준별교실수_20250401": 0, "기타교실수_20250401": 2, "전체교실수_20250401": 31, "학생수_일반교실_20250401": 20.84, "학생수_전체교실_20250401": 16.806451612903224, "학급당학생수_20251001_계산": 20.52, "교원1인당학생수_20251001_계산": 13.5, "학교짧은키": "달북초" }, "geometry": { "type": "Point", "coordinates": [ 129.0599975, 35.20357435 ] } },
{ "type": "Feature", "properties": { "학교코드(KEDI)": "214021271", "학교명_20251001": "명동초등학교", "행정구_20251001": "동래구", "학교명키": "명동초등학교", "행정구키": "동래구", "위도": 35.20759141, "경도": 129.1062241, "소재지도로명주소": "부산광역시 동래구 명장로63번길 60-5", "설립_20251001": "공립", "지역규모_20251001": "특별/광역시", "주소_20251001": "부산광역시 동래구 명장로63번길 60-5(명장동. 명동초등학교)", "학생수_20251001": 454, "학급수_20251001": 23, "교원수_20251001": 34, "학급당학생수_20251001_공시": 19.7, "교원1인당학생수_20251001_공시": 13.4, "부산교육청_기준학생수_정책2026": 240, "학생수기준_충족_정책2026": false, "정책적용대상_공립_정책2026": true, "주분석대상_소규모공립_정책2026": false, "학생수_20250401_1학년": 49.0, "학급수_20250401_1학년": 2.0, "학생수_20250401_2학년": 78.0, "학급수_20250401_2학년": 4.0, "학생수_20250401_3학년": 83.0, "학급수_20250401_3학년": 4.0, "학생수_20250401_4학년": 97.0, "학급수_20250401_4학년": 5.0, "학생수_20250401_5학년": 81.0, "학급수_20250401_5학년": 4.0, "학생수_20250401_6학년": 81.0, "학급수_20250401_6학년": 4.0, "학생수_20250401_반합계": 469.0, "학급수_20250401_반합계": 23.0, "조사기준일_데이터3": 20250401, "학생수_20250401_학교총계": 469, "학급수_20250401_학교총계": 23, "교지면적_20250401": 12080, "학생1인당교지면적_20250401_공시": 25.8, "일반교실수_20250401": 31, "교과교실수_20250401": 0, "특별교실수_20250401": 2, "수준별교실수_20250401": 1, "기타교실수_20250401": 0, "전체교실수_20250401": 34, "학생수_일반교실_20250401": 15.129032258064516, "학생수_전체교실_20250401": 13.794117647058824, "학급당학생수_20251001_계산": 19.739130434782609, "교원1인당학생수_20251001_계산": 13.352941176470589, "학교짧은키": "명동초" }, "geometry": { "type": "Point", "coordinates": [ 129.1062241, 35.20759141 ] } },
{ "type": "Feature", "properties": { "학교코드(KEDI)": "214021280", "학교명_20251001": "명륜초등학교", "행정구_20251001": "동래구", "학교명키": "명륜초등학교", "행정구키": "동래구", "위도": 35.20803449, "경도": 129.08327, "소재지도로명주소": "부산광역시 동래구 동래로 91", "설립_20251001": "공립", "지역규모_20251001": "특별/광역시", "주소_20251001": "부산광역시 동래구 동래로 91(명륜동.명륜초등학교)", "학생수_20251001": 1110, "학급수_20251001": 44, "교원수_20251001": 59, "학급당학생수_20251001_공시": 25.2, "교원1인당학생수_20251001_공시": 18.8, "부산교육청_기준학생수_정책2026": 240, "학생수기준_충족_정책2026": false, "정책적용대상_공립_정책2026": true, "주분석대상_소규모공립_정책2026": false, "학생수_20250401_1학년": 127.0, "학급수_20250401_1학년": 5.0, "학생수_20250401_2학년": 161.0, "학급수_20250401_2학년": 7.0, "학생수_20250401_3학년": 187.0, "학급수_20250401_3학년": 7.0, "학생수_20250401_4학년": 218.0, "학급수_20250401_4학년": 9.0, "학생수_20250401_5학년": 203.0, "학급수_20250401_5학년": 8.0, "학생수_20250401_6학년": 197.0, "학급수_20250401_6학년": 8.0, "학생수_20250401_반합계": 1093.0, "학급수_20250401_반합계": 44.0, "조사기준일_데이터3": 20250401, "학생수_20250401_학교총계": 1093, "학급수_20250401_학교총계": 44, "교지면적_20250401": 12883, "학생1인당교지면적_20250401_공시": 11.8, "일반교실수_20250401": 44, "교과교실수_20250401": 2, "특별교실수_20250401": 3, "수준별교실수_20250401": 0, "기타교실수_20250401": 4, "전체교실수_20250401": 53, "학생수_일반교실_20250401": 24.84090909090909, "학생수_전체교실_20250401": 20.622641509433961, "학급당학생수_20251001_계산": 25.227272727272727, "교원1인당학생수_20251001_계산": 18.8135593220339, "학교짧은키": "명륜초" }, "geometry": { "type": "Point", "coordinates": [ 129.08327, 35.20803449000001 ] } },
{ "type": "Feature", "properties": { "학교코드(KEDI)": "214021289", "학교명_20251001": "명서초등학교", "행정구_20251001": "동래구", "학교명키": "명서초등학교", "행정구키": "동래구", "위도": 35.21207663, "경도": 129.1008778, "소재지도로명주소": "부산광역시 동래구 명서로 121", "설립_20251001": "공립", "지역규모_20251001": "특별/광역시", "주소_20251001": "부산광역시 동래구 명서로 121. 명서초등학교(명장동)", "학생수_20251001": 94, "학급수_20251001": 7, "교원수_20251001": 13, "학급당학생수_20251001_공시": 13.4, "교원1인당학생수_20251001_공시": 7.2, "부산교육청_기준학생수_정책2026": 240, "학생수기준_충족_정책2026": true, "정책적용대상_공립_정책2026": true, "주분석대상_소규모공립_정책2026": true, "학생수_20250401_1학년": 11.0, "학급수_20250401_1학년": 1.0, "학생수_20250401_2학년": 17.0, "학급수_20250401_2학년": 2.0, "학생수_20250401_3학년": 12.0, "학급수_20250401_3학년": 1.0, "학생수_20250401_4학년": 13.0, "학급수_20250401_4학년": 1.0, "학생수_20250401_5학년": 25.0, "학급수_20250401_5학년": 1.0, "학생수_20250401_6학년": 17.0, "학급수_20250401_6학년": 1.0, "학생수_20250401_반합계": 95.0, "학급수_20250401_반합계": 7.0, "조사기준일_데이터3": 20250401, "학생수_20250401_학교총계": 95, "학급수_20250401_학교총계": 7, "교지면적_20250401": 7423, "학생1인당교지면적_20250401_공시": 78.1, "일반교실수_20250401": 7, "교과교실수_20250401": 3, "특별교실수_20250401": 6, "수준별교실수_20250401": 0, "기타교실수_20250401": 0, "전체교실수_20250401": 16, "학생수_일반교실_20250401": 13.571428571428571, "학생수_전체교실_20250401": 5.9375, "학급당학생수_20251001_계산": 13.428571428571429, "교원1인당학생수_20251001_계산": 7.2307692307692308, "학교짧은키": "명서초" }, "geometry": { "type": "Point", "coordinates": [ 129.1008778, 35.21207663 ] } },
{ "type": "Feature", "properties": { "학교코드(KEDI)": "214021298", "학교명_20251001": "명장초등학교", "행정구_20251001": "동래구", "학교명키": "명장초등학교", "행정구키": "동래구", "위도": 35.20819025, "경도": 129.0965594, "소재지도로명주소": "부산광역시 동래구 복천로 121", "설립_20251001": "공립", "지역규모_20251001": "특별/광역시", "주소_20251001": "부산광역시 동래구 복천로 121(명장동. 명장초등학교)", "학생수_20251001": 339, "학급수_20251001": 18, "교원수_20251001": 29, "학급당학생수_20251001_공시": 18.8, "교원1인당학생수_20251001_공시": 11.7, "부산교육청_기준학생수_정책2026": 240, "학생수기준_충족_정책2026": false, "정책적용대상_공립_정책2026": true, "주분석대상_소규모공립_정책2026": false, "학생수_20250401_1학년": 44.0, "학급수_20250401_1학년": 2.0, "학생수_20250401_2학년": 57.0, "학급수_20250401_2학년": 3.0, "학생수_20250401_3학년": 72.0, "학급수_20250401_3학년": 3.0, "학생수_20250401_4학년": 61.0, "학급수_20250401_4학년": 4.0, "학생수_20250401_5학년": 59.0, "학급수_20250401_5학년": 3.0, "학생수_20250401_6학년": 56.0, "학급수_20250401_6학년": 3.0, "학생수_20250401_반합계": 349.0, "학급수_20250401_반합계": 18.0, "조사기준일_데이터3": 20250401, "학생수_20250401_학교총계": 349, "학급수_20250401_학교총계": 18, "교지면적_20250401": 15113, "학생1인당교지면적_20250401_공시": 43.3, "일반교실수_20250401": 18, "교과교실수_20250401": 3, "특별교실수_20250401": 5, "수준별교실수_20250401": 0, "기타교실수_20250401": 1, "전체교실수_20250401": 27, "학생수_일반교실_20250401": 19.388888888888889, "학생수_전체교실_20250401": 12.925925925925926, "학급당학생수_20251001_계산": 18.833333333333332, "교원1인당학생수_20251001_계산": 11.689655172413794, "학교짧은키": "명장초" }, "geometry": { "type": "Point", "coordinates": [ 129.0965594, 35.20819025 ] } },
{ "type": "Feature", "properties": { "학교코드(KEDI)": "214021214", "학교명_20251001": "미남초등학교", "행정구_20251001": "동래구", "학교명키": "미남초등학교", "행정구키": "동래구", "위도": 35.20368445, "경도": 129.0728408, "소재지도로명주소": "부산광역시 동래구 충렬대로100번길 83", "설립_20251001": "공립", "지역규모_20251001": "특별/광역시", "주소_20251001": "부산광역시 동래구 충렬대로100번길 83(온천동. 미남초등학교)", "학생수_20251001": 266, "학급수_20251001": 15, "교원수_20251001": 24, "학급당학생수_20251001_공시": 17.7, "교원1인당학생수_20251001_공시": 11.1, "부산교육청_기준학생수_정책2026": 240, "학생수기준_충족_정책2026": false, "정책적용대상_공립_정책2026": true, "주분석대상_소규모공립_정책2026": false, "학생수_20250401_1학년": 39.0, "학급수_20250401_1학년": 3.0, "학생수_20250401_2학년": 33.0, "학급수_20250401_2학년": 2.0, "학생수_20250401_3학년": 46.0, "학급수_20250401_3학년": 2.0, "학생수_20250401_4학년": 49.0, "학급수_20250401_4학년": 3.0, "학생수_20250401_5학년": 47.0, "학급수_20250401_5학년": 2.0, "학생수_20250401_6학년": 53.0, "학급수_20250401_6학년": 3.0, "학생수_20250401_반합계": 267.0, "학급수_20250401_반합계": 15.0, "조사기준일_데이터3": 20250401, "학생수_20250401_학교총계": 267, "학급수_20250401_학교총계": 15, "교지면적_20250401": 6255, "학생1인당교지면적_20250401_공시": 23.4, "일반교실수_20250401": 17, "교과교실수_20250401": 5, "특별교실수_20250401": 4, "수준별교실수_20250401": 0, "기타교실수_20250401": 0, "전체교실수_20250401": 26, "학생수_일반교실_20250401": 15.705882352941176, "학생수_전체교실_20250401": 10.26923076923077, "학급당학생수_20251001_계산": 17.733333333333334, "교원1인당학생수_20251001_계산": 11.083333333333334, "학교짧은키": "미남초" }, "geometry": { "type": "Point", "coordinates": [ 129.0728408, 35.20368445 ] } },
{ "type": "Feature", "properties": { "학교코드(KEDI)": "214021325", "학교명_20251001": "사직초등학교", "행정구_20251001": "동래구", "학교명키": "사직초등학교", "행정구키": "동래구", "위도": 35.20080372, "경도": 129.0541694, "소재지도로명주소": "부산광역시 동래구 쇠미로81번길 7", "설립_20251001": "공립", "지역규모_20251001": "특별/광역시", "주소_20251001": "부산광역시 동래구 쇠미로81번길 7(사직동. 사직초등학교)", "학생수_20251001": 951, "학급수_20251001": 40, "교원수_20251001": 61, "학급당학생수_20251001_공시": 23.8, "교원1인당학생수_20251001_공시": 15.6, "부산교육청_기준학생수_정책2026": 240, "학생수기준_충족_정책2026": false, "정책적용대상_공립_정책2026": true, "주분석대상_소규모공립_정책2026": false, "학생수_20250401_1학년": 114.0, "학급수_20250401_1학년": 5.0, "학생수_20250401_2학년": 118.0, "학급수_20250401_2학년": 5.0, "학생수_20250401_3학년": 146.0, "학급수_20250401_3학년": 7.0, "학생수_20250401_4학년": 181.0, "학급수_20250401_4학년": 7.0, "학생수_20250401_5학년": 190.0, "학급수_20250401_5학년": 8.0, "학생수_20250401_6학년": 185.0, "학급수_20250401_6학년": 8.0, "학생수_20250401_반합계": 934.0, "학급수_20250401_반합계": 40.0, "조사기준일_데이터3": 20250401, "학생수_20250401_학교총계": 934, "학급수_20250401_학교총계": 40, "교지면적_20250401": 17204, "학생1인당교지면적_20250401_공시": 18.4, "일반교실수_20250401": 43, "교과교실수_20250401": 0, "특별교실수_20250401": 9, "수준별교실수_20250401": 1, "기타교실수_20250401": 0, "전체교실수_20250401": 53, "학생수_일반교실_20250401": 21.720930232558139, "학생수_전체교실_20250401": 17.622641509433961, "학급당학생수_20251001_계산": 23.775, "교원1인당학생수_20251001_계산": 15.590163934426229, "학교짧은키": "사직초" }, "geometry": { "type": "Point", "coordinates": [ 129.0541694, 35.20080372 ] } },
{ "type": "Feature", "properties": { "학교코드(KEDI)": "214021361", "학교명_20251001": "수안초등학교", "행정구_20251001": "동래구", "학교명키": "수안초등학교", "행정구키": "동래구", "위도": 35.20047925, "경도": 129.0804245, "소재지도로명주소": "부산광역시 동래구 온천천로 215", "설립_20251001": "공립", "지역규모_20251001": "특별/광역시", "주소_20251001": "부산광역시 동래구 온천천로 215(수안동. 수안초등학교)", "학생수_20251001": 166, "학급수_20251001": 12, "교원수_20251001": 16, "학급당학생수_20251001_공시": 13.8, "교원1인당학생수_20251001_공시": 10.4, "부산교육청_기준학생수_정책2026": 240, "학생수기준_충족_정책2026": true, "정책적용대상_공립_정책2026": true, "주분석대상_소규모공립_정책2026": true, "학생수_20250401_1학년": 10.0, "학급수_20250401_1학년": 1.0, "학생수_20250401_2학년": 26.0, "학급수_20250401_2학년": 2.0, "학생수_20250401_3학년": 32.0, "학급수_20250401_3학년": 3.0, "학생수_20250401_4학년": 33.0, "학급수_20250401_4학년": 2.0, "학생수_20250401_5학년": 36.0, "학급수_20250401_5학년": 2.0, "학생수_20250401_6학년": 30.0, "학급수_20250401_6학년": 2.0, "학생수_20250401_반합계": 167.0, "학급수_20250401_반합계": 12.0, "조사기준일_데이터3": 20250401, "학생수_20250401_학교총계": 167, "학급수_20250401_학교총계": 12, "교지면적_20250401": 4451, "학생1인당교지면적_20250401_공시": 26.7, "일반교실수_20250401": 12, "교과교실수_20250401": 2, "특별교실수_20250401": 2, "수준별교실수_20250401": 0, "기타교실수_20250401": 1, "전체교실수_20250401": 17, "학생수_일반교실_20250401": 13.916666666666666, "학생수_전체교실_20250401": 9.8235294117647065, "학급당학생수_20251001_계산": 13.833333333333334, "교원1인당학생수_20251001_계산": 10.375, "학교짧은키": "수안초" }, "geometry": { "type": "Point", "coordinates": [ 129.0804245, 35.20047925 ] } },
{ "type": "Feature", "properties": { "학교코드(KEDI)": "214021370", "학교명_20251001": "안남초등학교", "행정구_20251001": "동래구", "학교명키": "안남초등학교", "행정구키": "동래구", "위도": 35.19170351, "경도": 129.1077338, "소재지도로명주소": "부산광역시 동래구 연안로 46", "설립_20251001": "공립", "지역규모_20251001": "특별/광역시", "주소_20251001": "부산광역시 동래구 연안로 46(안락동. 안남초등학교)", "학생수_20251001": 732, "학급수_20251001": 32, "교원수_20251001": 44, "학급당학생수_20251001_공시": 22.9, "교원1인당학생수_20251001_공시": 16.6, "부산교육청_기준학생수_정책2026": 240, "학생수기준_충족_정책2026": false, "정책적용대상_공립_정책2026": true, "주분석대상_소규모공립_정책2026": false, "학생수_20250401_1학년": 86.0, "학급수_20250401_1학년": 4.0, "학생수_20250401_2학년": 109.0, "학급수_20250401_2학년": 5.0, "학생수_20250401_3학년": 119.0, "학급수_20250401_3학년": 5.0, "학생수_20250401_4학년": 135.0, "학급수_20250401_4학년": 6.0, "학생수_20250401_5학년": 135.0, "학급수_20250401_5학년": 6.0, "학생수_20250401_6학년": 148.0, "학급수_20250401_6학년": 6.0, "학생수_20250401_반합계": 732.0, "학급수_20250401_반합계": 32.0, "조사기준일_데이터3": 20250401, "학생수_20250401_학교총계": 732, "학급수_20250401_학교총계": 32, "교지면적_20250401": 9199, "학생1인당교지면적_20250401_공시": 12.6, "일반교실수_20250401": 32, "교과교실수_20250401": 3, "특별교실수_20250401": 4, "수준별교실수_20250401": 0, "기타교실수_20250401": 0, "전체교실수_20250401": 39, "학생수_일반교실_20250401": 22.875, "학생수_전체교실_20250401": 18.76923076923077, "학급당학생수_20251001_계산": 22.875, "교원1인당학생수_20251001_계산": 16.636363636363637, "학교짧은키": "안남초" }, "geometry": { "type": "Point", "coordinates": [ 129.1077338, 35.191703510000011 ] } },
{ "type": "Feature", "properties": { "학교코드(KEDI)": "214021379", "학교명_20251001": "안락초등학교", "행정구_20251001": "동래구", "학교명키": "안락초등학교", "행정구키": "동래구", "위도": 35.20208677, "경도": 129.1030796, "소재지도로명주소": "부산광역시 동래구 명안로53번길 22", "설립_20251001": "공립", "지역규모_20251001": "특별/광역시", "주소_20251001": "부산광역시 동래구 명안로53번길 22(명장동. 안락초등학교)", "학생수_20251001": 187, "학급수_20251001": 12, "교원수_20251001": 21, "학급당학생수_20251001_공시": 15.6, "교원1인당학생수_20251001_공시": 8.9, "부산교육청_기준학생수_정책2026": 240, "학생수기준_충족_정책2026": true, "정책적용대상_공립_정책2026": true, "주분석대상_소규모공립_정책2026": true, "학생수_20250401_1학년": 24.0, "학급수_20250401_1학년": 2.0, "학생수_20250401_2학년": 21.0, "학급수_20250401_2학년": 1.0, "학생수_20250401_3학년": 34.0, "학급수_20250401_3학년": 2.0, "학생수_20250401_4학년": 34.0, "학급수_20250401_4학년": 2.0, "학생수_20250401_5학년": 31.0, "학급수_20250401_5학년": 2.0, "학생수_20250401_6학년": 41.0, "학급수_20250401_6학년": 3.0, "학생수_20250401_반합계": 185.0, "학급수_20250401_반합계": 12.0, "조사기준일_데이터3": 20250401, "학생수_20250401_학교총계": 185, "학급수_20250401_학교총계": 12, "교지면적_20250401": 9896, "학생1인당교지면적_20250401_공시": 53.5, "일반교실수_20250401": 17, "교과교실수_20250401": 3, "특별교실수_20250401": 3, "수준별교실수_20250401": 0, "기타교실수_20250401": 1, "전체교실수_20250401": 24, "학생수_일반교실_20250401": 10.882352941176471, "학생수_전체교실_20250401": 7.708333333333333, "학급당학생수_20251001_계산": 15.583333333333334, "교원1인당학생수_20251001_계산": 8.9047619047619051, "학교짧은키": "안락초" }, "geometry": { "type": "Point", "coordinates": [ 129.1030796, 35.20208677 ] } },
{ "type": "Feature", "properties": { "학교코드(KEDI)": "214021384", "학교명_20251001": "안민초등학교", "행정구_20251001": "동래구", "학교명키": "안민초등학교", "행정구키": "동래구", "위도": 35.19402913, "경도": 129.0937899, "소재지도로명주소": "부산광역시 동래구 온천천로381번길 19", "설립_20251001": "공립", "지역규모_20251001": "특별/광역시", "주소_20251001": "부산광역시 동래구 온천천로381번길 19(낙민동.안민초등학교)", "학생수_20251001": 615, "학급수_20251001": 28, "교원수_20251001": 38, "학급당학생수_20251001_공시": 22.0, "교원1인당학생수_20251001_공시": 16.2, "부산교육청_기준학생수_정책2026": 240, "학생수기준_충족_정책2026": false, "정책적용대상_공립_정책2026": true, "주분석대상_소규모공립_정책2026": false, "학생수_20250401_1학년": 84.0, "학급수_20250401_1학년": 4.0, "학생수_20250401_2학년": 91.0, "학급수_20250401_2학년": 5.0, "학생수_20250401_3학년": 98.0, "학급수_20250401_3학년": 4.0, "학생수_20250401_4학년": 120.0, "학급수_20250401_4학년": 5.0, "학생수_20250401_5학년": 126.0, "학급수_20250401_5학년": 6.0, "학생수_20250401_6학년": 98.0, "학급수_20250401_6학년": 4.0, "학생수_20250401_반합계": 617.0, "학급수_20250401_반합계": 28.0, "조사기준일_데이터3": 20250401, "학생수_20250401_학교총계": 617, "학급수_20250401_학교총계": 28, "교지면적_20250401": 12889, "학생1인당교지면적_20250401_공시": 20.9, "일반교실수_20250401": 28, "교과교실수_20250401": 7, "특별교실수_20250401": 8, "수준별교실수_20250401": 1, "기타교실수_20250401": 3, "전체교실수_20250401": 47, "학생수_일반교실_20250401": 22.035714285714285, "학생수_전체교실_20250401": 13.127659574468085, "학급당학생수_20251001_계산": 21.964285714285715, "교원1인당학생수_20251001_계산": 16.184210526315791, "학교짧은키": "안민초" }, "geometry": { "type": "Point", "coordinates": [ 129.0937899, 35.19402913 ] } },
{ "type": "Feature", "properties": { "학교코드(KEDI)": "214021542", "학교명_20251001": "안진초등학교", "행정구_20251001": "동래구", "학교명키": "안진초등학교", "행정구키": "동래구", "위도": 35.19474685, "경도": 129.0991925, "소재지도로명주소": "부산광역시 동래구 안남로 63", "설립_20251001": "공립", "지역규모_20251001": "특별/광역시", "주소_20251001": "부산광역시 동래구 안남로 63(안락동. 안진초등학교)", "학생수_20251001": 394, "학급수_20251001": 18, "교원수_20251001": 26, "학급당학생수_20251001_공시": 21.9, "교원1인당학생수_20251001_공시": 15.2, "부산교육청_기준학생수_정책2026": 240, "학생수기준_충족_정책2026": false, "정책적용대상_공립_정책2026": true, "주분석대상_소규모공립_정책2026": false, "학생수_20250401_1학년": 66.0, "학급수_20250401_1학년": 4.0, "학생수_20250401_2학년": 46.0, "학급수_20250401_2학년": 2.0, "학생수_20250401_3학년": 64.0, "학급수_20250401_3학년": 3.0, "학생수_20250401_4학년": 78.0, "학급수_20250401_4학년": 3.0, "학생수_20250401_5학년": 81.0, "학급수_20250401_5학년": 3.0, "학생수_20250401_6학년": 62.0, "학급수_20250401_6학년": 3.0, "학생수_20250401_반합계": 397.0, "학급수_20250401_반합계": 18.0, "조사기준일_데이터3": 20250401, "학생수_20250401_학교총계": 397, "학급수_20250401_학교총계": 18, "교지면적_20250401": 11229, "학생1인당교지면적_20250401_공시": 28.3, "일반교실수_20250401": 21, "교과교실수_20250401": 2, "특별교실수_20250401": 7, "수준별교실수_20250401": 0, "기타교실수_20250401": 0, "전체교실수_20250401": 30, "학생수_일반교실_20250401": 18.904761904761905, "학생수_전체교실_20250401": 13.233333333333333, "학급당학생수_20251001_계산": 21.888888888888889, "교원1인당학생수_20251001_계산": 15.153846153846153, "학교짧은키": "안진초" }, "geometry": { "type": "Point", "coordinates": [ 129.099192499999987, 35.19474685 ] } },
{ "type": "Feature", "properties": { "학교코드(KEDI)": "214021388", "학교명_20251001": "여고초등학교", "행정구_20251001": "동래구", "학교명키": "여고초등학교", "행정구키": "동래구", "위도": 35.19790151, "경도": 129.0689614, "소재지도로명주소": "부산광역시 동래구 여고로63번가길 12", "설립_20251001": "공립", "지역규모_20251001": "특별/광역시", "주소_20251001": "부산광역시 동래구 여고로63번가길 12(사직동. 여고초등학교)", "학생수_20251001": 1038, "학급수_20251001": 37, "교원수_20251001": 53, "학급당학생수_20251001_공시": 28.1, "교원1인당학생수_20251001_공시": 19.6, "부산교육청_기준학생수_정책2026": 240, "학생수기준_충족_정책2026": false, "정책적용대상_공립_정책2026": true, "주분석대상_소규모공립_정책2026": false, "학생수_20250401_1학년": 105.0, "학급수_20250401_1학년": 4.0, "학생수_20250401_2학년": 146.0, "학급수_20250401_2학년": 6.0, "학생수_20250401_3학년": 147.0, "학급수_20250401_3학년": 5.0, "학생수_20250401_4학년": 193.0, "학급수_20250401_4학년": 7.0, "학생수_20250401_5학년": 209.0, "학급수_20250401_5학년": 8.0, "학생수_20250401_6학년": 204.0, "학급수_20250401_6학년": 7.0, "학생수_20250401_반합계": 1004.0, "학급수_20250401_반합계": 37.0, "조사기준일_데이터3": 20250401, "학생수_20250401_학교총계": 1004, "학급수_20250401_학교총계": 37, "교지면적_20250401": 5549, "학생1인당교지면적_20250401_공시": 5.5, "일반교실수_20250401": 37, "교과교실수_20250401": 0, "특별교실수_20250401": 4, "수준별교실수_20250401": 0, "기타교실수_20250401": 0, "전체교실수_20250401": 41, "학생수_일반교실_20250401": 27.135135135135137, "학생수_전체교실_20250401": 24.487804878048781, "학급당학생수_20251001_계산": 28.054054054054053, "교원1인당학생수_20251001_계산": 19.584905660377359, "학교짧은키": "여고초" }, "geometry": { "type": "Point", "coordinates": [ 129.0689614, 35.19790151 ] } },
{ "type": "Feature", "properties": { "학교코드(KEDI)": "214021249", "학교명_20251001": "예원초등학교", "행정구_20251001": "동래구", "학교명키": "예원초등학교", "행정구키": "동래구", "위도": 35.19588224, "경도": 129.0573916, "소재지도로명주소": "부산광역시 동래구 사직로 78", "설립_20251001": "공립", "지역규모_20251001": "특별/광역시", "주소_20251001": "부산광역시 동래구 사직로 78(사직동. 예원초등학교)", "학생수_20251001": 878, "학급수_20251001": 35, "교원수_20251001": 49, "학급당학생수_20251001_공시": 25.1, "교원1인당학생수_20251001_공시": 17.9, "부산교육청_기준학생수_정책2026": 240, "학생수기준_충족_정책2026": false, "정책적용대상_공립_정책2026": true, "주분석대상_소규모공립_정책2026": false, "학생수_20250401_1학년": 115.0, "학급수_20250401_1학년": 5.0, "학생수_20250401_2학년": 115.0, "학급수_20250401_2학년": 6.0, "학생수_20250401_3학년": 154.0, "학급수_20250401_3학년": 6.0, "학생수_20250401_4학년": 164.0, "학급수_20250401_4학년": 6.0, "학생수_20250401_5학년": 162.0, "학급수_20250401_5학년": 6.0, "학생수_20250401_6학년": 165.0, "학급수_20250401_6학년": 6.0, "학생수_20250401_반합계": 875.0, "학급수_20250401_반합계": 35.0, "조사기준일_데이터3": 20250401, "학생수_20250401_학교총계": 875, "학급수_20250401_학교총계": 35, "교지면적_20250401": 7483, "학생1인당교지면적_20250401_공시": 8.6, "일반교실수_20250401": 35, "교과교실수_20250401": 2, "특별교실수_20250401": 6, "수준별교실수_20250401": 0, "기타교실수_20250401": 0, "전체교실수_20250401": 43, "학생수_일반교실_20250401": 25.0, "학생수_전체교실_20250401": 20.348837209302324, "학급당학생수_20251001_계산": 25.085714285714285, "교원1인당학생수_20251001_계산": 17.918367346938776, "학교짧은키": "예원초" }, "geometry": { "type": "Point", "coordinates": [ 129.057391599999988, 35.19588224000001 ] } },
{ "type": "Feature", "properties": { "학교코드(KEDI)": "214021619", "학교명_20251001": "온샘초등학교", "행정구_20251001": "동래구", "학교명키": "온샘초등학교", "행정구키": "동래구", "위도": 35.20949877, "경도": 129.0686661, "소재지도로명주소": "부산광역시 동래구 충렬대로75번길 25", "설립_20251001": "공립", "지역규모_20251001": "특별/광역시", "주소_20251001": "부산광역시 동래구 충렬대로75번길 25(온천동)", "학생수_20251001": 1380, "학급수_20251001": 57, "교원수_20251001": 80, "학급당학생수_20251001_공시": 24.2, "교원1인당학생수_20251001_공시": 17.3, "부산교육청_기준학생수_정책2026": 240, "학생수기준_충족_정책2026": false, "정책적용대상_공립_정책2026": true, "주분석대상_소규모공립_정책2026": false, "학생수_20250401_1학년": 238.0, "학급수_20250401_1학년": 10.0, "학생수_20250401_2학년": 251.0, "학급수_20250401_2학년": 11.0, "학생수_20250401_3학년": 259.0, "학급수_20250401_3학년": 10.0, "학생수_20250401_4학년": 242.0, "학급수_20250401_4학년": 10.0, "학생수_20250401_5학년": 203.0, "학급수_20250401_5학년": 9.0, "학생수_20250401_6학년": 182.0, "학급수_20250401_6학년": 7.0, "학생수_20250401_반합계": 1375.0, "학급수_20250401_반합계": 57.0, "조사기준일_데이터3": 20250401, "학생수_20250401_학교총계": 1375, "학급수_20250401_학교총계": 57, "교지면적_20250401": 10228, "학생1인당교지면적_20250401_공시": 7.4, "일반교실수_20250401": 57, "교과교실수_20250401": 0, "특별교실수_20250401": 5, "수준별교실수_20250401": 0, "기타교실수_20250401": 0, "전체교실수_20250401": 62, "학생수_일반교실_20250401": 24.12280701754386, "학생수_전체교실_20250401": 22.177419354838708, "학급당학생수_20251001_계산": 24.210526315789473, "교원1인당학생수_20251001_계산": 17.25, "학교짧은키": "온샘초" }, "geometry": { "type": "Point", "coordinates": [ 129.0686661, 35.20949877 ] } },
{ "type": "Feature", "properties": { "학교코드(KEDI)": "214021469", "학교명_20251001": "온천초등학교", "행정구_20251001": "동래구", "학교명키": "온천초등학교", "행정구키": "동래구", "위도": 35.21255477, "경도": 129.0736773, "소재지도로명주소": "부산광역시 동래구 충렬대로107번길 124", "설립_20251001": "공립", "지역규모_20251001": "특별/광역시", "주소_20251001": "부산광역시 동래구 충렬대로107번길 124(온천동. 온천초등학교)", "학생수_20251001": 1064, "학급수_20251001": 46, "교원수_20251001": 66, "학급당학생수_20251001_공시": 23.1, "교원1인당학생수_20251001_공시": 16.1, "부산교육청_기준학생수_정책2026": 240, "학생수기준_충족_정책2026": false, "정책적용대상_공립_정책2026": true, "주분석대상_소규모공립_정책2026": false, "학생수_20250401_1학년": 160.0, "학급수_20250401_1학년": 8.0, "학생수_20250401_2학년": 164.0, "학급수_20250401_2학년": 7.0, "학생수_20250401_3학년": 203.0, "학급수_20250401_3학년": 9.0, "학생수_20250401_4학년": 155.0, "학급수_20250401_4학년": 7.0, "학생수_20250401_5학년": 199.0, "학급수_20250401_5학년": 8.0, "학생수_20250401_6학년": 170.0, "학급수_20250401_6학년": 7.0, "학생수_20250401_반합계": 1051.0, "학급수_20250401_반합계": 46.0, "조사기준일_데이터3": 20250401, "학생수_20250401_학교총계": 1051, "학급수_20250401_학교총계": 46, "교지면적_20250401": 12699, "학생1인당교지면적_20250401_공시": 12.1, "일반교실수_20250401": 43, "교과교실수_20250401": 2, "특별교실수_20250401": 3, "수준별교실수_20250401": 0, "기타교실수_20250401": 0, "전체교실수_20250401": 48, "학생수_일반교실_20250401": 24.441860465116278, "학생수_전체교실_20250401": 21.895833333333332, "학급당학생수_20251001_계산": 23.130434782608695, "교원1인당학생수_20251001_계산": 16.121212121212121, "학교짧은키": "온천초" }, "geometry": { "type": "Point", "coordinates": [ 129.073677300000014, 35.21255477 ] } },
{ "type": "Feature", "properties": { "학교코드(KEDI)": "214021514", "학교명_20251001": "충렬초등학교", "행정구_20251001": "동래구", "학교명키": "충렬초등학교", "행정구키": "동래구", "위도": 35.20041739, "경도": 129.1117016, "소재지도로명주소": "부산광역시 동래구 안락로125번길 22", "설립_20251001": "공립", "지역규모_20251001": "특별/광역시", "주소_20251001": "부산광역시 동래구 안락로125번길 22(안락동. 충렬초등학교)", "학생수_20251001": 94, "학급수_20251001": 7, "교원수_20251001": 13, "학급당학생수_20251001_공시": 13.4, "교원1인당학생수_20251001_공시": 7.2, "부산교육청_기준학생수_정책2026": 240, "학생수기준_충족_정책2026": true, "정책적용대상_공립_정책2026": true, "주분석대상_소규모공립_정책2026": true, "학생수_20250401_1학년": 8.0, "학급수_20250401_1학년": 1.0, "학생수_20250401_2학년": 16.0, "학급수_20250401_2학년": 2.0, "학생수_20250401_3학년": 16.0, "학급수_20250401_3학년": 1.0, "학생수_20250401_4학년": 19.0, "학급수_20250401_4학년": 1.0, "학생수_20250401_5학년": 24.0, "학급수_20250401_5학년": 1.0, "학생수_20250401_6학년": 18.0, "학급수_20250401_6학년": 1.0, "학생수_20250401_반합계": 101.0, "학급수_20250401_반합계": 7.0, "조사기준일_데이터3": 20250401, "학생수_20250401_학교총계": 101, "학급수_20250401_학교총계": 7, "교지면적_20250401": 10168, "학생1인당교지면적_20250401_공시": 100.7, "일반교실수_20250401": 7, "교과교실수_20250401": 2, "특별교실수_20250401": 4, "수준별교실수_20250401": 0, "기타교실수_20250401": 4, "전체교실수_20250401": 17, "학생수_일반교실_20250401": 14.428571428571429, "학생수_전체교실_20250401": 5.9411764705882355, "학급당학생수_20251001_계산": 13.428571428571429, "교원1인당학생수_20251001_계산": 7.2307692307692308, "학교짧은키": "충렬초" }, "geometry": { "type": "Point", "coordinates": [ 129.1117016, 35.20041739 ] } },
{ "type": "Feature", "properties": { "학교코드(KEDI)": "213021106", "학교명_20251001": "가남초등학교", "행정구_20251001": "부산진구", "학교명키": "가남초등학교", "행정구키": "부산진구", "위도": 35.15451624, "경도": 129.0440621, "소재지도로명주소": "부산광역시 부산진구 엄광로 325", "설립_20251001": "공립", "지역규모_20251001": "특별/광역시", "주소_20251001": "부산광역시 부산진구 엄광로 325(가야동)", "학생수_20251001": 53, "학급수_20251001": 7, "교원수_20251001": 13, "학급당학생수_20251001_공시": 7.6, "교원1인당학생수_20251001_공시": 4.1, "부산교육청_기준학생수_정책2026": 240, "학생수기준_충족_정책2026": true, "정책적용대상_공립_정책2026": true, "주분석대상_소규모공립_정책2026": true, "학생수_20250401_1학년": 5.0, "학급수_20250401_1학년": 1.0, "학생수_20250401_2학년": 7.0, "학급수_20250401_2학년": 1.0, "학생수_20250401_3학년": 15.0, "학급수_20250401_3학년": 2.0, "학생수_20250401_4학년": 13.0, "학급수_20250401_4학년": 1.0, "학생수_20250401_5학년": 8.0, "학급수_20250401_5학년": 1.0, "학생수_20250401_6학년": 6.0, "학급수_20250401_6학년": 1.0, "학생수_20250401_반합계": 54.0, "학급수_20250401_반합계": 7.0, "조사기준일_데이터3": 20250401, "학생수_20250401_학교총계": 54, "학급수_20250401_학교총계": 7, "교지면적_20250401": 2747, "학생1인당교지면적_20250401_공시": 50.9, "일반교실수_20250401": 7, "교과교실수_20250401": 0, "특별교실수_20250401": 5, "수준별교실수_20250401": 0, "기타교실수_20250401": 4, "전체교실수_20250401": 16, "학생수_일반교실_20250401": 7.7142857142857144, "학생수_전체교실_20250401": 3.375, "학급당학생수_20251001_계산": 7.5714285714285712, "교원1인당학생수_20251001_계산": 4.0769230769230766, "학교짧은키": "가남초" }, "geometry": { "type": "Point", "coordinates": [ 129.0440621, 35.15451624 ] } },
{ "type": "Feature", "properties": { "학교코드(KEDI)": "213021124", "학교명_20251001": "가야초등학교", "행정구_20251001": "부산진구", "학교명키": "가야초등학교", "행정구키": "부산진구", "위도": 35.1537258, "경도": 129.0362693, "소재지도로명주소": "부산광역시 부산진구 대학로 22", "설립_20251001": "공립", "지역규모_20251001": "특별/광역시", "주소_20251001": "부산광역시 부산진구 대학로 22(가야동. 가야초등학교)", "학생수_20251001": 961, "학급수_20251001": 44, "교원수_20251001": 65, "학급당학생수_20251001_공시": 21.8, "교원1인당학생수_20251001_공시": 14.8, "부산교육청_기준학생수_정책2026": 240, "학생수기준_충족_정책2026": false, "정책적용대상_공립_정책2026": true, "주분석대상_소규모공립_정책2026": false, "학생수_20250401_1학년": 141.0, "학급수_20250401_1학년": 7.0, "학생수_20250401_2학년": 141.0, "학급수_20250401_2학년": 7.0, "학생수_20250401_3학년": 185.0, "학급수_20250401_3학년": 8.0, "학생수_20250401_4학년": 159.0, "학급수_20250401_4학년": 7.0, "학생수_20250401_5학년": 182.0, "학급수_20250401_5학년": 8.0, "학생수_20250401_6학년": 156.0, "학급수_20250401_6학년": 7.0, "학생수_20250401_반합계": 964.0, "학급수_20250401_반합계": 44.0, "조사기준일_데이터3": 20250401, "학생수_20250401_학교총계": 964, "학급수_20250401_학교총계": 44, "교지면적_20250401": 16785, "학생1인당교지면적_20250401_공시": 17.4, "일반교실수_20250401": 44, "교과교실수_20250401": 4, "특별교실수_20250401": 4, "수준별교실수_20250401": 1, "기타교실수_20250401": 1, "전체교실수_20250401": 54, "학생수_일반교실_20250401": 21.90909090909091, "학생수_전체교실_20250401": 17.851851851851851, "학급당학생수_20251001_계산": 21.84090909090909, "교원1인당학생수_20251001_계산": 14.784615384615385, "학교짧은키": "가야초" }, "geometry": { "type": "Point", "coordinates": [ 129.036269299999987, 35.1537258 ] } },
{ "type": "Feature", "properties": { "학교코드(KEDI)": "213021130", "학교명_20251001": "가평초등학교", "행정구_20251001": "부산진구", "학교명키": "가평초등학교", "행정구키": "부산진구", "위도": 35.14885285, "경도": 129.0257667, "소재지도로명주소": "부산광역시 부산진구 가야대로482번길 87", "설립_20251001": "공립", "지역규모_20251001": "특별/광역시", "주소_20251001": "부산광역시 부산진구 가야대로482번길 87(가야동. 가평초등학교)", "학생수_20251001": 623, "학급수_20251001": 30, "교원수_20251001": 43, "학급당학생수_20251001_공시": 20.8, "교원1인당학생수_20251001_공시": 14.5, "부산교육청_기준학생수_정책2026": 240, "학생수기준_충족_정책2026": false, "정책적용대상_공립_정책2026": true, "주분석대상_소규모공립_정책2026": false, "학생수_20250401_1학년": 71.0, "학급수_20250401_1학년": 4.0, "학생수_20250401_2학년": 78.0, "학급수_20250401_2학년": 5.0, "학생수_20250401_3학년": 105.0, "학급수_20250401_3학년": 5.0, "학생수_20250401_4학년": 128.0, "학급수_20250401_4학년": 6.0, "학생수_20250401_5학년": 118.0, "학급수_20250401_5학년": 5.0, "학생수_20250401_6학년": 124.0, "학급수_20250401_6학년": 5.0, "학생수_20250401_반합계": 624.0, "학급수_20250401_반합계": 30.0, "조사기준일_데이터3": 20250401, "학생수_20250401_학교총계": 624, "학급수_20250401_학교총계": 30, "교지면적_20250401": 14118, "학생1인당교지면적_20250401_공시": 22.6, "일반교실수_20250401": 30, "교과교실수_20250401": 3, "특별교실수_20250401": 5, "수준별교실수_20250401": 0, "기타교실수_20250401": 0, "전체교실수_20250401": 38, "학생수_일반교실_20250401": 20.8, "학생수_전체교실_20250401": 16.421052631578949, "학급당학생수_20251001_계산": 20.766666666666666, "교원1인당학생수_20251001_계산": 14.488372093023257, "학교짧은키": "가평초" }, "geometry": { "type": "Point", "coordinates": [ 129.0257667, 35.14885285 ] } },
{ "type": "Feature", "properties": { "학교코드(KEDI)": "213021142", "학교명_20251001": "개금초등학교", "행정구_20251001": "부산진구", "학교명키": "개금초등학교", "행정구키": "부산진구", "위도": 35.15452351, "경도": 129.0195961, "소재지도로명주소": "부산광역시 부산진구 가야대로443번길 25-10", "설립_20251001": "공립", "지역규모_20251001": "특별/광역시", "주소_20251001": "부산광역시 부산진구 가야대로443번길 25-10(개금동)", "학생수_20251001": 554, "학급수_20251001": 26, "교원수_20251001": 37, "학급당학생수_20251001_공시": 21.3, "교원1인당학생수_20251001_공시": 15.0, "부산교육청_기준학생수_정책2026": 240, "학생수기준_충족_정책2026": false, "정책적용대상_공립_정책2026": true, "주분석대상_소규모공립_정책2026": false, "학생수_20250401_1학년": 59.0, "학급수_20250401_1학년": 3.0, "학생수_20250401_2학년": 79.0, "학급수_20250401_2학년": 4.0, "학생수_20250401_3학년": 83.0, "학급수_20250401_3학년": 4.0, "학생수_20250401_4학년": 110.0, "학급수_20250401_4학년": 5.0, "학생수_20250401_5학년": 129.0, "학급수_20250401_5학년": 6.0, "학생수_20250401_6학년": 89.0, "학급수_20250401_6학년": 4.0, "학생수_20250401_반합계": 549.0, "학급수_20250401_반합계": 26.0, "조사기준일_데이터3": 20250401, "학생수_20250401_학교총계": 549, "학급수_20250401_학교총계": 26, "교지면적_20250401": 11251, "학생1인당교지면적_20250401_공시": 20.5, "일반교실수_20250401": 27, "교과교실수_20250401": 1, "특별교실수_20250401": 3, "수준별교실수_20250401": 0, "기타교실수_20250401": 0, "전체교실수_20250401": 31, "학생수_일반교실_20250401": 20.333333333333332, "학생수_전체교실_20250401": 17.70967741935484, "학급당학생수_20251001_계산": 21.307692307692307, "교원1인당학생수_20251001_계산": 14.972972972972974, "학교짧은키": "개금초" }, "geometry": { "type": "Point", "coordinates": [ 129.0195961, 35.15452351 ] } },
{ "type": "Feature", "properties": { "학교코드(KEDI)": "213021257", "학교명_20251001": "개림초등학교", "행정구_20251001": "부산진구", "학교명키": "개림초등학교", "행정구키": "부산진구", "위도": 35.15633731, "경도": 129.0161716, "소재지도로명주소": "부산광역시 부산진구 백양대로320번길 40", "설립_20251001": "공립", "지역규모_20251001": "특별/광역시", "주소_20251001": "부산광역시 부산진구 백양대로320번길 40(개금동. 개림초등학교)", "학생수_20251001": 671, "학급수_20251001": 32, "교원수_20251001": 45, "학급당학생수_20251001_공시": 21.0, "교원1인당학생수_20251001_공시": 14.9, "부산교육청_기준학생수_정책2026": 240, "학생수기준_충족_정책2026": false, "정책적용대상_공립_정책2026": true, "주분석대상_소규모공립_정책2026": false, "학생수_20250401_1학년": 79.0, "학급수_20250401_1학년": 4.0, "학생수_20250401_2학년": 101.0, "학급수_20250401_2학년": 5.0, "학생수_20250401_3학년": 115.0, "학급수_20250401_3학년": 5.0, "학생수_20250401_4학년": 129.0, "학급수_20250401_4학년": 6.0, "학생수_20250401_5학년": 114.0, "학급수_20250401_5학년": 5.0, "학생수_20250401_6학년": 147.0, "학급수_20250401_6학년": 7.0, "학생수_20250401_반합계": 685.0, "학급수_20250401_반합계": 32.0, "조사기준일_데이터3": 20250401, "학생수_20250401_학교총계": 685, "학급수_20250401_학교총계": 32, "교지면적_20250401": 19169, "학생1인당교지면적_20250401_공시": 28.0, "일반교실수_20250401": 39, "교과교실수_20250401": 11, "특별교실수_20250401": 4, "수준별교실수_20250401": 0, "기타교실수_20250401": 3, "전체교실수_20250401": 57, "학생수_일반교실_20250401": 17.564102564102566, "학생수_전체교실_20250401": 12.017543859649123, "학급당학생수_20251001_계산": 20.96875, "교원1인당학생수_20251001_계산": 14.911111111111111, "학교짧은키": "개림초" }, "geometry": { "type": "Point", "coordinates": [ 129.0161716, 35.15633731 ] } },
{ "type": "Feature", "properties": { "학교코드(KEDI)": "213021623", "학교명_20251001": "개원초등학교", "행정구_20251001": "부산진구", "학교명키": "개원초등학교", "행정구키": "부산진구", "위도": 35.16456635, "경도": 129.0284098, "소재지도로명주소": "부산광역시 부산진구 백양관문로77번길 17", "설립_20251001": "공립", "지역규모_20251001": "특별/광역시", "주소_20251001": "부산광역시 부산진구 백양관문로77번길 17. 개원초등학교 (개금동)", "학생수_20251001": 457, "학급수_20251001": 24, "교원수_20251001": 38, "학급당학생수_20251001_공시": 19.0, "교원1인당학생수_20251001_공시": 12.0, "부산교육청_기준학생수_정책2026": 240, "학생수기준_충족_정책2026": false, "정책적용대상_공립_정책2026": true, "주분석대상_소규모공립_정책2026": false, "학생수_20250401_1학년": 56.0, "학급수_20250401_1학년": 3.0, "학생수_20250401_2학년": 62.0, "학급수_20250401_2학년": 3.0, "학생수_20250401_3학년": 80.0, "학급수_20250401_3학년": 5.0, "학생수_20250401_4학년": 79.0, "학급수_20250401_4학년": 4.0, "학생수_20250401_5학년": 89.0, "학급수_20250401_5학년": 4.0, "학생수_20250401_6학년": 95.0, "학급수_20250401_6학년": 5.0, "학생수_20250401_반합계": 461.0, "학급수_20250401_반합계": 24.0, "조사기준일_데이터3": 20250401, "학생수_20250401_학교총계": 461, "학급수_20250401_학교총계": 24, "교지면적_20250401": 13102, "학생1인당교지면적_20250401_공시": 28.4, "일반교실수_20250401": 26, "교과교실수_20250401": 0, "특별교실수_20250401": 6, "수준별교실수_20250401": 0, "기타교실수_20250401": 1, "전체교실수_20250401": 33, "학생수_일반교실_20250401": 17.73076923076923, "학생수_전체교실_20250401": 13.969696969696969, "학급당학생수_20251001_계산": 19.041666666666668, "교원1인당학생수_20251001_계산": 12.026315789473685, "학교짧은키": "개원초" }, "geometry": { "type": "Point", "coordinates": [ 129.0284098, 35.16456635 ] } },
{ "type": "Feature", "properties": { "학교코드(KEDI)": "213021148", "학교명_20251001": "개포초등학교", "행정구_20251001": "부산진구", "학교명키": "개포초등학교", "행정구키": "부산진구", "위도": 35.15883224, "경도": 129.0265888, "소재지도로명주소": "부산광역시 부산진구 백양대로208번길 9", "설립_20251001": "공립", "지역규모_20251001": "특별/광역시", "주소_20251001": "부산광역시 부산진구 백양대로208번길 9(개금동.개포초등학교)", "학생수_20251001": 222, "학급수_20251001": 14, "교원수_20251001": 23, "학급당학생수_20251001_공시": 15.9, "교원1인당학생수_20251001_공시": 9.7, "부산교육청_기준학생수_정책2026": 240, "학생수기준_충족_정책2026": true, "정책적용대상_공립_정책2026": true, "주분석대상_소규모공립_정책2026": true, "학생수_20250401_1학년": 27.0, "학급수_20250401_1학년": 2.0, "학생수_20250401_2학년": 30.0, "학급수_20250401_2학년": 2.0, "학생수_20250401_3학년": 40.0, "학급수_20250401_3학년": 2.0, "학생수_20250401_4학년": 52.0, "학급수_20250401_4학년": 3.0, "학생수_20250401_5학년": 49.0, "학급수_20250401_5학년": 3.0, "학생수_20250401_6학년": 32.0, "학급수_20250401_6학년": 2.0, "학생수_20250401_반합계": 230.0, "학급수_20250401_반합계": 14.0, "조사기준일_데이터3": 20250401, "학생수_20250401_학교총계": 230, "학급수_20250401_학교총계": 14, "교지면적_20250401": 10556, "학생1인당교지면적_20250401_공시": 45.9, "일반교실수_20250401": 17, "교과교실수_20250401": 3, "특별교실수_20250401": 9, "수준별교실수_20250401": 0, "기타교실수_20250401": 9, "전체교실수_20250401": 38, "학생수_일반교실_20250401": 13.529411764705882, "학생수_전체교실_20250401": 6.0526315789473681, "학급당학생수_20251001_계산": 15.857142857142858, "교원1인당학생수_20251001_계산": 9.6521739130434785, "학교짧은키": "개포초" }, "geometry": { "type": "Point", "coordinates": [ 129.026588800000013, 35.15883224 ] } },
{ "type": "Feature", "properties": { "학교코드(KEDI)": "213021154", "학교명_20251001": "개화초등학교", "행정구_20251001": "부산진구", "학교명키": "개화초등학교", "행정구키": "부산진구", "위도": 35.15857553, "경도": 129.020604, "소재지도로명주소": "부산광역시 부산진구 개금본동로66번길 12-12", "설립_20251001": "공립", "지역규모_20251001": "특별/광역시", "주소_20251001": "부산광역시 부산진구 개금본동로66번길 12-12(개금동. 개화초등학교)", "학생수_20251001": 165, "학급수_20251001": 10, "교원수_20251001": 16, "학급당학생수_20251001_공시": 16.5, "교원1인당학생수_20251001_공시": 10.3, "부산교육청_기준학생수_정책2026": 240, "학생수기준_충족_정책2026": true, "정책적용대상_공립_정책2026": true, "주분석대상_소규모공립_정책2026": true, "학생수_20250401_1학년": 11.0, "학급수_20250401_1학년": 1.0, "학생수_20250401_2학년": 23.0, "학급수_20250401_2학년": 1.0, "학생수_20250401_3학년": 23.0, "학급수_20250401_3학년": 2.0, "학생수_20250401_4학년": 32.0, "학급수_20250401_4학년": 2.0, "학생수_20250401_5학년": 31.0, "학급수_20250401_5학년": 2.0, "학생수_20250401_6학년": 44.0, "학급수_20250401_6학년": 2.0, "학생수_20250401_반합계": 164.0, "학급수_20250401_반합계": 10.0, "조사기준일_데이터3": 20250401, "학생수_20250401_학교총계": 164, "학급수_20250401_학교총계": 10, "교지면적_20250401": 13850, "학생1인당교지면적_20250401_공시": 84.5, "일반교실수_20250401": 16, "교과교실수_20250401": 0, "특별교실수_20250401": 8, "수준별교실수_20250401": 0, "기타교실수_20250401": 9, "전체교실수_20250401": 33, "학생수_일반교실_20250401": 10.25, "학생수_전체교실_20250401": 4.9696969696969697, "학급당학생수_20251001_계산": 16.5, "교원1인당학생수_20251001_계산": 10.3125, "학교짧은키": "개화초" }, "geometry": { "type": "Point", "coordinates": [ 129.020604, 35.15857553 ] } },
{ "type": "Feature", "properties": { "학교코드(KEDI)": "213021196", "학교명_20251001": "당감초등학교", "행정구_20251001": "부산진구", "학교명키": "당감초등학교", "행정구키": "부산진구", "위도": 35.16428339, "경도": 129.0412435, "소재지도로명주소": "부산광역시 부산진구 당감로 22-5", "설립_20251001": "공립", "지역규모_20251001": "특별/광역시", "주소_20251001": "부산광역시 부산진구 당감로 22-5(당감동.당감초등학교)", "학생수_20251001": 172, "학급수_20251001": 10, "교원수_20251001": 18, "학급당학생수_20251001_공시": 17.2, "교원1인당학생수_20251001_공시": 9.6, "부산교육청_기준학생수_정책2026": 240, "학생수기준_충족_정책2026": true, "정책적용대상_공립_정책2026": true, "주분석대상_소규모공립_정책2026": true, "학생수_20250401_1학년": 16.0, "학급수_20250401_1학년": 1.0, "학생수_20250401_2학년": 22.0, "학급수_20250401_2학년": 1.0, "학생수_20250401_3학년": 16.0, "학급수_20250401_3학년": 1.0, "학생수_20250401_4학년": 32.0, "학급수_20250401_4학년": 2.0, "학생수_20250401_5학년": 42.0, "학급수_20250401_5학년": 3.0, "학생수_20250401_6학년": 46.0, "학급수_20250401_6학년": 2.0, "학생수_20250401_반합계": 174.0, "학급수_20250401_반합계": 10.0, "조사기준일_데이터3": 20250401, "학생수_20250401_학교총계": 174, "학급수_20250401_학교총계": 10, "교지면적_20250401": 13777, "학생1인당교지면적_20250401_공시": 79.2, "일반교실수_20250401": 19, "교과교실수_20250401": 4, "특별교실수_20250401": 18, "수준별교실수_20250401": 0, "기타교실수_20250401": 6, "전체교실수_20250401": 47, "학생수_일반교실_20250401": 9.1578947368421044, "학생수_전체교실_20250401": 3.7021276595744679, "학급당학생수_20251001_계산": 17.2, "교원1인당학생수_20251001_계산": 9.5555555555555554, "학교짧은키": "당감초" }, "geometry": { "type": "Point", "coordinates": [ 129.0412435, 35.16428339 ] } },
{ "type": "Feature", "properties": { "학교코드(KEDI)": "213021202", "학교명_20251001": "당평초등학교", "행정구_20251001": "부산진구", "학교명키": "당평초등학교", "행정구키": "부산진구", "위도": 35.16147667, "경도": 129.0351718, "소재지도로명주소": "부산광역시 부산진구 백양대로136번길 26", "설립_20251001": "공립", "지역규모_20251001": "특별/광역시", "주소_20251001": "부산광역시 부산진구 백양대로136번길 26(당감동.당평초등학교)", "학생수_20251001": 223, "학급수_20251001": 13, "교원수_20251001": 24, "학급당학생수_20251001_공시": 17.2, "교원1인당학생수_20251001_공시": 9.3, "부산교육청_기준학생수_정책2026": 240, "학생수기준_충족_정책2026": true, "정책적용대상_공립_정책2026": true, "주분석대상_소규모공립_정책2026": true, "학생수_20250401_1학년": 26.0, "학급수_20250401_1학년": 2.0, "학생수_20250401_2학년": 37.0, "학급수_20250401_2학년": 2.0, "학생수_20250401_3학년": 28.0, "학급수_20250401_3학년": 2.0, "학생수_20250401_4학년": 47.0, "학급수_20250401_4학년": 2.0, "학생수_20250401_5학년": 50.0, "학급수_20250401_5학년": 3.0, "학생수_20250401_6학년": 38.0, "학급수_20250401_6학년": 2.0, "학생수_20250401_반합계": 226.0, "학급수_20250401_반합계": 13.0, "조사기준일_데이터3": 20250401, "학생수_20250401_학교총계": 226, "학급수_20250401_학교총계": 13, "교지면적_20250401": 11361, "학생1인당교지면적_20250401_공시": 50.3, "일반교실수_20250401": 19, "교과교실수_20250401": 1, "특별교실수_20250401": 6, "수준별교실수_20250401": 0, "기타교실수_20250401": 5, "전체교실수_20250401": 31, "학생수_일반교실_20250401": 11.894736842105264, "학생수_전체교실_20250401": 7.290322580645161, "학급당학생수_20251001_계산": 17.153846153846153, "교원1인당학생수_20251001_계산": 9.2916666666666661, "학교짧은키": "당평초" }, "geometry": { "type": "Point", "coordinates": [ 129.0351718, 35.16147667 ] } },
{ "type": "Feature", "properties": { "학교코드(KEDI)": "213021551", "학교명_20251001": "동양초등학교", "행정구_20251001": "부산진구", "학교명키": "동양초등학교", "행정구키": "부산진구", "위도": 35.1766921, "경도": 129.030768, "소재지도로명주소": "부산광역시 부산진구 백양산로 99", "설립_20251001": "공립", "지역규모_20251001": "특별/광역시", "주소_20251001": "부산광역시 부산진구 백양산로 99(부암동. 동양초등학교)", "학생수_20251001": 189, "학급수_20251001": 12, "교원수_20251001": 20, "학급당학생수_20251001_공시": 15.8, "교원1인당학생수_20251001_공시": 9.5, "부산교육청_기준학생수_정책2026": 240, "학생수기준_충족_정책2026": true, "정책적용대상_공립_정책2026": true, "주분석대상_소규모공립_정책2026": true, "학생수_20250401_1학년": 21.0, "학급수_20250401_1학년": 1.0, "학생수_20250401_2학년": 35.0, "학급수_20250401_2학년": 3.0, "학생수_20250401_3학년": 27.0, "학급수_20250401_3학년": 2.0, "학생수_20250401_4학년": 36.0, "학급수_20250401_4학년": 2.0, "학생수_20250401_5학년": 31.0, "학급수_20250401_5학년": 2.0, "학생수_20250401_6학년": 39.0, "학급수_20250401_6학년": 2.0, "학생수_20250401_반합계": 189.0, "학급수_20250401_반합계": 12.0, "조사기준일_데이터3": 20250401, "학생수_20250401_학교총계": 189, "학급수_20250401_학교총계": 12, "교지면적_20250401": 13041, "학생1인당교지면적_20250401_공시": 69.0, "일반교실수_20250401": 15, "교과교실수_20250401": 0, "특별교실수_20250401": 21, "수준별교실수_20250401": 0, "기타교실수_20250401": 4, "전체교실수_20250401": 40, "학생수_일반교실_20250401": 12.6, "학생수_전체교실_20250401": 4.725, "학급당학생수_20251001_계산": 15.75, "교원1인당학생수_20251001_계산": 9.45, "학교짧은키": "동양초" }, "geometry": { "type": "Point", "coordinates": [ 129.030768, 35.1766921 ] } },
{ "type": "Feature", "properties": { "학교코드(KEDI)": "213021268", "학교명_20251001": "동원초등학교", "행정구_20251001": "부산진구", "학교명키": "동원초등학교", "행정구키": "부산진구", "위도": 35.17320012, "경도": 129.0311777, "소재지도로명주소": "부산광역시 부산진구 백양산로 43", "설립_20251001": "공립", "지역규모_20251001": "특별/광역시", "주소_20251001": "부산광역시 부산진구 백양산로 43(당감동. 동원초등학교)", "학생수_20251001": 626, "학급수_20251001": 28, "교원수_20251001": 38, "학급당학생수_20251001_공시": 22.4, "교원1인당학생수_20251001_공시": 16.5, "부산교육청_기준학생수_정책2026": 240, "학생수기준_충족_정책2026": false, "정책적용대상_공립_정책2026": true, "주분석대상_소규모공립_정책2026": false, "학생수_20250401_1학년": 71.0, "학급수_20250401_1학년": 4.0, "학생수_20250401_2학년": 78.0, "학급수_20250401_2학년": 5.0, "학생수_20250401_3학년": 80.0, "학급수_20250401_3학년": 4.0, "학생수_20250401_4학년": 102.0, "학급수_20250401_4학년": 5.0, "학생수_20250401_5학년": 94.0, "학급수_20250401_5학년": 5.0, "학생수_20250401_6학년": 102.0, "학급수_20250401_6학년": 5.0, "학생수_20250401_반합계": 527.0, "학급수_20250401_반합계": 28.0, "조사기준일_데이터3": 20250401, "학생수_20250401_학교총계": 527, "학급수_20250401_학교총계": 28, "교지면적_20250401": 6916, "학생1인당교지면적_20250401_공시": 13.1, "일반교실수_20250401": 28, "교과교실수_20250401": 0, "특별교실수_20250401": 7, "수준별교실수_20250401": 0, "기타교실수_20250401": 0, "전체교실수_20250401": 35, "학생수_일반교실_20250401": 18.821428571428573, "학생수_전체교실_20250401": 15.057142857142857, "학급당학생수_20251001_계산": 22.357142857142858, "교원1인당학생수_20251001_계산": 16.473684210526315, "학교짧은키": "동원초" }, "geometry": { "type": "Point", "coordinates": [ 129.0311777, 35.17320012 ] } },
{ "type": "Feature", "properties": { "학교코드(KEDI)": "213021264", "학교명_20251001": "동평초등학교", "행정구_20251001": "부산진구", "학교명키": "동평초등학교", "행정구키": "부산진구", "위도": 35.16771037, "경도": 129.0352077, "소재지도로명주소": "부산광역시 부산진구 당감서로65번길 31", "설립_20251001": "공립", "지역규모_20251001": "특별/광역시", "주소_20251001": "부산광역시 부산진구 당감서로65번길 31. (당감동.동평초등학교) (당감동)", "학생수_20251001": 513, "학급수_20251001": 24, "교원수_20251001": 33, "학급당학생수_20251001_공시": 21.4, "교원1인당학생수_20251001_공시": 15.5, "부산교육청_기준학생수_정책2026": 240, "학생수기준_충족_정책2026": false, "정책적용대상_공립_정책2026": true, "주분석대상_소규모공립_정책2026": false, "학생수_20250401_1학년": 95.0, "학급수_20250401_1학년": 4.0, "학생수_20250401_2학년": 75.0, "학급수_20250401_2학년": 3.0, "학생수_20250401_3학년": 88.0, "학급수_20250401_3학년": 4.0, "학생수_20250401_4학년": 83.0, "학급수_20250401_4학년": 4.0, "학생수_20250401_5학년": 89.0, "학급수_20250401_5학년": 5.0, "학생수_20250401_6학년": 71.0, "학급수_20250401_6학년": 4.0, "학생수_20250401_반합계": 501.0, "학급수_20250401_반합계": 24.0, "조사기준일_데이터3": 20250401, "학생수_20250401_학교총계": 501, "학급수_20250401_학교총계": 24, "교지면적_20250401": 18668, "학생1인당교지면적_20250401_공시": 37.3, "일반교실수_20250401": 21, "교과교실수_20250401": 3, "특별교실수_20250401": 4, "수준별교실수_20250401": 0, "기타교실수_20250401": 11, "전체교실수_20250401": 39, "학생수_일반교실_20250401": 23.857142857142858, "학생수_전체교실_20250401": 12.846153846153847, "학급당학생수_20251001_계산": 21.375, "교원1인당학생수_20251001_계산": 15.545454545454545, "학교짧은키": "동평초" }, "geometry": { "type": "Point", "coordinates": [ 129.0352077, 35.16771037 ] } },
{ "type": "Feature", "properties": { "학교코드(KEDI)": "213021352", "학교명_20251001": "부산진초등학교", "행정구_20251001": "부산진구", "학교명키": "부산진초등학교", "행정구키": "부산진구", "위도": 35.149993, "경도": 129.056265, "소재지도로명주소": "부산광역시 부산진구 범천로 30", "설립_20251001": "공립", "지역규모_20251001": "특별/광역시", "주소_20251001": "부산광역시 부산진구 범천로 30(범천동. 부산진초등학교)", "학생수_20251001": 437, "학급수_20251001": 24, "교원수_20251001": 34, "학급당학생수_20251001_공시": 18.2, "교원1인당학생수_20251001_공시": 12.9, "부산교육청_기준학생수_정책2026": 240, "학생수기준_충족_정책2026": false, "정책적용대상_공립_정책2026": true, "주분석대상_소규모공립_정책2026": false, "학생수_20250401_1학년": 58.0, "학급수_20250401_1학년": 3.0, "학생수_20250401_2학년": 76.0, "학급수_20250401_2학년": 4.0, "학생수_20250401_3학년": 85.0, "학급수_20250401_3학년": 4.0, "학생수_20250401_4학년": 78.0, "학급수_20250401_4학년": 5.0, "학생수_20250401_5학년": 62.0, "학급수_20250401_5학년": 3.0, "학생수_20250401_6학년": 83.0, "학급수_20250401_6학년": 5.0, "학생수_20250401_반합계": 442.0, "학급수_20250401_반합계": 24.0, "조사기준일_데이터3": 20250401, "학생수_20250401_학교총계": 442, "학급수_20250401_학교총계": 24, "교지면적_20250401": 14338, "학생1인당교지면적_20250401_공시": 32.4, "일반교실수_20250401": 24, "교과교실수_20250401": 2, "특별교실수_20250401": 8, "수준별교실수_20250401": 0, "기타교실수_20250401": 0, "전체교실수_20250401": 34, "학생수_일반교실_20250401": 18.416666666666668, "학생수_전체교실_20250401": 13.0, "학급당학생수_20251001_계산": 18.208333333333332, "교원1인당학생수_20251001_계산": 12.852941176470589, "학교짧은키": "부산진초" }, "geometry": { "type": "Point", "coordinates": [ 129.056265, 35.149993 ] } },
{ "type": "Feature", "properties": { "학교코드(KEDI)": "213021346", "학교명_20251001": "부암초등학교", "행정구_20251001": "부산진구", "학교명키": "부암초등학교", "행정구키": "부산진구", "위도": 35.16499117, "경도": 129.048779, "소재지도로명주소": "부산광역시 부산진구 신천대로263번길 26", "설립_20251001": "공립", "지역규모_20251001": "특별/광역시", "주소_20251001": "부산광역시 부산진구 신천대로263번길 26(부암동.부암초등학교)", "학생수_20251001": 697, "학급수_20251001": 35, "교원수_20251001": 50, "학급당학생수_20251001_공시": 19.9, "교원1인당학생수_20251001_공시": 13.9, "부산교육청_기준학생수_정책2026": 240, "학생수기준_충족_정책2026": false, "정책적용대상_공립_정책2026": true, "주분석대상_소규모공립_정책2026": false, "학생수_20250401_1학년": 99.0, "학급수_20250401_1학년": 5.0, "학생수_20250401_2학년": 116.0, "학급수_20250401_2학년": 7.0, "학생수_20250401_3학년": 120.0, "학급수_20250401_3학년": 6.0, "학생수_20250401_4학년": 119.0, "학급수_20250401_4학년": 6.0, "학생수_20250401_5학년": 129.0, "학급수_20250401_5학년": 6.0, "학생수_20250401_6학년": 111.0, "학급수_20250401_6학년": 5.0, "학생수_20250401_반합계": 694.0, "학급수_20250401_반합계": 35.0, "조사기준일_데이터3": 20250401, "학생수_20250401_학교총계": 694, "학급수_20250401_학교총계": 35, "교지면적_20250401": 16562, "학생1인당교지면적_20250401_공시": 23.9, "일반교실수_20250401": 35, "교과교실수_20250401": 1, "특별교실수_20250401": 4, "수준별교실수_20250401": 0, "기타교실수_20250401": 6, "전체교실수_20250401": 46, "학생수_일반교실_20250401": 19.828571428571429, "학생수_전체교실_20250401": 15.086956521739131, "학급당학생수_20251001_계산": 19.914285714285715, "교원1인당학생수_20251001_계산": 13.94, "학교짧은키": "부암초" }, "geometry": { "type": "Point", "coordinates": [ 129.048779, 35.16499117 ] } },
{ "type": "Feature", "properties": { "학교코드(KEDI)": "213021358", "학교명_20251001": "부전초등학교", "행정구_20251001": "부산진구", "학교명키": "부전초등학교", "행정구키": "부산진구", "위도": 35.15495179, "경도": 129.0531113, "소재지도로명주소": "부산광역시 부산진구 부전로65번길 25", "설립_20251001": "공립", "지역규모_20251001": "특별/광역시", "주소_20251001": "부산광역시 부산진구 부전로65번길 25. 부전초등학교 (부전동)", "학생수_20251001": 352, "학급수_20251001": 19, "교원수_20251001": 28, "학급당학생수_20251001_공시": 18.5, "교원1인당학생수_20251001_공시": 12.6, "부산교육청_기준학생수_정책2026": 240, "학생수기준_충족_정책2026": false, "정책적용대상_공립_정책2026": true, "주분석대상_소규모공립_정책2026": false, "학생수_20250401_1학년": 63.0, "학급수_20250401_1학년": 3.0, "학생수_20250401_2학년": 55.0, "학급수_20250401_2학년": 3.0, "학생수_20250401_3학년": 60.0, "학급수_20250401_3학년": 3.0, "학생수_20250401_4학년": 63.0, "학급수_20250401_4학년": 4.0, "학생수_20250401_5학년": 63.0, "학급수_20250401_5학년": 3.0, "학생수_20250401_6학년": 49.0, "학급수_20250401_6학년": 3.0, "학생수_20250401_반합계": 353.0, "학급수_20250401_반합계": 19.0, "조사기준일_데이터3": 20250401, "학생수_20250401_학교총계": 353, "학급수_20250401_학교총계": 19, "교지면적_20250401": 12120, "학생1인당교지면적_20250401_공시": 34.3, "일반교실수_20250401": 22, "교과교실수_20250401": 0, "특별교실수_20250401": 4, "수준별교실수_20250401": 0, "기타교실수_20250401": 0, "전체교실수_20250401": 26, "학생수_일반교실_20250401": 16.045454545454547, "학생수_전체교실_20250401": 13.576923076923077, "학급당학생수_20251001_계산": 18.526315789473685, "교원1인당학생수_20251001_계산": 12.571428571428571, "학교짧은키": "부전초" }, "geometry": { "type": "Point", "coordinates": [ 129.053111300000012, 35.15495179 ] } },
{ "type": "Feature", "properties": { "학교코드(KEDI)": "213021394", "학교명_20251001": "선암초등학교", "행정구_20251001": "부산진구", "학교명키": "선암초등학교", "행정구키": "부산진구", "위도": 35.14936809, "경도": 129.0488761, "소재지도로명주소": "부산광역시 부산진구 엄광로 412", "설립_20251001": "공립", "지역규모_20251001": "특별/광역시", "주소_20251001": "부산광역시 부산진구 엄광로 412(범천동. 선암초등학교)", "학생수_20251001": 121, "학급수_20251001": 10, "교원수_20251001": 17, "학급당학생수_20251001_공시": 12.1, "교원1인당학생수_20251001_공시": 7.1, "부산교육청_기준학생수_정책2026": 240, "학생수기준_충족_정책2026": true, "정책적용대상_공립_정책2026": true, "주분석대상_소규모공립_정책2026": true, "학생수_20250401_1학년": 26.0, "학급수_20250401_1학년": 3.0, "학생수_20250401_2학년": 27.0, "학급수_20250401_2학년": 2.0, "학생수_20250401_3학년": 24.0, "학급수_20250401_3학년": 2.0, "학생수_20250401_4학년": 18.0, "학급수_20250401_4학년": 1.0, "학생수_20250401_5학년": 12.0, "학급수_20250401_5학년": 1.0, "학생수_20250401_6학년": 9.0, "학급수_20250401_6학년": 1.0, "학생수_20250401_반합계": 116.0, "학급수_20250401_반합계": 10.0, "조사기준일_데이터3": 20250401, "학생수_20250401_학교총계": 116, "학급수_20250401_학교총계": 10, "교지면적_20250401": 6277, "학생1인당교지면적_20250401_공시": 54.1, "일반교실수_20250401": 9, "교과교실수_20250401": 1, "특별교실수_20250401": 8, "수준별교실수_20250401": 0, "기타교실수_20250401": 1, "전체교실수_20250401": 19, "학생수_일반교실_20250401": 12.888888888888889, "학생수_전체교실_20250401": 6.1052631578947372, "학급당학생수_20251001_계산": 12.1, "교원1인당학생수_20251001_계산": 7.117647058823529, "학교짧은키": "선암초" }, "geometry": { "type": "Point", "coordinates": [ 129.0488761, 35.14936809 ] } },
{ "type": "Feature", "properties": { "학교코드(KEDI)": "213021269", "학교명_20251001": "성북초등학교", "행정구_20251001": "부산진구", "학교명키": "성북초등학교", "행정구키": "부산진구", "위도": 35.15129234, "경도": 129.0681859, "소재지도로명주소": "부산광역시 부산진구 황령대로 79", "설립_20251001": "공립", "지역규모_20251001": "특별/광역시", "주소_20251001": "부산광역시 부산진구 황령대로 79(전포동. 성북초등학교)", "학생수_20251001": 616, "학급수_20251001": 30, "교원수_20251001": 46, "학급당학생수_20251001_공시": 20.5, "교원1인당학생수_20251001_공시": 13.4, "부산교육청_기준학생수_정책2026": 240, "학생수기준_충족_정책2026": false, "정책적용대상_공립_정책2026": true, "주분석대상_소규모공립_정책2026": false, "학생수_20250401_1학년": 77.0, "학급수_20250401_1학년": 3.0, "학생수_20250401_2학년": 105.0, "학급수_20250401_2학년": 5.0, "학생수_20250401_3학년": 105.0, "학급수_20250401_3학년": 5.0, "학생수_20250401_4학년": 116.0, "학급수_20250401_4학년": 5.0, "학생수_20250401_5학년": 100.0, "학급수_20250401_5학년": 5.0, "학생수_20250401_6학년": 116.0, "학급수_20250401_6학년": 7.0, "학생수_20250401_반합계": 619.0, "학급수_20250401_반합계": 30.0, "조사기준일_데이터3": 20250401, "학생수_20250401_학교총계": 619, "학급수_20250401_학교총계": 30, "교지면적_20250401": 16429, "학생1인당교지면적_20250401_공시": 26.5, "일반교실수_20250401": 29, "교과교실수_20250401": 3, "특별교실수_20250401": 2, "수준별교실수_20250401": 1, "기타교실수_20250401": 3, "전체교실수_20250401": 38, "학생수_일반교실_20250401": 21.344827586206897, "학생수_전체교실_20250401": 16.289473684210527, "학급당학생수_20251001_계산": 20.533333333333335, "교원1인당학생수_20251001_계산": 13.391304347826088, "학교짧은키": "성북초" }, "geometry": { "type": "Point", "coordinates": [ 129.0681859, 35.15129234 ] } },
{ "type": "Feature", "properties": { "학교코드(KEDI)": "213021406", "학교명_20251001": "성서초등학교", "행정구_20251001": "부산진구", "학교명키": "성서초등학교", "행정구키": "부산진구", "위도": 35.14505161, "경도": 129.0623365, "소재지도로명주소": "부산광역시 부산진구 중앙번영로 25", "설립_20251001": "공립", "지역규모_20251001": "특별/광역시", "주소_20251001": "부산광역시 부산진구 중앙번영로 25(범천동)", "학생수_20251001": 178, "학급수_20251001": 13, "교원수_20251001": 21, "학급당학생수_20251001_공시": 13.7, "교원1인당학생수_20251001_공시": 8.5, "부산교육청_기준학생수_정책2026": 240, "학생수기준_충족_정책2026": true, "정책적용대상_공립_정책2026": true, "주분석대상_소규모공립_정책2026": true, "학생수_20250401_1학년": 29.0, "학급수_20250401_1학년": 2.0, "학생수_20250401_2학년": 33.0, "학급수_20250401_2학년": 2.0, "학생수_20250401_3학년": 32.0, "학급수_20250401_3학년": 3.0, "학생수_20250401_4학년": 25.0, "학급수_20250401_4학년": 2.0, "학생수_20250401_5학년": 29.0, "학급수_20250401_5학년": 2.0, "학생수_20250401_6학년": 28.0, "학급수_20250401_6학년": 2.0, "학생수_20250401_반합계": 176.0, "학급수_20250401_반합계": 13.0, "조사기준일_데이터3": 20250401, "학생수_20250401_학교총계": 176, "학급수_20250401_학교총계": 13, "교지면적_20250401": 5384, "학생1인당교지면적_20250401_공시": 30.6, "일반교실수_20250401": 13, "교과교실수_20250401": 2, "특별교실수_20250401": 3, "수준별교실수_20250401": 7, "기타교실수_20250401": 2, "전체교실수_20250401": 27, "학생수_일반교실_20250401": 13.538461538461538, "학생수_전체교실_20250401": 6.5185185185185182, "학급당학생수_20251001_계산": 13.692307692307692, "교원1인당학생수_20251001_계산": 8.4761904761904763, "학교짧은키": "성서초" }, "geometry": { "type": "Point", "coordinates": [ 129.062336499999986, 35.14505161 ] } },
{ "type": "Feature", "properties": { "학교코드(KEDI)": "213021412", "학교명_20251001": "성전초등학교", "행정구_20251001": "부산진구", "학교명키": "성전초등학교", "행정구키": "부산진구", "위도": 35.16398833, "경도": 129.0663612, "소재지도로명주소": "부산광역시 부산진구 전포대로298번길 15", "설립_20251001": "공립", "지역규모_20251001": "특별/광역시", "주소_20251001": "부산광역시 부산진구 전포대로298번길 15(전포동. 성전초등학교)", "학생수_20251001": 442, "학급수_20251001": 21, "교원수_20251001": 29, "학급당학생수_20251001_공시": 21.0, "교원1인당학생수_20251001_공시": 15.2, "부산교육청_기준학생수_정책2026": 240, "학생수기준_충족_정책2026": false, "정책적용대상_공립_정책2026": true, "주분석대상_소규모공립_정책2026": false, "학생수_20250401_1학년": 79.0, "학급수_20250401_1학년": 4.0, "학생수_20250401_2학년": 66.0, "학급수_20250401_2학년": 3.0, "학생수_20250401_3학년": 79.0, "학급수_20250401_3학년": 5.0, "학생수_20250401_4학년": 72.0, "학급수_20250401_4학년": 3.0, "학생수_20250401_5학년": 73.0, "학급수_20250401_5학년": 3.0, "학생수_20250401_6학년": 69.0, "학급수_20250401_6학년": 3.0, "학생수_20250401_반합계": 438.0, "학급수_20250401_반합계": 21.0, "조사기준일_데이터3": 20250401, "학생수_20250401_학교총계": 438, "학급수_20250401_학교총계": 21, "교지면적_20250401": 7292, "학생1인당교지면적_20250401_공시": 16.6, "일반교실수_20250401": 21, "교과교실수_20250401": 0, "특별교실수_20250401": 4, "수준별교실수_20250401": 0, "기타교실수_20250401": 1, "전체교실수_20250401": 26, "학생수_일반교실_20250401": 20.857142857142858, "학생수_전체교실_20250401": 16.846153846153847, "학급당학생수_20251001_계산": 21.047619047619047, "교원1인당학생수_20251001_계산": 15.241379310344827, "학교짧은키": "성전초" }, "geometry": { "type": "Point", "coordinates": [ 129.066361199999989, 35.16398833 ] } },
{ "type": "Feature", "properties": { "학교코드(KEDI)": "213021418", "학교명_20251001": "성지초등학교", "행정구_20251001": "부산진구", "학교명키": "성지초등학교", "행정구키": "부산진구", "위도": 35.16425951, "경도": 129.0568706, "소재지도로명주소": "부산광역시 부산진구 시민공원로 62", "설립_20251001": "공립", "지역규모_20251001": "특별/광역시", "주소_20251001": "부산광역시 부산진구 시민공원로 62(범전동. 성지초등학교)", "학생수_20251001": 458, "학급수_20251001": 25, "교원수_20251001": 41, "학급당학생수_20251001_공시": 18.3, "교원1인당학생수_20251001_공시": 11.2, "부산교육청_기준학생수_정책2026": 240, "학생수기준_충족_정책2026": false, "정책적용대상_공립_정책2026": true, "주분석대상_소규모공립_정책2026": false, "학생수_20250401_1학년": 72.0, "학급수_20250401_1학년": 4.0, "학생수_20250401_2학년": 51.0, "학급수_20250401_2학년": 3.0, "학생수_20250401_3학년": 87.0, "학급수_20250401_3학년": 4.0, "학생수_20250401_4학년": 80.0, "학급수_20250401_4학년": 5.0, "학생수_20250401_5학년": 101.0, "학급수_20250401_5학년": 5.0, "학생수_20250401_6학년": 75.0, "학급수_20250401_6학년": 4.0, "학생수_20250401_반합계": 466.0, "학급수_20250401_반합계": 25.0, "조사기준일_데이터3": 20250401, "학생수_20250401_학교총계": 466, "학급수_20250401_학교총계": 25, "교지면적_20250401": 13430, "학생1인당교지면적_20250401_공시": 28.8, "일반교실수_20250401": 28, "교과교실수_20250401": 0, "특별교실수_20250401": 4, "수준별교실수_20250401": 2, "기타교실수_20250401": 0, "전체교실수_20250401": 34, "학생수_일반교실_20250401": 16.642857142857142, "학생수_전체교실_20250401": 13.705882352941176, "학급당학생수_20251001_계산": 18.32, "교원1인당학생수_20251001_계산": 11.170731707317072, "학교짧은키": "성지초" }, "geometry": { "type": "Point", "coordinates": [ 129.0568706, 35.16425951 ] } },
{ "type": "Feature", "properties": { "학교코드(KEDI)": "213021448", "학교명_20251001": "양동초등학교", "행정구_20251001": "부산진구", "학교명키": "양동초등학교", "행정구키": "부산진구", "위도": 35.17152018, "경도": 129.0810439, "소재지도로명주소": "부산광역시 부산진구 황령산로605번길 35-10", "설립_20251001": "공립", "지역규모_20251001": "특별/광역시", "주소_20251001": "부산광역시 부산진구 황령산로605번길 35-10(양정동. 양동초등학교)", "학생수_20251001": 974, "학급수_20251001": 41, "교원수_20251001": 60, "학급당학생수_20251001_공시": 23.8, "교원1인당학생수_20251001_공시": 16.2, "부산교육청_기준학생수_정책2026": 240, "학생수기준_충족_정책2026": false, "정책적용대상_공립_정책2026": true, "주분석대상_소규모공립_정책2026": false, "학생수_20250401_1학년": 161.0, "학급수_20250401_1학년": 7.0, "학생수_20250401_2학년": 185.0, "학급수_20250401_2학년": 8.0, "학생수_20250401_3학년": 202.0, "학급수_20250401_3학년": 8.0, "학생수_20250401_4학년": 175.0, "학급수_20250401_4학년": 7.0, "학생수_20250401_5학년": 162.0, "학급수_20250401_5학년": 7.0, "학생수_20250401_6학년": 97.0, "학급수_20250401_6학년": 4.0, "학생수_20250401_반합계": 982.0, "학급수_20250401_반합계": 41.0, "조사기준일_데이터3": 20250401, "학생수_20250401_학교총계": 982, "학급수_20250401_학교총계": 41, "교지면적_20250401": 15417, "학생1인당교지면적_20250401_공시": 15.7, "일반교실수_20250401": 25, "교과교실수_20250401": 2, "특별교실수_20250401": 3, "수준별교실수_20250401": 0, "기타교실수_20250401": 2, "전체교실수_20250401": 32, "학생수_일반교실_20250401": 39.28, "학생수_전체교실_20250401": 30.6875, "학급당학생수_20251001_계산": 23.756097560975611, "교원1인당학생수_20251001_계산": 16.233333333333334, "학교짧은키": "양동초" }, "geometry": { "type": "Point", "coordinates": [ 129.0810439, 35.17152018 ] } },
{ "type": "Feature", "properties": { "학교코드(KEDI)": "213021454", "학교명_20251001": "양성초등학교", "행정구_20251001": "부산진구", "학교명키": "양성초등학교", "행정구키": "부산진구", "위도": 35.17035507, "경도": 129.0660942, "소재지도로명주소": "부산광역시 부산진구 양성로 34", "설립_20251001": "공립", "지역규모_20251001": "특별/광역시", "주소_20251001": "부산광역시 부산진구 양성로 34(양정동.양성초등학교)", "학생수_20251001": 299, "학급수_20251001": 18, "교원수_20251001": 31, "학급당학생수_20251001_공시": 16.6, "교원1인당학생수_20251001_공시": 9.6, "부산교육청_기준학생수_정책2026": 240, "학생수기준_충족_정책2026": false, "정책적용대상_공립_정책2026": true, "주분석대상_소규모공립_정책2026": false, "학생수_20250401_1학년": 43.0, "학급수_20250401_1학년": 2.0, "학생수_20250401_2학년": 48.0, "학급수_20250401_2학년": 3.0, "학생수_20250401_3학년": 42.0, "학급수_20250401_3학년": 3.0, "학생수_20250401_4학년": 53.0, "학급수_20250401_4학년": 4.0, "학생수_20250401_5학년": 62.0, "학급수_20250401_5학년": 3.0, "학생수_20250401_6학년": 64.0, "학급수_20250401_6학년": 3.0, "학생수_20250401_반합계": 312.0, "학급수_20250401_반합계": 18.0, "조사기준일_데이터3": 20250401, "학생수_20250401_학교총계": 312, "학급수_20250401_학교총계": 18, "교지면적_20250401": 12066, "학생1인당교지면적_20250401_공시": 38.7, "일반교실수_20250401": 18, "교과교실수_20250401": 1, "특별교실수_20250401": 8, "수준별교실수_20250401": 0, "기타교실수_20250401": 0, "전체교실수_20250401": 27, "학생수_일반교실_20250401": 17.333333333333332, "학생수_전체교실_20250401": 11.555555555555555, "학급당학생수_20251001_계산": 16.611111111111111, "교원1인당학생수_20251001_계산": 9.6451612903225801, "학교짧은키": "양성초" }, "geometry": { "type": "Point", "coordinates": [ 129.0660942, 35.17035507 ] } },
{ "type": "Feature", "properties": { "학교코드(KEDI)": "213021460", "학교명_20251001": "양정초등학교", "행정구_20251001": "부산진구", "학교명키": "양정초등학교", "행정구키": "부산진구", "위도": 35.17493498, "경도": 129.0704392, "소재지도로명주소": "부산광역시 부산진구 중앙대로941번길 24", "설립_20251001": "공립", "지역규모_20251001": "특별/광역시", "주소_20251001": "부산광역시 부산진구 중앙대로941번길 24(양정동. 양정초등학교)", "학생수_20251001": 776, "학급수_20251001": 41, "교원수_20251001": 58, "학급당학생수_20251001_공시": 18.9, "교원1인당학생수_20251001_공시": 13.4, "부산교육청_기준학생수_정책2026": 240, "학생수기준_충족_정책2026": false, "정책적용대상_공립_정책2026": true, "주분석대상_소규모공립_정책2026": false, "학생수_20250401_1학년": 115.0, "학급수_20250401_1학년": 6.0, "학생수_20250401_2학년": 110.0, "학급수_20250401_2학년": 6.0, "학생수_20250401_3학년": 130.0, "학급수_20250401_3학년": 7.0, "학생수_20250401_4학년": 151.0, "학급수_20250401_4학년": 8.0, "학생수_20250401_5학년": 140.0, "학급수_20250401_5학년": 8.0, "학생수_20250401_6학년": 101.0, "학급수_20250401_6학년": 6.0, "학생수_20250401_반합계": 747.0, "학급수_20250401_반합계": 41.0, "조사기준일_데이터3": 20250401, "학생수_20250401_학교총계": 747, "학급수_20250401_학교총계": 41, "교지면적_20250401": 15003, "학생1인당교지면적_20250401_공시": 20.1, "일반교실수_20250401": 42, "교과교실수_20250401": 0, "특별교실수_20250401": 16, "수준별교실수_20250401": 0, "기타교실수_20250401": 0, "전체교실수_20250401": 58, "학생수_일반교실_20250401": 17.785714285714285, "학생수_전체교실_20250401": 12.879310344827585, "학급당학생수_20251001_계산": 18.926829268292682, "교원1인당학생수_20251001_계산": 13.379310344827585, "학교짧은키": "양정초" }, "geometry": { "type": "Point", "coordinates": [ 129.07043920000001, 35.17493498000001 ] } },
{ "type": "Feature", "properties": { "학교코드(KEDI)": "213021478", "학교명_20251001": "연지초등학교", "행정구_20251001": "부산진구", "학교명키": "연지초등학교", "행정구키": "부산진구", "위도": 35.1727095, "경도": 129.0521377, "소재지도로명주소": "부산광역시 부산진구 연지로 29", "설립_20251001": "공립", "지역규모_20251001": "특별/광역시", "주소_20251001": "부산광역시 부산진구 연지로 29. 연지초등학교 (연지동)", "학생수_20251001": 1286, "학급수_20251001": 56, "교원수_20251001": 84, "학급당학생수_20251001_공시": 23.0, "교원1인당학생수_20251001_공시": 15.3, "부산교육청_기준학생수_정책2026": 240, "학생수기준_충족_정책2026": false, "정책적용대상_공립_정책2026": true, "주분석대상_소규모공립_정책2026": false, "학생수_20250401_1학년": 191.0, "학급수_20250401_1학년": 9.0, "학생수_20250401_2학년": 208.0, "학급수_20250401_2학년": 9.0, "학생수_20250401_3학년": 230.0, "학급수_20250401_3학년": 11.0, "학생수_20250401_4학년": 244.0, "학급수_20250401_4학년": 10.0, "학생수_20250401_5학년": 212.0, "학급수_20250401_5학년": 9.0, "학생수_20250401_6학년": 202.0, "학급수_20250401_6학년": 8.0, "학생수_20250401_반합계": 1287.0, "학급수_20250401_반합계": 56.0, "조사기준일_데이터3": 20250401, "학생수_20250401_학교총계": 1287, "학급수_20250401_학교총계": 56, "교지면적_20250401": 12690, "학생1인당교지면적_20250401_공시": 9.9, "일반교실수_20250401": 56, "교과교실수_20250401": 3, "특별교실수_20250401": 6, "수준별교실수_20250401": 0, "기타교실수_20250401": 4, "전체교실수_20250401": 69, "학생수_일반교실_20250401": 22.982142857142858, "학생수_전체교실_20250401": 18.652173913043477, "학급당학생수_20251001_계산": 22.964285714285715, "교원1인당학생수_20251001_계산": 15.30952380952381, "학교짧은키": "연지초" }, "geometry": { "type": "Point", "coordinates": [ 129.0521377, 35.1727095 ] } },
{ "type": "Feature", "properties": { "학교코드(KEDI)": "213021484", "학교명_20251001": "연학초등학교", "행정구_20251001": "부산진구", "학교명키": "연학초등학교", "행정구키": "부산진구", "위도": 35.17640628, "경도": 129.04662, "소재지도로명주소": "부산광역시 부산진구 초읍천로43번길 6", "설립_20251001": "공립", "지역규모_20251001": "특별/광역시", "주소_20251001": "부산광역시 부산진구 초읍천로 43번길. 10 (초읍동) 연학초등학교", "학생수_20251001": 355, "학급수_20251001": 18, "교원수_20251001": 26, "학급당학생수_20251001_공시": 19.7, "교원1인당학생수_20251001_공시": 13.7, "부산교육청_기준학생수_정책2026": 240, "학생수기준_충족_정책2026": false, "정책적용대상_공립_정책2026": true, "주분석대상_소규모공립_정책2026": false, "학생수_20250401_1학년": 52.0, "학급수_20250401_1학년": 3.0, "학생수_20250401_2학년": 64.0, "학급수_20250401_2학년": 4.0, "학생수_20250401_3학년": 78.0, "학급수_20250401_3학년": 3.0, "학생수_20250401_4학년": 61.0, "학급수_20250401_4학년": 3.0, "학생수_20250401_5학년": 69.0, "학급수_20250401_5학년": 3.0, "학생수_20250401_6학년": 39.0, "학급수_20250401_6학년": 2.0, "학생수_20250401_반합계": 363.0, "학급수_20250401_반합계": 18.0, "조사기준일_데이터3": 20250401, "학생수_20250401_학교총계": 363, "학급수_20250401_학교총계": 18, "교지면적_20250401": 6045, "학생1인당교지면적_20250401_공시": 16.7, "일반교실수_20250401": 17, "교과교실수_20250401": 0, "특별교실수_20250401": 7, "수준별교실수_20250401": 0, "기타교실수_20250401": 3, "전체교실수_20250401": 27, "학생수_일반교실_20250401": 21.352941176470587, "학생수_전체교실_20250401": 13.444444444444445, "학급당학생수_20251001_계산": 19.722222222222221, "교원1인당학생수_20251001_계산": 13.653846153846153, "학교짧은키": "연학초" }, "geometry": { "type": "Point", "coordinates": [ 129.04662, 35.17640628 ] } },
{ "type": "Feature", "properties": { "학교코드(KEDI)": "213021490", "학교명_20251001": "전포초등학교", "행정구_20251001": "부산진구", "학교명키": "전포초등학교", "행정구키": "부산진구", "위도": 35.15945713, "경도": 129.0633316, "소재지도로명주소": "부산광역시 부산진구 전포대로255번길 38", "설립_20251001": "공립", "지역규모_20251001": "특별/광역시", "주소_20251001": "부산광역시 부산진구 전포대로255번길 38(전포동. 전포초등학교)", "학생수_20251001": 348, "학급수_20251001": 21, "교원수_20251001": 30, "학급당학생수_20251001_공시": 16.6, "교원1인당학생수_20251001_공시": 11.6, "부산교육청_기준학생수_정책2026": 240, "학생수기준_충족_정책2026": false, "정책적용대상_공립_정책2026": true, "주분석대상_소규모공립_정책2026": false, "학생수_20250401_1학년": 44.0, "학급수_20250401_1학년": 3.0, "학생수_20250401_2학년": 67.0, "학급수_20250401_2학년": 4.0, "학생수_20250401_3학년": 65.0, "학급수_20250401_3학년": 3.0, "학생수_20250401_4학년": 57.0, "학급수_20250401_4학년": 4.0, "학생수_20250401_5학년": 60.0, "학급수_20250401_5학년": 3.0, "학생수_20250401_6학년": 59.0, "학급수_20250401_6학년": 4.0, "학생수_20250401_반합계": 352.0, "학급수_20250401_반합계": 21.0, "조사기준일_데이터3": 20250401, "학생수_20250401_학교총계": 352, "학급수_20250401_학교총계": 21, "교지면적_20250401": 10167, "학생1인당교지면적_20250401_공시": 28.9, "일반교실수_20250401": 21, "교과교실수_20250401": 0, "특별교실수_20250401": 14, "수준별교실수_20250401": 0, "기타교실수_20250401": 13, "전체교실수_20250401": 48, "학생수_일반교실_20250401": 16.761904761904763, "학생수_전체교실_20250401": 7.333333333333333, "학급당학생수_20251001_계산": 16.571428571428573, "교원1인당학생수_20251001_계산": 11.6, "학교짧은키": "전포초" }, "geometry": { "type": "Point", "coordinates": [ 129.0633316, 35.15945713 ] } },
{ "type": "Feature", "properties": { "학교코드(KEDI)": "213021502", "학교명_20251001": "주례초등학교", "행정구_20251001": "부산진구", "학교명키": "주례초등학교", "행정구키": "부산진구", "위도": 35.14579457, "경도": 129.0194516, "소재지도로명주소": "부산광역시 부산진구 진사로61번길 28-7", "설립_20251001": "공립", "지역규모_20251001": "특별/광역시", "주소_20251001": "부산광역시 부산진구 진사로61번길 28-7(개금동. 주례초등학교)", "학생수_20251001": 299, "학급수_20251001": 17, "교원수_20251001": 29, "학급당학생수_20251001_공시": 17.6, "교원1인당학생수_20251001_공시": 10.3, "부산교육청_기준학생수_정책2026": 240, "학생수기준_충족_정책2026": false, "정책적용대상_공립_정책2026": true, "주분석대상_소규모공립_정책2026": false, "학생수_20250401_1학년": 39.0, "학급수_20250401_1학년": 2.0, "학생수_20250401_2학년": 48.0, "학급수_20250401_2학년": 4.0, "학생수_20250401_3학년": 46.0, "학급수_20250401_3학년": 2.0, "학생수_20250401_4학년": 71.0, "학급수_20250401_4학년": 4.0, "학생수_20250401_5학년": 49.0, "학급수_20250401_5학년": 3.0, "학생수_20250401_6학년": 49.0, "학급수_20250401_6학년": 2.0, "학생수_20250401_반합계": 302.0, "학급수_20250401_반합계": 17.0, "조사기준일_데이터3": 20250401, "학생수_20250401_학교총계": 302, "학급수_20250401_학교총계": 17, "교지면적_20250401": 13482, "학생1인당교지면적_20250401_공시": 44.6, "일반교실수_20250401": 27, "교과교실수_20250401": 0, "특별교실수_20250401": 10, "수준별교실수_20250401": 0, "기타교실수_20250401": 1, "전체교실수_20250401": 38, "학생수_일반교실_20250401": 11.185185185185185, "학생수_전체교실_20250401": 7.9473684210526319, "학급당학생수_20251001_계산": 17.588235294117649, "교원1인당학생수_20251001_계산": 10.310344827586206, "학교짧은키": "주례초" }, "geometry": { "type": "Point", "coordinates": [ 129.0194516, 35.14579457 ] } },
{ "type": "Feature", "properties": { "학교코드(KEDI)": "213021526", "학교명_20251001": "초읍초등학교", "행정구_20251001": "부산진구", "학교명키": "초읍초등학교", "행정구키": "부산진구", "위도": 35.18074608, "경도": 129.0539727, "소재지도로명주소": "부산광역시 부산진구 성지로104번길 26", "설립_20251001": "공립", "지역규모_20251001": "특별/광역시", "주소_20251001": "부산광역시 부산진구 성지로104번길 26(초읍동. 초읍초등학교)", "학생수_20251001": 425, "학급수_20251001": 22, "교원수_20251001": 32, "학급당학생수_20251001_공시": 19.3, "교원1인당학생수_20251001_공시": 13.3, "부산교육청_기준학생수_정책2026": 240, "학생수기준_충족_정책2026": false, "정책적용대상_공립_정책2026": true, "주분석대상_소규모공립_정책2026": false, "학생수_20250401_1학년": 53.0, "학급수_20250401_1학년": 3.0, "학생수_20250401_2학년": 65.0, "학급수_20250401_2학년": 3.0, "학생수_20250401_3학년": 73.0, "학급수_20250401_3학년": 4.0, "학생수_20250401_4학년": 76.0, "학급수_20250401_4학년": 4.0, "학생수_20250401_5학년": 70.0, "학급수_20250401_5학년": 4.0, "학생수_20250401_6학년": 86.0, "학급수_20250401_6학년": 4.0, "학생수_20250401_반합계": 423.0, "학급수_20250401_반합계": 22.0, "조사기준일_데이터3": 20250401, "학생수_20250401_학교총계": 423, "학급수_20250401_학교총계": 22, "교지면적_20250401": 16374, "학생1인당교지면적_20250401_공시": 38.7, "일반교실수_20250401": 22, "교과교실수_20250401": 0, "특별교실수_20250401": 6, "수준별교실수_20250401": 0, "기타교실수_20250401": 1, "전체교실수_20250401": 29, "학생수_일반교실_20250401": 19.227272727272727, "학생수_전체교실_20250401": 14.586206896551724, "학급당학생수_20251001_계산": 19.318181818181817, "교원1인당학생수_20251001_계산": 13.28125, "학교짧은키": "초읍초" }, "geometry": { "type": "Point", "coordinates": [ 129.0539727, 35.18074608 ] } },
{ "type": "Feature", "properties": { "학교코드(KEDI)": "215021136", "학교명_20251001": "구남초등학교", "행정구_20251001": "북구", "학교명키": "구남초등학교", "행정구키": "북구", "위도": 35.20029222, "경도": 128.99357, "소재지도로명주소": "부산광역시 북구 구남로14번가길 23", "설립_20251001": "공립", "지역규모_20251001": "특별/광역시", "주소_20251001": "부산광역시 북구 구남로14번가길 23(구포동.구남초등학교)", "학생수_20251001": 410, "학급수_20251001": 22, "교원수_20251001": 32, "학급당학생수_20251001_공시": 18.6, "교원1인당학생수_20251001_공시": 12.8, "부산교육청_기준학생수_정책2026": 240, "학생수기준_충족_정책2026": false, "정책적용대상_공립_정책2026": true, "주분석대상_소규모공립_정책2026": false, "학생수_20250401_1학년": 70.0, "학급수_20250401_1학년": 4.0, "학생수_20250401_2학년": 41.0, "학급수_20250401_2학년": 2.0, "학생수_20250401_3학년": 65.0, "학급수_20250401_3학년": 4.0, "학생수_20250401_4학년": 80.0, "학급수_20250401_4학년": 5.0, "학생수_20250401_5학년": 70.0, "학급수_20250401_5학년": 3.0, "학생수_20250401_6학년": 76.0, "학급수_20250401_6학년": 4.0, "학생수_20250401_반합계": 402.0, "학급수_20250401_반합계": 22.0, "조사기준일_데이터3": 20250401, "학생수_20250401_학교총계": 402, "학급수_20250401_학교총계": 22, "교지면적_20250401": 13293, "학생1인당교지면적_20250401_공시": 33.1, "일반교실수_20250401": 28, "교과교실수_20250401": 3, "특별교실수_20250401": 20, "수준별교실수_20250401": 0, "기타교실수_20250401": 0, "전체교실수_20250401": 51, "학생수_일반교실_20250401": 14.357142857142858, "학생수_전체교실_20250401": 7.882352941176471, "학급당학생수_20251001_계산": 18.636363636363637, "교원1인당학생수_20251001_계산": 12.8125, "학교짧은키": "구남초" }, "geometry": { "type": "Point", "coordinates": [ 128.99357, 35.20029222 ] } },
{ "type": "Feature", "properties": { "학교코드(KEDI)": "215021145", "학교명_20251001": "구포초등학교", "행정구_20251001": "북구", "학교명키": "구포초등학교", "행정구키": "북구", "위도": 35.20272144, "경도": 129.0006961, "소재지도로명주소": "부산광역시 북구 백양대로1124번길 20", "설립_20251001": "공립", "지역규모_20251001": "특별/광역시", "주소_20251001": "부산광역시 북구 백양대로1124번길 20(구포동. 구포초등학교)", "학생수_20251001": 545, "학급수_20251001": 31, "교원수_20251001": 43, "학급당학생수_20251001_공시": 17.6, "교원1인당학생수_20251001_공시": 12.7, "부산교육청_기준학생수_정책2026": 240, "학생수기준_충족_정책2026": false, "정책적용대상_공립_정책2026": true, "주분석대상_소규모공립_정책2026": false, "학생수_20250401_1학년": 102.0, "학급수_20250401_1학년": 6.0, "학생수_20250401_2학년": 85.0, "학급수_20250401_2학년": 5.0, "학생수_20250401_3학년": 120.0, "학급수_20250401_3학년": 7.0, "학생수_20250401_4학년": 96.0, "학급수_20250401_4학년": 5.0, "학생수_20250401_5학년": 85.0, "학급수_20250401_5학년": 4.0, "학생수_20250401_6학년": 68.0, "학급수_20250401_6학년": 4.0, "학생수_20250401_반합계": 556.0, "학급수_20250401_반합계": 31.0, "조사기준일_데이터3": 20250401, "학생수_20250401_학교총계": 556, "학급수_20250401_학교총계": 31, "교지면적_20250401": 14977, "학생1인당교지면적_20250401_공시": 26.9, "일반교실수_20250401": 31, "교과교실수_20250401": 2, "특별교실수_20250401": 4, "수준별교실수_20250401": 0, "기타교실수_20250401": 0, "전체교실수_20250401": 37, "학생수_일반교실_20250401": 17.93548387096774, "학생수_전체교실_20250401": 15.027027027027026, "학급당학생수_20251001_계산": 17.580645161290324, "교원1인당학생수_20251001_계산": 12.674418604651162, "학교짧은키": "구포초" }, "geometry": { "type": "Point", "coordinates": [ 129.0006961, 35.20272144 ] } },
{ "type": "Feature", "properties": { "학교코드(KEDI)": "215021163", "학교명_20251001": "금곡초등학교", "행정구_20251001": "북구", "학교명키": "금곡초등학교", "행정구키": "북구", "위도": 35.26181709, "경도": 129.0170467, "소재지도로명주소": "부산광역시 북구 효열로 174", "설립_20251001": "공립", "지역규모_20251001": "특별/광역시", "주소_20251001": "부산광역시 북구 효열로 174. 금곡초등학교 (금곡동)", "학생수_20251001": 271, "학급수_20251001": 14, "교원수_20251001": 23, "학급당학생수_20251001_공시": 19.4, "교원1인당학생수_20251001_공시": 11.8, "부산교육청_기준학생수_정책2026": 240, "학생수기준_충족_정책2026": false, "정책적용대상_공립_정책2026": true, "주분석대상_소규모공립_정책2026": false, "학생수_20250401_1학년": 35.0, "학급수_20250401_1학년": 3.0, "학생수_20250401_2학년": 50.0, "학급수_20250401_2학년": 3.0, "학생수_20250401_3학년": 42.0, "학급수_20250401_3학년": 2.0, "학생수_20250401_4학년": 54.0, "학급수_20250401_4학년": 2.0, "학생수_20250401_5학년": 47.0, "학급수_20250401_5학년": 2.0, "학생수_20250401_6학년": 50.0, "학급수_20250401_6학년": 2.0, "학생수_20250401_반합계": 278.0, "학급수_20250401_반합계": 14.0, "조사기준일_데이터3": 20250401, "학생수_20250401_학교총계": 278, "학급수_20250401_학교총계": 14, "교지면적_20250401": 11201, "학생1인당교지면적_20250401_공시": 40.3, "일반교실수_20250401": 18, "교과교실수_20250401": 2, "특별교실수_20250401": 7, "수준별교실수_20250401": 4, "기타교실수_20250401": 3, "전체교실수_20250401": 34, "학생수_일반교실_20250401": 15.444444444444445, "학생수_전체교실_20250401": 8.1764705882352935, "학급당학생수_20251001_계산": 19.357142857142858, "교원1인당학생수_20251001_계산": 11.782608695652174, "학교짧은키": "금곡초" }, "geometry": { "type": "Point", "coordinates": [ 129.0170467, 35.26181709 ] } },
{ "type": "Feature", "properties": { "학교코드(KEDI)": "215021165", "학교명_20251001": "금명초등학교", "행정구_20251001": "북구", "학교명키": "금명초등학교", "행정구키": "북구", "위도": 35.24171504, "경도": 129.0109953, "소재지도로명주소": "부산광역시 북구 화명신도시로 197", "설립_20251001": "공립", "지역규모_20251001": "특별/광역시", "주소_20251001": "부산광역시 북구 화명신도시로 197(금곡동. 금명초등학교)", "학생수_20251001": 471, "학급수_20251001": 22, "교원수_20251001": 36, "학급당학생수_20251001_공시": 21.4, "교원1인당학생수_20251001_공시": 13.1, "부산교육청_기준학생수_정책2026": 240, "학생수기준_충족_정책2026": false, "정책적용대상_공립_정책2026": true, "주분석대상_소규모공립_정책2026": false, "학생수_20250401_1학년": 70.0, "학급수_20250401_1학년": 4.0, "학생수_20250401_2학년": 59.0, "학급수_20250401_2학년": 3.0, "학생수_20250401_3학년": 71.0, "학급수_20250401_3학년": 3.0, "학생수_20250401_4학년": 89.0, "학급수_20250401_4학년": 4.0, "학생수_20250401_5학년": 91.0, "학급수_20250401_5학년": 4.0, "학생수_20250401_6학년": 95.0, "학급수_20250401_6학년": 4.0, "학생수_20250401_반합계": 475.0, "학급수_20250401_반합계": 22.0, "조사기준일_데이터3": 20250401, "학생수_20250401_학교총계": 475, "학급수_20250401_학교총계": 22, "교지면적_20250401": 11005, "학생1인당교지면적_20250401_공시": 23.2, "일반교실수_20250401": 25, "교과교실수_20250401": 4, "특별교실수_20250401": 10, "수준별교실수_20250401": 0, "기타교실수_20250401": 0, "전체교실수_20250401": 39, "학생수_일반교실_20250401": 19.0, "학생수_전체교실_20250401": 12.179487179487179, "학급당학생수_20251001_계산": 21.40909090909091, "교원1인당학생수_20251001_계산": 13.083333333333334, "학교짧은키": "금명초" }, "geometry": { "type": "Point", "coordinates": [ 129.0109953, 35.24171504 ] } },
{ "type": "Feature", "properties": { "학교코드(KEDI)": "215021172", "학교명_20251001": "금창초등학교", "행정구_20251001": "북구", "학교명키": "금창초등학교", "행정구키": "북구", "위도": 35.26569046, "경도": 129.0197456, "소재지도로명주소": "부산광역시 북구 효열로235번길 14", "설립_20251001": "공립", "지역규모_20251001": "특별/광역시", "주소_20251001": "부산광역시 북구 효열로235번길 14(금곡동. 금창초등학교)", "학생수_20251001": 111, "학급수_20251001": 10, "교원수_20251001": 16, "학급당학생수_20251001_공시": 11.1, "교원1인당학생수_20251001_공시": 6.9, "부산교육청_기준학생수_정책2026": 240, "학생수기준_충족_정책2026": true, "정책적용대상_공립_정책2026": true, "주분석대상_소규모공립_정책2026": true, "학생수_20250401_1학년": 15.0, "학급수_20250401_1학년": 2.0, "학생수_20250401_2학년": 6.0, "학급수_20250401_2학년": 1.0, "학생수_20250401_3학년": 25.0, "학급수_20250401_3학년": 2.0, "학생수_20250401_4학년": 17.0, "학급수_20250401_4학년": 1.0, "학생수_20250401_5학년": 27.0, "학급수_20250401_5학년": 2.0, "학생수_20250401_6학년": 23.0, "학급수_20250401_6학년": 2.0, "학생수_20250401_반합계": 113.0, "학급수_20250401_반합계": 10.0, "조사기준일_데이터3": 20250401, "학생수_20250401_학교총계": 113, "학급수_20250401_학교총계": 10, "교지면적_20250401": 11222, "학생1인당교지면적_20250401_공시": 99.3, "일반교실수_20250401": 12, "교과교실수_20250401": 2, "특별교실수_20250401": 5, "수준별교실수_20250401": 0, "기타교실수_20250401": 7, "전체교실수_20250401": 26, "학생수_일반교실_20250401": 9.4166666666666661, "학생수_전체교실_20250401": 4.3461538461538458, "학급당학생수_20251001_계산": 11.1, "교원1인당학생수_20251001_계산": 6.9375, "학교짧은키": "금창초" }, "geometry": { "type": "Point", "coordinates": [ 129.0197456, 35.26569046 ] } },
{ "type": "Feature", "properties": { "학교코드(KEDI)": "215021235", "학교명_20251001": "대천리초등학교", "행정구_20251001": "북구", "학교명키": "대천리초등학교", "행정구키": "북구", "위도": 35.2424129, "경도": 129.0226389, "소재지도로명주소": "부산광역시 북구 산성로 87-10", "설립_20251001": "공립", "지역규모_20251001": "특별/광역시", "주소_20251001": "부산광역시 북구 산성로 87-10. 대천리초등학교 (화명동)", "학생수_20251001": 198, "학급수_20251001": 12, "교원수_20251001": 18, "학급당학생수_20251001_공시": 16.5, "교원1인당학생수_20251001_공시": 11.0, "부산교육청_기준학생수_정책2026": 240, "학생수기준_충족_정책2026": true, "정책적용대상_공립_정책2026": true, "주분석대상_소규모공립_정책2026": true, "학생수_20250401_1학년": 21.0, "학급수_20250401_1학년": 1.0, "학생수_20250401_2학년": 21.0, "학급수_20250401_2학년": 2.0, "학생수_20250401_3학년": 38.0, "학급수_20250401_3학년": 3.0, "학생수_20250401_4학년": 46.0, "학급수_20250401_4학년": 2.0, "학생수_20250401_5학년": 37.0, "학급수_20250401_5학년": 2.0, "학생수_20250401_6학년": 35.0, "학급수_20250401_6학년": 2.0, "학생수_20250401_반합계": 198.0, "학급수_20250401_반합계": 12.0, "조사기준일_데이터3": 20250401, "학생수_20250401_학교총계": 198, "학급수_20250401_학교총계": 12, "교지면적_20250401": 11657, "학생1인당교지면적_20250401_공시": 58.9, "일반교실수_20250401": 13, "교과교실수_20250401": 2, "특별교실수_20250401": 4, "수준별교실수_20250401": 0, "기타교실수_20250401": 0, "전체교실수_20250401": 19, "학생수_일반교실_20250401": 15.23076923076923, "학생수_전체교실_20250401": 10.421052631578947, "학급당학생수_20251001_계산": 16.5, "교원1인당학생수_20251001_계산": 11.0, "학교짧은키": "대천리초" }, "geometry": { "type": "Point", "coordinates": [ 129.0226389, 35.2424129 ] } },
{ "type": "Feature", "properties": { "학교코드(KEDI)": "215021271", "학교명_20251001": "덕성초등학교", "행정구_20251001": "북구", "학교명키": "덕성초등학교", "행정구키": "북구", "위도": 35.21321919, "경도": 129.0079893, "소재지도로명주소": "부산광역시 북구 만덕대로39번길 45", "설립_20251001": "공립", "지역규모_20251001": "특별/광역시", "주소_20251001": "부산광역시 북구 만덕대로39번길 45. 덕성초등학교 (덕천동)", "학생수_20251001": 327, "학급수_20251001": 19, "교원수_20251001": 30, "학급당학생수_20251001_공시": 17.2, "교원1인당학생수_20251001_공시": 10.9, "부산교육청_기준학생수_정책2026": 240, "학생수기준_충족_정책2026": false, "정책적용대상_공립_정책2026": true, "주분석대상_소규모공립_정책2026": false, "학생수_20250401_1학년": 65.0, "학급수_20250401_1학년": 3.0, "학생수_20250401_2학년": 54.0, "학급수_20250401_2학년": 3.0, "학생수_20250401_3학년": 56.0, "학급수_20250401_3학년": 3.0, "학생수_20250401_4학년": 58.0, "학급수_20250401_4학년": 4.0, "학생수_20250401_5학년": 55.0, "학급수_20250401_5학년": 3.0, "학생수_20250401_6학년": 41.0, "학급수_20250401_6학년": 3.0, "학생수_20250401_반합계": 329.0, "학급수_20250401_반합계": 19.0, "조사기준일_데이터3": 20250401, "학생수_20250401_학교총계": 329, "학급수_20250401_학교총계": 19, "교지면적_20250401": 9914, "학생1인당교지면적_20250401_공시": 30.1, "일반교실수_20250401": 22, "교과교실수_20250401": 2, "특별교실수_20250401": 10, "수준별교실수_20250401": 0, "기타교실수_20250401": 7, "전체교실수_20250401": 41, "학생수_일반교실_20250401": 14.954545454545455, "학생수_전체교실_20250401": 8.0243902439024382, "학급당학생수_20251001_계산": 17.210526315789473, "교원1인당학생수_20251001_계산": 10.9, "학교짧은키": "덕성초" }, "geometry": { "type": "Point", "coordinates": [ 129.0079893, 35.21321919 ] } },
{ "type": "Feature", "properties": { "학교코드(KEDI)": "215021274", "학교명_20251001": "덕양초등학교", "행정구_20251001": "북구", "학교명키": "덕양초등학교", "행정구키": "북구", "위도": 35.2092991, "경도": 129.0230937, "소재지도로명주소": "부산광역시 북구 함박봉로 42", "설립_20251001": "공립", "지역규모_20251001": "특별/광역시", "주소_20251001": "부산광역시 북구 함박봉로 42(만덕동. 덕양초등학교)", "학생수_20251001": 328, "학급수_20251001": 17, "교원수_20251001": 27, "학급당학생수_20251001_공시": 19.3, "교원1인당학생수_20251001_공시": 12.1, "부산교육청_기준학생수_정책2026": 240, "학생수기준_충족_정책2026": false, "정책적용대상_공립_정책2026": true, "주분석대상_소규모공립_정책2026": false, "학생수_20250401_1학년": 38.0, "학급수_20250401_1학년": 2.0, "학생수_20250401_2학년": 46.0, "학급수_20250401_2학년": 2.0, "학생수_20250401_3학년": 50.0, "학급수_20250401_3학년": 3.0, "학생수_20250401_4학년": 70.0, "학급수_20250401_4학년": 4.0, "학생수_20250401_5학년": 62.0, "학급수_20250401_5학년": 3.0, "학생수_20250401_6학년": 75.0, "학급수_20250401_6학년": 3.0, "학생수_20250401_반합계": 341.0, "학급수_20250401_반합계": 17.0, "조사기준일_데이터3": 20250401, "학생수_20250401_학교총계": 341, "학급수_20250401_학교총계": 17, "교지면적_20250401": 4782, "학생1인당교지면적_20250401_공시": 14.0, "일반교실수_20250401": 20, "교과교실수_20250401": 2, "특별교실수_20250401": 7, "수준별교실수_20250401": 0, "기타교실수_20250401": 17, "전체교실수_20250401": 46, "학생수_일반교실_20250401": 17.05, "학생수_전체교실_20250401": 7.4130434782608692, "학급당학생수_20251001_계산": 19.294117647058822, "교원1인당학생수_20251001_계산": 12.148148148148149, "학교짧은키": "덕양초" }, "geometry": { "type": "Point", "coordinates": [ 129.0230937, 35.2092991 ] } },
{ "type": "Feature", "properties": { "학교코드(KEDI)": "215021280", "학교명_20251001": "덕천초등학교", "행정구_20251001": "북구", "학교명키": "덕천초등학교", "행정구키": "북구", "위도": 35.20843594, "경도": 129.0067754, "소재지도로명주소": "부산광역시 북구 덕천2길 10", "설립_20251001": "공립", "지역규모_20251001": "특별/광역시", "주소_20251001": "부산광역시 북구 덕천2길 10(구포동. 덕천초등학교)", "학생수_20251001": 81, "학급수_20251001": 7, "교원수_20251001": 13, "학급당학생수_20251001_공시": 11.6, "교원1인당학생수_20251001_공시": 6.2, "부산교육청_기준학생수_정책2026": 240, "학생수기준_충족_정책2026": true, "정책적용대상_공립_정책2026": true, "주분석대상_소규모공립_정책2026": true, "학생수_20250401_1학년": 13.0, "학급수_20250401_1학년": 1.0, "학생수_20250401_2학년": 12.0, "학급수_20250401_2학년": 2.0, "학생수_20250401_3학년": 14.0, "학급수_20250401_3학년": 1.0, "학생수_20250401_4학년": 14.0, "학급수_20250401_4학년": 1.0, "학생수_20250401_5학년": 13.0, "학급수_20250401_5학년": 1.0, "학생수_20250401_6학년": 20.0, "학급수_20250401_6학년": 1.0, "학생수_20250401_반합계": 86.0, "학급수_20250401_반합계": 7.0, "조사기준일_데이터3": 20250401, "학생수_20250401_학교총계": 86, "학급수_20250401_학교총계": 7, "교지면적_20250401": 22117, "학생1인당교지면적_20250401_공시": 257.2, "일반교실수_20250401": 20, "교과교실수_20250401": 0, "특별교실수_20250401": 10, "수준별교실수_20250401": 0, "기타교실수_20250401": 5, "전체교실수_20250401": 35, "학생수_일반교실_20250401": 4.3, "학생수_전체교실_20250401": 2.4571428571428573, "학급당학생수_20251001_계산": 11.571428571428571, "교원1인당학생수_20251001_계산": 6.2307692307692308, "학교짧은키": "덕천초" }, "geometry": { "type": "Point", "coordinates": [ 129.0067754, 35.20843594 ] } },
{ "type": "Feature", "properties": { "학교코드(KEDI)": "215021307", "학교명_20251001": "만덕초등학교", "행정구_20251001": "북구", "학교명키": "만덕초등학교", "행정구키": "북구", "위도": 35.21504262, "경도": 129.028845, "소재지도로명주소": "부산광역시 북구 만덕1로 72", "설립_20251001": "공립", "지역규모_20251001": "특별/광역시", "주소_20251001": "부산광역시 북구 만덕1로 72(만덕동. 만덕초등학교)", "학생수_20251001": 407, "학급수_20251001": 20, "교원수_20251001": 36, "학급당학생수_20251001_공시": 20.4, "교원1인당학생수_20251001_공시": 11.3, "부산교육청_기준학생수_정책2026": 240, "학생수기준_충족_정책2026": false, "정책적용대상_공립_정책2026": true, "주분석대상_소규모공립_정책2026": false, "학생수_20250401_1학년": 64.0, "학급수_20250401_1학년": 3.0, "학생수_20250401_2학년": 76.0, "학급수_20250401_2학년": 4.0, "학생수_20250401_3학년": 83.0, "학급수_20250401_3학년": 4.0, "학생수_20250401_4학년": 59.0, "학급수_20250401_4학년": 3.0, "학생수_20250401_5학년": 57.0, "학급수_20250401_5학년": 3.0, "학생수_20250401_6학년": 72.0, "학급수_20250401_6학년": 3.0, "학생수_20250401_반합계": 411.0, "학급수_20250401_반합계": 20.0, "조사기준일_데이터3": 20250401, "학생수_20250401_학교총계": 411, "학급수_20250401_학교총계": 20, "교지면적_20250401": 20459, "학생1인당교지면적_20250401_공시": 49.8, "일반교실수_20250401": 20, "교과교실수_20250401": 1, "특별교실수_20250401": 4, "수준별교실수_20250401": 0, "기타교실수_20250401": 1, "전체교실수_20250401": 26, "학생수_일반교실_20250401": 20.55, "학생수_전체교실_20250401": 15.807692307692308, "학급당학생수_20251001_계산": 20.35, "교원1인당학생수_20251001_계산": 11.305555555555555, "학교짧은키": "만덕초" }, "geometry": { "type": "Point", "coordinates": [ 129.028845, 35.21504262 ] } },
{ "type": "Feature", "properties": { "학교코드(KEDI)": "215021316", "학교명_20251001": "명덕초등학교", "행정구_20251001": "북구", "학교명키": "명덕초등학교", "행정구키": "북구", "위도": 35.22545957, "경도": 129.0118111, "소재지도로명주소": "부산광역시 북구 금곡대로186번길 43", "설립_20251001": "공립", "지역규모_20251001": "특별/광역시", "주소_20251001": "부산광역시 북구 금곡대로186번길 43(화명동. 명덕초등학교)", "학생수_20251001": 642, "학급수_20251001": 30, "교원수_20251001": 49, "학급당학생수_20251001_공시": 21.4, "교원1인당학생수_20251001_공시": 13.1, "부산교육청_기준학생수_정책2026": 240, "학생수기준_충족_정책2026": false, "정책적용대상_공립_정책2026": true, "주분석대상_소규모공립_정책2026": false, "학생수_20250401_1학년": 84.0, "학급수_20250401_1학년": 5.0, "학생수_20250401_2학년": 106.0, "학급수_20250401_2학년": 5.0, "학생수_20250401_3학년": 110.0, "학급수_20250401_3학년": 5.0, "학생수_20250401_4학년": 125.0, "학급수_20250401_4학년": 5.0, "학생수_20250401_5학년": 109.0, "학급수_20250401_5학년": 5.0, "학생수_20250401_6학년": 110.0, "학급수_20250401_6학년": 5.0, "학생수_20250401_반합계": 644.0, "학급수_20250401_반합계": 30.0, "조사기준일_데이터3": 20250401, "학생수_20250401_학교총계": 644, "학급수_20250401_학교총계": 30, "교지면적_20250401": 13035, "학생1인당교지면적_20250401_공시": 20.2, "일반교실수_20250401": 33, "교과교실수_20250401": 4, "특별교실수_20250401": 9, "수준별교실수_20250401": 0, "기타교실수_20250401": 3, "전체교실수_20250401": 49, "학생수_일반교실_20250401": 19.515151515151516, "학생수_전체교실_20250401": 13.142857142857142, "학급당학생수_20251001_계산": 21.4, "교원1인당학생수_20251001_계산": 13.102040816326531, "학교짧은키": "명덕초" }, "geometry": { "type": "Point", "coordinates": [ 129.011811099999989, 35.22545957 ] } },
{ "type": "Feature", "properties": { "학교코드(KEDI)": "215021326", "학교명_20251001": "명진초등학교", "행정구_20251001": "북구", "학교명키": "명진초등학교", "행정구키": "북구", "위도": 35.23855895, "경도": 129.0104449, "소재지도로명주소": "부산광역시 북구 화명신도시로 159", "설립_20251001": "공립", "지역규모_20251001": "특별/광역시", "주소_20251001": "부산광역시 북구 화명신도시로 159(화명동. 명진초등학교)", "학생수_20251001": 559, "학급수_20251001": 26, "교원수_20251001": 40, "학급당학생수_20251001_공시": 21.5, "교원1인당학생수_20251001_공시": 14.0, "부산교육청_기준학생수_정책2026": 240, "학생수기준_충족_정책2026": false, "정책적용대상_공립_정책2026": true, "주분석대상_소규모공립_정책2026": false, "학생수_20250401_1학년": 74.0, "학급수_20250401_1학년": 4.0, "학생수_20250401_2학년": 87.0, "학급수_20250401_2학년": 4.0, "학생수_20250401_3학년": 90.0, "학급수_20250401_3학년": 4.0, "학생수_20250401_4학년": 106.0, "학급수_20250401_4학년": 5.0, "학생수_20250401_5학년": 113.0, "학급수_20250401_5학년": 5.0, "학생수_20250401_6학년": 90.0, "학급수_20250401_6학년": 4.0, "학생수_20250401_반합계": 560.0, "학급수_20250401_반합계": 26.0, "조사기준일_데이터3": 20250401, "학생수_20250401_학교총계": 560, "학급수_20250401_학교총계": 26, "교지면적_20250401": 10038, "학생1인당교지면적_20250401_공시": 17.9, "일반교실수_20250401": 30, "교과교실수_20250401": 2, "특별교실수_20250401": 3, "수준별교실수_20250401": 1, "기타교실수_20250401": 0, "전체교실수_20250401": 36, "학생수_일반교실_20250401": 18.666666666666668, "학생수_전체교실_20250401": 15.555555555555555, "학급당학생수_20251001_계산": 21.5, "교원1인당학생수_20251001_계산": 13.975, "학교짧은키": "명진초" }, "geometry": { "type": "Point", "coordinates": [ 129.01044490000001, 35.23855895 ] } },
{ "type": "Feature", "properties": { "학교코드(KEDI)": "215021379", "학교명_20251001": "백산초등학교", "행정구_20251001": "북구", "학교명키": "백산초등학교", "행정구키": "북구", "위도": 35.21200432, "경도": 129.032752, "소재지도로명주소": "부산광역시 북구 덕천로259번길 23", "설립_20251001": "공립", "지역규모_20251001": "특별/광역시", "주소_20251001": "부산광역시 북구 덕천로259번길 23(만덕동. 백산초등학교)", "학생수_20251001": 544, "학급수_20251001": 25, "교원수_20251001": 40, "학급당학생수_20251001_공시": 21.8, "교원1인당학생수_20251001_공시": 13.6, "부산교육청_기준학생수_정책2026": 240, "학생수기준_충족_정책2026": false, "정책적용대상_공립_정책2026": true, "주분석대상_소규모공립_정책2026": false, "학생수_20250401_1학년": 58.0, "학급수_20250401_1학년": 3.0, "학생수_20250401_2학년": 91.0, "학급수_20250401_2학년": 4.0, "학생수_20250401_3학년": 95.0, "학급수_20250401_3학년": 5.0, "학생수_20250401_4학년": 100.0, "학급수_20250401_4학년": 4.0, "학생수_20250401_5학년": 94.0, "학급수_20250401_5학년": 4.0, "학생수_20250401_6학년": 108.0, "학급수_20250401_6학년": 5.0, "학생수_20250401_반합계": 546.0, "학급수_20250401_반합계": 25.0, "조사기준일_데이터3": 20250401, "학생수_20250401_학교총계": 546, "학급수_20250401_학교총계": 25, "교지면적_20250401": 15265, "학생1인당교지면적_20250401_공시": 28.0, "일반교실수_20250401": 25, "교과교실수_20250401": 3, "특별교실수_20250401": 6, "수준별교실수_20250401": 0, "기타교실수_20250401": 0, "전체교실수_20250401": 34, "학생수_일반교실_20250401": 21.84, "학생수_전체교실_20250401": 16.058823529411764, "학급당학생수_20251001_계산": 21.76, "교원1인당학생수_20251001_계산": 13.6, "학교짧은키": "백산초" }, "geometry": { "type": "Point", "coordinates": [ 129.032752, 35.21200432 ] } },
{ "type": "Feature", "properties": { "학교코드(KEDI)": "215021388", "학교명_20251001": "백양초등학교", "행정구_20251001": "북구", "학교명키": "백양초등학교", "행정구키": "북구", "위도": 35.20773508, "경도": 129.0344087, "소재지도로명주소": "부산광역시 북구 상리로18번길 12", "설립_20251001": "공립", "지역규모_20251001": "특별/광역시", "주소_20251001": "부산광역시 북구 상리로18번길 12(만덕동. 백양초등학교)", "학생수_20251001": 906, "학급수_20251001": 42, "교원수_20251001": 55, "학급당학생수_20251001_공시": 21.6, "교원1인당학생수_20251001_공시": 16.5, "부산교육청_기준학생수_정책2026": 240, "학생수기준_충족_정책2026": false, "정책적용대상_공립_정책2026": true, "주분석대상_소규모공립_정책2026": false, "학생수_20250401_1학년": 149.0, "학급수_20250401_1학년": 7.0, "학생수_20250401_2학년": 156.0, "학급수_20250401_2학년": 7.0, "학생수_20250401_3학년": 155.0, "학급수_20250401_3학년": 7.0, "학생수_20250401_4학년": 173.0, "학급수_20250401_4학년": 8.0, "학생수_20250401_5학년": 141.0, "학급수_20250401_5학년": 6.0, "학생수_20250401_6학년": 144.0, "학급수_20250401_6학년": 7.0, "학생수_20250401_반합계": 918.0, "학급수_20250401_반합계": 42.0, "조사기준일_데이터3": 20250401, "학생수_20250401_학교총계": 918, "학급수_20250401_학교총계": 42, "교지면적_20250401": 26594, "학생1인당교지면적_20250401_공시": 29.0, "일반교실수_20250401": 42, "교과교실수_20250401": 3, "특별교실수_20250401": 4, "수준별교실수_20250401": 0, "기타교실수_20250401": 0, "전체교실수_20250401": 49, "학생수_일반교실_20250401": 21.857142857142858, "학생수_전체교실_20250401": 18.73469387755102, "학급당학생수_20251001_계산": 21.571428571428573, "교원1인당학생수_20251001_계산": 16.472727272727273, "학교짧은키": "백양초" }, "geometry": { "type": "Point", "coordinates": [ 129.0344087, 35.20773508 ] } },
{ "type": "Feature", "properties": { "학교코드(KEDI)": "215021428", "학교명_20251001": "상학초등학교", "행정구_20251001": "북구", "학교명키": "상학초등학교", "행정구키": "북구", "위도": 35.21867855, "경도": 129.0400208, "소재지도로명주소": "부산광역시 북구 상학산복길 191", "설립_20251001": "공립", "지역규모_20251001": "특별/광역시", "주소_20251001": "부산광역시 북구 상학산복길 191(만덕동. 상학초등학교)", "학생수_20251001": 263, "학급수_20251001": 14, "교원수_20251001": 21, "학급당학생수_20251001_공시": 18.8, "교원1인당학생수_20251001_공시": 12.5, "부산교육청_기준학생수_정책2026": 240, "학생수기준_충족_정책2026": false, "정책적용대상_공립_정책2026": true, "주분석대상_소규모공립_정책2026": false, "학생수_20250401_1학년": 49.0, "학급수_20250401_1학년": 3.0, "학생수_20250401_2학년": 44.0, "학급수_20250401_2학년": 2.0, "학생수_20250401_3학년": 43.0, "학급수_20250401_3학년": 2.0, "학생수_20250401_4학년": 55.0, "학급수_20250401_4학년": 3.0, "학생수_20250401_5학년": 41.0, "학급수_20250401_5학년": 2.0, "학생수_20250401_6학년": 36.0, "학급수_20250401_6학년": 2.0, "학생수_20250401_반합계": 268.0, "학급수_20250401_반합계": 14.0, "조사기준일_데이터3": 20250401, "학생수_20250401_학교총계": 268, "학급수_20250401_학교총계": 14, "교지면적_20250401": 7606, "학생1인당교지면적_20250401_공시": 28.4, "일반교실수_20250401": 13, "교과교실수_20250401": 0, "특별교실수_20250401": 24, "수준별교실수_20250401": 0, "기타교실수_20250401": 0, "전체교실수_20250401": 37, "학생수_일반교실_20250401": 20.615384615384617, "학생수_전체교실_20250401": 7.243243243243243, "학급당학생수_20251001_계산": 18.785714285714285, "교원1인당학생수_20251001_계산": 12.523809523809524, "학교짧은키": "상학초" }, "geometry": { "type": "Point", "coordinates": [ 129.0400208, 35.21867855 ] } },
{ "type": "Feature", "properties": { "학교코드(KEDI)": "215021460", "학교명_20251001": "신금초등학교", "행정구_20251001": "북구", "학교명키": "신금초등학교", "행정구키": "북구", "위도": 35.25086987, "경도": 129.014795, "소재지도로명주소": "부산광역시 북구 효열로 42", "설립_20251001": "공립", "지역규모_20251001": "특별/광역시", "주소_20251001": "부산광역시 북구 효열로 42(금곡동. 신금초등학교)", "학생수_20251001": 244, "학급수_20251001": 15, "교원수_20251001": 26, "학급당학생수_20251001_공시": 16.3, "교원1인당학생수_20251001_공시": 9.4, "부산교육청_기준학생수_정책2026": 240, "학생수기준_충족_정책2026": false, "정책적용대상_공립_정책2026": true, "주분석대상_소규모공립_정책2026": false, "학생수_20250401_1학년": 32.0, "학급수_20250401_1학년": 2.0, "학생수_20250401_2학년": 36.0, "학급수_20250401_2학년": 3.0, "학생수_20250401_3학년": 42.0, "학급수_20250401_3학년": 2.0, "학생수_20250401_4학년": 47.0, "학급수_20250401_4학년": 3.0, "학생수_20250401_5학년": 35.0, "학급수_20250401_5학년": 2.0, "학생수_20250401_6학년": 52.0, "학급수_20250401_6학년": 3.0, "학생수_20250401_반합계": 244.0, "학급수_20250401_반합계": 15.0, "조사기준일_데이터3": 20250401, "학생수_20250401_학교총계": 244, "학급수_20250401_학교총계": 15, "교지면적_20250401": 15398, "학생1인당교지면적_20250401_공시": 63.1, "일반교실수_20250401": 15, "교과교실수_20250401": 3, "특별교실수_20250401": 3, "수준별교실수_20250401": 0, "기타교실수_20250401": 5, "전체교실수_20250401": 26, "학생수_일반교실_20250401": 16.266666666666666, "학생수_전체교실_20250401": 9.384615384615385, "학급당학생수_20251001_계산": 16.266666666666666, "교원1인당학생수_20251001_계산": 9.384615384615385, "학교짧은키": "신금초" }, "geometry": { "type": "Point", "coordinates": [ 129.014795, 35.25086987000001 ] } },
{ "type": "Feature", "properties": { "학교코드(KEDI)": "215021462", "학교명_20251001": "신덕초등학교", "행정구_20251001": "북구", "학교명키": "신덕초등학교", "행정구키": "북구", "위도": 35.20294033, "경도": 129.0325761, "소재지도로명주소": "부산광역시 북구 함박봉로140번가길 25", "설립_20251001": "공립", "지역규모_20251001": "특별/광역시", "주소_20251001": "부산광역시 북구 함박봉로140번가길 25(만덕동. 신덕초등학교)", "학생수_20251001": 215, "학급수_20251001": 14, "교원수_20251001": 20, "학급당학생수_20251001_공시": 15.4, "교원1인당학생수_20251001_공시": 10.8, "부산교육청_기준학생수_정책2026": 240, "학생수기준_충족_정책2026": true, "정책적용대상_공립_정책2026": true, "주분석대상_소규모공립_정책2026": true, "학생수_20250401_1학년": 23.0, "학급수_20250401_1학년": 1.0, "학생수_20250401_2학년": 34.0, "학급수_20250401_2학년": 3.0, "학생수_20250401_3학년": 41.0, "학급수_20250401_3학년": 2.0, "학생수_20250401_4학년": 43.0, "학급수_20250401_4학년": 3.0, "학생수_20250401_5학년": 42.0, "학급수_20250401_5학년": 2.0, "학생수_20250401_6학년": 39.0, "학급수_20250401_6학년": 3.0, "학생수_20250401_반합계": 222.0, "학급수_20250401_반합계": 14.0, "조사기준일_데이터3": 20250401, "학생수_20250401_학교총계": 222, "학급수_20250401_학교총계": 14, "교지면적_20250401": 13222, "학생1인당교지면적_20250401_공시": 59.6, "일반교실수_20250401": 24, "교과교실수_20250401": 12, "특별교실수_20250401": 8, "수준별교실수_20250401": 0, "기타교실수_20250401": 5, "전체교실수_20250401": 49, "학생수_일반교실_20250401": 9.25, "학생수_전체교실_20250401": 4.5306122448979593, "학급당학생수_20251001_계산": 15.357142857142858, "교원1인당학생수_20251001_계산": 10.75, "학교짧은키": "신덕초" }, "geometry": { "type": "Point", "coordinates": [ 129.0325761, 35.20294033 ] } },
{ "type": "Feature", "properties": { "학교코드(KEDI)": "215021465", "학교명_20251001": "신천초등학교", "행정구_20251001": "북구", "학교명키": "신천초등학교", "행정구키": "북구", "위도": 35.2003819, "경도": 129.0086033, "소재지도로명주소": "부산광역시 북구 모분재로 83", "설립_20251001": "공립", "지역규모_20251001": "특별/광역시", "주소_20251001": "부산광역시 북구 모분재로 83(구포동.신천초등학교)", "학생수_20251001": 161, "학급수_20251001": 12, "교원수_20251001": 21, "학급당학생수_20251001_공시": 13.4, "교원1인당학생수_20251001_공시": 7.7, "부산교육청_기준학생수_정책2026": 240, "학생수기준_충족_정책2026": true, "정책적용대상_공립_정책2026": true, "주분석대상_소규모공립_정책2026": true, "학생수_20250401_1학년": 23.0, "학급수_20250401_1학년": 1.0, "학생수_20250401_2학년": 20.0, "학급수_20250401_2학년": 1.0, "학생수_20250401_3학년": 28.0, "학급수_20250401_3학년": 2.0, "학생수_20250401_4학년": 29.0, "학급수_20250401_4학년": 3.0, "학생수_20250401_5학년": 23.0, "학급수_20250401_5학년": 3.0, "학생수_20250401_6학년": 38.0, "학급수_20250401_6학년": 2.0, "학생수_20250401_반합계": 161.0, "학급수_20250401_반합계": 12.0, "조사기준일_데이터3": 20250401, "학생수_20250401_학교총계": 161, "학급수_20250401_학교총계": 12, "교지면적_20250401": 8294, "학생1인당교지면적_20250401_공시": 51.5, "일반교실수_20250401": 13, "교과교실수_20250401": 2, "특별교실수_20250401": 4, "수준별교실수_20250401": 0, "기타교실수_20250401": 2, "전체교실수_20250401": 21, "학생수_일반교실_20250401": 12.384615384615385, "학생수_전체교실_20250401": 7.666666666666667, "학급당학생수_20251001_계산": 13.416666666666666, "교원1인당학생수_20251001_계산": 7.666666666666667, "학교짧은키": "신천초" }, "geometry": { "type": "Point", "coordinates": [ 129.0086033, 35.2003819 ] } },
{ "type": "Feature", "properties": { "학교코드(KEDI)": "215021478", "학교명_20251001": "양덕초등학교", "행정구_20251001": "북구", "학교명키": "양덕초등학교", "행정구키": "북구", "위도": 35.205895, "경도": 129.0118896, "소재지도로명주소": "부산광역시 북구 팽나무로 58", "설립_20251001": "공립", "지역규모_20251001": "특별/광역시", "주소_20251001": "부산광역시 북구 팽나무로 58(덕천동. 양덕초등학교)", "학생수_20251001": 140, "학급수_20251001": 10, "교원수_20251001": 19, "학급당학생수_20251001_공시": 14.0, "교원1인당학생수_20251001_공시": 7.4, "부산교육청_기준학생수_정책2026": 240, "학생수기준_충족_정책2026": true, "정책적용대상_공립_정책2026": true, "주분석대상_소규모공립_정책2026": true, "학생수_20250401_1학년": 12.0, "학급수_20250401_1학년": 1.0, "학생수_20250401_2학년": 30.0, "학급수_20250401_2학년": 3.0, "학생수_20250401_3학년": 20.0, "학급수_20250401_3학년": 1.0, "학생수_20250401_4학년": 18.0, "학급수_20250401_4학년": 1.0, "학생수_20250401_5학년": 31.0, "학급수_20250401_5학년": 2.0, "학생수_20250401_6학년": 30.0, "학급수_20250401_6학년": 2.0, "학생수_20250401_반합계": 141.0, "학급수_20250401_반합계": 10.0, "조사기준일_데이터3": 20250401, "학생수_20250401_학교총계": 141, "학급수_20250401_학교총계": 10, "교지면적_20250401": 13490, "학생1인당교지면적_20250401_공시": 95.7, "일반교실수_20250401": 11, "교과교실수_20250401": 2, "특별교실수_20250401": 5, "수준별교실수_20250401": 0, "기타교실수_20250401": 0, "전체교실수_20250401": 18, "학생수_일반교실_20250401": 12.818181818181818, "학생수_전체교실_20250401": 7.833333333333333, "학급당학생수_20251001_계산": 14.0, "교원1인당학생수_20251001_계산": 7.3684210526315788, "학교짧은키": "양덕초" }, "geometry": { "type": "Point", "coordinates": [ 129.011889599999989, 35.205895 ] } },
{ "type": "Feature", "properties": { "학교코드(KEDI)": "215021487", "학교명_20251001": "양천초등학교", "행정구_20251001": "북구", "학교명키": "양천초등학교", "행정구키": "북구", "위도": 35.20952422, "경도": 129.0193212, "소재지도로명주소": "부산광역시 북구 덕천로 132", "설립_20251001": "공립", "지역규모_20251001": "특별/광역시", "주소_20251001": "부산광역시 북구 덕천로 132(덕천동. 양천초등학교)", "학생수_20251001": 100, "학급수_20251001": 9, "교원수_20251001": 15, "학급당학생수_20251001_공시": 11.1, "교원1인당학생수_20251001_공시": 6.7, "부산교육청_기준학생수_정책2026": 240, "학생수기준_충족_정책2026": true, "정책적용대상_공립_정책2026": true, "주분석대상_소규모공립_정책2026": true, "학생수_20250401_1학년": 14.0, "학급수_20250401_1학년": 2.0, "학생수_20250401_2학년": 12.0, "학급수_20250401_2학년": 1.0, "학생수_20250401_3학년": 13.0, "학급수_20250401_3학년": 1.0, "학생수_20250401_4학년": 24.0, "학급수_20250401_4학년": 2.0, "학생수_20250401_5학년": 22.0, "학급수_20250401_5학년": 2.0, "학생수_20250401_6학년": 18.0, "학급수_20250401_6학년": 1.0, "학생수_20250401_반합계": 103.0, "학급수_20250401_반합계": 9.0, "조사기준일_데이터3": 20250401, "학생수_20250401_학교총계": 103, "학급수_20250401_학교총계": 9, "교지면적_20250401": 20384, "학생1인당교지면적_20250401_공시": 197.9, "일반교실수_20250401": 12, "교과교실수_20250401": 0, "특별교실수_20250401": 11, "수준별교실수_20250401": 0, "기타교실수_20250401": 1, "전체교실수_20250401": 24, "학생수_일반교실_20250401": 8.5833333333333339, "학생수_전체교실_20250401": 4.291666666666667, "학급당학생수_20251001_계산": 11.111111111111111, "교원1인당학생수_20251001_계산": 6.666666666666667, "학교짧은키": "양천초" }, "geometry": { "type": "Point", "coordinates": [ 129.0193212, 35.20952422 ] } },
{ "type": "Feature", "properties": { "학교코드(KEDI)": "215021005", "학교명_20251001": "와석초등학교", "행정구_20251001": "북구", "학교명키": "와석초등학교", "행정구키": "북구", "위도": 35.23079664, "경도": 129.0174223, "소재지도로명주소": "부산광역시 북구 화명대로94번길 83", "설립_20251001": "공립", "지역규모_20251001": "특별/광역시", "주소_20251001": "부산광역시 북구 화명대로94번길 83(화명동. 와석초등학교)", "학생수_20251001": 479, "학급수_20251001": 25, "교원수_20251001": 36, "학급당학생수_20251001_공시": 19.2, "교원1인당학생수_20251001_공시": 13.3, "부산교육청_기준학생수_정책2026": 240, "학생수기준_충족_정책2026": false, "정책적용대상_공립_정책2026": true, "주분석대상_소규모공립_정책2026": false, "학생수_20250401_1학년": 54.0, "학급수_20250401_1학년": 3.0, "학생수_20250401_2학년": 77.0, "학급수_20250401_2학년": 5.0, "학생수_20250401_3학년": 93.0, "학급수_20250401_3학년": 5.0, "학생수_20250401_4학년": 85.0, "학급수_20250401_4학년": 4.0, "학생수_20250401_5학년": 83.0, "학급수_20250401_5학년": 4.0, "학생수_20250401_6학년": 96.0, "학급수_20250401_6학년": 4.0, "학생수_20250401_반합계": 488.0, "학급수_20250401_반합계": 25.0, "조사기준일_데이터3": 20250401, "학생수_20250401_학교총계": 488, "학급수_20250401_학교총계": 25, "교지면적_20250401": 13453, "학생1인당교지면적_20250401_공시": 27.6, "일반교실수_20250401": 25, "교과교실수_20250401": 5, "특별교실수_20250401": 8, "수준별교실수_20250401": 0, "기타교실수_20250401": 0, "전체교실수_20250401": 38, "학생수_일반교실_20250401": 19.52, "학생수_전체교실_20250401": 12.842105263157896, "학급당학생수_20251001_계산": 19.16, "교원1인당학생수_20251001_계산": 13.305555555555555, "학교짧은키": "와석초" }, "geometry": { "type": "Point", "coordinates": [ 129.0174223, 35.23079664 ] } },
{ "type": "Feature", "properties": { "학교코드(KEDI)": "215021502", "학교명_20251001": "용수초등학교", "행정구_20251001": "북구", "학교명키": "용수초등학교", "행정구키": "북구", "위도": 35.22913767, "경도": 129.0090771, "소재지도로명주소": "부산광역시 북구 화명신도시로 53", "설립_20251001": "공립", "지역규모_20251001": "특별/광역시", "주소_20251001": "부산광역시 북구 화명신도시로 53(화명동. 용수초등학교)", "학생수_20251001": 737, "학급수_20251001": 35, "교원수_20251001": 50, "학급당학생수_20251001_공시": 21.1, "교원1인당학생수_20251001_공시": 14.7, "부산교육청_기준학생수_정책2026": 240, "학생수기준_충족_정책2026": false, "정책적용대상_공립_정책2026": true, "주분석대상_소규모공립_정책2026": false, "학생수_20250401_1학년": 80.0, "학급수_20250401_1학년": 4.0, "학생수_20250401_2학년": 102.0, "학급수_20250401_2학년": 5.0, "학생수_20250401_3학년": 134.0, "학급수_20250401_3학년": 7.0, "학생수_20250401_4학년": 139.0, "학급수_20250401_4학년": 7.0, "학생수_20250401_5학년": 141.0, "학급수_20250401_5학년": 6.0, "학생수_20250401_6학년": 143.0, "학급수_20250401_6학년": 6.0, "학생수_20250401_반합계": 739.0, "학급수_20250401_반합계": 35.0, "조사기준일_데이터3": 20250401, "학생수_20250401_학교총계": 739, "학급수_20250401_학교총계": 35, "교지면적_20250401": 11014, "학생1인당교지면적_20250401_공시": 14.9, "일반교실수_20250401": 38, "교과교실수_20250401": 3, "특별교실수_20250401": 5, "수준별교실수_20250401": 0, "기타교실수_20250401": 0, "전체교실수_20250401": 46, "학생수_일반교실_20250401": 19.44736842105263, "학생수_전체교실_20250401": 16.065217391304348, "학급당학생수_20251001_계산": 21.057142857142857, "교원1인당학생수_20251001_계산": 14.74, "학교짧은키": "용수초" }, "geometry": { "type": "Point", "coordinates": [ 129.009077100000042, 35.22913767 ] } },
{ "type": "Feature", "properties": { "학교코드(KEDI)": "215021532", "학교명_20251001": "포천초등학교", "행정구_20251001": "북구", "학교명키": "포천초등학교", "행정구키": "북구", "위도": 35.19664206, "경도": 129.0091031, "소재지도로명주소": "부산광역시 북구 시랑로 115", "설립_20251001": "공립", "지역규모_20251001": "특별/광역시", "주소_20251001": "부산광역시 북구 시랑로 115(구포동. 포천초등학교)", "학생수_20251001": 399, "학급수_20251001": 21, "교원수_20251001": 29, "학급당학생수_20251001_공시": 19.0, "교원1인당학생수_20251001_공시": 13.8, "부산교육청_기준학생수_정책2026": 240, "학생수기준_충족_정책2026": false, "정책적용대상_공립_정책2026": true, "주분석대상_소규모공립_정책2026": false, "학생수_20250401_1학년": 49.0, "학급수_20250401_1학년": 3.0, "학생수_20250401_2학년": 44.0, "학급수_20250401_2학년": 2.0, "학생수_20250401_3학년": 58.0, "학급수_20250401_3학년": 4.0, "학생수_20250401_4학년": 80.0, "학급수_20250401_4학년": 4.0, "학생수_20250401_5학년": 65.0, "학급수_20250401_5학년": 3.0, "학생수_20250401_6학년": 105.0, "학급수_20250401_6학년": 5.0, "학생수_20250401_반합계": 401.0, "학급수_20250401_반합계": 21.0, "조사기준일_데이터3": 20250401, "학생수_20250401_학교총계": 401, "학급수_20250401_학교총계": 21, "교지면적_20250401": 16952, "학생1인당교지면적_20250401_공시": 42.3, "일반교실수_20250401": 26, "교과교실수_20250401": 2, "특별교실수_20250401": 7, "수준별교실수_20250401": 4, "기타교실수_20250401": 0, "전체교실수_20250401": 39, "학생수_일반교실_20250401": 15.423076923076923, "학생수_전체교실_20250401": 10.282051282051283, "학급당학생수_20251001_계산": 19.0, "교원1인당학생수_20251001_계산": 13.758620689655173, "학교짧은키": "포천초" }, "geometry": { "type": "Point", "coordinates": [ 129.0091031, 35.19664206 ] } },
{ "type": "Feature", "properties": { "학교코드(KEDI)": "215021538", "학교명_20251001": "학사초등학교", "행정구_20251001": "북구", "학교명키": "학사초등학교", "행정구키": "북구", "위도": 35.2314328, "경도": 129.0080672, "소재지도로명주소": "부산광역시 북구 용당로15번길 20", "설립_20251001": "공립", "지역규모_20251001": "특별/광역시", "주소_20251001": "부산광역시 북구 용당로15번길 20. 20 (화명동. 학사초등학교)", "학생수_20251001": 415, "학급수_20251001": 21, "교원수_20251001": 29, "학급당학생수_20251001_공시": 19.8, "교원1인당학생수_20251001_공시": 14.3, "부산교육청_기준학생수_정책2026": 240, "학생수기준_충족_정책2026": false, "정책적용대상_공립_정책2026": true, "주분석대상_소규모공립_정책2026": false, "학생수_20250401_1학년": 42.0, "학급수_20250401_1학년": 2.0, "학생수_20250401_2학년": 81.0, "학급수_20250401_2학년": 5.0, "학생수_20250401_3학년": 61.0, "학급수_20250401_3학년": 3.0, "학생수_20250401_4학년": 60.0, "학급수_20250401_4학년": 3.0, "학생수_20250401_5학년": 77.0, "학급수_20250401_5학년": 4.0, "학생수_20250401_6학년": 84.0, "학급수_20250401_6학년": 4.0, "학생수_20250401_반합계": 405.0, "학급수_20250401_반합계": 21.0, "조사기준일_데이터3": 20250401, "학생수_20250401_학교총계": 405, "학급수_20250401_학교총계": 21, "교지면적_20250401": 10573, "학생1인당교지면적_20250401_공시": 26.1, "일반교실수_20250401": 21, "교과교실수_20250401": 2, "특별교실수_20250401": 4, "수준별교실수_20250401": 0, "기타교실수_20250401": 1, "전체교실수_20250401": 28, "학생수_일반교실_20250401": 19.285714285714285, "학생수_전체교실_20250401": 14.464285714285714, "학급당학생수_20251001_계산": 19.761904761904763, "교원1인당학생수_20251001_계산": 14.310344827586206, "학교짧은키": "학사초" }, "geometry": { "type": "Point", "coordinates": [ 129.0080672, 35.2314328 ] } },
{ "type": "Feature", "properties": { "학교코드(KEDI)": "215021559", "학교명_20251001": "화명초등학교", "행정구_20251001": "북구", "학교명키": "화명초등학교", "행정구키": "북구", "위도": 35.24224054, "경도": 129.018073, "소재지도로명주소": "부산광역시 북구 대천천길 65", "설립_20251001": "공립", "지역규모_20251001": "특별/광역시", "주소_20251001": "부산광역시 북구 대천천길 65(화명동)", "학생수_20251001": 511, "학급수_20251001": 27, "교원수_20251001": 41, "학급당학생수_20251001_공시": 18.9, "교원1인당학생수_20251001_공시": 12.5, "부산교육청_기준학생수_정책2026": 240, "학생수기준_충족_정책2026": false, "정책적용대상_공립_정책2026": true, "주분석대상_소규모공립_정책2026": false, "학생수_20250401_1학년": 93.0, "학급수_20250401_1학년": 6.0, "학생수_20250401_2학년": 95.0, "학급수_20250401_2학년": 5.0, "학생수_20250401_3학년": 83.0, "학급수_20250401_3학년": 4.0, "학생수_20250401_4학년": 108.0, "학급수_20250401_4학년": 5.0, "학생수_20250401_5학년": 71.0, "학급수_20250401_5학년": 4.0, "학생수_20250401_6학년": 58.0, "학급수_20250401_6학년": 3.0, "학생수_20250401_반합계": 508.0, "학급수_20250401_반합계": 27.0, "조사기준일_데이터3": 20250401, "학생수_20250401_학교총계": 508, "학급수_20250401_학교총계": 27, "교지면적_20250401": 10430, "학생1인당교지면적_20250401_공시": 20.5, "일반교실수_20250401": 25, "교과교실수_20250401": 2, "특별교실수_20250401": 4, "수준별교실수_20250401": 0, "기타교실수_20250401": 6, "전체교실수_20250401": 37, "학생수_일반교실_20250401": 20.32, "학생수_전체교실_20250401": 13.72972972972973, "학급당학생수_20251001_계산": 18.925925925925927, "교원1인당학생수_20251001_계산": 12.463414634146341, "학교짧은키": "화명초" }, "geometry": { "type": "Point", "coordinates": [ 129.018073, 35.24224054 ] } },
{ "type": "Feature", "properties": { "학교코드(KEDI)": "215021565", "학교명_20251001": "화잠초등학교", "행정구_20251001": "북구", "학교명키": "화잠초등학교", "행정구키": "북구", "위도": 35.2359298, "경도": 129.0173597, "소재지도로명주소": "부산광역시 북구 화명대로 97-25", "설립_20251001": "공립", "지역규모_20251001": "특별/광역시", "주소_20251001": "부산광역시 북구 화명대로 97-25(화명동.화잠초등학교)", "학생수_20251001": 399, "학급수_20251001": 19, "교원수_20251001": 30, "학급당학생수_20251001_공시": 21.0, "교원1인당학생수_20251001_공시": 13.3, "부산교육청_기준학생수_정책2026": 240, "학생수기준_충족_정책2026": false, "정책적용대상_공립_정책2026": true, "주분석대상_소규모공립_정책2026": false, "학생수_20250401_1학년": 39.0, "학급수_20250401_1학년": 2.0, "학생수_20250401_2학년": 70.0, "학급수_20250401_2학년": 3.0, "학생수_20250401_3학년": 69.0, "학급수_20250401_3학년": 3.0, "학생수_20250401_4학년": 80.0, "학급수_20250401_4학년": 4.0, "학생수_20250401_5학년": 71.0, "학급수_20250401_5학년": 3.0, "학생수_20250401_6학년": 73.0, "학급수_20250401_6학년": 4.0, "학생수_20250401_반합계": 402.0, "학급수_20250401_반합계": 19.0, "조사기준일_데이터3": 20250401, "학생수_20250401_학교총계": 402, "학급수_20250401_학교총계": 19, "교지면적_20250401": 6955, "학생1인당교지면적_20250401_공시": 17.3, "일반교실수_20250401": 21, "교과교실수_20250401": 1, "특별교실수_20250401": 5, "수준별교실수_20250401": 0, "기타교실수_20250401": 6, "전체교실수_20250401": 33, "학생수_일반교실_20250401": 19.142857142857142, "학생수_전체교실_20250401": 12.181818181818182, "학급당학생수_20251001_계산": 21.0, "교원1인당학생수_20251001_계산": 13.3, "학교짧은키": "화잠초" }, "geometry": { "type": "Point", "coordinates": [ 129.017359699999986, 35.2359298 ] } },
{ "type": "Feature", "properties": { "학교코드(KEDI)": "215021879", "학교명_20251001": "화정초등학교", "행정구_20251001": "북구", "학교명키": "화정초등학교", "행정구키": "북구", "위도": 35.21820451, "경도": 129.0099171, "소재지도로명주소": "부산광역시 북구 의성로 23", "설립_20251001": "공립", "지역규모_20251001": "특별/광역시", "주소_20251001": "부산광역시 북구 의성로 23(화명동)", "학생수_20251001": 699, "학급수_20251001": 32, "교원수_20251001": 44, "학급당학생수_20251001_공시": 21.8, "교원1인당학생수_20251001_공시": 15.9, "부산교육청_기준학생수_정책2026": 240, "학생수기준_충족_정책2026": false, "정책적용대상_공립_정책2026": true, "주분석대상_소규모공립_정책2026": false, "학생수_20250401_1학년": 107.0, "학급수_20250401_1학년": 5.0, "학생수_20250401_2학년": 96.0, "학급수_20250401_2학년": 5.0, "학생수_20250401_3학년": 133.0, "학급수_20250401_3학년": 5.0, "학생수_20250401_4학년": 128.0, "학급수_20250401_4학년": 6.0, "학생수_20250401_5학년": 130.0, "학급수_20250401_5학년": 6.0, "학생수_20250401_6학년": 109.0, "학급수_20250401_6학년": 5.0, "학생수_20250401_반합계": 703.0, "학급수_20250401_반합계": 32.0, "조사기준일_데이터3": 20250401, "학생수_20250401_학교총계": 703, "학급수_20250401_학교총계": 32, "교지면적_20250401": 10757, "학생1인당교지면적_20250401_공시": 15.3, "일반교실수_20250401": 32, "교과교실수_20250401": 0, "특별교실수_20250401": 2, "수준별교실수_20250401": 0, "기타교실수_20250401": 2, "전체교실수_20250401": 36, "학생수_일반교실_20250401": 21.96875, "학생수_전체교실_20250401": 19.527777777777779, "학급당학생수_20251001_계산": 21.84375, "교원1인당학생수_20251001_계산": 15.886363636363637, "학교짧은키": "화정초" }, "geometry": { "type": "Point", "coordinates": [ 129.0099171, 35.21820451 ] } },
{ "type": "Feature", "properties": { "학교코드(KEDI)": "215021118", "학교명_20251001": "감전초등학교", "행정구_20251001": "사상구", "학교명키": "감전초등학교", "행정구키": "사상구", "위도": 35.15574588, "경도": 128.9886679, "소재지도로명주소": "부산광역시 사상구 괘감로 132", "설립_20251001": "공립", "지역규모_20251001": "특별/광역시", "주소_20251001": "부산광역시 사상구 괘감로 132(감전동.감전초등학교/북부교육청)", "학생수_20251001": 116, "학급수_20251001": 8, "교원수_20251001": 14, "학급당학생수_20251001_공시": 14.5, "교원1인당학생수_20251001_공시": 8.3, "부산교육청_기준학생수_정책2026": 240, "학생수기준_충족_정책2026": true, "정책적용대상_공립_정책2026": true, "주분석대상_소규모공립_정책2026": true, "학생수_20250401_1학년": 16.0, "학급수_20250401_1학년": 1.0, "학생수_20250401_2학년": 16.0, "학급수_20250401_2학년": 1.0, "학생수_20250401_3학년": 22.0, "학급수_20250401_3학년": 1.0, "학생수_20250401_4학년": 20.0, "학급수_20250401_4학년": 2.0, "학생수_20250401_5학년": 25.0, "학급수_20250401_5학년": 2.0, "학생수_20250401_6학년": 20.0, "학급수_20250401_6학년": 1.0, "학생수_20250401_반합계": 119.0, "학급수_20250401_반합계": 8.0, "조사기준일_데이터3": 20250401, "학생수_20250401_학교총계": 119, "학급수_20250401_학교총계": 8, "교지면적_20250401": 9826, "학생1인당교지면적_20250401_공시": 82.6, "일반교실수_20250401": 11, "교과교실수_20250401": 1, "특별교실수_20250401": 13, "수준별교실수_20250401": 0, "기타교실수_20250401": 1, "전체교실수_20250401": 26, "학생수_일반교실_20250401": 10.818181818181818, "학생수_전체교실_20250401": 4.5769230769230766, "학급당학생수_20251001_계산": 14.5, "교원1인당학생수_20251001_계산": 8.2857142857142865, "학교짧은키": "감전초" }, "geometry": { "type": "Point", "coordinates": [ 128.9886679, 35.15574588 ] } },
{ "type": "Feature", "properties": { "학교코드(KEDI)": "215021154", "학교명_20251001": "구학초등학교", "행정구_20251001": "사상구", "학교명키": "구학초등학교", "행정구키": "사상구", "위도": 35.13775929, "경도": 128.9922143, "소재지도로명주소": "부산광역시 사상구 학감대로 49", "설립_20251001": "공립", "지역규모_20251001": "특별/광역시", "주소_20251001": "부산광역시 사상구 학감대로 49.(학장동. 구학초등학교)", "학생수_20251001": 405, "학급수_20251001": 20, "교원수_20251001": 30, "학급당학생수_20251001_공시": 20.3, "교원1인당학생수_20251001_공시": 13.5, "부산교육청_기준학생수_정책2026": 240, "학생수기준_충족_정책2026": false, "정책적용대상_공립_정책2026": true, "주분석대상_소규모공립_정책2026": false, "학생수_20250401_1학년": 45.0, "학급수_20250401_1학년": 2.0, "학생수_20250401_2학년": 64.0, "학급수_20250401_2학년": 3.0, "학생수_20250401_3학년": 58.0, "학급수_20250401_3학년": 3.0, "학생수_20250401_4학년": 73.0, "학급수_20250401_4학년": 4.0, "학생수_20250401_5학년": 70.0, "학급수_20250401_5학년": 3.0, "학생수_20250401_6학년": 96.0, "학급수_20250401_6학년": 5.0, "학생수_20250401_반합계": 406.0, "학급수_20250401_반합계": 20.0, "조사기준일_데이터3": 20250401, "학생수_20250401_학교총계": 406, "학급수_20250401_학교총계": 20, "교지면적_20250401": 13147, "학생1인당교지면적_20250401_공시": 32.4, "일반교실수_20250401": 20, "교과교실수_20250401": 2, "특별교실수_20250401": 6, "수준별교실수_20250401": 0, "기타교실수_20250401": 0, "전체교실수_20250401": 28, "학생수_일반교실_20250401": 20.3, "학생수_전체교실_20250401": 14.5, "학급당학생수_20251001_계산": 20.25, "교원1인당학생수_20251001_계산": 13.5, "학교짧은키": "구학초" }, "geometry": { "type": "Point", "coordinates": [ 128.9922143, 35.13775929 ] } },
{ "type": "Feature", "properties": { "학교코드(KEDI)": "215021262", "학교명_20251001": "덕상초등학교", "행정구_20251001": "사상구", "학교명키": "덕상초등학교", "행정구키": "사상구", "위도": 35.17472977, "경도": 128.9906464, "소재지도로명주소": "부산광역시 사상구 덕상로 32", "설립_20251001": "공립", "지역규모_20251001": "특별/광역시", "주소_20251001": "부산광역시 사상구 덕상로 32(덕포동. 덕상초등학교)", "학생수_20251001": 371, "학급수_20251001": 19, "교원수_20251001": 29, "학급당학생수_20251001_공시": 19.5, "교원1인당학생수_20251001_공시": 12.8, "부산교육청_기준학생수_정책2026": 240, "학생수기준_충족_정책2026": false, "정책적용대상_공립_정책2026": true, "주분석대상_소규모공립_정책2026": false, "학생수_20250401_1학년": 37.0, "학급수_20250401_1학년": 2.0, "학생수_20250401_2학년": 52.0, "학급수_20250401_2학년": 3.0, "학생수_20250401_3학년": 57.0, "학급수_20250401_3학년": 3.0, "학생수_20250401_4학년": 92.0, "학급수_20250401_4학년": 4.0, "학생수_20250401_5학년": 60.0, "학급수_20250401_5학년": 3.0, "학생수_20250401_6학년": 77.0, "학급수_20250401_6학년": 4.0, "학생수_20250401_반합계": 375.0, "학급수_20250401_반합계": 19.0, "조사기준일_데이터3": 20250401, "학생수_20250401_학교총계": 375, "학급수_20250401_학교총계": 19, "교지면적_20250401": 11264, "학생1인당교지면적_20250401_공시": 30.0, "일반교실수_20250401": 21, "교과교실수_20250401": 0, "특별교실수_20250401": 3, "수준별교실수_20250401": 0, "기타교실수_20250401": 5, "전체교실수_20250401": 29, "학생수_일반교실_20250401": 17.857142857142858, "학생수_전체교실_20250401": 12.931034482758621, "학급당학생수_20251001_계산": 19.526315789473685, "교원1인당학생수_20251001_계산": 12.793103448275861, "학교짧은키": "덕상초" }, "geometry": { "type": "Point", "coordinates": [ 128.9906464, 35.17472977 ] } },
{ "type": "Feature", "properties": { "학교코드(KEDI)": "215021289", "학교명_20251001": "덕포초등학교", "행정구_20251001": "사상구", "학교명키": "덕포초등학교", "행정구키": "사상구", "위도": 35.17393184, "경도": 128.9860278, "소재지도로명주소": "부산광역시 사상구 삼덕로 83", "설립_20251001": "공립", "지역규모_20251001": "특별/광역시", "주소_20251001": "부산광역시 사상구 삼덕로 83(덕포동. 덕포초등학교)", "학생수_20251001": 134, "학급수_20251001": 10, "교원수_20251001": 16, "학급당학생수_20251001_공시": 13.4, "교원1인당학생수_20251001_공시": 8.4, "부산교육청_기준학생수_정책2026": 240, "학생수기준_충족_정책2026": true, "정책적용대상_공립_정책2026": true, "주분석대상_소규모공립_정책2026": true, "학생수_20250401_1학년": 17.0, "학급수_20250401_1학년": 1.0, "학생수_20250401_2학년": 33.0, "학급수_20250401_2학년": 3.0, "학생수_20250401_3학년": 26.0, "학급수_20250401_3학년": 2.0, "학생수_20250401_4학년": 26.0, "학급수_20250401_4학년": 2.0, "학생수_20250401_5학년": 17.0, "학급수_20250401_5학년": 1.0, "학생수_20250401_6학년": 15.0, "학급수_20250401_6학년": 1.0, "학생수_20250401_반합계": 134.0, "학급수_20250401_반합계": 10.0, "조사기준일_데이터3": 20250401, "학생수_20250401_학교총계": 134, "학급수_20250401_학교총계": 10, "교지면적_20250401": 8341, "학생1인당교지면적_20250401_공시": 62.2, "일반교실수_20250401": 9, "교과교실수_20250401": 0, "특별교실수_20250401": 8, "수준별교실수_20250401": 0, "기타교실수_20250401": 0, "전체교실수_20250401": 17, "학생수_일반교실_20250401": 14.888888888888889, "학생수_전체교실_20250401": 7.882352941176471, "학급당학생수_20251001_계산": 13.4, "교원1인당학생수_20251001_계산": 8.375, "학교짧은키": "덕포초" }, "geometry": { "type": "Point", "coordinates": [ 128.986027799999988, 35.17393184 ] } },
{ "type": "Feature", "properties": { "학교코드(KEDI)": "215021292", "학교명_20251001": "동궁초등학교", "행정구_20251001": "사상구", "학교명키": "동궁초등학교", "행정구키": "사상구", "위도": 35.1234597, "경도": 128.9748133, "소재지도로명주소": "부산광역시 사상구 엄궁로 70-7", "설립_20251001": "공립", "지역규모_20251001": "특별/광역시", "주소_20251001": "부산광역시 사상구 엄궁로 70-7(엄궁동. 동궁초등학교)", "학생수_20251001": 474, "학급수_20251001": 25, "교원수_20251001": 42, "학급당학생수_20251001_공시": 19.0, "교원1인당학생수_20251001_공시": 11.3, "부산교육청_기준학생수_정책2026": 240, "학생수기준_충족_정책2026": false, "정책적용대상_공립_정책2026": true, "주분석대상_소규모공립_정책2026": false, "학생수_20250401_1학년": 55.0, "학급수_20250401_1학년": 3.0, "학생수_20250401_2학년": 80.0, "학급수_20250401_2학년": 5.0, "학생수_20250401_3학년": 67.0, "학급수_20250401_3학년": 4.0, "학생수_20250401_4학년": 108.0, "학급수_20250401_4학년": 5.0, "학생수_20250401_5학년": 86.0, "학급수_20250401_5학년": 4.0, "학생수_20250401_6학년": 80.0, "학급수_20250401_6학년": 4.0, "학생수_20250401_반합계": 476.0, "학급수_20250401_반합계": 25.0, "조사기준일_데이터3": 20250401, "학생수_20250401_학교총계": 476, "학급수_20250401_학교총계": 25, "교지면적_20250401": 10600, "학생1인당교지면적_20250401_공시": 22.3, "일반교실수_20250401": 28, "교과교실수_20250401": 3, "특별교실수_20250401": 10, "수준별교실수_20250401": 0, "기타교실수_20250401": 2, "전체교실수_20250401": 43, "학생수_일반교실_20250401": 17.0, "학생수_전체교실_20250401": 11.069767441860465, "학급당학생수_20251001_계산": 18.96, "교원1인당학생수_20251001_계산": 11.285714285714286, "학교짧은키": "동궁초" }, "geometry": { "type": "Point", "coordinates": [ 128.9748133, 35.1234597 ] } },
{ "type": "Feature", "properties": { "학교코드(KEDI)": "215021298", "학교명_20251001": "동주초등학교", "행정구_20251001": "사상구", "학교명키": "동주초등학교", "행정구키": "사상구", "위도": 35.14713448, "경도": 129.0055597, "소재지도로명주소": "부산광역시 사상구 가야대로306번길 72", "설립_20251001": "공립", "지역규모_20251001": "특별/광역시", "주소_20251001": "부산광역시 사상구 가야대로306번길 72(주례동. 동주초등학교)", "학생수_20251001": 421, "학급수_20251001": 22, "교원수_20251001": 34, "학급당학생수_20251001_공시": 19.1, "교원1인당학생수_20251001_공시": 12.4, "부산교육청_기준학생수_정책2026": 240, "학생수기준_충족_정책2026": false, "정책적용대상_공립_정책2026": true, "주분석대상_소규모공립_정책2026": false, "학생수_20250401_1학년": 62.0, "학급수_20250401_1학년": 3.0, "학생수_20250401_2학년": 55.0, "학급수_20250401_2학년": 3.0, "학생수_20250401_3학년": 62.0, "학급수_20250401_3학년": 3.0, "학생수_20250401_4학년": 84.0, "학급수_20250401_4학년": 4.0, "학생수_20250401_5학년": 79.0, "학급수_20250401_5학년": 4.0, "학생수_20250401_6학년": 87.0, "학급수_20250401_6학년": 5.0, "학생수_20250401_반합계": 429.0, "학급수_20250401_반합계": 22.0, "조사기준일_데이터3": 20250401, "학생수_20250401_학교총계": 429, "학급수_20250401_학교총계": 22, "교지면적_20250401": 14027, "학생1인당교지면적_20250401_공시": 32.7, "일반교실수_20250401": 21, "교과교실수_20250401": 2, "특별교실수_20250401": 5, "수준별교실수_20250401": 0, "기타교실수_20250401": 0, "전체교실수_20250401": 28, "학생수_일반교실_20250401": 20.428571428571427, "학생수_전체교실_20250401": 15.321428571428571, "학급당학생수_20251001_계산": 19.136363636363637, "교원1인당학생수_20251001_계산": 12.382352941176471, "학교짧은키": "동주초" }, "geometry": { "type": "Point", "coordinates": [ 129.0055597, 35.14713448 ] } },
{ "type": "Feature", "properties": { "학교코드(KEDI)": "215021334", "학교명_20251001": "모덕초등학교", "행정구_20251001": "사상구", "학교명키": "모덕초등학교", "행정구키": "사상구", "위도": 35.18270148, "경도": 128.9919381, "소재지도로명주소": "부산광역시 사상구 덕상로 120", "설립_20251001": "공립", "지역규모_20251001": "특별/광역시", "주소_20251001": "부산광역시 사상구 덕상로 120(모라동)", "학생수_20251001": 557, "학급수_20251001": 28, "교원수_20251001": 41, "학급당학생수_20251001_공시": 19.9, "교원1인당학생수_20251001_공시": 13.6, "부산교육청_기준학생수_정책2026": 240, "학생수기준_충족_정책2026": false, "정책적용대상_공립_정책2026": true, "주분석대상_소규모공립_정책2026": false, "학생수_20250401_1학년": 64.0, "학급수_20250401_1학년": 3.0, "학생수_20250401_2학년": 78.0, "학급수_20250401_2학년": 5.0, "학생수_20250401_3학년": 82.0, "학급수_20250401_3학년": 4.0, "학생수_20250401_4학년": 101.0, "학급수_20250401_4학년": 5.0, "학생수_20250401_5학년": 110.0, "학급수_20250401_5학년": 5.0, "학생수_20250401_6학년": 125.0, "학급수_20250401_6학년": 6.0, "학생수_20250401_반합계": 560.0, "학급수_20250401_반합계": 28.0, "조사기준일_데이터3": 20250401, "학생수_20250401_학교총계": 560, "학급수_20250401_학교총계": 28, "교지면적_20250401": 17324, "학생1인당교지면적_20250401_공시": 30.9, "일반교실수_20250401": 29, "교과교실수_20250401": 2, "특별교실수_20250401": 13, "수준별교실수_20250401": 0, "기타교실수_20250401": 0, "전체교실수_20250401": 44, "학생수_일반교실_20250401": 19.310344827586206, "학생수_전체교실_20250401": 12.727272727272727, "학급당학생수_20251001_계산": 19.892857142857142, "교원1인당학생수_20251001_계산": 13.585365853658537, "학교짧은키": "모덕초" }, "geometry": { "type": "Point", "coordinates": [ 128.9919381, 35.18270148 ] } },
{ "type": "Feature", "properties": { "학교코드(KEDI)": "215021343", "학교명_20251001": "모동초등학교", "행정구_20251001": "사상구", "학교명키": "모동초등학교", "행정구키": "사상구", "위도": 35.18522962, "경도": 129.0018958, "소재지도로명주소": "부산광역시 사상구 모라로192번길 37", "설립_20251001": "공립", "지역규모_20251001": "특별/광역시", "주소_20251001": "부산광역시 사상구 모라로192번길 37(모라동)", "학생수_20251001": 46, "학급수_20251001": 7, "교원수_20251001": 14, "학급당학생수_20251001_공시": 6.6, "교원1인당학생수_20251001_공시": 3.3, "부산교육청_기준학생수_정책2026": 240, "학생수기준_충족_정책2026": true, "정책적용대상_공립_정책2026": true, "주분석대상_소규모공립_정책2026": true, "학생수_20250401_1학년": 6.0, "학급수_20250401_1학년": 1.0, "학생수_20250401_2학년": 6.0, "학급수_20250401_2학년": 1.0, "학생수_20250401_3학년": 5.0, "학급수_20250401_3학년": 1.0, "학생수_20250401_4학년": 8.0, "학급수_20250401_4학년": 1.0, "학생수_20250401_5학년": 12.0, "학급수_20250401_5학년": 2.0, "학생수_20250401_6학년": 11.0, "학급수_20250401_6학년": 1.0, "학생수_20250401_반합계": 48.0, "학급수_20250401_반합계": 7.0, "조사기준일_데이터3": 20250401, "학생수_20250401_학교총계": 48, "학급수_20250401_학교총계": 7, "교지면적_20250401": 10962, "학생1인당교지면적_20250401_공시": 228.4, "일반교실수_20250401": 10, "교과교실수_20250401": 0, "특별교실수_20250401": 10, "수준별교실수_20250401": 0, "기타교실수_20250401": 0, "전체교실수_20250401": 20, "학생수_일반교실_20250401": 4.8, "학생수_전체교실_20250401": 2.4, "학급당학생수_20251001_계산": 6.5714285714285712, "교원1인당학생수_20251001_계산": 3.2857142857142856, "학교짧은키": "모동초" }, "geometry": { "type": "Point", "coordinates": [ 129.0018958, 35.18522962 ] } },
{ "type": "Feature", "properties": { "학교코드(KEDI)": "215021352", "학교명_20251001": "모라초등학교", "행정구_20251001": "사상구", "학교명키": "모라초등학교", "행정구키": "사상구", "위도": 35.19004594, "경도": 128.9864313, "소재지도로명주소": "부산광역시 사상구 모라로64번길 46", "설립_20251001": "공립", "지역규모_20251001": "특별/광역시", "주소_20251001": "부산광역시 사상구 모라로64번길 46(모라동. 모라초등학교)", "학생수_20251001": 121, "학급수_20251001": 10, "교원수_20251001": 17, "학급당학생수_20251001_공시": 12.1, "교원1인당학생수_20251001_공시": 7.1, "부산교육청_기준학생수_정책2026": 240, "학생수기준_충족_정책2026": true, "정책적용대상_공립_정책2026": true, "주분석대상_소규모공립_정책2026": true, "학생수_20250401_1학년": 17.0, "학급수_20250401_1학년": 1.0, "학생수_20250401_2학년": 20.0, "학급수_20250401_2학년": 2.0, "학생수_20250401_3학년": 11.0, "학급수_20250401_3학년": 1.0, "학생수_20250401_4학년": 28.0, "학급수_20250401_4학년": 3.0, "학생수_20250401_5학년": 29.0, "학급수_20250401_5학년": 2.0, "학생수_20250401_6학년": 18.0, "학급수_20250401_6학년": 1.0, "학생수_20250401_반합계": 123.0, "학급수_20250401_반합계": 10.0, "조사기준일_데이터3": 20250401, "학생수_20250401_학교총계": 123, "학급수_20250401_학교총계": 10, "교지면적_20250401": 15125, "학생1인당교지면적_20250401_공시": 123.0, "일반교실수_20250401": 10, "교과교실수_20250401": 2, "특별교실수_20250401": 6, "수준별교실수_20250401": 0, "기타교실수_20250401": 0, "전체교실수_20250401": 18, "학생수_일반교실_20250401": 12.3, "학생수_전체교실_20250401": 6.833333333333333, "학급당학생수_20251001_계산": 12.1, "교원1인당학생수_20251001_계산": 7.117647058823529, "학교짧은키": "모라초" }, "geometry": { "type": "Point", "coordinates": [ 128.9864313, 35.19004594 ] } },
{ "type": "Feature", "properties": { "학교코드(KEDI)": "215021361", "학교명_20251001": "모산초등학교", "행정구_20251001": "사상구", "학교명키": "모산초등학교", "행정구키": "사상구", "위도": 35.18571631, "경도": 128.9952076, "소재지도로명주소": "부산광역시 사상구 모라로110번길 93", "설립_20251001": "공립", "지역규모_20251001": "특별/광역시", "주소_20251001": "부산광역시 사상구 모라로110번길 93(모라동. 모산초등학교)", "학생수_20251001": 282, "학급수_20251001": 14, "교원수_20251001": 24, "학급당학생수_20251001_공시": 20.1, "교원1인당학생수_20251001_공시": 11.8, "부산교육청_기준학생수_정책2026": 240, "학생수기준_충족_정책2026": false, "정책적용대상_공립_정책2026": true, "주분석대상_소규모공립_정책2026": false, "학생수_20250401_1학년": 44.0, "학급수_20250401_1학년": 2.0, "학생수_20250401_2학년": 52.0, "학급수_20250401_2학년": 3.0, "학생수_20250401_3학년": 45.0, "학급수_20250401_3학년": 2.0, "학생수_20250401_4학년": 53.0, "학급수_20250401_4학년": 2.0, "학생수_20250401_5학년": 44.0, "학급수_20250401_5학년": 2.0, "학생수_20250401_6학년": 48.0, "학급수_20250401_6학년": 3.0, "학생수_20250401_반합계": 286.0, "학급수_20250401_반합계": 14.0, "조사기준일_데이터3": 20250401, "학생수_20250401_학교총계": 286, "학급수_20250401_학교총계": 14, "교지면적_20250401": 9808, "학생1인당교지면적_20250401_공시": 34.3, "일반교실수_20250401": 14, "교과교실수_20250401": 0, "특별교실수_20250401": 4, "수준별교실수_20250401": 0, "기타교실수_20250401": 0, "전체교실수_20250401": 18, "학생수_일반교실_20250401": 20.428571428571427, "학생수_전체교실_20250401": 15.888888888888889, "학급당학생수_20251001_계산": 20.142857142857142, "교원1인당학생수_20251001_계산": 11.75, "학교짧은키": "모산초" }, "geometry": { "type": "Point", "coordinates": [ 128.995207599999986, 35.18571631 ] } },
{ "type": "Feature", "properties": { "학교코드(KEDI)": "215021397", "학교명_20251001": "사상초등학교", "행정구_20251001": "사상구", "학교명키": "사상초등학교", "행정구키": "사상구", "위도": 35.16761073, "경도": 128.9828439, "소재지도로명주소": "부산광역시 사상구 운산로 65", "설립_20251001": "공립", "지역규모_20251001": "특별/광역시", "주소_20251001": "부산광역시 사상구 운산로 65(덕포동.사상초등학교)", "학생수_20251001": 333, "학급수_20251001": 19, "교원수_20251001": 33, "학급당학생수_20251001_공시": 17.5, "교원1인당학생수_20251001_공시": 10.1, "부산교육청_기준학생수_정책2026": 240, "학생수기준_충족_정책2026": false, "정책적용대상_공립_정책2026": true, "주분석대상_소규모공립_정책2026": false, "학생수_20250401_1학년": 56.0, "학급수_20250401_1학년": 3.0, "학생수_20250401_2학년": 65.0, "학급수_20250401_2학년": 3.0, "학생수_20250401_3학년": 50.0, "학급수_20250401_3학년": 3.0, "학생수_20250401_4학년": 64.0, "학급수_20250401_4학년": 4.0, "학생수_20250401_5학년": 63.0, "학급수_20250401_5학년": 4.0, "학생수_20250401_6학년": 49.0, "학급수_20250401_6학년": 2.0, "학생수_20250401_반합계": 347.0, "학급수_20250401_반합계": 19.0, "조사기준일_데이터3": 20250401, "학생수_20250401_학교총계": 347, "학급수_20250401_학교총계": 19, "교지면적_20250401": 13035, "학생1인당교지면적_20250401_공시": 37.6, "일반교실수_20250401": 17, "교과교실수_20250401": 0, "특별교실수_20250401": 9, "수준별교실수_20250401": 0, "기타교실수_20250401": 14, "전체교실수_20250401": 40, "학생수_일반교실_20250401": 20.411764705882351, "학생수_전체교실_20250401": 8.675, "학급당학생수_20251001_계산": 17.526315789473685, "교원1인당학생수_20251001_계산": 10.090909090909092, "학교짧은키": "사상초" }, "geometry": { "type": "Point", "coordinates": [ 128.9828439, 35.16761073 ] } },
{ "type": "Feature", "properties": { "학교코드(KEDI)": "215021415", "학교명_20251001": "삼덕초등학교", "행정구_20251001": "사상구", "학교명키": "삼덕초등학교", "행정구키": "사상구", "위도": 35.17416851, "경도": 128.9785507, "소재지도로명주소": "부산광역시 사상구 삼덕로 24", "설립_20251001": "공립", "지역규모_20251001": "특별/광역시", "주소_20251001": "부산광역시 사상구 삼덕로 24(삼락동. 삼덕초등학교)", "학생수_20251001": 104, "학급수_20251001": 8, "교원수_20251001": 14, "학급당학생수_20251001_공시": 13.0, "교원1인당학생수_20251001_공시": 7.4, "부산교육청_기준학생수_정책2026": 240, "학생수기준_충족_정책2026": true, "정책적용대상_공립_정책2026": true, "주분석대상_소규모공립_정책2026": true, "학생수_20250401_1학년": 12.0, "학급수_20250401_1학년": 1.0, "학생수_20250401_2학년": 21.0, "학급수_20250401_2학년": 2.0, "학생수_20250401_3학년": 13.0, "학급수_20250401_3학년": 1.0, "학생수_20250401_4학년": 21.0, "학급수_20250401_4학년": 2.0, "학생수_20250401_5학년": 12.0, "학급수_20250401_5학년": 1.0, "학생수_20250401_6학년": 25.0, "학급수_20250401_6학년": 1.0, "학생수_20250401_반합계": 104.0, "학급수_20250401_반합계": 8.0, "조사기준일_데이터3": 20250401, "학생수_20250401_학교총계": 104, "학급수_20250401_학교총계": 8, "교지면적_20250401": 8480, "학생1인당교지면적_20250401_공시": 81.5, "일반교실수_20250401": 11, "교과교실수_20250401": 1, "특별교실수_20250401": 10, "수준별교실수_20250401": 0, "기타교실수_20250401": 0, "전체교실수_20250401": 22, "학생수_일반교실_20250401": 9.454545454545455, "학생수_전체교실_20250401": 4.7272727272727275, "학급당학생수_20251001_계산": 13.0, "교원1인당학생수_20251001_계산": 7.4285714285714288, "학교짧은키": "삼덕초" }, "geometry": { "type": "Point", "coordinates": [ 128.9785507, 35.17416851 ] } },
{ "type": "Feature", "properties": { "학교코드(KEDI)": "215021433", "학교명_20251001": "서감초등학교", "행정구_20251001": "사상구", "학교명키": "서감초등학교", "행정구키": "사상구", "위도": 35.15782029, "경도": 128.9820602, "소재지도로명주소": "부산광역시 사상구 괘감로 64", "설립_20251001": "공립", "지역규모_20251001": "특별/광역시", "주소_20251001": "부산광역시 사상구 괘감로 64. 서감초등학교 (감전동)", "학생수_20251001": 114, "학급수_20251001": 9, "교원수_20251001": 16, "학급당학생수_20251001_공시": 12.7, "교원1인당학생수_20251001_공시": 7.1, "부산교육청_기준학생수_정책2026": 240, "학생수기준_충족_정책2026": true, "정책적용대상_공립_정책2026": true, "주분석대상_소규모공립_정책2026": true, "학생수_20250401_1학년": 13.0, "학급수_20250401_1학년": 1.0, "학생수_20250401_2학년": 26.0, "학급수_20250401_2학년": 2.0, "학생수_20250401_3학년": 16.0, "학급수_20250401_3학년": 1.0, "학생수_20250401_4학년": 22.0, "학급수_20250401_4학년": 2.0, "학생수_20250401_5학년": 20.0, "학급수_20250401_5학년": 2.0, "학생수_20250401_6학년": 17.0, "학급수_20250401_6학년": 1.0, "학생수_20250401_반합계": 114.0, "학급수_20250401_반합계": 9.0, "조사기준일_데이터3": 20250401, "학생수_20250401_학교총계": 114, "학급수_20250401_학교총계": 9, "교지면적_20250401": 10961, "학생1인당교지면적_20250401_공시": 96.1, "일반교실수_20250401": 11, "교과교실수_20250401": 1, "특별교실수_20250401": 16, "수준별교실수_20250401": 0, "기타교실수_20250401": 4, "전체교실수_20250401": 32, "학생수_일반교실_20250401": 10.363636363636363, "학생수_전체교실_20250401": 3.5625, "학급당학생수_20251001_계산": 12.666666666666666, "교원1인당학생수_20251001_계산": 7.125, "학교짧은키": "서감초" }, "geometry": { "type": "Point", "coordinates": [ 128.9820602, 35.15782029 ] } },
{ "type": "Feature", "properties": { "학교코드(KEDI)": "215021496", "학교명_20251001": "엄궁초등학교", "행정구_20251001": "사상구", "학교명키": "엄궁초등학교", "행정구키": "사상구", "위도": 35.12918626, "경도": 128.9743987, "소재지도로명주소": "부산광역시 사상구 엄궁로191번길 23", "설립_20251001": "공립", "지역규모_20251001": "특별/광역시", "주소_20251001": "부산광역시 사상구 엄궁로191번길 23. 엄궁초등학교 (엄궁동)", "학생수_20251001": 568, "학급수_20251001": 29, "교원수_20251001": 44, "학급당학생수_20251001_공시": 19.6, "교원1인당학생수_20251001_공시": 12.9, "부산교육청_기준학생수_정책2026": 240, "학생수기준_충족_정책2026": false, "정책적용대상_공립_정책2026": true, "주분석대상_소규모공립_정책2026": false, "학생수_20250401_1학년": 69.0, "학급수_20250401_1학년": 4.0, "학생수_20250401_2학년": 78.0, "학급수_20250401_2학년": 4.0, "학생수_20250401_3학년": 97.0, "학급수_20250401_3학년": 5.0, "학생수_20250401_4학년": 108.0, "학급수_20250401_4학년": 5.0, "학생수_20250401_5학년": 107.0, "학급수_20250401_5학년": 5.0, "학생수_20250401_6학년": 123.0, "학급수_20250401_6학년": 6.0, "학생수_20250401_반합계": 582.0, "학급수_20250401_반합계": 29.0, "조사기준일_데이터3": 20250401, "학생수_20250401_학교총계": 582, "학급수_20250401_학교총계": 29, "교지면적_20250401": 12501, "학생1인당교지면적_20250401_공시": 21.5, "일반교실수_20250401": 34, "교과교실수_20250401": 3, "특별교실수_20250401": 12, "수준별교실수_20250401": 0, "기타교실수_20250401": 8, "전체교실수_20250401": 57, "학생수_일반교실_20250401": 17.117647058823529, "학생수_전체교실_20250401": 10.210526315789474, "학급당학생수_20251001_계산": 19.586206896551722, "교원1인당학생수_20251001_계산": 12.909090909090908, "학교짧은키": "엄궁초" }, "geometry": { "type": "Point", "coordinates": [ 128.9743987, 35.12918626 ] } },
{ "type": "Feature", "properties": { "학교코드(KEDI)": "215021505", "학교명_20251001": "주감초등학교", "행정구_20251001": "사상구", "학교명키": "주감초등학교", "행정구키": "사상구", "위도": 35.15391434, "경도": 129.0014957, "소재지도로명주소": "부산광역시 사상구 양지로 48", "설립_20251001": "공립", "지역규모_20251001": "특별/광역시", "주소_20251001": "부산광역시 사상구 양지로 48. 주감초등학교 (주례동)", "학생수_20251001": 611, "학급수_20251001": 29, "교원수_20251001": 41, "학급당학생수_20251001_공시": 21.1, "교원1인당학생수_20251001_공시": 14.9, "부산교육청_기준학생수_정책2026": 240, "학생수기준_충족_정책2026": false, "정책적용대상_공립_정책2026": true, "주분석대상_소규모공립_정책2026": false, "학생수_20250401_1학년": 110.0, "학급수_20250401_1학년": 5.0, "학생수_20250401_2학년": 87.0, "학급수_20250401_2학년": 4.0, "학생수_20250401_3학년": 112.0, "학급수_20250401_3학년": 6.0, "학생수_20250401_4학년": 105.0, "학급수_20250401_4학년": 5.0, "학생수_20250401_5학년": 104.0, "학급수_20250401_5학년": 4.0, "학생수_20250401_6학년": 97.0, "학급수_20250401_6학년": 5.0, "학생수_20250401_반합계": 615.0, "학급수_20250401_반합계": 29.0, "조사기준일_데이터3": 20250401, "학생수_20250401_학교총계": 615, "학급수_20250401_학교총계": 29, "교지면적_20250401": 14878, "학생1인당교지면적_20250401_공시": 24.2, "일반교실수_20250401": 29, "교과교실수_20250401": 3, "특별교실수_20250401": 7, "수준별교실수_20250401": 0, "기타교실수_20250401": 2, "전체교실수_20250401": 41, "학생수_일반교실_20250401": 21.206896551724139, "학생수_전체교실_20250401": 15.0, "학급당학생수_20251001_계산": 21.068965517241381, "교원1인당학생수_20251001_계산": 14.902439024390244, "학교짧은키": "주감초" }, "geometry": { "type": "Point", "coordinates": [ 129.0014957, 35.15391434 ] } },
{ "type": "Feature", "properties": { "학교코드(KEDI)": "215021501", "학교명_20251001": "주양초등학교", "행정구_20251001": "사상구", "학교명키": "주양초등학교", "행정구키": "사상구", "위도": 35.15368245, "경도": 129.0121457, "소재지도로명주소": "부산광역시 사상구 백양대로 372-6", "설립_20251001": "공립", "지역규모_20251001": "특별/광역시", "주소_20251001": "부산광역시 사상구 백양대로 372-6(주례동. 주양초등학교)", "학생수_20251001": 284, "학급수_20251001": 17, "교원수_20251001": 28, "학급당학생수_20251001_공시": 16.7, "교원1인당학생수_20251001_공시": 10.1, "부산교육청_기준학생수_정책2026": 240, "학생수기준_충족_정책2026": false, "정책적용대상_공립_정책2026": true, "주분석대상_소규모공립_정책2026": false, "학생수_20250401_1학년": 38.0, "학급수_20250401_1학년": 2.0, "학생수_20250401_2학년": 37.0, "학급수_20250401_2학년": 2.0, "학생수_20250401_3학년": 51.0, "학급수_20250401_3학년": 3.0, "학생수_20250401_4학년": 56.0, "학급수_20250401_4학년": 4.0, "학생수_20250401_5학년": 46.0, "학급수_20250401_5학년": 3.0, "학생수_20250401_6학년": 57.0, "학급수_20250401_6학년": 3.0, "학생수_20250401_반합계": 285.0, "학급수_20250401_반합계": 17.0, "조사기준일_데이터3": 20250401, "학생수_20250401_학교총계": 285, "학급수_20250401_학교총계": 17, "교지면적_20250401": 11109, "학생1인당교지면적_20250401_공시": 39.0, "일반교실수_20250401": 17, "교과교실수_20250401": 2, "특별교실수_20250401": 2, "수준별교실수_20250401": 0, "기타교실수_20250401": 0, "전체교실수_20250401": 21, "학생수_일반교실_20250401": 16.764705882352942, "학생수_전체교실_20250401": 13.571428571428571, "학급당학생수_20251001_계산": 16.705882352941178, "교원1인당학생수_20251001_계산": 10.142857142857142, "학교짧은키": "주양초" }, "geometry": { "type": "Point", "coordinates": [ 129.0121457, 35.15368245 ] } },
{ "type": "Feature", "properties": { "학교코드(KEDI)": "215021514", "학교명_20251001": "주학초등학교", "행정구_20251001": "사상구", "학교명키": "주학초등학교", "행정구키": "사상구", "위도": 35.14606624, "경도": 129.0121591, "소재지도로명주소": "부산광역시 사상구 가야대로366번길 120", "설립_20251001": "공립", "지역규모_20251001": "특별/광역시", "주소_20251001": "부산광역시 사상구 가야대로366번길 120(주례동. 주학초등학교)", "학생수_20251001": 42, "학급수_20251001": 7, "교원수_20251001": 15, "학급당학생수_20251001_공시": 6.0, "교원1인당학생수_20251001_공시": 2.8, "부산교육청_기준학생수_정책2026": 240, "학생수기준_충족_정책2026": true, "정책적용대상_공립_정책2026": true, "주분석대상_소규모공립_정책2026": true, "학생수_20250401_1학년": 4.0, "학급수_20250401_1학년": 1.0, "학생수_20250401_2학년": 11.0, "학급수_20250401_2학년": 2.0, "학생수_20250401_3학년": 6.0, "학급수_20250401_3학년": 1.0, "학생수_20250401_4학년": 6.0, "학급수_20250401_4학년": 1.0, "학생수_20250401_5학년": 5.0, "학급수_20250401_5학년": 1.0, "학생수_20250401_6학년": 11.0, "학급수_20250401_6학년": 1.0, "학생수_20250401_반합계": 43.0, "학급수_20250401_반합계": 7.0, "조사기준일_데이터3": 20250401, "학생수_20250401_학교총계": 43, "학급수_20250401_학교총계": 7, "교지면적_20250401": 14762, "학생1인당교지면적_20250401_공시": 343.3, "일반교실수_20250401": 7, "교과교실수_20250401": 2, "특별교실수_20250401": 6, "수준별교실수_20250401": 0, "기타교실수_20250401": 0, "전체교실수_20250401": 15, "학생수_일반교실_20250401": 6.1428571428571432, "학생수_전체교실_20250401": 2.8666666666666667, "학급당학생수_20251001_계산": 6.0, "교원1인당학생수_20251001_계산": 2.8, "학교짧은키": "주학초" }, "geometry": { "type": "Point", "coordinates": [ 129.0121591, 35.14606624 ] } },
{ "type": "Feature", "properties": { "학교코드(KEDI)": "215021519", "학교명_20251001": "창진초등학교", "행정구_20251001": "사상구", "학교명키": "창진초등학교", "행정구키": "사상구", "위도": 35.16617253, "경도": 128.9778323, "소재지도로명주소": "부산광역시 사상구 사상로223번길 100", "설립_20251001": "공립", "지역규모_20251001": "특별/광역시", "주소_20251001": "부산광역시 사상구 사상로223번길 100(괘법동.창진초등학교)", "학생수_20251001": 413, "학급수_20251001": 20, "교원수_20251001": 30, "학급당학생수_20251001_공시": 20.7, "교원1인당학생수_20251001_공시": 13.8, "부산교육청_기준학생수_정책2026": 240, "학생수기준_충족_정책2026": false, "정책적용대상_공립_정책2026": true, "주분석대상_소규모공립_정책2026": false, "학생수_20250401_1학년": 69.0, "학급수_20250401_1학년": 3.0, "학생수_20250401_2학년": 65.0, "학급수_20250401_2학년": 4.0, "학생수_20250401_3학년": 68.0, "학급수_20250401_3학년": 3.0, "학생수_20250401_4학년": 86.0, "학급수_20250401_4학년": 4.0, "학생수_20250401_5학년": 63.0, "학급수_20250401_5학년": 3.0, "학생수_20250401_6학년": 61.0, "학급수_20250401_6학년": 3.0, "학생수_20250401_반합계": 412.0, "학급수_20250401_반합계": 20.0, "조사기준일_데이터3": 20250401, "학생수_20250401_학교총계": 412, "학급수_20250401_학교총계": 20, "교지면적_20250401": 6650, "학생1인당교지면적_20250401_공시": 16.1, "일반교실수_20250401": 20, "교과교실수_20250401": 1, "특별교실수_20250401": 2, "수준별교실수_20250401": 0, "기타교실수_20250401": 8, "전체교실수_20250401": 31, "학생수_일반교실_20250401": 20.6, "학생수_전체교실_20250401": 13.290322580645162, "학급당학생수_20251001_계산": 20.65, "교원1인당학생수_20251001_계산": 13.766666666666667, "학교짧은키": "창진초" }, "geometry": { "type": "Point", "coordinates": [ 128.977832299999989, 35.16617253 ] } },
{ "type": "Feature", "properties": { "학교코드(KEDI)": "215021541", "학교명_20251001": "학장초등학교", "행정구_20251001": "사상구", "학교명키": "학장초등학교", "행정구키": "사상구", "위도": 35.14614928, "경도": 128.9845724, "소재지도로명주소": "부산광역시 사상구 대동로 205", "설립_20251001": "공립", "지역규모_20251001": "특별/광역시", "주소_20251001": "부산광역시 사상구 대동로 205(학장동)", "학생수_20251001": 194, "학급수_20251001": 13, "교원수_20251001": 19, "학급당학생수_20251001_공시": 14.9, "교원1인당학생수_20251001_공시": 10.2, "부산교육청_기준학생수_정책2026": 240, "학생수기준_충족_정책2026": true, "정책적용대상_공립_정책2026": true, "주분석대상_소규모공립_정책2026": true, "학생수_20250401_1학년": 35.0, "학급수_20250401_1학년": 2.0, "학생수_20250401_2학년": 30.0, "학급수_20250401_2학년": 3.0, "학생수_20250401_3학년": 37.0, "학급수_20250401_3학년": 2.0, "학생수_20250401_4학년": 30.0, "학급수_20250401_4학년": 2.0, "학생수_20250401_5학년": 34.0, "학급수_20250401_5학년": 2.0, "학생수_20250401_6학년": 34.0, "학급수_20250401_6학년": 2.0, "학생수_20250401_반합계": 200.0, "학급수_20250401_반합계": 13.0, "조사기준일_데이터3": 20250401, "학생수_20250401_학교총계": 200, "학급수_20250401_학교총계": 13, "교지면적_20250401": 13334, "학생1인당교지면적_20250401_공시": 66.7, "일반교실수_20250401": 13, "교과교실수_20250401": 0, "특별교실수_20250401": 11, "수준별교실수_20250401": 0, "기타교실수_20250401": 0, "전체교실수_20250401": 24, "학생수_일반교실_20250401": 15.384615384615385, "학생수_전체교실_20250401": 8.3333333333333339, "학급당학생수_20251001_계산": 14.923076923076923, "교원1인당학생수_20251001_계산": 10.210526315789474, "학교짧은키": "학장초" }, "geometry": { "type": "Point", "coordinates": [ 128.9845724, 35.14614928000001 ] } },
{ "type": "Feature", "properties": { "학교코드(KEDI)": "215021550", "학교명_20251001": "학진초등학교", "행정구_20251001": "사상구", "학교명키": "학진초등학교", "행정구키": "사상구", "위도": 35.13302673, "경도": 128.9751445, "소재지도로명주소": "부산광역시 사상구 대동로 34-16", "설립_20251001": "공립", "지역규모_20251001": "특별/광역시", "주소_20251001": "부산광역시 사상구 대동로 34-16(엄궁동. 학진초등학교)", "학생수_20251001": 424, "학급수_20251001": 22, "교원수_20251001": 37, "학급당학생수_20251001_공시": 19.3, "교원1인당학생수_20251001_공시": 11.5, "부산교육청_기준학생수_정책2026": 240, "학생수기준_충족_정책2026": false, "정책적용대상_공립_정책2026": true, "주분석대상_소규모공립_정책2026": false, "학생수_20250401_1학년": 47.0, "학급수_20250401_1학년": 3.0, "학생수_20250401_2학년": 67.0, "학급수_20250401_2학년": 3.0, "학생수_20250401_3학년": 72.0, "학급수_20250401_3학년": 4.0, "학생수_20250401_4학년": 78.0, "학급수_20250401_4학년": 4.0, "학생수_20250401_5학년": 72.0, "학급수_20250401_5학년": 4.0, "학생수_20250401_6학년": 88.0, "학급수_20250401_6학년": 4.0, "학생수_20250401_반합계": 424.0, "학급수_20250401_반합계": 22.0, "조사기준일_데이터3": 20250401, "학생수_20250401_학교총계": 424, "학급수_20250401_학교총계": 22, "교지면적_20250401": 14371, "학생1인당교지면적_20250401_공시": 33.9, "일반교실수_20250401": 22, "교과교실수_20250401": 2, "특별교실수_20250401": 4, "수준별교실수_20250401": 0, "기타교실수_20250401": 0, "전체교실수_20250401": 28, "학생수_일반교실_20250401": 19.272727272727273, "학생수_전체교실_20250401": 15.142857142857142, "학급당학생수_20251001_계산": 19.272727272727273, "교원1인당학생수_20251001_계산": 11.45945945945946, "학교짧은키": "학진초" }, "geometry": { "type": "Point", "coordinates": [ 128.9751445, 35.13302673 ] } },
{ "type": "Feature", "properties": { "학교코드(KEDI)": "212021116", "학교명_20251001": "감천초등학교", "행정구_20251001": "사하구", "학교명키": "감천초등학교", "행정구키": "사하구", "위도": 35.08257424, "경도": 129.0071932, "소재지도로명주소": "부산광역시 사하구 원양로 368-2", "설립_20251001": "공립", "지역규모_20251001": "특별/광역시", "주소_20251001": "부산광역시 사하구 원양로 368-2(감천동. 감천초등학교)", "학생수_20251001": 99, "학급수_20251001": 8, "교원수_20251001": 15, "학급당학생수_20251001_공시": 12.4, "교원1인당학생수_20251001_공시": 6.6, "부산교육청_기준학생수_정책2026": 240, "학생수기준_충족_정책2026": true, "정책적용대상_공립_정책2026": true, "주분석대상_소규모공립_정책2026": true, "학생수_20250401_1학년": 21.0, "학급수_20250401_1학년": 2.0, "학생수_20250401_2학년": 9.0, "학급수_20250401_2학년": 1.0, "학생수_20250401_3학년": 16.0, "학급수_20250401_3학년": 1.0, "학생수_20250401_4학년": 16.0, "학급수_20250401_4학년": 1.0, "학생수_20250401_5학년": 10.0, "학급수_20250401_5학년": 1.0, "학생수_20250401_6학년": 28.0, "학급수_20250401_6학년": 2.0, "학생수_20250401_반합계": 100.0, "학급수_20250401_반합계": 8.0, "조사기준일_데이터3": 20250401, "학생수_20250401_학교총계": 100, "학급수_20250401_학교총계": 8, "교지면적_20250401": 11254, "학생1인당교지면적_20250401_공시": 112.5, "일반교실수_20250401": 12, "교과교실수_20250401": 0, "특별교실수_20250401": 11, "수준별교실수_20250401": 0, "기타교실수_20250401": 0, "전체교실수_20250401": 23, "학생수_일반교실_20250401": 8.3333333333333339, "학생수_전체교실_20250401": 4.3478260869565215, "학급당학생수_20251001_계산": 12.375, "교원1인당학생수_20251001_계산": 6.6, "학교짧은키": "감천초" }, "geometry": { "type": "Point", "coordinates": [ 129.007193199999989, 35.08257424 ] } },
{ "type": "Feature", "properties": { "학교코드(KEDI)": "212021124", "학교명_20251001": "괴정초등학교", "행정구_20251001": "사하구", "학교명키": "괴정초등학교", "행정구키": "사하구", "위도": 35.10376396, "경도": 128.9997579, "소재지도로명주소": "부산광역시 사하구 낙동대로 152", "설립_20251001": "공립", "지역규모_20251001": "특별/광역시", "주소_20251001": "부산광역시 사하구 낙동대로 152(괴정동. 괴정초등학교)", "학생수_20251001": 523, "학급수_20251001": 26, "교원수_20251001": 39, "학급당학생수_20251001_공시": 20.1, "교원1인당학생수_20251001_공시": 13.4, "부산교육청_기준학생수_정책2026": 240, "학생수기준_충족_정책2026": false, "정책적용대상_공립_정책2026": true, "주분석대상_소규모공립_정책2026": false, "학생수_20250401_1학년": 71.0, "학급수_20250401_1학년": 3.0, "학생수_20250401_2학년": 87.0, "학급수_20250401_2학년": 5.0, "학생수_20250401_3학년": 110.0, "학급수_20250401_3학년": 5.0, "학생수_20250401_4학년": 74.0, "학급수_20250401_4학년": 4.0, "학생수_20250401_5학년": 105.0, "학급수_20250401_5학년": 5.0, "학생수_20250401_6학년": 87.0, "학급수_20250401_6학년": 4.0, "학생수_20250401_반합계": 534.0, "학급수_20250401_반합계": 26.0, "조사기준일_데이터3": 20250401, "학생수_20250401_학교총계": 534, "학급수_20250401_학교총계": 26, "교지면적_20250401": 7072, "학생1인당교지면적_20250401_공시": 13.2, "일반교실수_20250401": 25, "교과교실수_20250401": 2, "특별교실수_20250401": 3, "수준별교실수_20250401": 0, "기타교실수_20250401": 3, "전체교실수_20250401": 33, "학생수_일반교실_20250401": 21.36, "학생수_전체교실_20250401": 16.181818181818183, "학급당학생수_20251001_계산": 20.115384615384617, "교원1인당학생수_20251001_계산": 13.410256410256411, "학교짧은키": "괴정초" }, "geometry": { "type": "Point", "coordinates": [ 128.9997579, 35.10376396 ] } },
{ "type": "Feature", "properties": { "학교코드(KEDI)": "212021140", "학교명_20251001": "구평초등학교", "행정구_20251001": "사하구", "학교명키": "구평초등학교", "행정구키": "사하구", "위도": 35.08661941, "경도": 128.9890241, "소재지도로명주소": "부산광역시 사하구 사하로 9", "설립_20251001": "공립", "지역규모_20251001": "특별/광역시", "주소_20251001": "부산광역시 사하구 사하로 9(구평동.구평초등학교)", "학생수_20251001": 652, "학급수_20251001": 30, "교원수_20251001": 40, "학급당학생수_20251001_공시": 21.7, "교원1인당학생수_20251001_공시": 16.3, "부산교육청_기준학생수_정책2026": 240, "학생수기준_충족_정책2026": false, "정책적용대상_공립_정책2026": true, "주분석대상_소규모공립_정책2026": false, "학생수_20250401_1학년": 104.0, "학급수_20250401_1학년": 5.0, "학생수_20250401_2학년": 130.0, "학급수_20250401_2학년": 6.0, "학생수_20250401_3학년": 137.0, "학급수_20250401_3학년": 6.0, "학생수_20250401_4학년": 109.0, "학급수_20250401_4학년": 5.0, "학생수_20250401_5학년": 101.0, "학급수_20250401_5학년": 4.0, "학생수_20250401_6학년": 93.0, "학급수_20250401_6학년": 4.0, "학생수_20250401_반합계": 674.0, "학급수_20250401_반합계": 30.0, "조사기준일_데이터3": 20250401, "학생수_20250401_학교총계": 674, "학급수_20250401_학교총계": 30, "교지면적_20250401": 14947, "학생1인당교지면적_20250401_공시": 22.2, "일반교실수_20250401": 30, "교과교실수_20250401": 2, "특별교실수_20250401": 4, "수준별교실수_20250401": 0, "기타교실수_20250401": 0, "전체교실수_20250401": 36, "학생수_일반교실_20250401": 22.466666666666665, "학생수_전체교실_20250401": 18.722222222222221, "학급당학생수_20251001_계산": 21.733333333333334, "교원1인당학생수_20251001_계산": 16.3, "학교짧은키": "구평초" }, "geometry": { "type": "Point", "coordinates": [ 128.9890241, 35.08661941 ] } },
{ "type": "Feature", "properties": { "학교코드(KEDI)": "212021148", "학교명_20251001": "낙동초등학교", "행정구_20251001": "사하구", "학교명키": "낙동초등학교", "행정구키": "사하구", "위도": 35.10540745, "경도": 128.972348, "소재지도로명주소": "부산광역시 사하구 제석로 41", "설립_20251001": "공립", "지역규모_20251001": "특별/광역시", "주소_20251001": "부산광역시 사하구 제석로 41(당리동.낙동초등학교)", "학생수_20251001": 816, "학급수_20251001": 38, "교원수_20251001": 59, "학급당학생수_20251001_공시": 21.5, "교원1인당학생수_20251001_공시": 13.8, "부산교육청_기준학생수_정책2026": 240, "학생수기준_충족_정책2026": false, "정책적용대상_공립_정책2026": true, "주분석대상_소규모공립_정책2026": false, "학생수_20250401_1학년": 92.0, "학급수_20250401_1학년": 5.0, "학생수_20250401_2학년": 109.0, "학급수_20250401_2학년": 5.0, "학생수_20250401_3학년": 138.0, "학급수_20250401_3학년": 6.0, "학생수_20250401_4학년": 171.0, "학급수_20250401_4학년": 8.0, "학생수_20250401_5학년": 172.0, "학급수_20250401_5학년": 8.0, "학생수_20250401_6학년": 135.0, "학급수_20250401_6학년": 6.0, "학생수_20250401_반합계": 817.0, "학급수_20250401_반합계": 38.0, "조사기준일_데이터3": 20250401, "학생수_20250401_학교총계": 817, "학급수_20250401_학교총계": 38, "교지면적_20250401": 12078, "학생1인당교지면적_20250401_공시": 14.8, "일반교실수_20250401": 37, "교과교실수_20250401": 0, "특별교실수_20250401": 4, "수준별교실수_20250401": 0, "기타교실수_20250401": 1, "전체교실수_20250401": 42, "학생수_일반교실_20250401": 22.081081081081081, "학생수_전체교실_20250401": 19.452380952380953, "학급당학생수_20251001_계산": 21.473684210526315, "교원1인당학생수_20251001_계산": 13.830508474576272, "학교짧은키": "낙동초" }, "geometry": { "type": "Point", "coordinates": [ 128.972348, 35.10540745 ] } },
{ "type": "Feature", "properties": { "학교코드(KEDI)": "212021180", "학교명_20251001": "다대초등학교", "행정구_20251001": "사하구", "학교명키": "다대초등학교", "행정구키": "사하구", "위도": 35.05968077, "경도": 128.9757951, "소재지도로명주소": "부산광역시 사하구 다대로 499", "설립_20251001": "공립", "지역규모_20251001": "특별/광역시", "주소_20251001": "부산광역시 사하구 다대로 499(다대동.다대초등학교)", "학생수_20251001": 635, "학급수_20251001": 31, "교원수_20251001": 44, "학급당학생수_20251001_공시": 20.5, "교원1인당학생수_20251001_공시": 14.4, "부산교육청_기준학생수_정책2026": 240, "학생수기준_충족_정책2026": false, "정책적용대상_공립_정책2026": true, "주분석대상_소규모공립_정책2026": false, "학생수_20250401_1학년": 92.0, "학급수_20250401_1학년": 4.0, "학생수_20250401_2학년": 112.0, "학급수_20250401_2학년": 6.0, "학생수_20250401_3학년": 110.0, "학급수_20250401_3학년": 5.0, "학생수_20250401_4학년": 95.0, "학급수_20250401_4학년": 5.0, "학생수_20250401_5학년": 118.0, "학급수_20250401_5학년": 6.0, "학생수_20250401_6학년": 123.0, "학급수_20250401_6학년": 5.0, "학생수_20250401_반합계": 650.0, "학급수_20250401_반합계": 31.0, "조사기준일_데이터3": 20250401, "학생수_20250401_학교총계": 650, "학급수_20250401_학교총계": 31, "교지면적_20250401": 21581, "학생1인당교지면적_20250401_공시": 33.2, "일반교실수_20250401": 36, "교과교실수_20250401": 3, "특별교실수_20250401": 4, "수준별교실수_20250401": 0, "기타교실수_20250401": 3, "전체교실수_20250401": 46, "학생수_일반교실_20250401": 18.055555555555557, "학생수_전체교실_20250401": 14.130434782608695, "학급당학생수_20251001_계산": 20.483870967741936, "교원1인당학생수_20251001_계산": 14.431818181818182, "학교짧은키": "다대초" }, "geometry": { "type": "Point", "coordinates": [ 128.9757951, 35.05968077 ] } },
{ "type": "Feature", "properties": { "학교코드(KEDI)": "212021188", "학교명_20251001": "다선초등학교", "행정구_20251001": "사하구", "학교명키": "다선초등학교", "행정구키": "사하구", "위도": 35.06300204, "경도": 128.9856796, "소재지도로명주소": "부산광역시 사하구 다송로 57", "설립_20251001": "공립", "지역규모_20251001": "특별/광역시", "주소_20251001": "부산광역시 사하구 다송로 57(다대동.다선초등학교)", "학생수_20251001": 505, "학급수_20251001": 25, "교원수_20251001": 35, "학급당학생수_20251001_공시": 20.2, "교원1인당학생수_20251001_공시": 14.4, "부산교육청_기준학생수_정책2026": 240, "학생수기준_충족_정책2026": false, "정책적용대상_공립_정책2026": true, "주분석대상_소규모공립_정책2026": false, "학생수_20250401_1학년": 61.0, "학급수_20250401_1학년": 3.0, "학생수_20250401_2학년": 78.0, "학급수_20250401_2학년": 4.0, "학생수_20250401_3학년": 86.0, "학급수_20250401_3학년": 5.0, "학생수_20250401_4학년": 100.0, "학급수_20250401_4학년": 4.0, "학생수_20250401_5학년": 82.0, "학급수_20250401_5학년": 5.0, "학생수_20250401_6학년": 98.0, "학급수_20250401_6학년": 4.0, "학생수_20250401_반합계": 505.0, "학급수_20250401_반합계": 25.0, "조사기준일_데이터3": 20250401, "학생수_20250401_학교총계": 505, "학급수_20250401_학교총계": 25, "교지면적_20250401": 15793, "학생1인당교지면적_20250401_공시": 31.3, "일반교실수_20250401": 27, "교과교실수_20250401": 0, "특별교실수_20250401": 14, "수준별교실수_20250401": 0, "기타교실수_20250401": 2, "전체교실수_20250401": 43, "학생수_일반교실_20250401": 18.703703703703702, "학생수_전체교실_20250401": 11.744186046511627, "학급당학생수_20251001_계산": 20.2, "교원1인당학생수_20251001_계산": 14.428571428571429, "학교짧은키": "다선초" }, "geometry": { "type": "Point", "coordinates": [ 128.9856796, 35.06300204 ] } },
{ "type": "Feature", "properties": { "학교코드(KEDI)": "212021192", "학교명_20251001": "다송초등학교", "행정구_20251001": "사하구", "학교명키": "다송초등학교", "행정구키": "사하구", "위도": 35.06932631, "경도": 128.9798381, "소재지도로명주소": "부산광역시 사하구 다대로381번길 17", "설립_20251001": "공립", "지역규모_20251001": "특별/광역시", "주소_20251001": "부산광역시 사하구 다대로381번길 17(다대동. 다송초등학교)", "학생수_20251001": 121, "학급수_20251001": 10, "교원수_20251001": 18, "학급당학생수_20251001_공시": 12.1, "교원1인당학생수_20251001_공시": 6.7, "부산교육청_기준학생수_정책2026": 240, "학생수기준_충족_정책2026": true, "정책적용대상_공립_정책2026": true, "주분석대상_소규모공립_정책2026": true, "학생수_20250401_1학년": 12.0, "학급수_20250401_1학년": 1.0, "학생수_20250401_2학년": 9.0, "학급수_20250401_2학년": 1.0, "학생수_20250401_3학년": 23.0, "학급수_20250401_3학년": 2.0, "학생수_20250401_4학년": 21.0, "학급수_20250401_4학년": 2.0, "학생수_20250401_5학년": 27.0, "학급수_20250401_5학년": 2.0, "학생수_20250401_6학년": 29.0, "학급수_20250401_6학년": 2.0, "학생수_20250401_반합계": 121.0, "학급수_20250401_반합계": 10.0, "조사기준일_데이터3": 20250401, "학생수_20250401_학교총계": 121, "학급수_20250401_학교총계": 10, "교지면적_20250401": 20913, "학생1인당교지면적_20250401_공시": 172.8, "일반교실수_20250401": 17, "교과교실수_20250401": 2, "특별교실수_20250401": 3, "수준별교실수_20250401": 0, "기타교실수_20250401": 0, "전체교실수_20250401": 22, "학생수_일반교실_20250401": 7.117647058823529, "학생수_전체교실_20250401": 5.5, "학급당학생수_20251001_계산": 12.1, "교원1인당학생수_20251001_계산": 6.7222222222222223, "학교짧은키": "다송초" }, "geometry": { "type": "Point", "coordinates": [ 128.9798381, 35.06932631 ] } },
{ "type": "Feature", "properties": { "학교코드(KEDI)": "212021196", "학교명_20251001": "당리초등학교", "행정구_20251001": "사하구", "학교명키": "당리초등학교", "행정구키": "사하구", "위도": 35.09991131, "경도": 128.9756932, "소재지도로명주소": "부산광역시 사하구 다대로22번길 12", "설립_20251001": "공립", "지역규모_20251001": "특별/광역시", "주소_20251001": "부산광역시 사하구 다대로 22번길 12(당리동. 당리초등학교)", "학생수_20251001": 132, "학급수_20251001": 9, "교원수_20251001": 16, "학급당학생수_20251001_공시": 14.7, "교원1인당학생수_20251001_공시": 8.3, "부산교육청_기준학생수_정책2026": 240, "학생수기준_충족_정책2026": true, "정책적용대상_공립_정책2026": true, "주분석대상_소규모공립_정책2026": true, "학생수_20250401_1학년": 24.0, "학급수_20250401_1학년": 2.0, "학생수_20250401_2학년": 23.0, "학급수_20250401_2학년": 1.0, "학생수_20250401_3학년": 11.0, "학급수_20250401_3학년": 1.0, "학생수_20250401_4학년": 35.0, "학급수_20250401_4학년": 3.0, "학생수_20250401_5학년": 22.0, "학급수_20250401_5학년": 1.0, "학생수_20250401_6학년": 20.0, "학급수_20250401_6학년": 1.0, "학생수_20250401_반합계": 135.0, "학급수_20250401_반합계": 9.0, "조사기준일_데이터3": 20250401, "학생수_20250401_학교총계": 135, "학급수_20250401_학교총계": 9, "교지면적_20250401": 16797, "학생1인당교지면적_20250401_공시": 124.4, "일반교실수_20250401": 12, "교과교실수_20250401": 4, "특별교실수_20250401": 10, "수준별교실수_20250401": 0, "기타교실수_20250401": 4, "전체교실수_20250401": 30, "학생수_일반교실_20250401": 11.25, "학생수_전체교실_20250401": 4.5, "학급당학생수_20251001_계산": 14.666666666666666, "교원1인당학생수_20251001_계산": 8.25, "학교짧은키": "당리초" }, "geometry": { "type": "Point", "coordinates": [ 128.9756932, 35.09991131 ] } },
{ "type": "Feature", "properties": { "학교코드(KEDI)": "212021303", "학교명_20251001": "몰운대초등학교", "행정구_20251001": "사하구", "학교명키": "몰운대초등학교", "행정구키": "사하구", "위도": 35.0550486, "경도": 128.9631301, "소재지도로명주소": "부산광역시 사하구 다대낙조2길 110", "설립_20251001": "공립", "지역규모_20251001": "특별/광역시", "주소_20251001": "부산광역시 사하구 다대낙조2길 110(다대동.몰운대초등학교)", "학생수_20251001": 755, "학급수_20251001": 35, "교원수_20251001": 50, "학급당학생수_20251001_공시": 21.6, "교원1인당학생수_20251001_공시": 15.1, "부산교육청_기준학생수_정책2026": 240, "학생수기준_충족_정책2026": false, "정책적용대상_공립_정책2026": true, "주분석대상_소규모공립_정책2026": false, "학생수_20250401_1학년": 101.0, "학급수_20250401_1학년": 4.0, "학생수_20250401_2학년": 119.0, "학급수_20250401_2학년": 6.0, "학생수_20250401_3학년": 113.0, "학급수_20250401_3학년": 5.0, "학생수_20250401_4학년": 159.0, "학급수_20250401_4학년": 7.0, "학생수_20250401_5학년": 145.0, "학급수_20250401_5학년": 6.0, "학생수_20250401_6학년": 138.0, "학급수_20250401_6학년": 7.0, "학생수_20250401_반합계": 775.0, "학급수_20250401_반합계": 35.0, "조사기준일_데이터3": 20250401, "학생수_20250401_학교총계": 775, "학급수_20250401_학교총계": 35, "교지면적_20250401": 10000, "학생1인당교지면적_20250401_공시": 12.9, "일반교실수_20250401": 35, "교과교실수_20250401": 3, "특별교실수_20250401": 3, "수준별교실수_20250401": 1, "기타교실수_20250401": 4, "전체교실수_20250401": 46, "학생수_일반교실_20250401": 22.142857142857142, "학생수_전체교실_20250401": 16.847826086956523, "학급당학생수_20251001_계산": 21.571428571428573, "교원1인당학생수_20251001_계산": 15.1, "학교짧은키": "몰운대초" }, "geometry": { "type": "Point", "coordinates": [ 128.9631301, 35.0550486 ] } },
{ "type": "Feature", "properties": { "학교코드(KEDI)": "212021265", "학교명_20251001": "보림초등학교", "행정구_20251001": "사하구", "학교명키": "보림초등학교", "행정구키": "사하구", "위도": 35.08401645, "경도": 128.9674304, "소재지도로명주소": "부산광역시 사하구 장림로161번길 20", "설립_20251001": "공립", "지역규모_20251001": "특별/광역시", "주소_20251001": "부산광역시 사하구 장림로161번길 20(장림동. 보림초등학교)", "학생수_20251001": 601, "학급수_20251001": 32, "교원수_20251001": 51, "학급당학생수_20251001_공시": 18.8, "교원1인당학생수_20251001_공시": 11.8, "부산교육청_기준학생수_정책2026": 240, "학생수기준_충족_정책2026": false, "정책적용대상_공립_정책2026": true, "주분석대상_소규모공립_정책2026": false, "학생수_20250401_1학년": 90.0, "학급수_20250401_1학년": 4.0, "학생수_20250401_2학년": 109.0, "학급수_20250401_2학년": 6.0, "학생수_20250401_3학년": 105.0, "학급수_20250401_3학년": 6.0, "학생수_20250401_4학년": 100.0, "학급수_20250401_4학년": 5.0, "학생수_20250401_5학년": 104.0, "학급수_20250401_5학년": 5.0, "학생수_20250401_6학년": 97.0, "학급수_20250401_6학년": 6.0, "학생수_20250401_반합계": 605.0, "학급수_20250401_반합계": 32.0, "조사기준일_데이터3": 20250401, "학생수_20250401_학교총계": 605, "학급수_20250401_학교총계": 32, "교지면적_20250401": 7856, "학생1인당교지면적_20250401_공시": 13.0, "일반교실수_20250401": 32, "교과교실수_20250401": 4, "특별교실수_20250401": 5, "수준별교실수_20250401": 0, "기타교실수_20250401": 2, "전체교실수_20250401": 43, "학생수_일반교실_20250401": 18.90625, "학생수_전체교실_20250401": 14.069767441860465, "학급당학생수_20251001_계산": 18.78125, "교원1인당학생수_20251001_계산": 11.784313725490197, "학교짧은키": "보림초" }, "geometry": { "type": "Point", "coordinates": [ 128.967430400000012, 35.08401645 ] } },
{ "type": "Feature", "properties": { "학교코드(KEDI)": "212021300", "학교명_20251001": "사남초등학교", "행정구_20251001": "사하구", "학교명키": "사남초등학교", "행정구키": "사하구", "위도": 35.09606507, "경도": 128.9830521, "소재지도로명주소": "부산광역시 사하구 장평로 390", "설립_20251001": "공립", "지역규모_20251001": "특별/광역시", "주소_20251001": "부산광역시 사하구 장평로 390(괴정동.사남초등학교)", "학생수_20251001": 374, "학급수_20251001": 18, "교원수_20251001": 29, "학급당학생수_20251001_공시": 20.8, "교원1인당학생수_20251001_공시": 12.9, "부산교육청_기준학생수_정책2026": 240, "학생수기준_충족_정책2026": false, "정책적용대상_공립_정책2026": true, "주분석대상_소규모공립_정책2026": false, "학생수_20250401_1학년": 63.0, "학급수_20250401_1학년": 3.0, "학생수_20250401_2학년": 74.0, "학급수_20250401_2학년": 3.0, "학생수_20250401_3학년": 61.0, "학급수_20250401_3학년": 3.0, "학생수_20250401_4학년": 68.0, "학급수_20250401_4학년": 3.0, "학생수_20250401_5학년": 42.0, "학급수_20250401_5학년": 2.0, "학생수_20250401_6학년": 62.0, "학급수_20250401_6학년": 4.0, "학생수_20250401_반합계": 370.0, "학급수_20250401_반합계": 18.0, "조사기준일_데이터3": 20250401, "학생수_20250401_학교총계": 370, "학급수_20250401_학교총계": 18, "교지면적_20250401": 13323, "학생1인당교지면적_20250401_공시": 36.0, "일반교실수_20250401": 18, "교과교실수_20250401": 1, "특별교실수_20250401": 4, "수준별교실수_20250401": 0, "기타교실수_20250401": 0, "전체교실수_20250401": 23, "학생수_일반교실_20250401": 20.555555555555557, "학생수_전체교실_20250401": 16.086956521739129, "학급당학생수_20251001_계산": 20.777777777777779, "교원1인당학생수_20251001_계산": 12.896551724137931, "학교짧은키": "사남초" }, "geometry": { "type": "Point", "coordinates": [ 128.9830521, 35.09606507 ] } },
{ "type": "Feature", "properties": { "학교코드(KEDI)": "212021308", "학교명_20251001": "사동초등학교", "행정구_20251001": "사하구", "학교명키": "사동초등학교", "행정구키": "사하구", "위도": 35.10450247, "경도": 128.9806236, "소재지도로명주소": "부산광역시 사하구 승학로 129-2", "설립_20251001": "공립", "지역규모_20251001": "특별/광역시", "주소_20251001": "부산광역시 사하구 승학로 129-2(당리동. 사동초등학교)", "학생수_20251001": 178, "학급수_20251001": 11, "교원수_20251001": 18, "학급당학생수_20251001_공시": 16.2, "교원1인당학생수_20251001_공시": 9.9, "부산교육청_기준학생수_정책2026": 240, "학생수기준_충족_정책2026": true, "정책적용대상_공립_정책2026": true, "주분석대상_소규모공립_정책2026": true, "학생수_20250401_1학년": 16.0, "학급수_20250401_1학년": 2.0, "학생수_20250401_2학년": 22.0, "학급수_20250401_2학년": 1.0, "학생수_20250401_3학년": 24.0, "학급수_20250401_3학년": 2.0, "학생수_20250401_4학년": 47.0, "학급수_20250401_4학년": 2.0, "학생수_20250401_5학년": 35.0, "학급수_20250401_5학년": 2.0, "학생수_20250401_6학년": 43.0, "학급수_20250401_6학년": 2.0, "학생수_20250401_반합계": 187.0, "학급수_20250401_반합계": 11.0, "조사기준일_데이터3": 20250401, "학생수_20250401_학교총계": 187, "학급수_20250401_학교총계": 11, "교지면적_20250401": 16702, "학생1인당교지면적_20250401_공시": 89.3, "일반교실수_20250401": 15, "교과교실수_20250401": 2, "특별교실수_20250401": 8, "수준별교실수_20250401": 0, "기타교실수_20250401": 0, "전체교실수_20250401": 25, "학생수_일반교실_20250401": 12.466666666666667, "학생수_전체교실_20250401": 7.48, "학급당학생수_20251001_계산": 16.181818181818183, "교원1인당학생수_20251001_계산": 9.8888888888888893, "학교짧은키": "사동초" }, "geometry": { "type": "Point", "coordinates": [ 128.9806236, 35.10450247 ] } },
{ "type": "Feature", "properties": { "학교코드(KEDI)": "212021316", "학교명_20251001": "사하초등학교", "행정구_20251001": "사하구", "학교명키": "사하초등학교", "행정구키": "사하구", "위도": 35.09997355, "경도": 128.9868982, "소재지도로명주소": "부산광역시 사하구 낙동대로 266", "설립_20251001": "공립", "지역규모_20251001": "특별/광역시", "주소_20251001": "부산광역시 사하구 낙동대로 266(괴정동.사하초등학교)", "학생수_20251001": 886, "학급수_20251001": 39, "교원수_20251001": 56, "학급당학생수_20251001_공시": 22.7, "교원1인당학생수_20251001_공시": 15.8, "부산교육청_기준학생수_정책2026": 240, "학생수기준_충족_정책2026": false, "정책적용대상_공립_정책2026": true, "주분석대상_소규모공립_정책2026": false, "학생수_20250401_1학년": 132.0, "학급수_20250401_1학년": 6.0, "학생수_20250401_2학년": 111.0, "학급수_20250401_2학년": 5.0, "학생수_20250401_3학년": 159.0, "학급수_20250401_3학년": 7.0, "학생수_20250401_4학년": 165.0, "학급수_20250401_4학년": 7.0, "학생수_20250401_5학년": 160.0, "학급수_20250401_5학년": 7.0, "학생수_20250401_6학년": 157.0, "학급수_20250401_6학년": 7.0, "학생수_20250401_반합계": 884.0, "학급수_20250401_반합계": 39.0, "조사기준일_데이터3": 20250401, "학생수_20250401_학교총계": 884, "학급수_20250401_학교총계": 39, "교지면적_20250401": 19608, "학생1인당교지면적_20250401_공시": 22.2, "일반교실수_20250401": 42, "교과교실수_20250401": 4, "특별교실수_20250401": 4, "수준별교실수_20250401": 0, "기타교실수_20250401": 2, "전체교실수_20250401": 52, "학생수_일반교실_20250401": 21.047619047619047, "학생수_전체교실_20250401": 17.0, "학급당학생수_20251001_계산": 22.717948717948719, "교원1인당학생수_20251001_계산": 15.821428571428571, "학교짧은키": "사하초" }, "geometry": { "type": "Point", "coordinates": [ 128.986898200000013, 35.09997355 ] } },
{ "type": "Feature", "properties": { "학교코드(KEDI)": "212021332", "학교명_20251001": "서천초등학교", "행정구_20251001": "사하구", "학교명키": "서천초등학교", "행정구키": "사하구", "위도": 35.08874156, "경도": 129.0038498, "소재지도로명주소": "부산광역시 사하구 감천로105번길 10", "설립_20251001": "공립", "지역규모_20251001": "특별/광역시", "주소_20251001": "부산광역시 사하구 감천로105번길 10(감천동.서천초등학교)", "학생수_20251001": 129, "학급수_20251001": 9, "교원수_20251001": 18, "학급당학생수_20251001_공시": 14.3, "교원1인당학생수_20251001_공시": 7.2, "부산교육청_기준학생수_정책2026": 240, "학생수기준_충족_정책2026": true, "정책적용대상_공립_정책2026": true, "주분석대상_소규모공립_정책2026": true, "학생수_20250401_1학년": 13.0, "학급수_20250401_1학년": 1.0, "학생수_20250401_2학년": 17.0, "학급수_20250401_2학년": 1.0, "학생수_20250401_3학년": 14.0, "학급수_20250401_3학년": 1.0, "학생수_20250401_4학년": 17.0, "학급수_20250401_4학년": 1.0, "학생수_20250401_5학년": 31.0, "학급수_20250401_5학년": 2.0, "학생수_20250401_6학년": 34.0, "학급수_20250401_6학년": 3.0, "학생수_20250401_반합계": 126.0, "학급수_20250401_반합계": 9.0, "조사기준일_데이터3": 20250401, "학생수_20250401_학교총계": 126, "학급수_20250401_학교총계": 9, "교지면적_20250401": 4950, "학생1인당교지면적_20250401_공시": 39.3, "일반교실수_20250401": 11, "교과교실수_20250401": 0, "특별교실수_20250401": 5, "수준별교실수_20250401": 0, "기타교실수_20250401": 2, "전체교실수_20250401": 18, "학생수_일반교실_20250401": 11.454545454545455, "학생수_전체교실_20250401": 7.0, "학급당학생수_20251001_계산": 14.333333333333334, "교원1인당학생수_20251001_계산": 7.166666666666667, "학교짧은키": "서천초" }, "geometry": { "type": "Point", "coordinates": [ 129.003849800000012, 35.08874156 ] } },
{ "type": "Feature", "properties": { "학교코드(KEDI)": "212021372", "학교명_20251001": "승학초등학교", "행정구_20251001": "사하구", "학교명키": "승학초등학교", "행정구키": "사하구", "위도": 35.10214455, "경도": 129.0032881, "소재지도로명주소": "부산광역시 사하구 낙동대로135번길 55", "설립_20251001": "공립", "지역규모_20251001": "특별/광역시", "주소_20251001": "부산광역시 사하구 낙동대로135번길 55(괴정동.승학초등학교)", "학생수_20251001": 205, "학급수_20251001": 12, "교원수_20251001": 21, "학급당학생수_20251001_공시": 17.1, "교원1인당학생수_20251001_공시": 9.8, "부산교육청_기준학생수_정책2026": 240, "학생수기준_충족_정책2026": true, "정책적용대상_공립_정책2026": true, "주분석대상_소규모공립_정책2026": true, "학생수_20250401_1학년": 17.0, "학급수_20250401_1학년": 1.0, "학생수_20250401_2학년": 19.0, "학급수_20250401_2학년": 1.0, "학생수_20250401_3학년": 36.0, "학급수_20250401_3학년": 2.0, "학생수_20250401_4학년": 42.0, "학급수_20250401_4학년": 2.0, "학생수_20250401_5학년": 51.0, "학급수_20250401_5학년": 3.0, "학생수_20250401_6학년": 43.0, "학급수_20250401_6학년": 3.0, "학생수_20250401_반합계": 208.0, "학급수_20250401_반합계": 12.0, "조사기준일_데이터3": 20250401, "학생수_20250401_학교총계": 208, "학급수_20250401_학교총계": 12, "교지면적_20250401": 9712, "학생1인당교지면적_20250401_공시": 46.7, "일반교실수_20250401": 12, "교과교실수_20250401": 6, "특별교실수_20250401": 4, "수준별교실수_20250401": 0, "기타교실수_20250401": 6, "전체교실수_20250401": 28, "학생수_일반교실_20250401": 17.333333333333332, "학생수_전체교실_20250401": 7.4285714285714288, "학급당학생수_20251001_계산": 17.083333333333332, "교원1인당학생수_20251001_계산": 9.7619047619047628, "학교짧은키": "승학초" }, "geometry": { "type": "Point", "coordinates": [ 129.0032881, 35.10214455 ] } },
{ "type": "Feature", "properties": { "학교코드(KEDI)": "212021376", "학교명_20251001": "신남초등학교", "행정구_20251001": "사하구", "학교명키": "신남초등학교", "행정구키": "사하구", "위도": 35.09835479, "경도": 128.9615995, "소재지도로명주소": "부산광역시 사하구 비봉로 88", "설립_20251001": "공립", "지역규모_20251001": "특별/광역시", "주소_20251001": "부산광역시 사하구 비봉로 88(하단동.신남초등학교)", "학생수_20251001": 417, "학급수_20251001": 22, "교원수_20251001": 31, "학급당학생수_20251001_공시": 19.0, "교원1인당학생수_20251001_공시": 13.5, "부산교육청_기준학생수_정책2026": 240, "학생수기준_충족_정책2026": false, "정책적용대상_공립_정책2026": true, "주분석대상_소규모공립_정책2026": false, "학생수_20250401_1학년": 54.0, "학급수_20250401_1학년": 4.0, "학생수_20250401_2학년": 67.0, "학급수_20250401_2학년": 3.0, "학생수_20250401_3학년": 60.0, "학급수_20250401_3학년": 3.0, "학생수_20250401_4학년": 70.0, "학급수_20250401_4학년": 3.0, "학생수_20250401_5학년": 95.0, "학급수_20250401_5학년": 5.0, "학생수_20250401_6학년": 79.0, "학급수_20250401_6학년": 4.0, "학생수_20250401_반합계": 425.0, "학급수_20250401_반합계": 22.0, "조사기준일_데이터3": 20250401, "학생수_20250401_학교총계": 425, "학급수_20250401_학교총계": 22, "교지면적_20250401": 18382, "학생1인당교지면적_20250401_공시": 43.3, "일반교실수_20250401": 22, "교과교실수_20250401": 2, "특별교실수_20250401": 3, "수준별교실수_20250401": 0, "기타교실수_20250401": 0, "전체교실수_20250401": 27, "학생수_일반교실_20250401": 19.318181818181817, "학생수_전체교실_20250401": 15.74074074074074, "학급당학생수_20251001_계산": 18.954545454545453, "교원1인당학생수_20251001_계산": 13.451612903225806, "학교짧은키": "신남초" }, "geometry": { "type": "Point", "coordinates": [ 128.961599500000034, 35.09835479 ] } },
{ "type": "Feature", "properties": { "학교코드(KEDI)": "212021388", "학교명_20251001": "신촌초등학교", "행정구_20251001": "사하구", "학교명키": "신촌초등학교", "행정구키": "사하구", "위도": 35.09137471, "경도": 128.9806632, "소재지도로명주소": "부산광역시 사하구 다대로135번길 30-21", "설립_20251001": "공립", "지역규모_20251001": "특별/광역시", "주소_20251001": "부산광역시 사하구 다대로135번길 30-21(신평동. 신촌초등학교)", "학생수_20251001": 71, "학급수_20251001": 8, "교원수_20251001": 14, "학급당학생수_20251001_공시": 8.9, "교원1인당학생수_20251001_공시": 5.1, "부산교육청_기준학생수_정책2026": 240, "학생수기준_충족_정책2026": true, "정책적용대상_공립_정책2026": true, "주분석대상_소규모공립_정책2026": true, "학생수_20250401_1학년": 3.0, "학급수_20250401_1학년": 1.0, "학생수_20250401_2학년": 12.0, "학급수_20250401_2학년": 2.0, "학생수_20250401_3학년": 12.0, "학급수_20250401_3학년": 1.0, "학생수_20250401_4학년": 15.0, "학급수_20250401_4학년": 2.0, "학생수_20250401_5학년": 14.0, "학급수_20250401_5학년": 1.0, "학생수_20250401_6학년": 15.0, "학급수_20250401_6학년": 1.0, "학생수_20250401_반합계": 71.0, "학급수_20250401_반합계": 8.0, "조사기준일_데이터3": 20250401, "학생수_20250401_학교총계": 71, "학급수_20250401_학교총계": 8, "교지면적_20250401": 14905, "학생1인당교지면적_20250401_공시": 209.9, "일반교실수_20250401": 9, "교과교실수_20250401": 4, "특별교실수_20250401": 5, "수준별교실수_20250401": 2, "기타교실수_20250401": 4, "전체교실수_20250401": 24, "학생수_일반교실_20250401": 7.8888888888888893, "학생수_전체교실_20250401": 2.9583333333333335, "학급당학생수_20251001_계산": 8.875, "교원1인당학생수_20251001_계산": 5.0714285714285712, "학교짧은키": "신촌초" }, "geometry": { "type": "Point", "coordinates": [ 128.9806632, 35.09137471 ] } },
{ "type": "Feature", "properties": { "학교코드(KEDI)": "212021396", "학교명_20251001": "신평초등학교", "행정구_20251001": "사하구", "학교명키": "신평초등학교", "행정구키": "사하구", "위도": 35.09433999, "경도": 128.9715254, "소재지도로명주소": "부산광역시 사하구 장평로299번안길 19", "설립_20251001": "공립", "지역규모_20251001": "특별/광역시", "주소_20251001": "부산광역시 사하구 장평로299번안길 19(신평동. 신평초등학교)", "학생수_20251001": 507, "학급수_20251001": 24, "교원수_20251001": 39, "학급당학생수_20251001_공시": 21.1, "교원1인당학생수_20251001_공시": 13.0, "부산교육청_기준학생수_정책2026": 240, "학생수기준_충족_정책2026": false, "정책적용대상_공립_정책2026": true, "주분석대상_소규모공립_정책2026": false, "학생수_20250401_1학년": 86.0, "학급수_20250401_1학년": 4.0, "학생수_20250401_2학년": 75.0, "학급수_20250401_2학년": 3.0, "학생수_20250401_3학년": 84.0, "학급수_20250401_3학년": 4.0, "학생수_20250401_4학년": 102.0, "학급수_20250401_4학년": 4.0, "학생수_20250401_5학년": 86.0, "학급수_20250401_5학년": 5.0, "학생수_20250401_6학년": 81.0, "학급수_20250401_6학년": 4.0, "학생수_20250401_반합계": 514.0, "학급수_20250401_반합계": 24.0, "조사기준일_데이터3": 20250401, "학생수_20250401_학교총계": 514, "학급수_20250401_학교총계": 24, "교지면적_20250401": 11707, "학생1인당교지면적_20250401_공시": 22.8, "일반교실수_20250401": 26, "교과교실수_20250401": 1, "특별교실수_20250401": 4, "수준별교실수_20250401": 0, "기타교실수_20250401": 7, "전체교실수_20250401": 38, "학생수_일반교실_20250401": 19.76923076923077, "학생수_전체교실_20250401": 13.526315789473685, "학급당학생수_20251001_계산": 21.125, "교원1인당학생수_20251001_계산": 13.0, "학교짧은키": "신평초" }, "geometry": { "type": "Point", "coordinates": [ 128.9715254, 35.09433999 ] } },
{ "type": "Feature", "properties": { "학교코드(KEDI)": "212021428", "학교명_20251001": "옥천초등학교", "행정구_20251001": "사하구", "학교명키": "옥천초등학교", "행정구키": "사하구", "위도": 35.09388695, "경도": 128.9936902, "소재지도로명주소": "부산광역시 사하구 사하로 134", "설립_20251001": "공립", "지역규모_20251001": "특별/광역시", "주소_20251001": "부산광역시 사하구 사하로 134(감천동.옥천초등학교)", "학생수_20251001": 434, "학급수_20251001": 21, "교원수_20251001": 33, "학급당학생수_20251001_공시": 20.7, "교원1인당학생수_20251001_공시": 13.2, "부산교육청_기준학생수_정책2026": 240, "학생수기준_충족_정책2026": false, "정책적용대상_공립_정책2026": true, "주분석대상_소규모공립_정책2026": false, "학생수_20250401_1학년": 42.0, "학급수_20250401_1학년": 2.0, "학생수_20250401_2학년": 61.0, "학급수_20250401_2학년": 3.0, "학생수_20250401_3학년": 80.0, "학급수_20250401_3학년": 5.0, "학생수_20250401_4학년": 71.0, "학급수_20250401_4학년": 3.0, "학생수_20250401_5학년": 85.0, "학급수_20250401_5학년": 4.0, "학생수_20250401_6학년": 96.0, "학급수_20250401_6학년": 4.0, "학생수_20250401_반합계": 435.0, "학급수_20250401_반합계": 21.0, "조사기준일_데이터3": 20250401, "학생수_20250401_학교총계": 435, "학급수_20250401_학교총계": 21, "교지면적_20250401": 12362, "학생1인당교지면적_20250401_공시": 28.4, "일반교실수_20250401": 22, "교과교실수_20250401": 2, "특별교실수_20250401": 2, "수준별교실수_20250401": 0, "기타교실수_20250401": 2, "전체교실수_20250401": 28, "학생수_일반교실_20250401": 19.772727272727273, "학생수_전체교실_20250401": 15.535714285714286, "학급당학생수_20251001_계산": 20.666666666666668, "교원1인당학생수_20251001_계산": 13.151515151515152, "학교짧은키": "옥천초" }, "geometry": { "type": "Point", "coordinates": [ 128.9936902, 35.09388695 ] } },
{ "type": "Feature", "properties": { "학교코드(KEDI)": "212021430", "학교명_20251001": "을숙도초등학교", "행정구_20251001": "사하구", "학교명키": "을숙도초등학교", "행정구키": "사하구", "위도": 35.11554515, "경도": 128.9612467, "소재지도로명주소": "부산광역시 사하구 낙동대로 581", "설립_20251001": "공립", "지역규모_20251001": "특별/광역시", "주소_20251001": "부산광역시 사하구 낙동대로 581(하단동. 을숙도초등학교)", "학생수_20251001": 532, "학급수_20251001": 27, "교원수_20251001": 38, "학급당학생수_20251001_공시": 19.7, "교원1인당학생수_20251001_공시": 14.0, "부산교육청_기준학생수_정책2026": 240, "학생수기준_충족_정책2026": false, "정책적용대상_공립_정책2026": true, "주분석대상_소규모공립_정책2026": false, "학생수_20250401_1학년": 69.0, "학급수_20250401_1학년": 3.0, "학생수_20250401_2학년": 74.0, "학급수_20250401_2학년": 4.0, "학생수_20250401_3학년": 87.0, "학급수_20250401_3학년": 4.0, "학생수_20250401_4학년": 101.0, "학급수_20250401_4학년": 5.0, "학생수_20250401_5학년": 106.0, "학급수_20250401_5학년": 5.0, "학생수_20250401_6학년": 104.0, "학급수_20250401_6학년": 6.0, "학생수_20250401_반합계": 541.0, "학급수_20250401_반합계": 27.0, "조사기준일_데이터3": 20250401, "학생수_20250401_학교총계": 541, "학급수_20250401_학교총계": 27, "교지면적_20250401": 8115, "학생1인당교지면적_20250401_공시": 15.0, "일반교실수_20250401": 27, "교과교실수_20250401": 3, "특별교실수_20250401": 4, "수준별교실수_20250401": 0, "기타교실수_20250401": 0, "전체교실수_20250401": 34, "학생수_일반교실_20250401": 20.037037037037038, "학생수_전체교실_20250401": 15.911764705882353, "학급당학생수_20251001_계산": 19.703703703703702, "교원1인당학생수_20251001_계산": 14.0, "학교짧은키": "을숙도초" }, "geometry": { "type": "Point", "coordinates": [ 128.9612467, 35.11554515 ] } },
{ "type": "Feature", "properties": { "학교코드(KEDI)": "212021432", "학교명_20251001": "응봉초등학교", "행정구_20251001": "사하구", "학교명키": "응봉초등학교", "행정구키": "사하구", "위도": 35.05285702, "경도": 128.9650909, "소재지도로명주소": "부산광역시 사하구 다대낙조2길 26", "설립_20251001": "공립", "지역규모_20251001": "특별/광역시", "주소_20251001": "부산광역시 사하구 다대낙조2길 26(다대동.응봉초등학교)", "학생수_20251001": 120, "학급수_20251001": 9, "교원수_20251001": 15, "학급당학생수_20251001_공시": 13.3, "교원1인당학생수_20251001_공시": 8.0, "부산교육청_기준학생수_정책2026": 240, "학생수기준_충족_정책2026": true, "정책적용대상_공립_정책2026": true, "주분석대상_소규모공립_정책2026": true, "학생수_20250401_1학년": 9.0, "학급수_20250401_1학년": 1.0, "학생수_20250401_2학년": 24.0, "학급수_20250401_2학년": 2.0, "학생수_20250401_3학년": 16.0, "학급수_20250401_3학년": 1.0, "학생수_20250401_4학년": 19.0, "학급수_20250401_4학년": 1.0, "학생수_20250401_5학년": 24.0, "학급수_20250401_5학년": 2.0, "학생수_20250401_6학년": 28.0, "학급수_20250401_6학년": 2.0, "학생수_20250401_반합계": 120.0, "학급수_20250401_반합계": 9.0, "조사기준일_데이터3": 20250401, "학생수_20250401_학교총계": 120, "학급수_20250401_학교총계": 9, "교지면적_20250401": 14680, "학생1인당교지면적_20250401_공시": 122.3, "일반교실수_20250401": 9, "교과교실수_20250401": 1, "특별교실수_20250401": 3, "수준별교실수_20250401": 0, "기타교실수_20250401": 0, "전체교실수_20250401": 13, "학생수_일반교실_20250401": 13.333333333333334, "학생수_전체교실_20250401": 9.2307692307692299, "학급당학생수_20251001_계산": 13.333333333333334, "교원1인당학생수_20251001_계산": 8.0, "학교짧은키": "응봉초" }, "geometry": { "type": "Point", "coordinates": [ 128.9650909, 35.05285702 ] } },
{ "type": "Feature", "properties": { "학교코드(KEDI)": "212021436", "학교명_20251001": "장림초등학교", "행정구_20251001": "사하구", "학교명키": "장림초등학교", "행정구키": "사하구", "위도": 35.08217075, "경도": 128.9765367, "소재지도로명주소": "부산광역시 사하구 장림번영로103번길 10", "설립_20251001": "공립", "지역규모_20251001": "특별/광역시", "주소_20251001": "부산광역시 사하구 장림번영로103번길 10(장림동)", "학생수_20251001": 494, "학급수_20251001": 26, "교원수_20251001": 38, "학급당학생수_20251001_공시": 19.0, "교원1인당학생수_20251001_공시": 13.0, "부산교육청_기준학생수_정책2026": 240, "학생수기준_충족_정책2026": false, "정책적용대상_공립_정책2026": true, "주분석대상_소규모공립_정책2026": false, "학생수_20250401_1학년": 55.0, "학급수_20250401_1학년": 3.0, "학생수_20250401_2학년": 82.0, "학급수_20250401_2학년": 5.0, "학생수_20250401_3학년": 83.0, "학급수_20250401_3학년": 5.0, "학생수_20250401_4학년": 103.0, "학급수_20250401_4학년": 5.0, "학생수_20250401_5학년": 86.0, "학급수_20250401_5학년": 4.0, "학생수_20250401_6학년": 94.0, "학급수_20250401_6학년": 4.0, "학생수_20250401_반합계": 503.0, "학급수_20250401_반합계": 26.0, "조사기준일_데이터3": 20250401, "학생수_20250401_학교총계": 503, "학급수_20250401_학교총계": 26, "교지면적_20250401": 12200, "학생1인당교지면적_20250401_공시": 24.3, "일반교실수_20250401": 31, "교과교실수_20250401": 3, "특별교실수_20250401": 6, "수준별교실수_20250401": 0, "기타교실수_20250401": 0, "전체교실수_20250401": 40, "학생수_일반교실_20250401": 16.225806451612904, "학생수_전체교실_20250401": 12.575, "학급당학생수_20251001_계산": 19.0, "교원1인당학생수_20251001_계산": 13.0, "학교짧은키": "장림초" }, "geometry": { "type": "Point", "coordinates": [ 128.9765367, 35.08217075000001 ] } },
{ "type": "Feature", "properties": { "학교코드(KEDI)": "212021480", "학교명_20251001": "중현초등학교", "행정구_20251001": "사하구", "학교명키": "중현초등학교", "행정구키": "사하구", "위도": 35.0511217, "경도": 128.9664641, "소재지도로명주소": "부산광역시 사하구 다대낙조2길 8", "설립_20251001": "공립", "지역규모_20251001": "특별/광역시", "주소_20251001": "부산광역시 사하구 다대낙조2길 8(다대동.중현초등학교)", "학생수_20251001": 315, "학급수_20251001": 17, "교원수_20251001": 27, "학급당학생수_20251001_공시": 18.5, "교원1인당학생수_20251001_공시": 11.7, "부산교육청_기준학생수_정책2026": 240, "학생수기준_충족_정책2026": false, "정책적용대상_공립_정책2026": true, "주분석대상_소규모공립_정책2026": false, "학생수_20250401_1학년": 39.0, "학급수_20250401_1학년": 2.0, "학생수_20250401_2학년": 46.0, "학급수_20250401_2학년": 3.0, "학생수_20250401_3학년": 51.0, "학급수_20250401_3학년": 3.0, "학생수_20250401_4학년": 59.0, "학급수_20250401_4학년": 3.0, "학생수_20250401_5학년": 58.0, "학급수_20250401_5학년": 3.0, "학생수_20250401_6학년": 68.0, "학급수_20250401_6학년": 3.0, "학생수_20250401_반합계": 321.0, "학급수_20250401_반합계": 17.0, "조사기준일_데이터3": 20250401, "학생수_20250401_학교총계": 321, "학급수_20250401_학교총계": 17, "교지면적_20250401": 12070, "학생1인당교지면적_20250401_공시": 37.6, "일반교실수_20250401": 21, "교과교실수_20250401": 0, "특별교실수_20250401": 9, "수준별교실수_20250401": 0, "기타교실수_20250401": 10, "전체교실수_20250401": 40, "학생수_일반교실_20250401": 15.285714285714286, "학생수_전체교실_20250401": 8.025, "학급당학생수_20251001_계산": 18.529411764705884, "교원1인당학생수_20251001_계산": 11.666666666666666, "학교짧은키": "중현초" }, "geometry": { "type": "Point", "coordinates": [ 128.9664641, 35.0511217 ] } },
{ "type": "Feature", "properties": { "학교코드(KEDI)": "212021540", "학교명_20251001": "하남초등학교", "행정구_20251001": "사하구", "학교명키": "하남초등학교", "행정구키": "사하구", "위도": 35.09953035, "경도": 128.9600692, "소재지도로명주소": "부산광역시 사하구 하신번영로 186", "설립_20251001": "공립", "지역규모_20251001": "특별/광역시", "주소_20251001": "부산광역시 사하구 하신번영로 186(하단동)", "학생수_20251001": 577, "학급수_20251001": 28, "교원수_20251001": 37, "학급당학생수_20251001_공시": 20.6, "교원1인당학생수_20251001_공시": 15.6, "부산교육청_기준학생수_정책2026": 240, "학생수기준_충족_정책2026": false, "정책적용대상_공립_정책2026": true, "주분석대상_소규모공립_정책2026": false, "학생수_20250401_1학년": 76.0, "학급수_20250401_1학년": 4.0, "학생수_20250401_2학년": 88.0, "학급수_20250401_2학년": 4.0, "학생수_20250401_3학년": 78.0, "학급수_20250401_3학년": 4.0, "학생수_20250401_4학년": 123.0, "학급수_20250401_4학년": 6.0, "학생수_20250401_5학년": 104.0, "학급수_20250401_5학년": 5.0, "학생수_20250401_6학년": 117.0, "학급수_20250401_6학년": 5.0, "학생수_20250401_반합계": 586.0, "학급수_20250401_반합계": 28.0, "조사기준일_데이터3": 20250401, "학생수_20250401_학교총계": 586, "학급수_20250401_학교총계": 28, "교지면적_20250401": 8603, "학생1인당교지면적_20250401_공시": 14.7, "일반교실수_20250401": 31, "교과교실수_20250401": 4, "특별교실수_20250401": 8, "수준별교실수_20250401": 0, "기타교실수_20250401": 0, "전체교실수_20250401": 43, "학생수_일반교실_20250401": 18.903225806451612, "학생수_전체교실_20250401": 13.627906976744185, "학급당학생수_20251001_계산": 20.607142857142858, "교원1인당학생수_20251001_계산": 15.594594594594595, "학교짧은키": "하남초" }, "geometry": { "type": "Point", "coordinates": [ 128.9600692, 35.09953035 ] } },
{ "type": "Feature", "properties": { "학교코드(KEDI)": "212021548", "학교명_20251001": "하단초등학교", "행정구_20251001": "사하구", "학교명키": "하단초등학교", "행정구키": "사하구", "위도": 35.10545886, "경도": 128.9648646, "소재지도로명주소": "부산광역시 사하구 하신중앙로 321", "설립_20251001": "공립", "지역규모_20251001": "특별/광역시", "주소_20251001": "부산광역시 사하구 하신중앙로 321(하단동. 하단초등학교)", "학생수_20251001": 272, "학급수_20251001": 16, "교원수_20251001": 24, "학급당학생수_20251001_공시": 17.0, "교원1인당학생수_20251001_공시": 11.3, "부산교육청_기준학생수_정책2026": 240, "학생수기준_충족_정책2026": false, "정책적용대상_공립_정책2026": true, "주분석대상_소규모공립_정책2026": false, "학생수_20250401_1학년": 30.0, "학급수_20250401_1학년": 2.0, "학생수_20250401_2학년": 34.0, "학급수_20250401_2학년": 3.0, "학생수_20250401_3학년": 47.0, "학급수_20250401_3학년": 2.0, "학생수_20250401_4학년": 50.0, "학급수_20250401_4학년": 3.0, "학생수_20250401_5학년": 49.0, "학급수_20250401_5학년": 3.0, "학생수_20250401_6학년": 65.0, "학급수_20250401_6학년": 3.0, "학생수_20250401_반합계": 275.0, "학급수_20250401_반합계": 16.0, "조사기준일_데이터3": 20250401, "학생수_20250401_학교총계": 275, "학급수_20250401_학교총계": 16, "교지면적_20250401": 12036, "학생1인당교지면적_20250401_공시": 43.8, "일반교실수_20250401": 18, "교과교실수_20250401": 0, "특별교실수_20250401": 8, "수준별교실수_20250401": 0, "기타교실수_20250401": 14, "전체교실수_20250401": 40, "학생수_일반교실_20250401": 15.277777777777779, "학생수_전체교실_20250401": 6.875, "학급당학생수_20251001_계산": 17.0, "교원1인당학생수_20251001_계산": 11.333333333333334, "학교짧은키": "하단초" }, "geometry": { "type": "Point", "coordinates": [ 128.9648646, 35.10545886 ] } },
{ "type": "Feature", "properties": { "학교코드(KEDI)": "212021564", "학교명_20251001": "효림초등학교", "행정구_20251001": "사하구", "학교명키": "효림초등학교", "행정구키": "사하구", "위도": 35.07537995, "경도": 128.9741021, "소재지도로명주소": "부산광역시 사하구 장평로 106", "설립_20251001": "공립", "지역규모_20251001": "특별/광역시", "주소_20251001": "부산광역시 사하구 장평로 106(장림동.효림초등학교)", "학생수_20251001": 510, "학급수_20251001": 26, "교원수_20251001": 48, "학급당학생수_20251001_공시": 19.6, "교원1인당학생수_20251001_공시": 10.6, "부산교육청_기준학생수_정책2026": 240, "학생수기준_충족_정책2026": false, "정책적용대상_공립_정책2026": true, "주분석대상_소규모공립_정책2026": false, "학생수_20250401_1학년": 71.0, "학급수_20250401_1학년": 5.0, "학생수_20250401_2학년": 75.0, "학급수_20250401_2학년": 4.0, "학생수_20250401_3학년": 84.0, "학급수_20250401_3학년": 4.0, "학생수_20250401_4학년": 96.0, "학급수_20250401_4학년": 5.0, "학생수_20250401_5학년": 99.0, "학급수_20250401_5학년": 5.0, "학생수_20250401_6학년": 88.0, "학급수_20250401_6학년": 4.0, "학생수_20250401_반합계": 513.0, "학급수_20250401_반합계": 27.0, "조사기준일_데이터3": 20250401, "학생수_20250401_학교총계": 513, "학급수_20250401_학교총계": 27, "교지면적_20250401": 14027, "학생1인당교지면적_20250401_공시": 27.3, "일반교실수_20250401": 26, "교과교실수_20250401": 3, "특별교실수_20250401": 2, "수준별교실수_20250401": 1, "기타교실수_20250401": 1, "전체교실수_20250401": 33, "학생수_일반교실_20250401": 19.73076923076923, "학생수_전체교실_20250401": 15.545454545454545, "학급당학생수_20251001_계산": 19.615384615384617, "교원1인당학생수_20251001_계산": 10.625, "학교짧은키": "효림초" }, "geometry": { "type": "Point", "coordinates": [ 128.97410210000001, 35.07537995 ] } },
{ "type": "Feature", "properties": { "학교코드(KEDI)": "212021132", "학교명_20251001": "구덕초등학교", "행정구_20251001": "서구", "학교명키": "구덕초등학교", "행정구키": "서구", "위도": 35.1204163, "경도": 129.0125412, "소재지도로명주소": "부산광역시 서구 보수대로 312", "설립_20251001": "공립", "지역규모_20251001": "특별/광역시", "주소_20251001": "부산광역시 서구 보수대로 312(서대신동3가. 구덕초등학교)", "학생수_20251001": 422, "학급수_20251001": 21, "교원수_20251001": 33, "학급당학생수_20251001_공시": 20.1, "교원1인당학생수_20251001_공시": 12.8, "부산교육청_기준학생수_정책2026": 240, "학생수기준_충족_정책2026": false, "정책적용대상_공립_정책2026": true, "주분석대상_소규모공립_정책2026": false, "학생수_20250401_1학년": 49.0, "학급수_20250401_1학년": 2.0, "학생수_20250401_2학년": 58.0, "학급수_20250401_2학년": 3.0, "학생수_20250401_3학년": 60.0, "학급수_20250401_3학년": 3.0, "학생수_20250401_4학년": 91.0, "학급수_20250401_4학년": 5.0, "학생수_20250401_5학년": 80.0, "학급수_20250401_5학년": 4.0, "학생수_20250401_6학년": 82.0, "학급수_20250401_6학년": 4.0, "학생수_20250401_반합계": 420.0, "학급수_20250401_반합계": 21.0, "조사기준일_데이터3": 20250401, "학생수_20250401_학교총계": 420, "학급수_20250401_학교총계": 21, "교지면적_20250401": 9598, "학생1인당교지면적_20250401_공시": 22.9, "일반교실수_20250401": 21, "교과교실수_20250401": 2, "특별교실수_20250401": 3, "수준별교실수_20250401": 0, "기타교실수_20250401": 0, "전체교실수_20250401": 26, "학생수_일반교실_20250401": 20.0, "학생수_전체교실_20250401": 16.153846153846153, "학급당학생수_20251001_계산": 20.095238095238095, "교원1인당학생수_20251001_계산": 12.787878787878787, "학교짧은키": "구덕초" }, "geometry": { "type": "Point", "coordinates": [ 129.012541199999987, 35.1204163 ] } },
{ "type": "Feature", "properties": { "학교코드(KEDI)": "212021156", "학교명_20251001": "남부민초등학교", "행정구_20251001": "서구", "학교명키": "남부민초등학교", "행정구키": "서구", "위도": 35.08941857, "경도": 129.0233325, "소재지도로명주소": "부산광역시 서구 천마로 153", "설립_20251001": "공립", "지역규모_20251001": "특별/광역시", "주소_20251001": "부산광역시 서구 천마로 153(남부민동.남부민초등학교)", "학생수_20251001": 90, "학급수_20251001": 7, "교원수_20251001": 15, "학급당학생수_20251001_공시": 12.9, "교원1인당학생수_20251001_공시": 6.0, "부산교육청_기준학생수_정책2026": 240, "학생수기준_충족_정책2026": true, "정책적용대상_공립_정책2026": true, "주분석대상_소규모공립_정책2026": true, "학생수_20250401_1학년": 12.0, "학급수_20250401_1학년": 1.0, "학생수_20250401_2학년": 9.0, "학급수_20250401_2학년": 1.0, "학생수_20250401_3학년": 16.0, "학급수_20250401_3학년": 2.0, "학생수_20250401_4학년": 15.0, "학급수_20250401_4학년": 1.0, "학생수_20250401_5학년": 17.0, "학급수_20250401_5학년": 1.0, "학생수_20250401_6학년": 22.0, "학급수_20250401_6학년": 1.0, "학생수_20250401_반합계": 91.0, "학급수_20250401_반합계": 7.0, "조사기준일_데이터3": 20250401, "학생수_20250401_학교총계": 91, "학급수_20250401_학교총계": 7, "교지면적_20250401": 14974, "학생1인당교지면적_20250401_공시": 164.5, "일반교실수_20250401": 7, "교과교실수_20250401": 0, "특별교실수_20250401": 15, "수준별교실수_20250401": 0, "기타교실수_20250401": 2, "전체교실수_20250401": 24, "학생수_일반교실_20250401": 13.0, "학생수_전체교실_20250401": 3.7916666666666665, "학급당학생수_20251001_계산": 12.857142857142858, "교원1인당학생수_20251001_계산": 6.0, "학교짧은키": "남부민초" }, "geometry": { "type": "Point", "coordinates": [ 129.0233325, 35.08941857 ] } },
{ "type": "Feature", "properties": { "학교코드(KEDI)": "212021212", "학교명_20251001": "대신초등학교", "행정구_20251001": "서구", "학교명키": "대신초등학교", "행정구키": "서구", "위도": 35.1161811, "경도": 129.0117811, "소재지도로명주소": "부산광역시 서구 대신로 63", "설립_20251001": "공립", "지역규모_20251001": "특별/광역시", "주소_20251001": "부산광역시 서구 대신로 63(서대신동3가.대신초등학교)", "학생수_20251001": 732, "학급수_20251001": 31, "교원수_20251001": 41, "학급당학생수_20251001_공시": 23.6, "교원1인당학생수_20251001_공시": 17.9, "부산교육청_기준학생수_정책2026": 240, "학생수기준_충족_정책2026": false, "정책적용대상_공립_정책2026": true, "주분석대상_소규모공립_정책2026": false, "학생수_20250401_1학년": 126.0, "학급수_20250401_1학년": 6.0, "학생수_20250401_2학년": 99.0, "학급수_20250401_2학년": 4.0, "학생수_20250401_3학년": 142.0, "학급수_20250401_3학년": 6.0, "학생수_20250401_4학년": 120.0, "학급수_20250401_4학년": 5.0, "학생수_20250401_5학년": 128.0, "학급수_20250401_5학년": 5.0, "학생수_20250401_6학년": 119.0, "학급수_20250401_6학년": 5.0, "학생수_20250401_반합계": 734.0, "학급수_20250401_반합계": 31.0, "조사기준일_데이터3": 20250401, "학생수_20250401_학교총계": 734, "학급수_20250401_학교총계": 31, "교지면적_20250401": 11405, "학생1인당교지면적_20250401_공시": 15.5, "일반교실수_20250401": 35, "교과교실수_20250401": 2, "특별교실수_20250401": 6, "수준별교실수_20250401": 0, "기타교실수_20250401": 3, "전체교실수_20250401": 46, "학생수_일반교실_20250401": 20.971428571428572, "학생수_전체교실_20250401": 15.956521739130435, "학급당학생수_20251001_계산": 23.612903225806452, "교원1인당학생수_20251001_계산": 17.853658536585368, "학교짧은키": "대신초" }, "geometry": { "type": "Point", "coordinates": [ 129.0117811, 35.1161811 ] } },
{ "type": "Feature", "properties": { "학교코드(KEDI)": "212021244", "학교명_20251001": "동신초등학교", "행정구_20251001": "서구", "학교명키": "동신초등학교", "행정구키": "서구", "위도": 35.11386049, "경도": 129.0175904, "소재지도로명주소": "부산광역시 서구 대영로85번길 81-19", "설립_20251001": "공립", "지역규모_20251001": "특별/광역시", "주소_20251001": "부산광역시 서구 대영로85번길 81-19(동대신동3가. 동신초등학교)", "학생수_20251001": 288, "학급수_20251001": 15, "교원수_20251001": 25, "학급당학생수_20251001_공시": 19.2, "교원1인당학생수_20251001_공시": 11.5, "부산교육청_기준학생수_정책2026": 240, "학생수기준_충족_정책2026": false, "정책적용대상_공립_정책2026": true, "주분석대상_소규모공립_정책2026": false, "학생수_20250401_1학년": 33.0, "학급수_20250401_1학년": 3.0, "학생수_20250401_2학년": 35.0, "학급수_20250401_2학년": 2.0, "학생수_20250401_3학년": 51.0, "학급수_20250401_3학년": 2.0, "학생수_20250401_4학년": 45.0, "학급수_20250401_4학년": 2.0, "학생수_20250401_5학년": 66.0, "학급수_20250401_5학년": 3.0, "학생수_20250401_6학년": 61.0, "학급수_20250401_6학년": 3.0, "학생수_20250401_반합계": 291.0, "학급수_20250401_반합계": 15.0, "조사기준일_데이터3": 20250401, "학생수_20250401_학교총계": 291, "학급수_20250401_학교총계": 15, "교지면적_20250401": 15118, "학생1인당교지면적_20250401_공시": 52.0, "일반교실수_20250401": 19, "교과교실수_20250401": 0, "특별교실수_20250401": 11, "수준별교실수_20250401": 0, "기타교실수_20250401": 10, "전체교실수_20250401": 40, "학생수_일반교실_20250401": 15.315789473684211, "학생수_전체교실_20250401": 7.275, "학급당학생수_20251001_계산": 19.2, "교원1인당학생수_20251001_계산": 11.52, "학교짧은키": "동신초" }, "geometry": { "type": "Point", "coordinates": [ 129.017590399999989, 35.11386049 ] } },
{ "type": "Feature", "properties": { "학교코드(KEDI)": "212021292", "학교명_20251001": "부민초등학교", "행정구_20251001": "서구", "학교명키": "부민초등학교", "행정구키": "서구", "위도": 35.10597008, "경도": 129.0199211, "소재지도로명주소": "부산광역시 서구 고운들로 12", "설립_20251001": "공립", "지역규모_20251001": "특별/광역시", "주소_20251001": "부산광역시 서구 고운들로 12(부용동2가. 부민초등학교)", "학생수_20251001": 574, "학급수_20251001": 28, "교원수_20251001": 43, "학급당학생수_20251001_공시": 20.5, "교원1인당학생수_20251001_공시": 13.3, "부산교육청_기준학생수_정책2026": 240, "학생수기준_충족_정책2026": false, "정책적용대상_공립_정책2026": true, "주분석대상_소규모공립_정책2026": false, "학생수_20250401_1학년": 74.0, "학급수_20250401_1학년": 3.0, "학생수_20250401_2학년": 83.0, "학급수_20250401_2학년": 5.0, "학생수_20250401_3학년": 83.0, "학급수_20250401_3학년": 4.0, "학생수_20250401_4학년": 116.0, "학급수_20250401_4학년": 5.0, "학생수_20250401_5학년": 111.0, "학급수_20250401_5학년": 5.0, "학생수_20250401_6학년": 106.0, "학급수_20250401_6학년": 6.0, "학생수_20250401_반합계": 573.0, "학급수_20250401_반합계": 28.0, "조사기준일_데이터3": 20250401, "학생수_20250401_학교총계": 573, "학급수_20250401_학교총계": 28, "교지면적_20250401": 11144, "학생1인당교지면적_20250401_공시": 19.4, "일반교실수_20250401": 30, "교과교실수_20250401": 2, "특별교실수_20250401": 5, "수준별교실수_20250401": 0, "기타교실수_20250401": 0, "전체교실수_20250401": 37, "학생수_일반교실_20250401": 19.1, "학생수_전체교실_20250401": 15.486486486486486, "학급당학생수_20251001_계산": 20.5, "교원1인당학생수_20251001_계산": 13.348837209302326, "학교짧은키": "부민초" }, "geometry": { "type": "Point", "coordinates": [ 129.0199211, 35.10597008 ] } },
{ "type": "Feature", "properties": { "학교코드(KEDI)": "212021348", "학교명_20251001": "송도초등학교", "행정구_20251001": "서구", "학교명키": "송도초등학교", "행정구키": "서구", "위도": 35.07835449, "경도": 129.0160433, "소재지도로명주소": "부산광역시 서구 충무대로 25", "설립_20251001": "공립", "지역규모_20251001": "특별/광역시", "주소_20251001": "부산광역시 서구 충무대로 25(암남동. 송도초등학교)", "학생수_20251001": 501, "학급수_20251001": 27, "교원수_20251001": 38, "학급당학생수_20251001_공시": 18.6, "교원1인당학생수_20251001_공시": 13.2, "부산교육청_기준학생수_정책2026": 240, "학생수기준_충족_정책2026": false, "정책적용대상_공립_정책2026": true, "주분석대상_소규모공립_정책2026": false, "학생수_20250401_1학년": 75.0, "학급수_20250401_1학년": 4.0, "학생수_20250401_2학년": 82.0, "학급수_20250401_2학년": 5.0, "학생수_20250401_3학년": 89.0, "학급수_20250401_3학년": 5.0, "학생수_20250401_4학년": 82.0, "학급수_20250401_4학년": 4.0, "학생수_20250401_5학년": 95.0, "학급수_20250401_5학년": 5.0, "학생수_20250401_6학년": 84.0, "학급수_20250401_6학년": 4.0, "학생수_20250401_반합계": 507.0, "학급수_20250401_반합계": 27.0, "조사기준일_데이터3": 20250401, "학생수_20250401_학교총계": 507, "학급수_20250401_학교총계": 27, "교지면적_20250401": 9911, "학생1인당교지면적_20250401_공시": 19.5, "일반교실수_20250401": 23, "교과교실수_20250401": 0, "특별교실수_20250401": 8, "수준별교실수_20250401": 0, "기타교실수_20250401": 2, "전체교실수_20250401": 33, "학생수_일반교실_20250401": 22.043478260869566, "학생수_전체교실_20250401": 15.363636363636363, "학급당학생수_20251001_계산": 18.555555555555557, "교원1인당학생수_20251001_계산": 13.184210526315789, "학교짧은키": "송도초" }, "geometry": { "type": "Point", "coordinates": [ 129.0160433, 35.07835449 ] } },
{ "type": "Feature", "properties": { "학교코드(KEDI)": "212021404", "학교명_20251001": "아미초등학교", "행정구_20251001": "서구", "학교명키": "아미초등학교", "행정구키": "서구", "위도": 35.09877555, "경도": 129.0155836, "소재지도로명주소": "부산광역시 서구 해돋이로 241", "설립_20251001": "공립", "지역규모_20251001": "특별/광역시", "주소_20251001": "부산광역시 서구 해돋이로 241(아미동2가. 아미초등학교)", "학생수_20251001": 31, "학급수_20251001": 7, "교원수_20251001": 15, "학급당학생수_20251001_공시": 4.4, "교원1인당학생수_20251001_공시": 2.1, "부산교육청_기준학생수_정책2026": 240, "학생수기준_충족_정책2026": true, "정책적용대상_공립_정책2026": true, "주분석대상_소규모공립_정책2026": true, "학생수_20250401_1학년": 6.0, "학급수_20250401_1학년": 1.0, "학생수_20250401_2학년": 5.0, "학급수_20250401_2학년": 1.0, "학생수_20250401_3학년": 3.0, "학급수_20250401_3학년": 1.0, "학생수_20250401_4학년": 8.0, "학급수_20250401_4학년": 2.0, "학생수_20250401_5학년": 5.0, "학급수_20250401_5학년": 1.0, "학생수_20250401_6학년": 5.0, "학급수_20250401_6학년": 1.0, "학생수_20250401_반합계": 32.0, "학급수_20250401_반합계": 7.0, "조사기준일_데이터3": 20250401, "학생수_20250401_학교총계": 32, "학급수_20250401_학교총계": 7, "교지면적_20250401": 10989, "학생1인당교지면적_20250401_공시": 343.4, "일반교실수_20250401": 7, "교과교실수_20250401": 1, "특별교실수_20250401": 3, "수준별교실수_20250401": 0, "기타교실수_20250401": 0, "전체교실수_20250401": 11, "학생수_일반교실_20250401": 4.5714285714285712, "학생수_전체교실_20250401": 2.9090909090909092, "학급당학생수_20251001_계산": 4.4285714285714288, "교원1인당학생수_20251001_계산": 2.0666666666666669, "학교짧은키": "아미초" }, "geometry": { "type": "Point", "coordinates": [ 129.015583600000014, 35.09877555 ] } },
{ "type": "Feature", "properties": { "학교코드(KEDI)": "212021484", "학교명_20251001": "천마초등학교", "행정구_20251001": "서구", "학교명키": "천마초등학교", "행정구키": "서구", "위도": 35.08166097, "경도": 129.0182257, "소재지도로명주소": "부산광역시 서구 천해로7번길 38", "설립_20251001": "공립", "지역규모_20251001": "특별/광역시", "주소_20251001": "부산광역시 서구 천해로7번길 38(암남동. 천마초등학교)", "학생수_20251001": 84, "학급수_20251001": 8, "교원수_20251001": 14, "학급당학생수_20251001_공시": 10.5, "교원1인당학생수_20251001_공시": 6.0, "부산교육청_기준학생수_정책2026": 240, "학생수기준_충족_정책2026": true, "정책적용대상_공립_정책2026": true, "주분석대상_소규모공립_정책2026": true, "학생수_20250401_1학년": 12.0, "학급수_20250401_1학년": 2.0, "학생수_20250401_2학년": 11.0, "학급수_20250401_2학년": 1.0, "학생수_20250401_3학년": 22.0, "학급수_20250401_3학년": 2.0, "학생수_20250401_4학년": 14.0, "학급수_20250401_4학년": 1.0, "학생수_20250401_5학년": 15.0, "학급수_20250401_5학년": 1.0, "학생수_20250401_6학년": 10.0, "학급수_20250401_6학년": 1.0, "학생수_20250401_반합계": 84.0, "학급수_20250401_반합계": 8.0, "조사기준일_데이터3": 20250401, "학생수_20250401_학교총계": 84, "학급수_20250401_학교총계": 8, "교지면적_20250401": 10548, "학생1인당교지면적_20250401_공시": 125.6, "일반교실수_20250401": 12, "교과교실수_20250401": 0, "특별교실수_20250401": 3, "수준별교실수_20250401": 0, "기타교실수_20250401": 2, "전체교실수_20250401": 17, "학생수_일반교실_20250401": 7.0, "학생수_전체교실_20250401": 4.9411764705882355, "학급당학생수_20251001_계산": 10.5, "교원1인당학생수_20251001_계산": 6.0, "학교짧은키": "천마초" }, "geometry": { "type": "Point", "coordinates": [ 129.018225699999988, 35.08166097 ] } },
{ "type": "Feature", "properties": { "학교코드(KEDI)": "212021532", "학교명_20251001": "토성초등학교", "행정구_20251001": "서구", "학교명키": "토성초등학교", "행정구키": "서구", "위도": 35.099243, "경도": 129.0212815, "소재지도로명주소": "부산광역시 서구 구덕로134번길 45", "설립_20251001": "공립", "지역규모_20251001": "특별/광역시", "주소_20251001": "부산광역시 서구 구덕로134번길 45(토성동2가. 토성초등학교)", "학생수_20251001": 401, "학급수_20251001": 21, "교원수_20251001": 33, "학급당학생수_20251001_공시": 19.1, "교원1인당학생수_20251001_공시": 12.2, "부산교육청_기준학생수_정책2026": 240, "학생수기준_충족_정책2026": false, "정책적용대상_공립_정책2026": true, "주분석대상_소규모공립_정책2026": false, "학생수_20250401_1학년": 33.0, "학급수_20250401_1학년": 2.0, "학생수_20250401_2학년": 53.0, "학급수_20250401_2학년": 3.0, "학생수_20250401_3학년": 66.0, "학급수_20250401_3학년": 3.0, "학생수_20250401_4학년": 76.0, "학급수_20250401_4학년": 3.0, "학생수_20250401_5학년": 94.0, "학급수_20250401_5학년": 5.0, "학생수_20250401_6학년": 77.0, "학급수_20250401_6학년": 5.0, "학생수_20250401_반합계": 399.0, "학급수_20250401_반합계": 21.0, "조사기준일_데이터3": 20250401, "학생수_20250401_학교총계": 399, "학급수_20250401_학교총계": 21, "교지면적_20250401": 14191, "학생1인당교지면적_20250401_공시": 35.6, "일반교실수_20250401": 26, "교과교실수_20250401": 0, "특별교실수_20250401": 8, "수준별교실수_20250401": 0, "기타교실수_20250401": 0, "전체교실수_20250401": 34, "학생수_일반교실_20250401": 15.346153846153847, "학생수_전체교실_20250401": 11.735294117647058, "학급당학생수_20251001_계산": 19.095238095238095, "교원1인당학생수_20251001_계산": 12.151515151515152, "학교짧은키": "토성초" }, "geometry": { "type": "Point", "coordinates": [ 129.021281499999986, 35.099243 ] } },
{ "type": "Feature", "properties": { "학교코드(KEDI)": "212021556", "학교명_20251001": "화랑초등학교", "행정구_20251001": "서구", "학교명키": "화랑초등학교", "행정구키": "서구", "위도": 35.10824213, "경도": 129.0205044, "소재지도로명주소": "부산광역시 서구 대영로86번길 56", "설립_20251001": "공립", "지역규모_20251001": "특별/광역시", "주소_20251001": "부산광역시 서구 대영로86번길 56. 화랑초등학교 (동대신동1가)", "학생수_20251001": 171, "학급수_20251001": 12, "교원수_20251001": 21, "학급당학생수_20251001_공시": 14.3, "교원1인당학생수_20251001_공시": 8.1, "부산교육청_기준학생수_정책2026": 240, "학생수기준_충족_정책2026": true, "정책적용대상_공립_정책2026": true, "주분석대상_소규모공립_정책2026": true, "학생수_20250401_1학년": 19.0, "학급수_20250401_1학년": 2.0, "학생수_20250401_2학년": 26.0, "학급수_20250401_2학년": 2.0, "학생수_20250401_3학년": 35.0, "학급수_20250401_3학년": 2.0, "학생수_20250401_4학년": 42.0, "학급수_20250401_4학년": 3.0, "학생수_20250401_5학년": 26.0, "학급수_20250401_5학년": 1.0, "학생수_20250401_6학년": 25.0, "학급수_20250401_6학년": 2.0, "학생수_20250401_반합계": 173.0, "학급수_20250401_반합계": 12.0, "조사기준일_데이터3": 20250401, "학생수_20250401_학교총계": 173, "학급수_20250401_학교총계": 12, "교지면적_20250401": 12441, "학생1인당교지면적_20250401_공시": 71.9, "일반교실수_20250401": 12, "교과교실수_20250401": 1, "특별교실수_20250401": 5, "수준별교실수_20250401": 0, "기타교실수_20250401": 0, "전체교실수_20250401": 18, "학생수_일반교실_20250401": 14.416666666666666, "학생수_전체교실_20250401": 9.6111111111111107, "학급당학생수_20251001_계산": 14.25, "교원1인당학생수_20251001_계산": 8.1428571428571423, "학교짧은키": "화랑초" }, "geometry": { "type": "Point", "coordinates": [ 129.0205044, 35.10824213 ] } },
{ "type": "Feature", "properties": { "학교코드(KEDI)": "216021124", "학교명_20251001": "광남초등학교", "행정구_20251001": "수영구", "학교명키": "광남초등학교", "행정구키": "수영구", "위도": 35.14507201, "경도": 129.1134257, "소재지도로명주소": "부산광역시 수영구 광안해변로 115", "설립_20251001": "공립", "지역규모_20251001": "특별/광역시", "주소_20251001": "부산광역시 수영구 광안해변로 115(남천동. 광남초등학교)", "학생수_20251001": 581, "학급수_20251001": 29, "교원수_20251001": 43, "학급당학생수_20251001_공시": 20.0, "교원1인당학생수_20251001_공시": 13.5, "부산교육청_기준학생수_정책2026": 240, "학생수기준_충족_정책2026": false, "정책적용대상_공립_정책2026": true, "주분석대상_소규모공립_정책2026": false, "학생수_20250401_1학년": 64.0, "학급수_20250401_1학년": 3.0, "학생수_20250401_2학년": 92.0, "학급수_20250401_2학년": 4.0, "학생수_20250401_3학년": 93.0, "학급수_20250401_3학년": 5.0, "학생수_20250401_4학년": 114.0, "학급수_20250401_4학년": 6.0, "학생수_20250401_5학년": 114.0, "학급수_20250401_5학년": 6.0, "학생수_20250401_6학년": 108.0, "학급수_20250401_6학년": 5.0, "학생수_20250401_반합계": 585.0, "학급수_20250401_반합계": 29.0, "조사기준일_데이터3": 20250401, "학생수_20250401_학교총계": 585, "학급수_20250401_학교총계": 29, "교지면적_20250401": 16541, "학생1인당교지면적_20250401_공시": 28.3, "일반교실수_20250401": 41, "교과교실수_20250401": 2, "특별교실수_20250401": 6, "수준별교실수_20250401": 1, "기타교실수_20250401": 3, "전체교실수_20250401": 53, "학생수_일반교실_20250401": 14.268292682926829, "학생수_전체교실_20250401": 11.037735849056604, "학급당학생수_20251001_계산": 20.03448275862069, "교원1인당학생수_20251001_계산": 13.511627906976743, "학교짧은키": "광남초" }, "geometry": { "type": "Point", "coordinates": [ 129.1134257, 35.14507201 ] } },
{ "type": "Feature", "properties": { "학교코드(KEDI)": "216021136", "학교명_20251001": "광안초등학교", "행정구_20251001": "수영구", "학교명키": "광안초등학교", "행정구키": "수영구", "위도": 35.15741493, "경도": 129.1171294, "소재지도로명주소": "부산광역시 수영구 광안로35번길 42", "설립_20251001": "공립", "지역규모_20251001": "특별/광역시", "주소_20251001": "부산광역시 수영구 광안로35번길 42(광안동)", "학생수_20251001": 657, "학급수_20251001": 29, "교원수_20251001": 39, "학급당학생수_20251001_공시": 22.7, "교원1인당학생수_20251001_공시": 16.8, "부산교육청_기준학생수_정책2026": 240, "학생수기준_충족_정책2026": false, "정책적용대상_공립_정책2026": true, "주분석대상_소규모공립_정책2026": false, "학생수_20250401_1학년": 75.0, "학급수_20250401_1학년": 3.0, "학생수_20250401_2학년": 92.0, "학급수_20250401_2학년": 4.0, "학생수_20250401_3학년": 113.0, "학급수_20250401_3학년": 5.0, "학생수_20250401_4학년": 124.0, "학급수_20250401_4학년": 5.0, "학생수_20250401_5학년": 126.0, "학급수_20250401_5학년": 6.0, "학생수_20250401_6학년": 132.0, "학급수_20250401_6학년": 6.0, "학생수_20250401_반합계": 662.0, "학급수_20250401_반합계": 29.0, "조사기준일_데이터3": 20250401, "학생수_20250401_학교총계": 662, "학급수_20250401_학교총계": 29, "교지면적_20250401": 10765, "학생1인당교지면적_20250401_공시": 16.3, "일반교실수_20250401": 34, "교과교실수_20250401": 0, "특별교실수_20250401": 8, "수준별교실수_20250401": 0, "기타교실수_20250401": 0, "전체교실수_20250401": 42, "학생수_일반교실_20250401": 19.470588235294116, "학생수_전체교실_20250401": 15.761904761904763, "학급당학생수_20251001_계산": 22.655172413793103, "교원1인당학생수_20251001_계산": 16.846153846153847, "학교짧은키": "광안초" }, "geometry": { "type": "Point", "coordinates": [ 129.11712940000001, 35.15741493 ] } },
{ "type": "Feature", "properties": { "학교코드(KEDI)": "216021160", "학교명_20251001": "남천초등학교", "행정구_20251001": "수영구", "학교명키": "남천초등학교", "행정구키": "수영구", "위도": 35.14351561, "경도": 129.1071268, "소재지도로명주소": "부산광역시 수영구 남천서로 14", "설립_20251001": "공립", "지역규모_20251001": "특별/광역시", "주소_20251001": "부산광역시 수영구 남천서로 14(남천동. 남천초등학교)", "학생수_20251001": 929, "학급수_20251001": 41, "교원수_20251001": 59, "학급당학생수_20251001_공시": 22.7, "교원1인당학생수_20251001_공시": 15.7, "부산교육청_기준학생수_정책2026": 240, "학생수기준_충족_정책2026": false, "정책적용대상_공립_정책2026": true, "주분석대상_소규모공립_정책2026": false, "학생수_20250401_1학년": 140.0, "학급수_20250401_1학년": 6.0, "학생수_20250401_2학년": 159.0, "학급수_20250401_2학년": 7.0, "학생수_20250401_3학년": 155.0, "학급수_20250401_3학년": 8.0, "학생수_20250401_4학년": 166.0, "학급수_20250401_4학년": 7.0, "학생수_20250401_5학년": 168.0, "학급수_20250401_5학년": 7.0, "학생수_20250401_6학년": 149.0, "학급수_20250401_6학년": 6.0, "학생수_20250401_반합계": 937.0, "학급수_20250401_반합계": 41.0, "조사기준일_데이터3": 20250401, "학생수_20250401_학교총계": 937, "학급수_20250401_학교총계": 41, "교지면적_20250401": 11530, "학생1인당교지면적_20250401_공시": 12.3, "일반교실수_20250401": 41, "교과교실수_20250401": 3, "특별교실수_20250401": 2, "수준별교실수_20250401": 0, "기타교실수_20250401": 3, "전체교실수_20250401": 49, "학생수_일반교실_20250401": 22.853658536585368, "학생수_전체교실_20250401": 19.122448979591837, "학급당학생수_20251001_계산": 22.658536585365855, "교원1인당학생수_20251001_계산": 15.745762711864407, "학교짧은키": "남천초" }, "geometry": { "type": "Point", "coordinates": [ 129.1071268, 35.14351561 ] } },
{ "type": "Feature", "properties": { "학교코드(KEDI)": "216021196", "학교명_20251001": "망미초등학교", "행정구_20251001": "수영구", "학교명키": "망미초등학교", "행정구키": "수영구", "위도": 35.17491643, "경도": 129.1143915, "소재지도로명주소": "부산광역시 수영구 수미로35번길 27", "설립_20251001": "공립", "지역규모_20251001": "특별/광역시", "주소_20251001": "부산광역시 수영구 수미로35번길 27(망미동)", "학생수_20251001": 386, "학급수_20251001": 21, "교원수_20251001": 29, "학급당학생수_20251001_공시": 18.4, "교원1인당학생수_20251001_공시": 13.3, "부산교육청_기준학생수_정책2026": 240, "학생수기준_충족_정책2026": false, "정책적용대상_공립_정책2026": true, "주분석대상_소규모공립_정책2026": false, "학생수_20250401_1학년": 56.0, "학급수_20250401_1학년": 3.0, "학생수_20250401_2학년": 42.0, "학급수_20250401_2학년": 2.0, "학생수_20250401_3학년": 59.0, "학급수_20250401_3학년": 3.0, "학생수_20250401_4학년": 69.0, "학급수_20250401_4학년": 4.0, "학생수_20250401_5학년": 75.0, "학급수_20250401_5학년": 4.0, "학생수_20250401_6학년": 88.0, "학급수_20250401_6학년": 5.0, "학생수_20250401_반합계": 389.0, "학급수_20250401_반합계": 21.0, "조사기준일_데이터3": 20250401, "학생수_20250401_학교총계": 389, "학급수_20250401_학교총계": 21, "교지면적_20250401": 14200, "학생1인당교지면적_20250401_공시": 36.5, "일반교실수_20250401": 21, "교과교실수_20250401": 2, "특별교실수_20250401": 6, "수준별교실수_20250401": 0, "기타교실수_20250401": 0, "전체교실수_20250401": 29, "학생수_일반교실_20250401": 18.523809523809526, "학생수_전체교실_20250401": 13.413793103448276, "학급당학생수_20251001_계산": 18.38095238095238, "교원1인당학생수_20251001_계산": 13.310344827586206, "학교짧은키": "망미초" }, "geometry": { "type": "Point", "coordinates": [ 129.114391500000011, 35.174916430000017 ] } },
{ "type": "Feature", "properties": { "학교코드(KEDI)": "216021208", "학교명_20251001": "민락초등학교", "행정구_20251001": "수영구", "학교명키": "민락초등학교", "행정구키": "수영구", "위도": 35.16094672, "경도": 129.1269417, "소재지도로명주소": "부산광역시 수영구 광남로257번길 12", "설립_20251001": "공립", "지역규모_20251001": "특별/광역시", "주소_20251001": "부산광역시 수영구 광남로257번길 12(민락동.민락초등학교)", "학생수_20251001": 587, "학급수_20251001": 29, "교원수_20251001": 42, "학급당학생수_20251001_공시": 20.2, "교원1인당학생수_20251001_공시": 14.0, "부산교육청_기준학생수_정책2026": 240, "학생수기준_충족_정책2026": false, "정책적용대상_공립_정책2026": true, "주분석대상_소규모공립_정책2026": false, "학생수_20250401_1학년": 88.0, "학급수_20250401_1학년": 4.0, "학생수_20250401_2학년": 95.0, "학급수_20250401_2학년": 5.0, "학생수_20250401_3학년": 102.0, "학급수_20250401_3학년": 5.0, "학생수_20250401_4학년": 106.0, "학급수_20250401_4학년": 5.0, "학생수_20250401_5학년": 115.0, "학급수_20250401_5학년": 5.0, "학생수_20250401_6학년": 89.0, "학급수_20250401_6학년": 5.0, "학생수_20250401_반합계": 595.0, "학급수_20250401_반합계": 29.0, "조사기준일_데이터3": 20250401, "학생수_20250401_학교총계": 595, "학급수_20250401_학교총계": 29, "교지면적_20250401": 17600, "학생1인당교지면적_20250401_공시": 29.6, "일반교실수_20250401": 32, "교과교실수_20250401": 0, "특별교실수_20250401": 14, "수준별교실수_20250401": 0, "기타교실수_20250401": 2, "전체교실수_20250401": 48, "학생수_일반교실_20250401": 18.59375, "학생수_전체교실_20250401": 12.395833333333334, "학급당학생수_20251001_계산": 20.241379310344829, "교원1인당학생수_20251001_계산": 13.976190476190476, "학교짧은키": "민락초" }, "geometry": { "type": "Point", "coordinates": [ 129.1269417, 35.16094672 ] } },
{ "type": "Feature", "properties": { "학교코드(KEDI)": "216021220", "학교명_20251001": "민안초등학교", "행정구_20251001": "수영구", "학교명키": "민안초등학교", "행정구키": "수영구", "위도": 35.16306608, "경도": 129.1212164, "소재지도로명주소": "부산광역시 수영구 감포로38번길 33", "설립_20251001": "공립", "지역규모_20251001": "특별/광역시", "주소_20251001": "부산광역시 수영구 감포로38번길 33(민락동. 민안초등학교)", "학생수_20251001": 393, "학급수_20251001": 21, "교원수_20251001": 31, "학급당학생수_20251001_공시": 18.7, "교원1인당학생수_20251001_공시": 12.7, "부산교육청_기준학생수_정책2026": 240, "학생수기준_충족_정책2026": false, "정책적용대상_공립_정책2026": true, "주분석대상_소규모공립_정책2026": false, "학생수_20250401_1학년": 78.0, "학급수_20250401_1학년": 4.0, "학생수_20250401_2학년": 57.0, "학급수_20250401_2학년": 3.0, "학생수_20250401_3학년": 66.0, "학급수_20250401_3학년": 3.0, "학생수_20250401_4학년": 77.0, "학급수_20250401_4학년": 4.0, "학생수_20250401_5학년": 57.0, "학급수_20250401_5학년": 4.0, "학생수_20250401_6학년": 59.0, "학급수_20250401_6학년": 3.0, "학생수_20250401_반합계": 394.0, "학급수_20250401_반합계": 21.0, "조사기준일_데이터3": 20250401, "학생수_20250401_학교총계": 394, "학급수_20250401_학교총계": 21, "교지면적_20250401": 12054, "학생1인당교지면적_20250401_공시": 30.6, "일반교실수_20250401": 20, "교과교실수_20250401": 1, "특별교실수_20250401": 19, "수준별교실수_20250401": 0, "기타교실수_20250401": 1, "전체교실수_20250401": 41, "학생수_일반교실_20250401": 19.7, "학생수_전체교실_20250401": 9.6097560975609753, "학급당학생수_20251001_계산": 18.714285714285715, "교원1인당학생수_20251001_계산": 12.67741935483871, "학교짧은키": "민안초" }, "geometry": { "type": "Point", "coordinates": [ 129.1212164, 35.16306608 ] } },
{ "type": "Feature", "properties": { "학교코드(KEDI)": "216021268", "학교명_20251001": "배산초등학교", "행정구_20251001": "수영구", "학교명키": "배산초등학교", "행정구키": "수영구", "위도": 35.17716124, "경도": 129.1019367, "소재지도로명주소": "부산광역시 수영구 망미배산로48번길 85-15", "설립_20251001": "공립", "지역규모_20251001": "특별/광역시", "주소_20251001": "부산광역시 수영구 망미배산로48번길 85-15(망미동. 배산초등학교)", "학생수_20251001": 512, "학급수_20251001": 25, "교원수_20251001": 36, "학급당학생수_20251001_공시": 20.5, "교원1인당학생수_20251001_공시": 14.2, "부산교육청_기준학생수_정책2026": 240, "학생수기준_충족_정책2026": false, "정책적용대상_공립_정책2026": true, "주분석대상_소규모공립_정책2026": false, "학생수_20250401_1학년": 79.0, "학급수_20250401_1학년": 4.0, "학생수_20250401_2학년": 66.0, "학급수_20250401_2학년": 3.0, "학생수_20250401_3학년": 91.0, "학급수_20250401_3학년": 5.0, "학생수_20250401_4학년": 98.0, "학급수_20250401_4학년": 4.0, "학생수_20250401_5학년": 97.0, "학급수_20250401_5학년": 4.0, "학생수_20250401_6학년": 87.0, "학급수_20250401_6학년": 5.0, "학생수_20250401_반합계": 518.0, "학급수_20250401_반합계": 25.0, "조사기준일_데이터3": 20250401, "학생수_20250401_학교총계": 518, "학급수_20250401_학교총계": 25, "교지면적_20250401": 16618, "학생1인당교지면적_20250401_공시": 32.1, "일반교실수_20250401": 24, "교과교실수_20250401": 3, "특별교실수_20250401": 6, "수준별교실수_20250401": 0, "기타교실수_20250401": 0, "전체교실수_20250401": 33, "학생수_일반교실_20250401": 21.583333333333332, "학생수_전체교실_20250401": 15.696969696969697, "학급당학생수_20251001_계산": 20.48, "교원1인당학생수_20251001_계산": 14.222222222222221, "학교짧은키": "배산초" }, "geometry": { "type": "Point", "coordinates": [ 129.10193670000001, 35.17716124 ] } },
{ "type": "Feature", "properties": { "학교코드(KEDI)": "216021304", "학교명_20251001": "수미초등학교", "행정구_20251001": "수영구", "학교명키": "수미초등학교", "행정구키": "수영구", "위도": 35.16878706, "경도": 129.1037245, "소재지도로명주소": "부산광역시 수영구 연수로310번길 91", "설립_20251001": "공립", "지역규모_20251001": "특별/광역시", "주소_20251001": "부산광역시 수영구 연수로310번길 91(망미동. 수미초등학교)", "학생수_20251001": 399, "학급수_20251001": 21, "교원수_20251001": 35, "학급당학생수_20251001_공시": 19.0, "교원1인당학생수_20251001_공시": 11.4, "부산교육청_기준학생수_정책2026": 240, "학생수기준_충족_정책2026": false, "정책적용대상_공립_정책2026": true, "주분석대상_소규모공립_정책2026": false, "학생수_20250401_1학년": 36.0, "학급수_20250401_1학년": 3.0, "학생수_20250401_2학년": 44.0, "학급수_20250401_2학년": 2.0, "학생수_20250401_3학년": 84.0, "학급수_20250401_3학년": 4.0, "학생수_20250401_4학년": 78.0, "학급수_20250401_4학년": 4.0, "학생수_20250401_5학년": 81.0, "학급수_20250401_5학년": 4.0, "학생수_20250401_6학년": 85.0, "학급수_20250401_6학년": 4.0, "학생수_20250401_반합계": 408.0, "학급수_20250401_반합계": 21.0, "조사기준일_데이터3": 20250401, "학생수_20250401_학교총계": 408, "학급수_20250401_학교총계": 21, "교지면적_20250401": 15380, "학생1인당교지면적_20250401_공시": 37.7, "일반교실수_20250401": 23, "교과교실수_20250401": 0, "특별교실수_20250401": 8, "수준별교실수_20250401": 0, "기타교실수_20250401": 7, "전체교실수_20250401": 38, "학생수_일반교실_20250401": 17.739130434782609, "학생수_전체교실_20250401": 10.736842105263158, "학급당학생수_20251001_계산": 19.0, "교원1인당학생수_20251001_계산": 11.4, "학교짧은키": "수미초" }, "geometry": { "type": "Point", "coordinates": [ 129.1037245, 35.16878706 ] } },
{ "type": "Feature", "properties": { "학교코드(KEDI)": "216021316", "학교명_20251001": "수영초등학교", "행정구_20251001": "수영구", "학교명키": "수영초등학교", "행정구키": "수영구", "위도": 35.16569999, "경도": 129.112332, "소재지도로명주소": "부산광역시 수영구 광서로16번길 33", "설립_20251001": "공립", "지역규모_20251001": "특별/광역시", "주소_20251001": "부산광역시 수영구 광서로16번길 33(광안동. 수영초등학교)", "학생수_20251001": 680, "학급수_20251001": 31, "교원수_20251001": 44, "학급당학생수_20251001_공시": 21.9, "교원1인당학생수_20251001_공시": 15.5, "부산교육청_기준학생수_정책2026": 240, "학생수기준_충족_정책2026": false, "정책적용대상_공립_정책2026": true, "주분석대상_소규모공립_정책2026": false, "학생수_20250401_1학년": 79.0, "학급수_20250401_1학년": 4.0, "학생수_20250401_2학년": 82.0, "학급수_20250401_2학년": 4.0, "학생수_20250401_3학년": 112.0, "학급수_20250401_3학년": 5.0, "학생수_20250401_4학년": 119.0, "학급수_20250401_4학년": 5.0, "학생수_20250401_5학년": 135.0, "학급수_20250401_5학년": 7.0, "학생수_20250401_6학년": 148.0, "학급수_20250401_6학년": 6.0, "학생수_20250401_반합계": 675.0, "학급수_20250401_반합계": 31.0, "조사기준일_데이터3": 20250401, "학생수_20250401_학교총계": 675, "학급수_20250401_학교총계": 31, "교지면적_20250401": 13418, "학생1인당교지면적_20250401_공시": 19.9, "일반교실수_20250401": 41, "교과교실수_20250401": 2, "특별교실수_20250401": 8, "수준별교실수_20250401": 0, "기타교실수_20250401": 0, "전체교실수_20250401": 51, "학생수_일반교실_20250401": 16.463414634146343, "학생수_전체교실_20250401": 13.235294117647058, "학급당학생수_20251001_계산": 21.93548387096774, "교원1인당학생수_20251001_계산": 15.454545454545455, "학교짧은키": "수영초" }, "geometry": { "type": "Point", "coordinates": [ 129.112332, 35.16569999 ] } },
{ "type": "Feature", "properties": { "학교코드(KEDI)": "216021568", "학교명_20251001": "호암초등학교", "행정구_20251001": "수영구", "학교명키": "호암초등학교", "행정구키": "수영구", "위도": 35.15816303, "경도": 129.1063722, "소재지도로명주소": "부산광역시 수영구 호암로 57", "설립_20251001": "공립", "지역규모_20251001": "특별/광역시", "주소_20251001": "부산광역시 수영구 호암로 57(광안동)", "학생수_20251001": 471, "학급수_20251001": 23, "교원수_20251001": 33, "학급당학생수_20251001_공시": 20.5, "교원1인당학생수_20251001_공시": 14.3, "부산교육청_기준학생수_정책2026": 240, "학생수기준_충족_정책2026": false, "정책적용대상_공립_정책2026": true, "주분석대상_소규모공립_정책2026": false, "학생수_20250401_1학년": 66.0, "학급수_20250401_1학년": 3.0, "학생수_20250401_2학년": 80.0, "학급수_20250401_2학년": 5.0, "학생수_20250401_3학년": 83.0, "학급수_20250401_3학년": 4.0, "학생수_20250401_4학년": 89.0, "학급수_20250401_4학년": 4.0, "학생수_20250401_5학년": 85.0, "학급수_20250401_5학년": 4.0, "학생수_20250401_6학년": 67.0, "학급수_20250401_6학년": 3.0, "학생수_20250401_반합계": 470.0, "학급수_20250401_반합계": 23.0, "조사기준일_데이터3": 20250401, "학생수_20250401_학교총계": 470, "학급수_20250401_학교총계": 23, "교지면적_20250401": 10943, "학생1인당교지면적_20250401_공시": 23.3, "일반교실수_20250401": 23, "교과교실수_20250401": 3, "특별교실수_20250401": 6, "수준별교실수_20250401": 0, "기타교실수_20250401": 0, "전체교실수_20250401": 32, "학생수_일반교실_20250401": 20.434782608695652, "학생수_전체교실_20250401": 14.6875, "학급당학생수_20251001_계산": 20.478260869565219, "교원1인당학생수_20251001_계산": 14.272727272727273, "학교짧은키": "호암초" }, "geometry": { "type": "Point", "coordinates": [ 129.10637220000001, 35.15816303 ] } },
{ "type": "Feature", "properties": { "학교코드(KEDI)": "214021156", "학교명_20251001": "거제초등학교", "행정구_20251001": "연제구", "학교명키": "거제초등학교", "행정구키": "연제구", "위도": 35.17807396, "경도": 129.0675717, "소재지도로명주소": "부산광역시 연제구 해맞이로 39", "설립_20251001": "공립", "지역규모_20251001": "특별/광역시", "주소_20251001": "부산광역시 연제구 해맞이로 39(거제동.거제초등학교)", "학생수_20251001": 803, "학급수_20251001": 35, "교원수_20251001": 49, "학급당학생수_20251001_공시": 22.9, "교원1인당학생수_20251001_공시": 16.4, "부산교육청_기준학생수_정책2026": 240, "학생수기준_충족_정책2026": false, "정책적용대상_공립_정책2026": true, "주분석대상_소규모공립_정책2026": false, "학생수_20250401_1학년": 149.0, "학급수_20250401_1학년": 7.0, "학생수_20250401_2학년": 155.0, "학급수_20250401_2학년": 7.0, "학생수_20250401_3학년": 135.0, "학급수_20250401_3학년": 5.0, "학생수_20250401_4학년": 141.0, "학급수_20250401_4학년": 6.0, "학생수_20250401_5학년": 128.0, "학급수_20250401_5학년": 6.0, "학생수_20250401_6학년": 90.0, "학급수_20250401_6학년": 4.0, "학생수_20250401_반합계": 798.0, "학급수_20250401_반합계": 35.0, "조사기준일_데이터3": 20250401, "학생수_20250401_학교총계": 798, "학급수_20250401_학교총계": 35, "교지면적_20250401": 10712, "학생1인당교지면적_20250401_공시": 13.4, "일반교실수_20250401": 35, "교과교실수_20250401": 0, "특별교실수_20250401": 4, "수준별교실수_20250401": 0, "기타교실수_20250401": 0, "전체교실수_20250401": 39, "학생수_일반교실_20250401": 22.8, "학생수_전체교실_20250401": 20.46153846153846, "학급당학생수_20251001_계산": 22.942857142857143, "교원1인당학생수_20251001_계산": 16.387755102040817, "학교짧은키": "거제초" }, "geometry": { "type": "Point", "coordinates": [ 129.0675717, 35.17807396 ] } },
{ "type": "Feature", "properties": { "학교코드(KEDI)": "214021158", "학교명_20251001": "거학초등학교", "행정구_20251001": "연제구", "학교명키": "거학초등학교", "행정구키": "연제구", "위도": 35.19747831, "경도": 129.0768469, "소재지도로명주소": "부산광역시 연제구 교대로24번길 36", "설립_20251001": "공립", "지역규모_20251001": "특별/광역시", "주소_20251001": "부산광역시 연제구 교대로24번길 36(거제동. 거학초등학교)", "학생수_20251001": 543, "학급수_20251001": 25, "교원수_20251001": 38, "학급당학생수_20251001_공시": 21.7, "교원1인당학생수_20251001_공시": 14.3, "부산교육청_기준학생수_정책2026": 240, "학생수기준_충족_정책2026": false, "정책적용대상_공립_정책2026": true, "주분석대상_소규모공립_정책2026": false, "학생수_20250401_1학년": 60.0, "학급수_20250401_1학년": 3.0, "학생수_20250401_2학년": 72.0, "학급수_20250401_2학년": 4.0, "학생수_20250401_3학년": 97.0, "학급수_20250401_3학년": 4.0, "학생수_20250401_4학년": 102.0, "학급수_20250401_4학년": 5.0, "학생수_20250401_5학년": 111.0, "학급수_20250401_5학년": 5.0, "학생수_20250401_6학년": 105.0, "학급수_20250401_6학년": 4.0, "학생수_20250401_반합계": 547.0, "학급수_20250401_반합계": 25.0, "조사기준일_데이터3": 20250401, "학생수_20250401_학교총계": 547, "학급수_20250401_학교총계": 25, "교지면적_20250401": 9398, "학생1인당교지면적_20250401_공시": 17.2, "일반교실수_20250401": 27, "교과교실수_20250401": 2, "특별교실수_20250401": 11, "수준별교실수_20250401": 0, "기타교실수_20250401": 0, "전체교실수_20250401": 40, "학생수_일반교실_20250401": 20.25925925925926, "학생수_전체교실_20250401": 13.675, "학급당학생수_20251001_계산": 21.72, "교원1인당학생수_20251001_계산": 14.289473684210526, "학교짧은키": "거학초" }, "geometry": { "type": "Point", "coordinates": [ 129.0768469, 35.19747831 ] } },
{ "type": "Feature", "properties": { "학교코드(KEDI)": "214021159", "학교명_20251001": "과정초등학교", "행정구_20251001": "연제구", "학교명키": "과정초등학교", "행정구키": "연제구", "위도": 35.1867318, "경도": 129.11035, "소재지도로명주소": "부산광역시 연제구 과정로164번길 37", "설립_20251001": "공립", "지역규모_20251001": "특별/광역시", "주소_20251001": "부산광역시 연제구 과정로164번길 37. 과정초등학교 (연산동. 과정초등학교)", "학생수_20251001": 425, "학급수_20251001": 21, "교원수_20251001": 31, "학급당학생수_20251001_공시": 20.2, "교원1인당학생수_20251001_공시": 13.7, "부산교육청_기준학생수_정책2026": 240, "학생수기준_충족_정책2026": false, "정책적용대상_공립_정책2026": true, "주분석대상_소규모공립_정책2026": false, "학생수_20250401_1학년": 45.0, "학급수_20250401_1학년": 2.0, "학생수_20250401_2학년": 57.0, "학급수_20250401_2학년": 3.0, "학생수_20250401_3학년": 86.0, "학급수_20250401_3학년": 4.0, "학생수_20250401_4학년": 73.0, "학급수_20250401_4학년": 4.0, "학생수_20250401_5학년": 86.0, "학급수_20250401_5학년": 4.0, "학생수_20250401_6학년": 78.0, "학급수_20250401_6학년": 4.0, "학생수_20250401_반합계": 425.0, "학급수_20250401_반합계": 21.0, "조사기준일_데이터3": 20250401, "학생수_20250401_학교총계": 425, "학급수_20250401_학교총계": 21, "교지면적_20250401": 14348, "학생1인당교지면적_20250401_공시": 33.8, "일반교실수_20250401": 24, "교과교실수_20250401": 9, "특별교실수_20250401": 4, "수준별교실수_20250401": 0, "기타교실수_20250401": 5, "전체교실수_20250401": 42, "학생수_일반교실_20250401": 17.708333333333332, "학생수_전체교실_20250401": 10.119047619047619, "학급당학생수_20251001_계산": 20.238095238095237, "교원1인당학생수_20251001_계산": 13.709677419354838, "학교짧은키": "과정초" }, "geometry": { "type": "Point", "coordinates": [ 129.11035, 35.1867318 ] } },
{ "type": "Feature", "properties": { "학교코드(KEDI)": "214021183", "학교명_20251001": "남문초등학교", "행정구_20251001": "연제구", "학교명키": "남문초등학교", "행정구키": "연제구", "위도": 35.19421004, "경도": 129.0695559, "소재지도로명주소": "부산광역시 연제구 법원북로 23", "설립_20251001": "공립", "지역규모_20251001": "특별/광역시", "주소_20251001": "부산광역시 연제구 법원북로 23. 남문초등학교 (거제동)", "학생수_20251001": 1061, "학급수_20251001": 42, "교원수_20251001": 62, "학급당학생수_20251001_공시": 25.3, "교원1인당학생수_20251001_공시": 17.1, "부산교육청_기준학생수_정책2026": 240, "학생수기준_충족_정책2026": false, "정책적용대상_공립_정책2026": true, "주분석대상_소규모공립_정책2026": false, "학생수_20250401_1학년": 141.0, "학급수_20250401_1학년": 6.0, "학생수_20250401_2학년": 120.0, "학급수_20250401_2학년": 6.0, "학생수_20250401_3학년": 177.0, "학급수_20250401_3학년": 7.0, "학생수_20250401_4학년": 207.0, "학급수_20250401_4학년": 7.0, "학생수_20250401_5학년": 177.0, "학급수_20250401_5학년": 7.0, "학생수_20250401_6학년": 217.0, "학급수_20250401_6학년": 9.0, "학생수_20250401_반합계": 1039.0, "학급수_20250401_반합계": 42.0, "조사기준일_데이터3": 20250401, "학생수_20250401_학교총계": 1039, "학급수_20250401_학교총계": 42, "교지면적_20250401": 8381, "학생1인당교지면적_20250401_공시": 8.1, "일반교실수_20250401": 42, "교과교실수_20250401": 0, "특별교실수_20250401": 7, "수준별교실수_20250401": 0, "기타교실수_20250401": 0, "전체교실수_20250401": 49, "학생수_일반교실_20250401": 24.738095238095237, "학생수_전체교실_20250401": 21.204081632653061, "학급당학생수_20251001_계산": 25.261904761904763, "교원1인당학생수_20251001_계산": 17.112903225806452, "학교짧은키": "남문초" }, "geometry": { "type": "Point", "coordinates": [ 129.069555900000012, 35.19421004 ] } },
{ "type": "Feature", "properties": { "학교코드(KEDI)": "214021264", "학교명_20251001": "동명초등학교", "행정구_20251001": "연제구", "학교명키": "동명초등학교", "행정구키": "연제구", "위도": 35.17817027, "경도": 129.0908609, "소재지도로명주소": "부산광역시 연제구 쌍미천로44번길 17", "설립_20251001": "공립", "지역규모_20251001": "특별/광역시", "주소_20251001": "부산광역시 연제구 쌍미천로44번길 17(연산동. 동명초등학교)", "학생수_20251001": 155, "학급수_20251001": 13, "교원수_20251001": 21, "학급당학생수_20251001_공시": 11.9, "교원1인당학생수_20251001_공시": 7.4, "부산교육청_기준학생수_정책2026": 240, "학생수기준_충족_정책2026": true, "정책적용대상_공립_정책2026": true, "주분석대상_소규모공립_정책2026": true, "학생수_20250401_1학년": 17.0, "학급수_20250401_1학년": 2.0, "학생수_20250401_2학년": 23.0, "학급수_20250401_2학년": 3.0, "학생수_20250401_3학년": 27.0, "학급수_20250401_3학년": 2.0, "학생수_20250401_4학년": 25.0, "학급수_20250401_4학년": 2.0, "학생수_20250401_5학년": 36.0, "학급수_20250401_5학년": 2.0, "학생수_20250401_6학년": 29.0, "학급수_20250401_6학년": 2.0, "학생수_20250401_반합계": 157.0, "학급수_20250401_반합계": 13.0, "조사기준일_데이터3": 20250401, "학생수_20250401_학교총계": 157, "학급수_20250401_학교총계": 13, "교지면적_20250401": 13532, "학생1인당교지면적_20250401_공시": 86.2, "일반교실수_20250401": 17, "교과교실수_20250401": 2, "특별교실수_20250401": 3, "수준별교실수_20250401": 0, "기타교실수_20250401": 4, "전체교실수_20250401": 26, "학생수_일반교실_20250401": 9.235294117647058, "학생수_전체교실_20250401": 6.0384615384615383, "학급당학생수_20251001_계산": 11.923076923076923, "교원1인당학생수_20251001_계산": 7.3809523809523814, "학교짧은키": "동명초" }, "geometry": { "type": "Point", "coordinates": [ 129.0908609, 35.17817027000001 ] } },
{ "type": "Feature", "properties": { "학교코드(KEDI)": "214021462", "학교명_20251001": "연동초등학교", "행정구_20251001": "연제구", "학교명키": "연동초등학교", "행정구키": "연제구", "위도": 35.18393246, "경도": 129.0884679, "소재지도로명주소": "부산광역시 연제구 고분로56번길 40", "설립_20251001": "공립", "지역규모_20251001": "특별/광역시", "주소_20251001": "부산광역시 연제구 고분로56번길 40(연산동)", "학생수_20251001": 542, "학급수_20251001": 27, "교원수_20251001": 39, "학급당학생수_20251001_공시": 20.1, "교원1인당학생수_20251001_공시": 13.9, "부산교육청_기준학생수_정책2026": 240, "학생수기준_충족_정책2026": false, "정책적용대상_공립_정책2026": true, "주분석대상_소규모공립_정책2026": false, "학생수_20250401_1학년": 71.0, "학급수_20250401_1학년": 4.0, "학생수_20250401_2학년": 79.0, "학급수_20250401_2학년": 4.0, "학생수_20250401_3학년": 81.0, "학급수_20250401_3학년": 4.0, "학생수_20250401_4학년": 112.0, "학급수_20250401_4학년": 6.0, "학생수_20250401_5학년": 88.0, "학급수_20250401_5학년": 4.0, "학생수_20250401_6학년": 117.0, "학급수_20250401_6학년": 5.0, "학생수_20250401_반합계": 548.0, "학급수_20250401_반합계": 27.0, "조사기준일_데이터3": 20250401, "학생수_20250401_학교총계": 548, "학급수_20250401_학교총계": 27, "교지면적_20250401": 17193, "학생1인당교지면적_20250401_공시": 31.4, "일반교실수_20250401": 31, "교과교실수_20250401": 3, "특별교실수_20250401": 6, "수준별교실수_20250401": 0, "기타교실수_20250401": 0, "전체교실수_20250401": 40, "학생수_일반교실_20250401": 17.677419354838708, "학생수_전체교실_20250401": 13.7, "학급당학생수_20251001_계산": 20.074074074074073, "교원1인당학생수_20251001_계산": 13.897435897435898, "학교짧은키": "연동초" }, "geometry": { "type": "Point", "coordinates": [ 129.088467900000012, 35.18393246 ] } },
{ "type": "Feature", "properties": { "학교코드(KEDI)": "214021464", "학교명_20251001": "연미초등학교", "행정구_20251001": "연제구", "학교명키": "연미초등학교", "행정구키": "연제구", "위도": 35.17070549, "경도": 129.0921122, "소재지도로명주소": "부산광역시 연제구 금련로38번길 84", "설립_20251001": "공립", "지역규모_20251001": "특별/광역시", "주소_20251001": "부산광역시 연제구 금련로38번길 84(연산동. 연미초등학교)", "학생수_20251001": 298, "학급수_20251001": 18, "교원수_20251001": 27, "학급당학생수_20251001_공시": 16.6, "교원1인당학생수_20251001_공시": 11.0, "부산교육청_기준학생수_정책2026": 240, "학생수기준_충족_정책2026": false, "정책적용대상_공립_정책2026": true, "주분석대상_소규모공립_정책2026": false, "학생수_20250401_1학년": 74.0, "학급수_20250401_1학년": 4.0, "학생수_20250401_2학년": 46.0, "학급수_20250401_2학년": 3.0, "학생수_20250401_3학년": 57.0, "학급수_20250401_3학년": 3.0, "학생수_20250401_4학년": 46.0, "학급수_20250401_4학년": 3.0, "학생수_20250401_5학년": 41.0, "학급수_20250401_5학년": 2.0, "학생수_20250401_6학년": 35.0, "학급수_20250401_6학년": 3.0, "학생수_20250401_반합계": 299.0, "학급수_20250401_반합계": 18.0, "조사기준일_데이터3": 20250401, "학생수_20250401_학교총계": 299, "학급수_20250401_학교총계": 18, "교지면적_20250401": 11561, "학생1인당교지면적_20250401_공시": 38.7, "일반교실수_20250401": 18, "교과교실수_20250401": 2, "특별교실수_20250401": 4, "수준별교실수_20250401": 0, "기타교실수_20250401": 0, "전체교실수_20250401": 24, "학생수_일반교실_20250401": 16.611111111111111, "학생수_전체교실_20250401": 12.458333333333334, "학급당학생수_20251001_계산": 16.555555555555557, "교원1인당학생수_20251001_계산": 11.037037037037036, "학교짧은키": "연미초" }, "geometry": { "type": "Point", "coordinates": [ 129.0921122, 35.17070549 ] } },
{ "type": "Feature", "properties": { "학교코드(KEDI)": "214021468", "학교명_20251001": "연산초등학교", "행정구_20251001": "연제구", "학교명키": "연산초등학교", "행정구키": "연제구", "위도": 35.17826118, "경도": 129.0841184, "소재지도로명주소": "부산광역시 연제구 월드컵대로 41", "설립_20251001": "공립", "지역규모_20251001": "특별/광역시", "주소_20251001": "부산광역시 연제구 월드컵대로 41(연산동. 연산초등학교)", "학생수_20251001": 787, "학급수_20251001": 39, "교원수_20251001": 55, "학급당학생수_20251001_공시": 20.2, "교원1인당학생수_20251001_공시": 14.3, "부산교육청_기준학생수_정책2026": 240, "학생수기준_충족_정책2026": false, "정책적용대상_공립_정책2026": true, "주분석대상_소규모공립_정책2026": false, "학생수_20250401_1학년": 113.0, "학급수_20250401_1학년": 6.0, "학생수_20250401_2학년": 136.0, "학급수_20250401_2학년": 7.0, "학생수_20250401_3학년": 147.0, "학급수_20250401_3학년": 7.0, "학생수_20250401_4학년": 140.0, "학급수_20250401_4학년": 6.0, "학생수_20250401_5학년": 134.0, "학급수_20250401_5학년": 7.0, "학생수_20250401_6학년": 132.0, "학급수_20250401_6학년": 6.0, "학생수_20250401_반합계": 802.0, "학급수_20250401_반합계": 39.0, "조사기준일_데이터3": 20250401, "학생수_20250401_학교총계": 802, "학급수_20250401_학교총계": 39, "교지면적_20250401": 16583, "학생1인당교지면적_20250401_공시": 20.7, "일반교실수_20250401": 39, "교과교실수_20250401": 3, "특별교실수_20250401": 5, "수준별교실수_20250401": 0, "기타교실수_20250401": 0, "전체교실수_20250401": 47, "학생수_일반교실_20250401": 20.564102564102566, "학생수_전체교실_20250401": 17.063829787234042, "학급당학생수_20251001_계산": 20.179487179487179, "교원1인당학생수_20251001_계산": 14.309090909090909, "학교짧은키": "연산초" }, "geometry": { "type": "Point", "coordinates": [ 129.0841184, 35.17826118 ] } },
{ "type": "Feature", "properties": { "학교코드(KEDI)": "214021470", "학교명_20251001": "연서초등학교", "행정구_20251001": "연제구", "학교명키": "연서초등학교", "행정구키": "연제구", "위도": 35.19095316, "경도": 129.0866023, "소재지도로명주소": "부산광역시 연제구 거제천로270번길 30", "설립_20251001": "공립", "지역규모_20251001": "특별/광역시", "주소_20251001": "부산광역시 연제구 거제천로270번길 30(연산동. 연서초등학교)", "학생수_20251001": 591, "학급수_20251001": 30, "교원수_20251001": 44, "학급당학생수_20251001_공시": 19.7, "교원1인당학생수_20251001_공시": 13.4, "부산교육청_기준학생수_정책2026": 240, "학생수기준_충족_정책2026": false, "정책적용대상_공립_정책2026": true, "주분석대상_소규모공립_정책2026": false, "학생수_20250401_1학년": 71.0, "학급수_20250401_1학년": 4.0, "학생수_20250401_2학년": 87.0, "학급수_20250401_2학년": 4.0, "학생수_20250401_3학년": 106.0, "학급수_20250401_3학년": 6.0, "학생수_20250401_4학년": 100.0, "학급수_20250401_4학년": 5.0, "학생수_20250401_5학년": 131.0, "학급수_20250401_5학년": 6.0, "학생수_20250401_6학년": 104.0, "학급수_20250401_6학년": 5.0, "학생수_20250401_반합계": 599.0, "학급수_20250401_반합계": 30.0, "조사기준일_데이터3": 20250401, "학생수_20250401_학교총계": 599, "학급수_20250401_학교총계": 30, "교지면적_20250401": 11621, "학생1인당교지면적_20250401_공시": 19.4, "일반교실수_20250401": 30, "교과교실수_20250401": 4, "특별교실수_20250401": 3, "수준별교실수_20250401": 0, "기타교실수_20250401": 0, "전체교실수_20250401": 37, "학생수_일반교실_20250401": 19.966666666666665, "학생수_전체교실_20250401": 16.189189189189189, "학급당학생수_20251001_계산": 19.7, "교원1인당학생수_20251001_계산": 13.431818181818182, "학교짧은키": "연서초" }, "geometry": { "type": "Point", "coordinates": [ 129.08660230000001, 35.19095316 ] } },
{ "type": "Feature", "properties": { "학교코드(KEDI)": "214021471", "학교명_20251001": "연신초등학교", "행정구_20251001": "연제구", "학교명키": "연신초등학교", "행정구키": "연제구", "위도": 35.19248231, "경도": 129.0931595, "소재지도로명주소": "부산광역시 연제구 신금로23번길 30", "설립_20251001": "공립", "지역규모_20251001": "특별/광역시", "주소_20251001": "부산광역시 연제구 신금로23번길 30(연산동. 연신초등학교)", "학생수_20251001": 578, "학급수_20251001": 28, "교원수_20251001": 40, "학급당학생수_20251001_공시": 20.6, "교원1인당학생수_20251001_공시": 14.5, "부산교육청_기준학생수_정책2026": 240, "학생수기준_충족_정책2026": false, "정책적용대상_공립_정책2026": true, "주분석대상_소규모공립_정책2026": false, "학생수_20250401_1학년": 85.0, "학급수_20250401_1학년": 4.0, "학생수_20250401_2학년": 90.0, "학급수_20250401_2학년": 5.0, "학생수_20250401_3학년": 123.0, "학급수_20250401_3학년": 5.0, "학생수_20250401_4학년": 98.0, "학급수_20250401_4학년": 5.0, "학생수_20250401_5학년": 106.0, "학급수_20250401_5학년": 5.0, "학생수_20250401_6학년": 90.0, "학급수_20250401_6학년": 4.0, "학생수_20250401_반합계": 592.0, "학급수_20250401_반합계": 28.0, "조사기준일_데이터3": 20250401, "학생수_20250401_학교총계": 592, "학급수_20250401_학교총계": 28, "교지면적_20250401": 11638, "학생1인당교지면적_20250401_공시": 19.7, "일반교실수_20250401": 29, "교과교실수_20250401": 1, "특별교실수_20250401": 2, "수준별교실수_20250401": 2, "기타교실수_20250401": 0, "전체교실수_20250401": 34, "학생수_일반교실_20250401": 20.413793103448278, "학생수_전체교실_20250401": 17.411764705882351, "학급당학생수_20251001_계산": 20.642857142857142, "교원1인당학생수_20251001_계산": 14.45, "학교짧은키": "연신초" }, "geometry": { "type": "Point", "coordinates": [ 129.093159500000013, 35.19248231 ] } },
{ "type": "Feature", "properties": { "학교코드(KEDI)": "214021474", "학교명_20251001": "연일초등학교", "행정구_20251001": "연제구", "학교명키": "연일초등학교", "행정구키": "연제구", "위도": 35.18431973, "경도": 129.0954537, "소재지도로명주소": "부산광역시 연제구 고분로 126-4", "설립_20251001": "공립", "지역규모_20251001": "특별/광역시", "주소_20251001": "부산광역시 연제구 고분로 126-4(연산동.연일초등학교)", "학생수_20251001": 94, "학급수_20251001": 7, "교원수_20251001": 12, "학급당학생수_20251001_공시": 13.4, "교원1인당학생수_20251001_공시": 7.8, "부산교육청_기준학생수_정책2026": 240, "학생수기준_충족_정책2026": true, "정책적용대상_공립_정책2026": true, "주분석대상_소규모공립_정책2026": true, "학생수_20250401_1학년": 9.0, "학급수_20250401_1학년": 1.0, "학생수_20250401_2학년": 16.0, "학급수_20250401_2학년": 2.0, "학생수_20250401_3학년": 16.0, "학급수_20250401_3학년": 1.0, "학생수_20250401_4학년": 19.0, "학급수_20250401_4학년": 1.0, "학생수_20250401_5학년": 18.0, "학급수_20250401_5학년": 1.0, "학생수_20250401_6학년": 16.0, "학급수_20250401_6학년": 1.0, "학생수_20250401_반합계": 94.0, "학급수_20250401_반합계": 7.0, "조사기준일_데이터3": 20250401, "학생수_20250401_학교총계": 94, "학급수_20250401_학교총계": 7, "교지면적_20250401": 12705, "학생1인당교지면적_20250401_공시": 135.2, "일반교실수_20250401": 8, "교과교실수_20250401": 1, "특별교실수_20250401": 5, "수준별교실수_20250401": 0, "기타교실수_20250401": 0, "전체교실수_20250401": 14, "학생수_일반교실_20250401": 11.75, "학생수_전체교실_20250401": 6.7142857142857144, "학급당학생수_20251001_계산": 13.428571428571429, "교원1인당학생수_20251001_계산": 7.833333333333333, "학교짧은키": "연일초" }, "geometry": { "type": "Point", "coordinates": [ 129.0954537, 35.18431973 ] } },
{ "type": "Feature", "properties": { "학교코드(KEDI)": "214021476", "학교명_20251001": "연제초등학교", "행정구_20251001": "연제구", "학교명키": "연제초등학교", "행정구키": "연제구", "위도": 35.18405401, "경도": 129.0778742, "소재지도로명주소": "부산광역시 연제구 중앙대로1065번길 14", "설립_20251001": "공립", "지역규모_20251001": "특별/광역시", "주소_20251001": "부산광역시 연제구 중앙대로1065번길 14(연산동. 연제초등학교)", "학생수_20251001": 435, "학급수_20251001": 22, "교원수_20251001": 33, "학급당학생수_20251001_공시": 19.8, "교원1인당학생수_20251001_공시": 13.2, "부산교육청_기준학생수_정책2026": 240, "학생수기준_충족_정책2026": false, "정책적용대상_공립_정책2026": true, "주분석대상_소규모공립_정책2026": false, "학생수_20250401_1학년": 55.0, "학급수_20250401_1학년": 3.0, "학생수_20250401_2학년": 66.0, "학급수_20250401_2학년": 4.0, "학생수_20250401_3학년": 68.0, "학급수_20250401_3학년": 4.0, "학생수_20250401_4학년": 86.0, "학급수_20250401_4학년": 4.0, "학생수_20250401_5학년": 72.0, "학급수_20250401_5학년": 3.0, "학생수_20250401_6학년": 91.0, "학급수_20250401_6학년": 4.0, "학생수_20250401_반합계": 438.0, "학급수_20250401_반합계": 22.0, "조사기준일_데이터3": 20250401, "학생수_20250401_학교총계": 438, "학급수_20250401_학교총계": 22, "교지면적_20250401": 9038, "학생1인당교지면적_20250401_공시": 20.6, "일반교실수_20250401": 28, "교과교실수_20250401": 3, "특별교실수_20250401": 5, "수준별교실수_20250401": 0, "기타교실수_20250401": 0, "전체교실수_20250401": 36, "학생수_일반교실_20250401": 15.642857142857142, "학생수_전체교실_20250401": 12.166666666666666, "학급당학생수_20251001_계산": 19.772727272727273, "교원1인당학생수_20251001_계산": 13.181818181818182, "학교짧은키": "연제초" }, "geometry": { "type": "Point", "coordinates": [ 129.0778742, 35.18405401 ] } },
{ "type": "Feature", "properties": { "학교코드(KEDI)": "214021481", "학교명_20251001": "연천초등학교", "행정구_20251001": "연제구", "학교명키": "연천초등학교", "행정구키": "연제구", "위도": 35.18621999, "경도": 129.1004919, "소재지도로명주소": "부산광역시 연제구 과정로225번길 46", "설립_20251001": "공립", "지역규모_20251001": "특별/광역시", "주소_20251001": "부산광역시 연제구 과정로225번길 46(연산동. 연천 초등학교)", "학생수_20251001": 583, "학급수_20251001": 27, "교원수_20251001": 41, "학급당학생수_20251001_공시": 21.6, "교원1인당학생수_20251001_공시": 14.2, "부산교육청_기준학생수_정책2026": 240, "학생수기준_충족_정책2026": false, "정책적용대상_공립_정책2026": true, "주분석대상_소규모공립_정책2026": false, "학생수_20250401_1학년": 76.0, "학급수_20250401_1학년": 4.0, "학생수_20250401_2학년": 83.0, "학급수_20250401_2학년": 5.0, "학생수_20250401_3학년": 105.0, "학급수_20250401_3학년": 5.0, "학생수_20250401_4학년": 103.0, "학급수_20250401_4학년": 4.0, "학생수_20250401_5학년": 102.0, "학급수_20250401_5학년": 4.0, "학생수_20250401_6학년": 104.0, "학급수_20250401_6학년": 5.0, "학생수_20250401_반합계": 573.0, "학급수_20250401_반합계": 27.0, "조사기준일_데이터3": 20250401, "학생수_20250401_학교총계": 573, "학급수_20250401_학교총계": 27, "교지면적_20250401": 12133, "학생1인당교지면적_20250401_공시": 21.2, "일반교실수_20250401": 40, "교과교실수_20250401": 2, "특별교실수_20250401": 3, "수준별교실수_20250401": 0, "기타교실수_20250401": 0, "전체교실수_20250401": 45, "학생수_일반교실_20250401": 14.325, "학생수_전체교실_20250401": 12.733333333333333, "학급당학생수_20251001_계산": 21.592592592592592, "교원1인당학생수_20251001_계산": 14.219512195121951, "학교짧은키": "연천초" }, "geometry": { "type": "Point", "coordinates": [ 129.1004919, 35.18621999 ] } },
{ "type": "Feature", "properties": { "학교코드(KEDI)": "214021517", "학교명_20251001": "창신초등학교", "행정구_20251001": "연제구", "학교명키": "창신초등학교", "행정구키": "연제구", "위도": 35.19281291, "경도": 129.0658519, "소재지도로명주소": "부산광역시 연제구 종합운동장로12번길 15", "설립_20251001": "공립", "지역규모_20251001": "특별/광역시", "주소_20251001": "부산광역시 연제구 종합운동장로12번길 15(거제동. 창신초등학교)", "학생수_20251001": 1621, "학급수_20251001": 62, "교원수_20251001": 79, "학급당학생수_20251001_공시": 26.1, "교원1인당학생수_20251001_공시": 20.5, "부산교육청_기준학생수_정책2026": 240, "학생수기준_충족_정책2026": false, "정책적용대상_공립_정책2026": true, "주분석대상_소규모공립_정책2026": false, "학생수_20250401_1학년": 233.0, "학급수_20250401_1학년": 9.0, "학생수_20250401_2학년": 288.0, "학급수_20250401_2학년": 11.0, "학생수_20250401_3학년": 277.0, "학급수_20250401_3학년": 11.0, "학생수_20250401_4학년": 271.0, "학급수_20250401_4학년": 10.0, "학생수_20250401_5학년": 276.0, "학급수_20250401_5학년": 10.0, "학생수_20250401_6학년": 279.0, "학급수_20250401_6학년": 11.0, "학생수_20250401_반합계": 1624.0, "학급수_20250401_반합계": 62.0, "조사기준일_데이터3": 20250401, "학생수_20250401_학교총계": 1624, "학급수_20250401_학교총계": 62, "교지면적_20250401": 15512, "학생1인당교지면적_20250401_공시": 9.6, "일반교실수_20250401": 65, "교과교실수_20250401": 3, "특별교실수_20250401": 3, "수준별교실수_20250401": 0, "기타교실수_20250401": 0, "전체교실수_20250401": 71, "학생수_일반교실_20250401": 24.984615384615385, "학생수_전체교실_20250401": 22.87323943661972, "학급당학생수_20251001_계산": 26.14516129032258, "교원1인당학생수_20251001_계산": 20.518987341772153, "학교짧은키": "창신초" }, "geometry": { "type": "Point", "coordinates": [ 129.065851900000013, 35.19281291 ] } },
{ "type": "Feature", "properties": { "학교코드(KEDI)": "214021529", "학교명_20251001": "토현초등학교", "행정구_20251001": "연제구", "학교명키": "토현초등학교", "행정구키": "연제구", "위도": 35.18129174, "경도": 129.1117661, "소재지도로명주소": "부산광역시 연제구 토현로 48", "설립_20251001": "공립", "지역규모_20251001": "특별/광역시", "주소_20251001": "부산광역시 연제구 토현로 48(연산동. 토현초등학교)", "학생수_20251001": 242, "학급수_20251001": 14, "교원수_20251001": 24, "학급당학생수_20251001_공시": 17.3, "교원1인당학생수_20251001_공시": 10.1, "부산교육청_기준학생수_정책2026": 240, "학생수기준_충족_정책2026": false, "정책적용대상_공립_정책2026": true, "주분석대상_소규모공립_정책2026": false, "학생수_20250401_1학년": 21.0, "학급수_20250401_1학년": 1.0, "학생수_20250401_2학년": 41.0, "학급수_20250401_2학년": 3.0, "학생수_20250401_3학년": 39.0, "학급수_20250401_3학년": 2.0, "학생수_20250401_4학년": 41.0, "학급수_20250401_4학년": 2.0, "학생수_20250401_5학년": 49.0, "학급수_20250401_5학년": 3.0, "학생수_20250401_6학년": 51.0, "학급수_20250401_6학년": 3.0, "학생수_20250401_반합계": 242.0, "학급수_20250401_반합계": 14.0, "조사기준일_데이터3": 20250401, "학생수_20250401_학교총계": 242, "학급수_20250401_학교총계": 14, "교지면적_20250401": 8707, "학생1인당교지면적_20250401_공시": 36.0, "일반교실수_20250401": 17, "교과교실수_20250401": 2, "특별교실수_20250401": 5, "수준별교실수_20250401": 0, "기타교실수_20250401": 1, "전체교실수_20250401": 25, "학생수_일반교실_20250401": 14.235294117647058, "학생수_전체교실_20250401": 9.68, "학급당학생수_20251001_계산": 17.285714285714285, "교원1인당학생수_20251001_계산": 10.083333333333334, "학교짧은키": "토현초" }, "geometry": { "type": "Point", "coordinates": [ 129.111766100000011, 35.18129174 ] } },
{ "type": "Feature", "properties": { "학교코드(KEDI)": "212021111", "학교명_20251001": "남항초등학교", "행정구_20251001": "영도구", "학교명키": "남항초등학교", "행정구키": "영도구", "위도": 35.08366964, "경도": 129.043117, "소재지도로명주소": "부산광역시 영도구 남항새싹길 55", "설립_20251001": "공립", "지역규모_20251001": "특별/광역시", "주소_20251001": "부산광역시 영도구 남항새싹길 55(영선동4가. 남항초등학교)", "학생수_20251001": 158, "학급수_20251001": 11, "교원수_20251001": 22, "학급당학생수_20251001_공시": 14.4, "교원1인당학생수_20251001_공시": 7.2, "부산교육청_기준학생수_정책2026": 240, "학생수기준_충족_정책2026": true, "정책적용대상_공립_정책2026": true, "주분석대상_소규모공립_정책2026": true, "학생수_20250401_1학년": 29.0, "학급수_20250401_1학년": 3.0, "학생수_20250401_2학년": 23.0, "학급수_20250401_2학년": 2.0, "학생수_20250401_3학년": 18.0, "학급수_20250401_3학년": 1.0, "학생수_20250401_4학년": 32.0, "학급수_20250401_4학년": 2.0, "학생수_20250401_5학년": 37.0, "학급수_20250401_5학년": 2.0, "학생수_20250401_6학년": 21.0, "학급수_20250401_6학년": 1.0, "학생수_20250401_반합계": 160.0, "학급수_20250401_반합계": 11.0, "조사기준일_데이터3": 20250401, "학생수_20250401_학교총계": 160, "학급수_20250401_학교총계": 11, "교지면적_20250401": 17663, "학생1인당교지면적_20250401_공시": 110.4, "일반교실수_20250401": 16, "교과교실수_20250401": 1, "특별교실수_20250401": 4, "수준별교실수_20250401": 8, "기타교실수_20250401": 7, "전체교실수_20250401": 36, "학생수_일반교실_20250401": 10.0, "학생수_전체교실_20250401": 4.4444444444444446, "학급당학생수_20251001_계산": 14.363636363636363, "교원1인당학생수_20251001_계산": 7.1818181818181817, "학교짧은키": "남항초" }, "geometry": { "type": "Point", "coordinates": [ 129.043117, 35.08366964 ] } },
{ "type": "Feature", "properties": { "학교코드(KEDI)": "212021204", "학교명_20251001": "대교초등학교", "행정구_20251001": "영도구", "학교명키": "대교초등학교", "행정구키": "영도구", "위도": 35.09469424, "경도": 129.0457513, "소재지도로명주소": "부산광역시 영도구 봉래나루로246번길 19", "설립_20251001": "공립", "지역규모_20251001": "특별/광역시", "주소_20251001": "부산광역시 영도구 봉래나루로246번길 19(봉래동4가. 대교초등학교)", "학생수_20251001": 366, "학급수_20251001": 19, "교원수_20251001": 31, "학급당학생수_20251001_공시": 19.3, "교원1인당학생수_20251001_공시": 11.8, "부산교육청_기준학생수_정책2026": 240, "학생수기준_충족_정책2026": false, "정책적용대상_공립_정책2026": true, "주분석대상_소규모공립_정책2026": false, "학생수_20250401_1학년": 62.0, "학급수_20250401_1학년": 3.0, "학생수_20250401_2학년": 60.0, "학급수_20250401_2학년": 3.0, "학생수_20250401_3학년": 77.0, "학급수_20250401_3학년": 4.0, "학생수_20250401_4학년": 73.0, "학급수_20250401_4학년": 4.0, "학생수_20250401_5학년": 45.0, "학급수_20250401_5학년": 2.0, "학생수_20250401_6학년": 55.0, "학급수_20250401_6학년": 3.0, "학생수_20250401_반합계": 372.0, "학급수_20250401_반합계": 19.0, "조사기준일_데이터3": 20250401, "학생수_20250401_학교총계": 372, "학급수_20250401_학교총계": 19, "교지면적_20250401": 5884, "학생1인당교지면적_20250401_공시": 15.8, "일반교실수_20250401": 18, "교과교실수_20250401": 0, "특별교실수_20250401": 1, "수준별교실수_20250401": 0, "기타교실수_20250401": 0, "전체교실수_20250401": 19, "학생수_일반교실_20250401": 20.666666666666668, "학생수_전체교실_20250401": 19.578947368421051, "학급당학생수_20251001_계산": 19.263157894736842, "교원1인당학생수_20251001_계산": 11.806451612903226, "학교짧은키": "대교초" }, "geometry": { "type": "Point", "coordinates": [ 129.0457513, 35.09469424 ] } },
{ "type": "Feature", "properties": { "학교코드(KEDI)": "212021220", "학교명_20251001": "대평초등학교", "행정구_20251001": "영도구", "학교명키": "대평초등학교", "행정구키": "영도구", "위도": 35.08753561, "경도": 129.0388823, "소재지도로명주소": "부산광역시 영도구 절영로 82", "설립_20251001": "공립", "지역규모_20251001": "특별/광역시", "주소_20251001": "부산광역시 영도구 절영로 82. 대평초등학교 (남항동2가. 대평초등학교)", "학생수_20251001": 209, "학급수_20251001": 11, "교원수_20251001": 19, "학급당학생수_20251001_공시": 19.0, "교원1인당학생수_20251001_공시": 11.0, "부산교육청_기준학생수_정책2026": 240, "학생수기준_충족_정책2026": true, "정책적용대상_공립_정책2026": true, "주분석대상_소규모공립_정책2026": true, "학생수_20250401_1학년": 22.0, "학급수_20250401_1학년": 1.0, "학생수_20250401_2학년": 25.0, "학급수_20250401_2학년": 2.0, "학생수_20250401_3학년": 42.0, "학급수_20250401_3학년": 2.0, "학생수_20250401_4학년": 40.0, "학급수_20250401_4학년": 2.0, "학생수_20250401_5학년": 37.0, "학급수_20250401_5학년": 2.0, "학생수_20250401_6학년": 41.0, "학급수_20250401_6학년": 2.0, "학생수_20250401_반합계": 207.0, "학급수_20250401_반합계": 11.0, "조사기준일_데이터3": 20250401, "학생수_20250401_학교총계": 207, "학급수_20250401_학교총계": 11, "교지면적_20250401": 13546, "학생1인당교지면적_20250401_공시": 65.4, "일반교실수_20250401": 17, "교과교실수_20250401": 0, "특별교실수_20250401": 4, "수준별교실수_20250401": 0, "기타교실수_20250401": 1, "전체교실수_20250401": 22, "학생수_일반교실_20250401": 12.176470588235293, "학생수_전체교실_20250401": 9.4090909090909083, "학급당학생수_20251001_계산": 19.0, "교원1인당학생수_20251001_계산": 11.0, "학교짧은키": "대평초" }, "geometry": { "type": "Point", "coordinates": [ 129.038882300000012, 35.08753561000001 ] } },
{ "type": "Feature", "properties": { "학교코드(KEDI)": "212021236", "학교명_20251001": "동삼초등학교", "행정구_20251001": "영도구", "학교명키": "동삼초등학교", "행정구키": "영도구", "위도": 35.0798243, "경도": 129.0734665, "소재지도로명주소": "부산광역시 영도구 태종로 610", "설립_20251001": "공립", "지역규모_20251001": "특별/광역시", "주소_20251001": "부산광역시 영도구 태종로 610(동삼동.동삼초등학교)", "학생수_20251001": 421, "학급수_20251001": 19, "교원수_20251001": 28, "학급당학생수_20251001_공시": 22.2, "교원1인당학생수_20251001_공시": 15.0, "부산교육청_기준학생수_정책2026": 240, "학생수기준_충족_정책2026": false, "정책적용대상_공립_정책2026": true, "주분석대상_소규모공립_정책2026": false, "학생수_20250401_1학년": 64.0, "학급수_20250401_1학년": 3.0, "학생수_20250401_2학년": 73.0, "학급수_20250401_2학년": 3.0, "학생수_20250401_3학년": 71.0, "학급수_20250401_3학년": 3.0, "학생수_20250401_4학년": 69.0, "학급수_20250401_4학년": 3.0, "학생수_20250401_5학년": 76.0, "학급수_20250401_5학년": 3.0, "학생수_20250401_6학년": 70.0, "학급수_20250401_6학년": 4.0, "학생수_20250401_반합계": 423.0, "학급수_20250401_반합계": 19.0, "조사기준일_데이터3": 20250401, "학생수_20250401_학교총계": 423, "학급수_20250401_학교총계": 19, "교지면적_20250401": 9432, "학생1인당교지면적_20250401_공시": 22.3, "일반교실수_20250401": 19, "교과교실수_20250401": 1, "특별교실수_20250401": 3, "수준별교실수_20250401": 0, "기타교실수_20250401": 0, "전체교실수_20250401": 23, "학생수_일반교실_20250401": 22.263157894736842, "학생수_전체교실_20250401": 18.391304347826086, "학급당학생수_20251001_계산": 22.157894736842106, "교원1인당학생수_20251001_계산": 15.035714285714286, "학교짧은키": "동삼초" }, "geometry": { "type": "Point", "coordinates": [ 129.0734665, 35.0798243 ] } },
{ "type": "Feature", "properties": { "학교코드(KEDI)": "212021280", "학교명_20251001": "봉삼초등학교", "행정구_20251001": "영도구", "학교명키": "봉삼초등학교", "행정구키": "영도구", "위도": 35.07478658, "경도": 129.0636181, "소재지도로명주소": "부산광역시 영도구 함지로79번길 39", "설립_20251001": "공립", "지역규모_20251001": "특별/광역시", "주소_20251001": "부산광역시 영도구 함지로79번길 39(동삼동. 봉삼초등학교)", "학생수_20251001": 30, "학급수_20251001": 7, "교원수_20251001": 15, "학급당학생수_20251001_공시": 4.3, "교원1인당학생수_20251001_공시": 2.0, "부산교육청_기준학생수_정책2026": 240, "학생수기준_충족_정책2026": true, "정책적용대상_공립_정책2026": true, "주분석대상_소규모공립_정책2026": true, "학생수_20250401_1학년": 5.0, "학급수_20250401_1학년": 1.0, "학생수_20250401_2학년": 1.0, "학급수_20250401_2학년": 1.0, "학생수_20250401_3학년": 10.0, "학급수_20250401_3학년": 2.0, "학생수_20250401_4학년": 4.0, "학급수_20250401_4학년": 1.0, "학생수_20250401_5학년": 8.0, "학급수_20250401_5학년": 1.0, "학생수_20250401_6학년": 4.0, "학급수_20250401_6학년": 1.0, "학생수_20250401_반합계": 32.0, "학급수_20250401_반합계": 7.0, "조사기준일_데이터3": 20250401, "학생수_20250401_학교총계": 32, "학급수_20250401_학교총계": 7, "교지면적_20250401": 14902, "학생1인당교지면적_20250401_공시": 465.7, "일반교실수_20250401": 7, "교과교실수_20250401": 0, "특별교실수_20250401": 5, "수준별교실수_20250401": 0, "기타교실수_20250401": 0, "전체교실수_20250401": 12, "학생수_일반교실_20250401": 4.5714285714285712, "학생수_전체교실_20250401": 2.6666666666666665, "학급당학생수_20251001_계산": 4.2857142857142856, "교원1인당학생수_20251001_계산": 2.0, "학교짧은키": "봉삼초" }, "geometry": { "type": "Point", "coordinates": [ 129.063618100000014, 35.07478658 ] } },
{ "type": "Feature", "properties": { "학교코드(KEDI)": "212021284", "학교명_20251001": "봉학초등학교", "행정구_20251001": "영도구", "학교명키": "봉학초등학교", "행정구키": "영도구", "위도": 35.09553513, "경도": 129.0550147, "소재지도로명주소": "부산광역시 영도구 태종로 242", "설립_20251001": "공립", "지역규모_20251001": "특별/광역시", "주소_20251001": "부산광역시 영도구 태종로 242(청학동.봉학초등학교)", "학생수_20251001": 143, "학급수_20251001": 10, "교원수_20251001": 19, "학급당학생수_20251001_공시": 14.3, "교원1인당학생수_20251001_공시": 7.5, "부산교육청_기준학생수_정책2026": 240, "학생수기준_충족_정책2026": true, "정책적용대상_공립_정책2026": true, "주분석대상_소규모공립_정책2026": true, "학생수_20250401_1학년": 13.0, "학급수_20250401_1학년": 1.0, "학생수_20250401_2학년": 32.0, "학급수_20250401_2학년": 2.0, "학생수_20250401_3학년": 29.0, "학급수_20250401_3학년": 2.0, "학생수_20250401_4학년": 23.0, "학급수_20250401_4학년": 2.0, "학생수_20250401_5학년": 19.0, "학급수_20250401_5학년": 1.0, "학생수_20250401_6학년": 30.0, "학급수_20250401_6학년": 2.0, "학생수_20250401_반합계": 146.0, "학급수_20250401_반합계": 10.0, "조사기준일_데이터3": 20250401, "학생수_20250401_학교총계": 146, "학급수_20250401_학교총계": 10, "교지면적_20250401": 9996, "학생1인당교지면적_20250401_공시": 68.5, "일반교실수_20250401": 17, "교과교실수_20250401": 2, "특별교실수_20250401": 4, "수준별교실수_20250401": 0, "기타교실수_20250401": 0, "전체교실수_20250401": 23, "학생수_일반교실_20250401": 8.5882352941176467, "학생수_전체교실_20250401": 6.3478260869565215, "학급당학생수_20251001_계산": 14.3, "교원1인당학생수_20251001_계산": 7.5263157894736841, "학교짧은키": "봉학초" }, "geometry": { "type": "Point", "coordinates": [ 129.055014699999987, 35.09553513 ] } },
{ "type": "Feature", "properties": { "학교코드(KEDI)": "212021324", "학교명_20251001": "상리초등학교", "행정구_20251001": "영도구", "학교명키": "상리초등학교", "행정구키": "영도구", "위도": 35.08399667, "경도": 129.0670777, "소재지도로명주소": "부산광역시 영도구 상리로 38", "설립_20251001": "공립", "지역규모_20251001": "특별/광역시", "주소_20251001": "부산광역시 영도구 상리로 38(동삼동.상리초등학교)", "학생수_20251001": 106, "학급수_20251001": 7, "교원수_20251001": 13, "학급당학생수_20251001_공시": 15.1, "교원1인당학생수_20251001_공시": 8.2, "부산교육청_기준학생수_정책2026": 240, "학생수기준_충족_정책2026": true, "정책적용대상_공립_정책2026": true, "주분석대상_소규모공립_정책2026": true, "학생수_20250401_1학년": 15.0, "학급수_20250401_1학년": 1.0, "학생수_20250401_2학년": 12.0, "학급수_20250401_2학년": 2.0, "학생수_20250401_3학년": 12.0, "학급수_20250401_3학년": 1.0, "학생수_20250401_4학년": 23.0, "학급수_20250401_4학년": 1.0, "학생수_20250401_5학년": 25.0, "학급수_20250401_5학년": 1.0, "학생수_20250401_6학년": 21.0, "학급수_20250401_6학년": 1.0, "학생수_20250401_반합계": 108.0, "학급수_20250401_반합계": 7.0, "조사기준일_데이터3": 20250401, "학생수_20250401_학교총계": 108, "학급수_20250401_학교총계": 7, "교지면적_20250401": 12799, "학생1인당교지면적_20250401_공시": 118.5, "일반교실수_20250401": 7, "교과교실수_20250401": 2, "특별교실수_20250401": 9, "수준별교실수_20250401": 0, "기타교실수_20250401": 0, "전체교실수_20250401": 18, "학생수_일반교실_20250401": 15.428571428571429, "학생수_전체교실_20250401": 6.0, "학급당학생수_20251001_계산": 15.142857142857142, "교원1인당학생수_20251001_계산": 8.1538461538461533, "학교짧은키": "상리초" }, "geometry": { "type": "Point", "coordinates": [ 129.0670777, 35.08399667 ] } },
{ "type": "Feature", "properties": { "학교코드(KEDI)": "212021412", "학교명_20251001": "영도초등학교", "행정구_20251001": "영도구", "학교명키": "영도초등학교", "행정구키": "영도구", "위도": 35.09012596, "경도": 129.0462132, "소재지도로명주소": "부산광역시 영도구 꿈나무길 41", "설립_20251001": "공립", "지역규모_20251001": "특별/광역시", "주소_20251001": "부산광역시 영도구 꿈나무길 41(신선동1가.영도초등학교)", "학생수_20251001": 224, "학급수_20251001": 14, "교원수_20251001": 25, "학급당학생수_20251001_공시": 16.0, "교원1인당학생수_20251001_공시": 9.0, "부산교육청_기준학생수_정책2026": 240, "학생수기준_충족_정책2026": true, "정책적용대상_공립_정책2026": true, "주분석대상_소규모공립_정책2026": true, "학생수_20250401_1학년": 24.0, "학급수_20250401_1학년": 2.0, "학생수_20250401_2학년": 41.0, "학급수_20250401_2학년": 2.0, "학생수_20250401_3학년": 34.0, "학급수_20250401_3학년": 2.0, "학생수_20250401_4학년": 38.0, "학급수_20250401_4학년": 3.0, "학생수_20250401_5학년": 39.0, "학급수_20250401_5학년": 2.0, "학생수_20250401_6학년": 50.0, "학급수_20250401_6학년": 3.0, "학생수_20250401_반합계": 226.0, "학급수_20250401_반합계": 14.0, "조사기준일_데이터3": 20250401, "학생수_20250401_학교총계": 226, "학급수_20250401_학교총계": 14, "교지면적_20250401": 22927, "학생1인당교지면적_20250401_공시": 101.4, "일반교실수_20250401": 14, "교과교실수_20250401": 2, "특별교실수_20250401": 14, "수준별교실수_20250401": 0, "기타교실수_20250401": 2, "전체교실수_20250401": 32, "학생수_일반교실_20250401": 16.142857142857142, "학생수_전체교실_20250401": 7.0625, "학급당학생수_20251001_계산": 16.0, "교원1인당학생수_20251001_계산": 8.96, "학교짧은키": "영도초" }, "geometry": { "type": "Point", "coordinates": [ 129.046213200000011, 35.09012596 ] } },
{ "type": "Feature", "properties": { "학교코드(KEDI)": "212021456", "학교명_20251001": "절영초등학교", "행정구_20251001": "영도구", "학교명키": "절영초등학교", "행정구키": "영도구", "위도": 35.07288845, "경도": 129.063044, "소재지도로명주소": "부산광역시 영도구 함지로 37", "설립_20251001": "공립", "지역규모_20251001": "특별/광역시", "주소_20251001": "부산광역시 영도구 함지로 37(동삼동.절영초등학교)", "학생수_20251001": 59, "학급수_20251001": 7, "교원수_20251001": 16, "학급당학생수_20251001_공시": 8.4, "교원1인당학생수_20251001_공시": 3.7, "부산교육청_기준학생수_정책2026": 240, "학생수기준_충족_정책2026": true, "정책적용대상_공립_정책2026": true, "주분석대상_소규모공립_정책2026": true, "학생수_20250401_1학년": 15.0, "학급수_20250401_1학년": 2.0, "학생수_20250401_2학년": 3.0, "학급수_20250401_2학년": 1.0, "학생수_20250401_3학년": 12.0, "학급수_20250401_3학년": 1.0, "학생수_20250401_4학년": 11.0, "학급수_20250401_4학년": 1.0, "학생수_20250401_5학년": 9.0, "학급수_20250401_5학년": 1.0, "학생수_20250401_6학년": 10.0, "학급수_20250401_6학년": 1.0, "학생수_20250401_반합계": 60.0, "학급수_20250401_반합계": 7.0, "조사기준일_데이터3": 20250401, "학생수_20250401_학교총계": 60, "학급수_20250401_학교총계": 7, "교지면적_20250401": 8244, "학생1인당교지면적_20250401_공시": 137.4, "일반교실수_20250401": 7, "교과교실수_20250401": 3, "특별교실수_20250401": 2, "수준별교실수_20250401": 0, "기타교실수_20250401": 5, "전체교실수_20250401": 17, "학생수_일반교실_20250401": 8.5714285714285712, "학생수_전체교실_20250401": 3.5294117647058822, "학급당학생수_20251001_계산": 8.4285714285714288, "교원1인당학생수_20251001_계산": 3.6875, "학교짧은키": "절영초" }, "geometry": { "type": "Point", "coordinates": [ 129.063044, 35.07288845 ] } },
{ "type": "Feature", "properties": { "학교코드(KEDI)": "212021460", "학교명_20251001": "중리초등학교", "행정구_20251001": "영도구", "학교명키": "중리초등학교", "행정구키": "영도구", "위도": 35.07420189, "경도": 129.0701926, "소재지도로명주소": "부산광역시 영도구 와치로 286", "설립_20251001": "공립", "지역규모_20251001": "특별/광역시", "주소_20251001": "부산광역시 영도구 와치로 286(동삼동. 중리초등학교)", "학생수_20251001": 486, "학급수_20251001": 24, "교원수_20251001": 36, "학급당학생수_20251001_공시": 20.3, "교원1인당학생수_20251001_공시": 13.5, "부산교육청_기준학생수_정책2026": 240, "학생수기준_충족_정책2026": false, "정책적용대상_공립_정책2026": true, "주분석대상_소규모공립_정책2026": false, "학생수_20250401_1학년": 67.0, "학급수_20250401_1학년": 4.0, "학생수_20250401_2학년": 56.0, "학급수_20250401_2학년": 3.0, "학생수_20250401_3학년": 79.0, "학급수_20250401_3학년": 4.0, "학생수_20250401_4학년": 90.0, "학급수_20250401_4학년": 4.0, "학생수_20250401_5학년": 94.0, "학급수_20250401_5학년": 4.0, "학생수_20250401_6학년": 104.0, "학급수_20250401_6학년": 5.0, "학생수_20250401_반합계": 490.0, "학급수_20250401_반합계": 24.0, "조사기준일_데이터3": 20250401, "학생수_20250401_학교총계": 490, "학급수_20250401_학교총계": 24, "교지면적_20250401": 14617, "학생1인당교지면적_20250401_공시": 29.8, "일반교실수_20250401": 28, "교과교실수_20250401": 2, "특별교실수_20250401": 3, "수준별교실수_20250401": 0, "기타교실수_20250401": 0, "전체교실수_20250401": 33, "학생수_일반교실_20250401": 17.5, "학생수_전체교실_20250401": 14.848484848484848, "학급당학생수_20251001_계산": 20.25, "교원1인당학생수_20251001_계산": 13.5, "학교짧은키": "중리초" }, "geometry": { "type": "Point", "coordinates": [ 129.070192600000013, 35.07420189 ] } },
{ "type": "Feature", "properties": { "학교코드(KEDI)": "212021492", "학교명_20251001": "청동초등학교", "행정구_20251001": "영도구", "학교명키": "청동초등학교", "행정구키": "영도구", "위도": 35.08811888, "경도": 129.0673548, "소재지도로명주소": "부산광역시 영도구 태종로422번길 51", "설립_20251001": "공립", "지역규모_20251001": "특별/광역시", "주소_20251001": "부산광역시 영도구 태종로 422번길 51(청학동. 청동초등학교)", "학생수_20251001": 407, "학급수_20251001": 21, "교원수_20251001": 30, "학급당학생수_20251001_공시": 19.4, "교원1인당학생수_20251001_공시": 13.6, "부산교육청_기준학생수_정책2026": 240, "학생수기준_충족_정책2026": false, "정책적용대상_공립_정책2026": true, "주분석대상_소규모공립_정책2026": false, "학생수_20250401_1학년": 56.0, "학급수_20250401_1학년": 4.0, "학생수_20250401_2학년": 65.0, "학급수_20250401_2학년": 3.0, "학생수_20250401_3학년": 63.0, "학급수_20250401_3학년": 3.0, "학생수_20250401_4학년": 75.0, "학급수_20250401_4학년": 4.0, "학생수_20250401_5학년": 70.0, "학급수_20250401_5학년": 3.0, "학생수_20250401_6학년": 83.0, "학급수_20250401_6학년": 4.0, "학생수_20250401_반합계": 412.0, "학급수_20250401_반합계": 21.0, "조사기준일_데이터3": 20250401, "학생수_20250401_학교총계": 412, "학급수_20250401_학교총계": 21, "교지면적_20250401": 16692, "학생1인당교지면적_20250401_공시": 40.5, "일반교실수_20250401": 26, "교과교실수_20250401": 9, "특별교실수_20250401": 4, "수준별교실수_20250401": 1, "기타교실수_20250401": 0, "전체교실수_20250401": 40, "학생수_일반교실_20250401": 15.846153846153847, "학생수_전체교실_20250401": 10.3, "학급당학생수_20251001_계산": 19.38095238095238, "교원1인당학생수_20251001_계산": 13.566666666666666, "학교짧은키": "청동초" }, "geometry": { "type": "Point", "coordinates": [ 129.0673548, 35.08811888 ] } },
{ "type": "Feature", "properties": { "학교코드(KEDI)": "212021500", "학교명_20251001": "청학초등학교", "행정구_20251001": "영도구", "학교명키": "청학초등학교", "행정구키": "영도구", "위도": 35.09320176, "경도": 129.0595039, "소재지도로명주소": "부산광역시 영도구 청학로 49", "설립_20251001": "공립", "지역규모_20251001": "특별/광역시", "주소_20251001": "부산광역시 영도구 청학로 49. 청학초등학교 (청학동)", "학생수_20251001": 151, "학급수_20251001": 11, "교원수_20251001": 21, "학급당학생수_20251001_공시": 13.7, "교원1인당학생수_20251001_공시": 7.2, "부산교육청_기준학생수_정책2026": 240, "학생수기준_충족_정책2026": true, "정책적용대상_공립_정책2026": true, "주분석대상_소규모공립_정책2026": true, "학생수_20250401_1학년": 14.0, "학급수_20250401_1학년": 2.0, "학생수_20250401_2학년": 19.0, "학급수_20250401_2학년": 1.0, "학생수_20250401_3학년": 28.0, "학급수_20250401_3학년": 2.0, "학생수_20250401_4학년": 25.0, "학급수_20250401_4학년": 2.0, "학생수_20250401_5학년": 25.0, "학급수_20250401_5학년": 2.0, "학생수_20250401_6학년": 40.0, "학급수_20250401_6학년": 2.0, "학생수_20250401_반합계": 151.0, "학급수_20250401_반합계": 11.0, "조사기준일_데이터3": 20250401, "학생수_20250401_학교총계": 151, "학급수_20250401_학교총계": 11, "교지면적_20250401": 11664, "학생1인당교지면적_20250401_공시": 77.2, "일반교실수_20250401": 10, "교과교실수_20250401": 10, "특별교실수_20250401": 9, "수준별교실수_20250401": 0, "기타교실수_20250401": 13, "전체교실수_20250401": 42, "학생수_일반교실_20250401": 15.1, "학생수_전체교실_20250401": 3.5952380952380953, "학급당학생수_20251001_계산": 13.727272727272727, "교원1인당학생수_20251001_계산": 7.1904761904761907, "학교짧은키": "청학초" }, "geometry": { "type": "Point", "coordinates": [ 129.05950390000001, 35.09320176 ] } },
{ "type": "Feature", "properties": { "학교코드(KEDI)": "212021524", "학교명_20251001": "태종대초등학교", "행정구_20251001": "영도구", "학교명키": "태종대초등학교", "행정구키": "영도구", "위도": 35.06490578, "경도": 129.0805999, "소재지도로명주소": "부산광역시 영도구 태종로 802", "설립_20251001": "공립", "지역규모_20251001": "특별/광역시", "주소_20251001": "부산광역시 영도구 태종로 802. 38 (동삼동)", "학생수_20251001": 105, "학급수_20251001": 7, "교원수_20251001": 13, "학급당학생수_20251001_공시": 15.0, "교원1인당학생수_20251001_공시": 8.1, "부산교육청_기준학생수_정책2026": 240, "학생수기준_충족_정책2026": true, "정책적용대상_공립_정책2026": true, "주분석대상_소규모공립_정책2026": true, "학생수_20250401_1학년": 21.0, "학급수_20250401_1학년": 2.0, "학생수_20250401_2학년": 12.0, "학급수_20250401_2학년": 1.0, "학생수_20250401_3학년": 17.0, "학급수_20250401_3학년": 1.0, "학생수_20250401_4학년": 7.0, "학급수_20250401_4학년": 1.0, "학생수_20250401_5학년": 23.0, "학급수_20250401_5학년": 1.0, "학생수_20250401_6학년": 24.0, "학급수_20250401_6학년": 1.0, "학생수_20250401_반합계": 104.0, "학급수_20250401_반합계": 7.0, "조사기준일_데이터3": 20250401, "학생수_20250401_학교총계": 104, "학급수_20250401_학교총계": 7, "교지면적_20250401": 7574, "학생1인당교지면적_20250401_공시": 72.8, "일반교실수_20250401": 10, "교과교실수_20250401": 0, "특별교실수_20250401": 4, "수준별교실수_20250401": 0, "기타교실수_20250401": 1, "전체교실수_20250401": 15, "학생수_일반교실_20250401": 10.4, "학생수_전체교실_20250401": 6.9333333333333336, "학급당학생수_20251001_계산": 15.0, "교원1인당학생수_20251001_계산": 8.0769230769230766, "학교짧은키": "태종대초" }, "geometry": { "type": "Point", "coordinates": [ 129.08059990000001, 35.06490578 ] } },
{ "type": "Feature", "properties": { "학교코드(KEDI)": "212021287", "학교명_20251001": "광일초등학교", "행정구_20251001": "중구", "학교명키": "광일초등학교", "행정구키": "중구", "위도": 35.1040039, "경도": 129.029845, "소재지도로명주소": "부산광역시 중구 중구로 74", "설립_20251001": "공립", "지역규모_20251001": "특별/광역시", "주소_20251001": "부산광역시 중구 중구로 74(대청동4가) 광일초등학교", "학생수_20251001": 203, "학급수_20251001": 12, "교원수_20251001": 22, "학급당학생수_20251001_공시": 16.9, "교원1인당학생수_20251001_공시": 9.2, "부산교육청_기준학생수_정책2026": 240, "학생수기준_충족_정책2026": true, "정책적용대상_공립_정책2026": true, "주분석대상_소규모공립_정책2026": true, "학생수_20250401_1학년": 22.0, "학급수_20250401_1학년": 1.0, "학생수_20250401_2학년": 25.0, "학급수_20250401_2학년": 2.0, "학생수_20250401_3학년": 42.0, "학급수_20250401_3학년": 2.0, "학생수_20250401_4학년": 36.0, "학급수_20250401_4학년": 2.0, "학생수_20250401_5학년": 40.0, "학급수_20250401_5학년": 3.0, "학생수_20250401_6학년": 46.0, "학급수_20250401_6학년": 2.0, "학생수_20250401_반합계": 211.0, "학급수_20250401_반합계": 12.0, "조사기준일_데이터3": 20250401, "학생수_20250401_학교총계": 211, "학급수_20250401_학교총계": 12, "교지면적_20250401": 10424, "학생1인당교지면적_20250401_공시": 49.4, "일반교실수_20250401": 22, "교과교실수_20250401": 0, "특별교실수_20250401": 4, "수준별교실수_20250401": 0, "기타교실수_20250401": 0, "전체교실수_20250401": 26, "학생수_일반교실_20250401": 9.5909090909090917, "학생수_전체교실_20250401": 8.115384615384615, "학급당학생수_20251001_계산": 16.916666666666668, "교원1인당학생수_20251001_계산": 9.2272727272727266, "학교짧은키": "광일초" }, "geometry": { "type": "Point", "coordinates": [ 129.029845, 35.1040039 ] } },
{ "type": "Feature", "properties": { "학교코드(KEDI)": "212021286", "학교명_20251001": "보수초등학교", "행정구_20251001": "중구", "학교명키": "보수초등학교", "행정구키": "중구", "위도": 35.10607215, "경도": 129.024219, "소재지도로명주소": "부산광역시 중구 흑교로 74", "설립_20251001": "공립", "지역규모_20251001": "특별/광역시", "주소_20251001": "부산광역시 중구 흑교로 74(보수동1가)", "학생수_20251001": 154, "학급수_20251001": 12, "교원수_20251001": 19, "학급당학생수_20251001_공시": 12.8, "교원1인당학생수_20251001_공시": 8.1, "부산교육청_기준학생수_정책2026": 240, "학생수기준_충족_정책2026": true, "정책적용대상_공립_정책2026": true, "주분석대상_소규모공립_정책2026": true, "학생수_20250401_1학년": 9.0, "학급수_20250401_1학년": 1.0, "학생수_20250401_2학년": 26.0, "학급수_20250401_2학년": 2.0, "학생수_20250401_3학년": 26.0, "학급수_20250401_3학년": 2.0, "학생수_20250401_4학년": 28.0, "학급수_20250401_4학년": 3.0, "학생수_20250401_5학년": 38.0, "학급수_20250401_5학년": 2.0, "학생수_20250401_6학년": 30.0, "학급수_20250401_6학년": 2.0, "학생수_20250401_반합계": 157.0, "학급수_20250401_반합계": 12.0, "조사기준일_데이터3": 20250401, "학생수_20250401_학교총계": 157, "학급수_20250401_학교총계": 12, "교지면적_20250401": 5277, "학생1인당교지면적_20250401_공시": 33.6, "일반교실수_20250401": 12, "교과교실수_20250401": 1, "특별교실수_20250401": 3, "수준별교실수_20250401": 0, "기타교실수_20250401": 0, "전체교실수_20250401": 16, "학생수_일반교실_20250401": 13.083333333333334, "학생수_전체교실_20250401": 9.8125, "학급당학생수_20251001_계산": 12.833333333333334, "교원1인당학생수_20251001_계산": 8.1052631578947363, "학교짧은키": "보수초" }, "geometry": { "type": "Point", "coordinates": [ 129.024219, 35.10607215000001 ] } },
{ "type": "Feature", "properties": { "학교코드(KEDI)": "212021288", "학교명_20251001": "봉래초등학교", "행정구_20251001": "중구", "학교명키": "봉래초등학교", "행정구키": "중구", "위도": 35.11139514, "경도": 129.0355665, "소재지도로명주소": "부산광역시 중구 대영로226번길 15", "설립_20251001": "공립", "지역규모_20251001": "특별/광역시", "주소_20251001": "부산광역시 중구 대영로 226번길 15(영주동.봉래초등학교)", "학생수_20251001": 171, "학급수_20251001": 12, "교원수_20251001": 23, "학급당학생수_20251001_공시": 14.3, "교원1인당학생수_20251001_공시": 7.4, "부산교육청_기준학생수_정책2026": 240, "학생수기준_충족_정책2026": true, "정책적용대상_공립_정책2026": true, "주분석대상_소규모공립_정책2026": true, "학생수_20250401_1학년": 19.0, "학급수_20250401_1학년": 1.0, "학생수_20250401_2학년": 26.0, "학급수_20250401_2학년": 2.0, "학생수_20250401_3학년": 26.0, "학급수_20250401_3학년": 2.0, "학생수_20250401_4학년": 32.0, "학급수_20250401_4학년": 2.0, "학생수_20250401_5학년": 29.0, "학급수_20250401_5학년": 2.0, "학생수_20250401_6학년": 41.0, "학급수_20250401_6학년": 3.0, "학생수_20250401_반합계": 173.0, "학급수_20250401_반합계": 12.0, "조사기준일_데이터3": 20250401, "학생수_20250401_학교총계": 173, "학급수_20250401_학교총계": 12, "교지면적_20250401": 9469, "학생1인당교지면적_20250401_공시": 54.7, "일반교실수_20250401": 14, "교과교실수_20250401": 1, "특별교실수_20250401": 2, "수준별교실수_20250401": 0, "기타교실수_20250401": 0, "전체교실수_20250401": 17, "학생수_일반교실_20250401": 12.357142857142858, "학생수_전체교실_20250401": 10.176470588235293, "학급당학생수_20251001_계산": 14.25, "교원1인당학생수_20251001_계산": 7.4347826086956523, "학교짧은키": "봉래초" }, "geometry": { "type": "Point", "coordinates": [ 129.035566500000016, 35.11139514 ] } },
{ "type": "Feature", "properties": { "학교코드(KEDI)": "216021112", "학교명_20251001": "강동초등학교", "행정구_20251001": "해운대구", "학교명키": "강동초등학교", "행정구키": "해운대구", "위도": 35.17232166, "경도": 129.1367469, "소재지도로명주소": "부산광역시 해운대구 해운대로349번길 10", "설립_20251001": "공립", "지역규모_20251001": "특별/광역시", "주소_20251001": "부산광역시 해운대구 해운대로349번길 10(우동. 강동초등학교)", "학생수_20251001": 753, "학급수_20251001": 33, "교원수_20251001": 49, "학급당학생수_20251001_공시": 22.8, "교원1인당학생수_20251001_공시": 15.4, "부산교육청_기준학생수_정책2026": 240, "학생수기준_충족_정책2026": false, "정책적용대상_공립_정책2026": true, "주분석대상_소규모공립_정책2026": false, "학생수_20250401_1학년": 127.0, "학급수_20250401_1학년": 6.0, "학생수_20250401_2학년": 117.0, "학급수_20250401_2학년": 5.0, "학생수_20250401_3학년": 111.0, "학급수_20250401_3학년": 5.0, "학생수_20250401_4학년": 145.0, "학급수_20250401_4학년": 6.0, "학생수_20250401_5학년": 130.0, "학급수_20250401_5학년": 6.0, "학생수_20250401_6학년": 126.0, "학급수_20250401_6학년": 5.0, "학생수_20250401_반합계": 756.0, "학급수_20250401_반합계": 33.0, "조사기준일_데이터3": 20250401, "학생수_20250401_학교총계": 756, "학급수_20250401_학교총계": 33, "교지면적_20250401": 18739, "학생1인당교지면적_20250401_공시": 24.8, "일반교실수_20250401": 34, "교과교실수_20250401": 3, "특별교실수_20250401": 3, "수준별교실수_20250401": 0, "기타교실수_20250401": 2, "전체교실수_20250401": 42, "학생수_일반교실_20250401": 22.235294117647058, "학생수_전체교실_20250401": 18.0, "학급당학생수_20251001_계산": 22.818181818181817, "교원1인당학생수_20251001_계산": 15.36734693877551, "학교짧은키": "강동초" }, "geometry": { "type": "Point", "coordinates": [ 129.1367469, 35.17232166 ] } },
{ "type": "Feature", "properties": { "학교코드(KEDI)": "216021184", "학교명_20251001": "동백초등학교", "행정구_20251001": "해운대구", "학교명키": "동백초등학교", "행정구키": "해운대구", "위도": 35.16401941, "경도": 129.1812187, "소재지도로명주소": "부산광역시 해운대구 좌동순환로357번길 6", "설립_20251001": "공립", "지역규모_20251001": "특별/광역시", "주소_20251001": "부산광역시 해운대구 좌동순환로357번길 6. 동백초등학교 (중동)", "학생수_20251001": 627, "학급수_20251001": 30, "교원수_20251001": 47, "학급당학생수_20251001_공시": 20.9, "교원1인당학생수_20251001_공시": 13.3, "부산교육청_기준학생수_정책2026": 240, "학생수기준_충족_정책2026": false, "정책적용대상_공립_정책2026": true, "주분석대상_소규모공립_정책2026": false, "학생수_20250401_1학년": 87.0, "학급수_20250401_1학년": 4.0, "학생수_20250401_2학년": 92.0, "학급수_20250401_2학년": 5.0, "학생수_20250401_3학년": 119.0, "학급수_20250401_3학년": 5.0, "학생수_20250401_4학년": 109.0, "학급수_20250401_4학년": 5.0, "학생수_20250401_5학년": 123.0, "학급수_20250401_5학년": 6.0, "학생수_20250401_6학년": 100.0, "학급수_20250401_6학년": 5.0, "학생수_20250401_반합계": 630.0, "학급수_20250401_반합계": 30.0, "조사기준일_데이터3": 20250401, "학생수_20250401_학교총계": 630, "학급수_20250401_학교총계": 30, "교지면적_20250401": 16545, "학생1인당교지면적_20250401_공시": 26.3, "일반교실수_20250401": 31, "교과교실수_20250401": 2, "특별교실수_20250401": 3, "수준별교실수_20250401": 0, "기타교실수_20250401": 0, "전체교실수_20250401": 36, "학생수_일반교실_20250401": 20.322580645161292, "학생수_전체교실_20250401": 17.5, "학급당학생수_20251001_계산": 20.9, "교원1인당학생수_20251001_계산": 13.340425531914894, "학교짧은키": "동백초" }, "geometry": { "type": "Point", "coordinates": [ 129.181218699999988, 35.16401941 ] } },
{ "type": "Feature", "properties": { "학교코드(KEDI)": "216021200", "학교명_20251001": "무정초등학교", "행정구_20251001": "해운대구", "학교명키": "무정초등학교", "행정구키": "해운대구", "위도": 35.19815651, "경도": 129.123779, "소재지도로명주소": "부산광역시 해운대구 반여로 68-11", "설립_20251001": "공립", "지역규모_20251001": "특별/광역시", "주소_20251001": "부산광역시 해운대구 반여로 68-11. 무정초등학교 (반여동)", "학생수_20251001": 504, "학급수_20251001": 24, "교원수_20251001": 31, "학급당학생수_20251001_공시": 21.0, "교원1인당학생수_20251001_공시": 16.3, "부산교육청_기준학생수_정책2026": 240, "학생수기준_충족_정책2026": false, "정책적용대상_공립_정책2026": true, "주분석대상_소규모공립_정책2026": false, "학생수_20250401_1학년": 101.0, "학급수_20250401_1학년": 5.0, "학생수_20250401_2학년": 89.0, "학급수_20250401_2학년": 5.0, "학생수_20250401_3학년": 92.0, "학급수_20250401_3학년": 4.0, "학생수_20250401_4학년": 69.0, "학급수_20250401_4학년": 3.0, "학생수_20250401_5학년": 86.0, "학급수_20250401_5학년": 4.0, "학생수_20250401_6학년": 71.0, "학급수_20250401_6학년": 3.0, "학생수_20250401_반합계": 508.0, "학급수_20250401_반합계": 24.0, "조사기준일_데이터3": 20250401, "학생수_20250401_학교총계": 508, "학급수_20250401_학교총계": 24, "교지면적_20250401": 10299, "학생1인당교지면적_20250401_공시": 20.3, "일반교실수_20250401": 24, "교과교실수_20250401": 0, "특별교실수_20250401": 5, "수준별교실수_20250401": 0, "기타교실수_20250401": 7, "전체교실수_20250401": 36, "학생수_일반교실_20250401": 21.166666666666668, "학생수_전체교실_20250401": 14.111111111111111, "학급당학생수_20251001_계산": 21.0, "교원1인당학생수_20251001_계산": 16.258064516129032, "학교짧은키": "무정초" }, "geometry": { "type": "Point", "coordinates": [ 129.123779, 35.19815651 ] } },
{ "type": "Feature", "properties": { "학교코드(KEDI)": "216021232", "학교명_20251001": "반산초등학교", "행정구_20251001": "해운대구", "학교명키": "반산초등학교", "행정구키": "해운대구", "위도": 35.19344143, "경도": 129.1296328, "소재지도로명주소": "부산광역시 해운대구 재반로 171", "설립_20251001": "공립", "지역규모_20251001": "특별/광역시", "주소_20251001": "부산광역시 해운대구 재반로 171(재송동. 반산초등학교)", "학생수_20251001": 291, "학급수_20251001": 19, "교원수_20251001": 29, "학급당학생수_20251001_공시": 15.3, "교원1인당학생수_20251001_공시": 10.0, "부산교육청_기준학생수_정책2026": 240, "학생수기준_충족_정책2026": false, "정책적용대상_공립_정책2026": true, "주분석대상_소규모공립_정책2026": false, "학생수_20250401_1학년": 24.0, "학급수_20250401_1학년": 2.0, "학생수_20250401_2학년": 32.0, "학급수_20250401_2학년": 2.0, "학생수_20250401_3학년": 51.0, "학급수_20250401_3학년": 4.0, "학생수_20250401_4학년": 57.0, "학급수_20250401_4학년": 4.0, "학생수_20250401_5학년": 56.0, "학급수_20250401_5학년": 4.0, "학생수_20250401_6학년": 66.0, "학급수_20250401_6학년": 3.0, "학생수_20250401_반합계": 286.0, "학급수_20250401_반합계": 19.0, "조사기준일_데이터3": 20250401, "학생수_20250401_학교총계": 286, "학급수_20250401_학교총계": 19, "교지면적_20250401": 8157, "학생1인당교지면적_20250401_공시": 28.5, "일반교실수_20250401": 27, "교과교실수_20250401": 2, "특별교실수_20250401": 4, "수준별교실수_20250401": 0, "기타교실수_20250401": 0, "전체교실수_20250401": 33, "학생수_일반교실_20250401": 10.592592592592593, "학생수_전체교실_20250401": 8.6666666666666661, "학급당학생수_20251001_계산": 15.315789473684211, "교원1인당학생수_20251001_계산": 10.03448275862069, "학교짧은키": "반산초" }, "geometry": { "type": "Point", "coordinates": [ 129.1296328, 35.19344143 ] } },
{ "type": "Feature", "properties": { "학교코드(KEDI)": "216021238", "학교명_20251001": "반석초등학교", "행정구_20251001": "해운대구", "학교명키": "반석초등학교", "행정구키": "해운대구", "위도": 35.21140292, "경도": 129.1249825, "소재지도로명주소": "부산광역시 해운대구 선수촌로207번길 14", "설립_20251001": "공립", "지역규모_20251001": "특별/광역시", "주소_20251001": "부산광역시 해운대구 선수촌로207번길 14(반여동. 반석초등학교)", "학생수_20251001": 62, "학급수_20251001": 7, "교원수_20251001": 14, "학급당학생수_20251001_공시": 8.9, "교원1인당학생수_20251001_공시": 4.4, "부산교육청_기준학생수_정책2026": 240, "학생수기준_충족_정책2026": true, "정책적용대상_공립_정책2026": true, "주분석대상_소규모공립_정책2026": true, "학생수_20250401_1학년": 9.0, "학급수_20250401_1학년": 2.0, "학생수_20250401_2학년": 10.0, "학급수_20250401_2학년": 1.0, "학생수_20250401_3학년": 10.0, "학급수_20250401_3학년": 1.0, "학생수_20250401_4학년": 9.0, "학급수_20250401_4학년": 1.0, "학생수_20250401_5학년": 12.0, "학급수_20250401_5학년": 1.0, "학생수_20250401_6학년": 10.0, "학급수_20250401_6학년": 1.0, "학생수_20250401_반합계": 60.0, "학급수_20250401_반합계": 7.0, "조사기준일_데이터3": 20250401, "학생수_20250401_학교총계": 60, "학급수_20250401_학교총계": 7, "교지면적_20250401": 7780, "학생1인당교지면적_20250401_공시": 129.7, "일반교실수_20250401": 7, "교과교실수_20250401": 0, "특별교실수_20250401": 18, "수준별교실수_20250401": 0, "기타교실수_20250401": 1, "전체교실수_20250401": 26, "학생수_일반교실_20250401": 8.5714285714285712, "학생수_전체교실_20250401": 2.3076923076923075, "학급당학생수_20251001_계산": 8.8571428571428577, "교원1인당학생수_20251001_계산": 4.4285714285714288, "학교짧은키": "반석초" }, "geometry": { "type": "Point", "coordinates": [ 129.124982499999987, 35.21140292 ] } },
{ "type": "Feature", "properties": { "학교코드(KEDI)": "216021244", "학교명_20251001": "반송초등학교", "행정구_20251001": "해운대구", "학교명키": "반송초등학교", "행정구키": "해운대구", "위도": 35.22357974, "경도": 129.1475253, "소재지도로명주소": "부산광역시 해운대구 아랫반송로30번길 37-16", "설립_20251001": "공립", "지역규모_20251001": "특별/광역시", "주소_20251001": "부산광역시 해운대구 아랫반송로30번길 37-16(반송동) 반송초등학교", "학생수_20251001": 104, "학급수_20251001": 10, "교원수_20251001": 17, "학급당학생수_20251001_공시": 10.4, "교원1인당학생수_20251001_공시": 6.1, "부산교육청_기준학생수_정책2026": 240, "학생수기준_충족_정책2026": true, "정책적용대상_공립_정책2026": true, "주분석대상_소규모공립_정책2026": true, "학생수_20250401_1학년": 8.0, "학급수_20250401_1학년": 1.0, "학생수_20250401_2학년": 10.0, "학급수_20250401_2학년": 1.0, "학생수_20250401_3학년": 16.0, "학급수_20250401_3학년": 2.0, "학생수_20250401_4학년": 20.0, "학급수_20250401_4학년": 1.0, "학생수_20250401_5학년": 30.0, "학급수_20250401_5학년": 3.0, "학생수_20250401_6학년": 18.0, "학급수_20250401_6학년": 2.0, "학생수_20250401_반합계": 102.0, "학급수_20250401_반합계": 10.0, "조사기준일_데이터3": 20250401, "학생수_20250401_학교총계": 102, "학급수_20250401_학교총계": 10, "교지면적_20250401": 14507, "학생1인당교지면적_20250401_공시": 142.2, "일반교실수_20250401": 17, "교과교실수_20250401": 3, "특별교실수_20250401": 8, "수준별교실수_20250401": 0, "기타교실수_20250401": 3, "전체교실수_20250401": 31, "학생수_일반교실_20250401": 6.0, "학생수_전체교실_20250401": 3.2903225806451615, "학급당학생수_20251001_계산": 10.4, "교원1인당학생수_20251001_계산": 6.117647058823529, "학교짧은키": "반송초" }, "geometry": { "type": "Point", "coordinates": [ 129.147525300000012, 35.22357974 ] } },
{ "type": "Feature", "properties": { "학교코드(KEDI)": "216021021", "학교명_20251001": "반안초등학교", "행정구_20251001": "해운대구", "학교명키": "반안초등학교", "행정구키": "해운대구", "위도": 35.20293351, "경도": 129.1132302, "소재지도로명주소": "부산광역시 해운대구 명장로67번길 40-42", "설립_20251001": "공립", "지역규모_20251001": "특별/광역시", "주소_20251001": "부산광역시 해운대구 명장로67번길 40-42. 반안초등학교 (반여동)", "학생수_20251001": 516, "학급수_20251001": 25, "교원수_20251001": 38, "학급당학생수_20251001_공시": 20.6, "교원1인당학생수_20251001_공시": 13.6, "부산교육청_기준학생수_정책2026": 240, "학생수기준_충족_정책2026": false, "정책적용대상_공립_정책2026": true, "주분석대상_소규모공립_정책2026": false, "학생수_20250401_1학년": 63.0, "학급수_20250401_1학년": 3.0, "학생수_20250401_2학년": 80.0, "학급수_20250401_2학년": 4.0, "학생수_20250401_3학년": 64.0, "학급수_20250401_3학년": 3.0, "학생수_20250401_4학년": 104.0, "학급수_20250401_4학년": 6.0, "학생수_20250401_5학년": 91.0, "학급수_20250401_5학년": 4.0, "학생수_20250401_6학년": 113.0, "학급수_20250401_6학년": 5.0, "학생수_20250401_반합계": 515.0, "학급수_20250401_반합계": 25.0, "조사기준일_데이터3": 20250401, "학생수_20250401_학교총계": 515, "학급수_20250401_학교총계": 25, "교지면적_20250401": 8980, "학생1인당교지면적_20250401_공시": 17.4, "일반교실수_20250401": 27, "교과교실수_20250401": 4, "특별교실수_20250401": 7, "수준별교실수_20250401": 0, "기타교실수_20250401": 0, "전체교실수_20250401": 38, "학생수_일반교실_20250401": 19.074074074074073, "학생수_전체교실_20250401": 13.552631578947368, "학급당학생수_20251001_계산": 20.64, "교원1인당학생수_20251001_계산": 13.578947368421053, "학교짧은키": "반안초" }, "geometry": { "type": "Point", "coordinates": [ 129.1132302, 35.20293351 ] } },
{ "type": "Feature", "properties": { "학교코드(KEDI)": "216021256", "학교명_20251001": "반여초등학교", "행정구_20251001": "해운대구", "학교명키": "반여초등학교", "행정구키": "해운대구", "위도": 35.20272895, "경도": 129.1294702, "소재지도로명주소": "부산광역시 해운대구 재반로 301", "설립_20251001": "공립", "지역규모_20251001": "특별/광역시", "주소_20251001": "부산광역시 해운대구 재반로 301. 반여초등학교", "학생수_20251001": 161, "학급수_20251001": 13, "교원수_20251001": 22, "학급당학생수_20251001_공시": 12.4, "교원1인당학생수_20251001_공시": 7.3, "부산교육청_기준학생수_정책2026": 240, "학생수기준_충족_정책2026": true, "정책적용대상_공립_정책2026": true, "주분석대상_소규모공립_정책2026": true, "학생수_20250401_1학년": 10.0, "학급수_20250401_1학년": 1.0, "학생수_20250401_2학년": 26.0, "학급수_20250401_2학년": 2.0, "학생수_20250401_3학년": 36.0, "학급수_20250401_3학년": 4.0, "학생수_20250401_4학년": 29.0, "학급수_20250401_4학년": 2.0, "학생수_20250401_5학년": 39.0, "학급수_20250401_5학년": 2.0, "학생수_20250401_6학년": 28.0, "학급수_20250401_6학년": 2.0, "학생수_20250401_반합계": 168.0, "학급수_20250401_반합계": 13.0, "조사기준일_데이터3": 20250401, "학생수_20250401_학교총계": 168, "학급수_20250401_학교총계": 13, "교지면적_20250401": 29307, "학생1인당교지면적_20250401_공시": 174.4, "일반교실수_20250401": 23, "교과교실수_20250401": 0, "특별교실수_20250401": 7, "수준별교실수_20250401": 0, "기타교실수_20250401": 3, "전체교실수_20250401": 33, "학생수_일반교실_20250401": 7.3043478260869561, "학생수_전체교실_20250401": 5.0909090909090908, "학급당학생수_20251001_계산": 12.384615384615385, "교원1인당학생수_20251001_계산": 7.3181818181818183, "학교짧은키": "반여초" }, "geometry": { "type": "Point", "coordinates": [ 129.129470199999986, 35.20272895 ] } },
{ "type": "Feature", "properties": { "학교코드(KEDI)": "216021262", "학교명_20251001": "부흥초등학교", "행정구_20251001": "해운대구", "학교명키": "부흥초등학교", "행정구키": "해운대구", "위도": 35.17571116, "경도": 129.1781936, "소재지도로명주소": "부산광역시 해운대구 좌동순환로 216", "설립_20251001": "공립", "지역규모_20251001": "특별/광역시", "주소_20251001": "부산광역시 해운대구 좌동순환로 216(좌동. 부흥초등학교)", "학생수_20251001": 731, "학급수_20251001": 30, "교원수_20251001": 43, "학급당학생수_20251001_공시": 24.4, "교원1인당학생수_20251001_공시": 17.0, "부산교육청_기준학생수_정책2026": 240, "학생수기준_충족_정책2026": false, "정책적용대상_공립_정책2026": true, "주분석대상_소규모공립_정책2026": false, "학생수_20250401_1학년": 82.0, "학급수_20250401_1학년": 4.0, "학생수_20250401_2학년": 100.0, "학급수_20250401_2학년": 4.0, "학생수_20250401_3학년": 131.0, "학급수_20250401_3학년": 6.0, "학생수_20250401_4학년": 136.0, "학급수_20250401_4학년": 5.0, "학생수_20250401_5학년": 151.0, "학급수_20250401_5학년": 6.0, "학생수_20250401_6학년": 131.0, "학급수_20250401_6학년": 5.0, "학생수_20250401_반합계": 731.0, "학급수_20250401_반합계": 30.0, "조사기준일_데이터3": 20250401, "학생수_20250401_학교총계": 731, "학급수_20250401_학교총계": 30, "교지면적_20250401": 10647, "학생1인당교지면적_20250401_공시": 14.6, "일반교실수_20250401": 30, "교과교실수_20250401": 5, "특별교실수_20250401": 6, "수준별교실수_20250401": 0, "기타교실수_20250401": 7, "전체교실수_20250401": 48, "학생수_일반교실_20250401": 24.366666666666667, "학생수_전체교실_20250401": 15.229166666666666, "학급당학생수_20251001_계산": 24.366666666666667, "교원1인당학생수_20251001_계산": 17.0, "학교짧은키": "부흥초" }, "geometry": { "type": "Point", "coordinates": [ 129.178193599999986, 35.17571116 ] } },
{ "type": "Feature", "properties": { "학교코드(KEDI)": "216021569", "학교명_20251001": "삼어초등학교", "행정구_20251001": "해운대구", "학교명키": "삼어초등학교", "행정구키": "해운대구", "위도": 35.20869693, "경도": 129.1158557, "소재지도로명주소": "부산광역시 해운대구 삼어로91번길 73", "설립_20251001": "공립", "지역규모_20251001": "특별/광역시", "주소_20251001": "부산광역시 해운대구 삼어로91번길 73(반여동.삼어초등학교)", "학생수_20251001": 272, "학급수_20251001": 16, "교원수_20251001": 22, "학급당학생수_20251001_공시": 17.0, "교원1인당학생수_20251001_공시": 12.4, "부산교육청_기준학생수_정책2026": 240, "학생수기준_충족_정책2026": false, "정책적용대상_공립_정책2026": true, "주분석대상_소규모공립_정책2026": false, "학생수_20250401_1학년": 30.0, "학급수_20250401_1학년": 2.0, "학생수_20250401_2학년": 38.0, "학급수_20250401_2학년": 2.0, "학생수_20250401_3학년": 50.0, "학급수_20250401_3학년": 3.0, "학생수_20250401_4학년": 49.0, "학급수_20250401_4학년": 3.0, "학생수_20250401_5학년": 55.0, "학급수_20250401_5학년": 3.0, "학생수_20250401_6학년": 56.0, "학급수_20250401_6학년": 3.0, "학생수_20250401_반합계": 278.0, "학급수_20250401_반합계": 16.0, "조사기준일_데이터3": 20250401, "학생수_20250401_학교총계": 278, "학급수_20250401_학교총계": 16, "교지면적_20250401": 10784, "학생1인당교지면적_20250401_공시": 38.8, "일반교실수_20250401": 17, "교과교실수_20250401": 5, "특별교실수_20250401": 10, "수준별교실수_20250401": 0, "기타교실수_20250401": 10, "전체교실수_20250401": 42, "학생수_일반교실_20250401": 16.352941176470587, "학생수_전체교실_20250401": 6.6190476190476186, "학급당학생수_20251001_계산": 17.0, "교원1인당학생수_20251001_계산": 12.363636363636363, "학교짧은키": "삼어초" }, "geometry": { "type": "Point", "coordinates": [ 129.1158557, 35.20869693 ] } },
{ "type": "Feature", "properties": { "학교코드(KEDI)": "216021272", "학교명_20251001": "상당초등학교", "행정구_20251001": "해운대구", "학교명키": "상당초등학교", "행정구키": "해운대구", "위도": 35.17965572, "경도": 129.1760308, "소재지도로명주소": "부산광역시 해운대구 세실로 173", "설립_20251001": "공립", "지역규모_20251001": "특별/광역시", "주소_20251001": "부산광역시 해운대구 세실로 173(좌동.상당초등학교)", "학생수_20251001": 739, "학급수_20251001": 31, "교원수_20251001": 51, "학급당학생수_20251001_공시": 23.8, "교원1인당학생수_20251001_공시": 14.5, "부산교육청_기준학생수_정책2026": 240, "학생수기준_충족_정책2026": false, "정책적용대상_공립_정책2026": true, "주분석대상_소규모공립_정책2026": false, "학생수_20250401_1학년": 105.0, "학급수_20250401_1학년": 5.0, "학생수_20250401_2학년": 100.0, "학급수_20250401_2학년": 4.0, "학생수_20250401_3학년": 116.0, "학급수_20250401_3학년": 5.0, "학생수_20250401_4학년": 152.0, "학급수_20250401_4학년": 6.0, "학생수_20250401_5학년": 125.0, "학급수_20250401_5학년": 5.0, "학생수_20250401_6학년": 128.0, "학급수_20250401_6학년": 6.0, "학생수_20250401_반합계": 726.0, "학급수_20250401_반합계": 31.0, "조사기준일_데이터3": 20250401, "학생수_20250401_학교총계": 726, "학급수_20250401_학교총계": 31, "교지면적_20250401": 12008, "학생1인당교지면적_20250401_공시": 16.5, "일반교실수_20250401": 34, "교과교실수_20250401": 5, "특별교실수_20250401": 4, "수준별교실수_20250401": 0, "기타교실수_20250401": 3, "전체교실수_20250401": 46, "학생수_일반교실_20250401": 21.352941176470587, "학생수_전체교실_20250401": 15.782608695652174, "학급당학생수_20251001_계산": 23.838709677419356, "교원1인당학생수_20251001_계산": 14.490196078431373, "학교짧은키": "상당초" }, "geometry": { "type": "Point", "coordinates": [ 129.1760308, 35.17965572 ] } },
{ "type": "Feature", "properties": { "학교코드(KEDI)": "216021571", "학교명_20251001": "센텀초등학교", "행정구_20251001": "해운대구", "학교명키": "센텀초등학교", "행정구키": "해운대구", "위도": 35.18114063, "경도": 129.1219392, "소재지도로명주소": "부산광역시 해운대구 센텀중앙로 166", "설립_20251001": "공립", "지역규모_20251001": "특별/광역시", "주소_20251001": "부산광역시 해운대구 센텀중앙로 166. 센텀초등학교 (재송동. 센텀초등학교)", "학생수_20251001": 1472, "학급수_20251001": 56, "교원수_20251001": 79, "학급당학생수_20251001_공시": 26.3, "교원1인당학생수_20251001_공시": 18.6, "부산교육청_기준학생수_정책2026": 240, "학생수기준_충족_정책2026": false, "정책적용대상_공립_정책2026": true, "주분석대상_소규모공립_정책2026": false, "학생수_20250401_1학년": 198.0, "학급수_20250401_1학년": 8.0, "학생수_20250401_2학년": 206.0, "학급수_20250401_2학년": 8.0, "학생수_20250401_3학년": 235.0, "학급수_20250401_3학년": 9.0, "학생수_20250401_4학년": 260.0, "학급수_20250401_4학년": 10.0, "학생수_20250401_5학년": 293.0, "학급수_20250401_5학년": 11.0, "학생수_20250401_6학년": 261.0, "학급수_20250401_6학년": 10.0, "학생수_20250401_반합계": 1453.0, "학급수_20250401_반합계": 56.0, "조사기준일_데이터3": 20250401, "학생수_20250401_학교총계": 1453, "학급수_20250401_학교총계": 56, "교지면적_20250401": 10989, "학생1인당교지면적_20250401_공시": 7.6, "일반교실수_20250401": 68, "교과교실수_20250401": 0, "특별교실수_20250401": 2, "수준별교실수_20250401": 0, "기타교실수_20250401": 0, "전체교실수_20250401": 70, "학생수_일반교실_20250401": 21.367647058823529, "학생수_전체교실_20250401": 20.757142857142856, "학급당학생수_20251001_계산": 26.285714285714285, "교원1인당학생수_20251001_계산": 18.632911392405063, "학교짧은키": "센텀초" }, "geometry": { "type": "Point", "coordinates": [ 129.121939200000014, 35.18114063 ] } },
{ "type": "Feature", "properties": { "학교코드(KEDI)": "216021570", "학교명_20251001": "송수초등학교", "행정구_20251001": "해운대구", "학교명키": "송수초등학교", "행정구키": "해운대구", "위도": 35.189884, "경도": 129.1192592, "소재지도로명주소": "부산광역시 해운대구 해운대로76번길 35", "설립_20251001": "공립", "지역규모_20251001": "특별/광역시", "주소_20251001": "부산광역시 해운대구 해운대로76번길 35(재송동. 송수초등학교)", "학생수_20251001": 850, "학급수_20251001": 38, "교원수_20251001": 56, "학급당학생수_20251001_공시": 22.4, "교원1인당학생수_20251001_공시": 15.2, "부산교육청_기준학생수_정책2026": 240, "학생수기준_충족_정책2026": false, "정책적용대상_공립_정책2026": true, "주분석대상_소규모공립_정책2026": false, "학생수_20250401_1학년": 125.0, "학급수_20250401_1학년": 6.0, "학생수_20250401_2학년": 118.0, "학급수_20250401_2학년": 5.0, "학생수_20250401_3학년": 132.0, "학급수_20250401_3학년": 6.0, "학생수_20250401_4학년": 147.0, "학급수_20250401_4학년": 6.0, "학생수_20250401_5학년": 178.0, "학급수_20250401_5학년": 7.0, "학생수_20250401_6학년": 166.0, "학급수_20250401_6학년": 8.0, "학생수_20250401_반합계": 866.0, "학급수_20250401_반합계": 38.0, "조사기준일_데이터3": 20250401, "학생수_20250401_학교총계": 866, "학급수_20250401_학교총계": 38, "교지면적_20250401": 11163, "학생1인당교지면적_20250401_공시": 12.9, "일반교실수_20250401": 44, "교과교실수_20250401": 2, "특별교실수_20250401": 3, "수준별교실수_20250401": 1, "기타교실수_20250401": 0, "전체교실수_20250401": 50, "학생수_일반교실_20250401": 19.681818181818183, "학생수_전체교실_20250401": 17.32, "학급당학생수_20251001_계산": 22.368421052631579, "교원1인당학생수_20251001_계산": 15.178571428571429, "학교짧은키": "송수초" }, "geometry": { "type": "Point", "coordinates": [ 129.119259199999988, 35.189884 ] } },
{ "type": "Feature", "properties": { "학교코드(KEDI)": "216021280", "학교명_20251001": "송운초등학교", "행정구_20251001": "해운대구", "학교명키": "송운초등학교", "행정구키": "해운대구", "위도": 35.22861126, "경도": 129.1573917, "소재지도로명주소": "부산광역시 해운대구 신반송로 20", "설립_20251001": "공립", "지역규모_20251001": "특별/광역시", "주소_20251001": "부산광역시 해운대구 신반송로 20(반송동. 송운초등학교)", "학생수_20251001": 295, "학급수_20251001": 17, "교원수_20251001": 26, "학급당학생수_20251001_공시": 17.4, "교원1인당학생수_20251001_공시": 11.3, "부산교육청_기준학생수_정책2026": 240, "학생수기준_충족_정책2026": false, "정책적용대상_공립_정책2026": true, "주분석대상_소규모공립_정책2026": false, "학생수_20250401_1학년": 36.0, "학급수_20250401_1학년": 2.0, "학생수_20250401_2학년": 52.0, "학급수_20250401_2학년": 3.0, "학생수_20250401_3학년": 54.0, "학급수_20250401_3학년": 3.0, "학생수_20250401_4학년": 53.0, "학급수_20250401_4학년": 3.0, "학생수_20250401_5학년": 51.0, "학급수_20250401_5학년": 2.0, "학생수_20250401_6학년": 60.0, "학급수_20250401_6학년": 4.0, "학생수_20250401_반합계": 306.0, "학급수_20250401_반합계": 17.0, "조사기준일_데이터3": 20250401, "학생수_20250401_학교총계": 306, "학급수_20250401_학교총계": 17, "교지면적_20250401": 13847, "학생1인당교지면적_20250401_공시": 45.3, "일반교실수_20250401": 19, "교과교실수_20250401": 7, "특별교실수_20250401": 18, "수준별교실수_20250401": 0, "기타교실수_20250401": 0, "전체교실수_20250401": 44, "학생수_일반교실_20250401": 16.105263157894736, "학생수_전체교실_20250401": 6.9545454545454541, "학급당학생수_20251001_계산": 17.352941176470587, "교원1인당학생수_20251001_계산": 11.346153846153847, "학교짧은키": "송운초" }, "geometry": { "type": "Point", "coordinates": [ 129.1573917, 35.22861126 ] } },
{ "type": "Feature", "properties": { "학교코드(KEDI)": "216021292", "학교명_20251001": "송정초등학교", "행정구_20251001": "해운대구", "학교명키": "송정초등학교", "행정구키": "해운대구", "위도": 35.18957289, "경도": 129.2047686, "소재지도로명주소": "부산광역시 해운대구 해운대로 1164-9", "설립_20251001": "공립", "지역규모_20251001": "특별/광역시", "주소_20251001": "부산광역시 해운대구 해운대로 1164-9. 송정초등학교 (송정동)", "학생수_20251001": 220, "학급수_20251001": 14, "교원수_20251001": 22, "학급당학생수_20251001_공시": 15.7, "교원1인당학생수_20251001_공시": 10.0, "부산교육청_기준학생수_정책2026": 240, "학생수기준_충족_정책2026": true, "정책적용대상_공립_정책2026": true, "주분석대상_소규모공립_정책2026": true, "학생수_20250401_1학년": 29.0, "학급수_20250401_1학년": 3.0, "학생수_20250401_2학년": 21.0, "학급수_20250401_2학년": 1.0, "학생수_20250401_3학년": 31.0, "학급수_20250401_3학년": 2.0, "학생수_20250401_4학년": 41.0, "학급수_20250401_4학년": 2.0, "학생수_20250401_5학년": 50.0, "학급수_20250401_5학년": 3.0, "학생수_20250401_6학년": 47.0, "학급수_20250401_6학년": 3.0, "학생수_20250401_반합계": 219.0, "학급수_20250401_반합계": 14.0, "조사기준일_데이터3": 20250401, "학생수_20250401_학교총계": 219, "학급수_20250401_학교총계": 14, "교지면적_20250401": 11635, "학생1인당교지면적_20250401_공시": 53.1, "일반교실수_20250401": 15, "교과교실수_20250401": 0, "특별교실수_20250401": 7, "수준별교실수_20250401": 0, "기타교실수_20250401": 0, "전체교실수_20250401": 22, "학생수_일반교실_20250401": 14.6, "학생수_전체교실_20250401": 9.954545454545455, "학급당학생수_20251001_계산": 15.714285714285714, "교원1인당학생수_20251001_계산": 10.0, "학교짧은키": "송정초" }, "geometry": { "type": "Point", "coordinates": [ 129.2047686, 35.18957289 ] } },
{ "type": "Feature", "properties": { "학교코드(KEDI)": "216021322", "학교명_20251001": "신곡초등학교", "행정구_20251001": "해운대구", "학교명키": "신곡초등학교", "행정구키": "해운대구", "위도": 35.16997592, "경도": 129.1818688, "소재지도로명주소": "부산광역시 해운대구 좌동순환로 290", "설립_20251001": "공립", "지역규모_20251001": "특별/광역시", "주소_20251001": "부산광역시 해운대구 좌동순환로 290(좌동.신곡초등학교)", "학생수_20251001": 474, "학급수_20251001": 23, "교원수_20251001": 37, "학급당학생수_20251001_공시": 20.6, "교원1인당학생수_20251001_공시": 12.8, "부산교육청_기준학생수_정책2026": 240, "학생수기준_충족_정책2026": false, "정책적용대상_공립_정책2026": true, "주분석대상_소규모공립_정책2026": false, "학생수_20250401_1학년": 47.0, "학급수_20250401_1학년": 3.0, "학생수_20250401_2학년": 53.0, "학급수_20250401_2학년": 3.0, "학생수_20250401_3학년": 89.0, "학급수_20250401_3학년": 4.0, "학생수_20250401_4학년": 89.0, "학급수_20250401_4학년": 5.0, "학생수_20250401_5학년": 96.0, "학급수_20250401_5학년": 4.0, "학생수_20250401_6학년": 90.0, "학급수_20250401_6학년": 4.0, "학생수_20250401_반합계": 464.0, "학급수_20250401_반합계": 23.0, "조사기준일_데이터3": 20250401, "학생수_20250401_학교총계": 464, "학급수_20250401_학교총계": 23, "교지면적_20250401": 12344, "학생1인당교지면적_20250401_공시": 26.6, "일반교실수_20250401": 26, "교과교실수_20250401": 0, "특별교실수_20250401": 18, "수준별교실수_20250401": 0, "기타교실수_20250401": 4, "전체교실수_20250401": 48, "학생수_일반교실_20250401": 17.846153846153847, "학생수_전체교실_20250401": 9.6666666666666661, "학급당학생수_20251001_계산": 20.608695652173914, "교원1인당학생수_20251001_계산": 12.810810810810811, "학교짧은키": "신곡초" }, "geometry": { "type": "Point", "coordinates": [ 129.1818688, 35.16997592 ] } },
{ "type": "Feature", "properties": { "학교코드(KEDI)": "216021325", "학교명_20251001": "신도초등학교", "행정구_20251001": "해운대구", "학교명키": "신도초등학교", "행정구키": "해운대구", "위도": 35.16948324, "경도": 129.1673801, "소재지도로명주소": "부산광역시 해운대구 좌동순환로 34", "설립_20251001": "공립", "지역규모_20251001": "특별/광역시", "주소_20251001": "부산광역시 해운대구 좌동순환로 34(좌동. 신도초등학교)", "학생수_20251001": 561, "학급수_20251001": 26, "교원수_20251001": 41, "학급당학생수_20251001_공시": 21.6, "교원1인당학생수_20251001_공시": 13.7, "부산교육청_기준학생수_정책2026": 240, "학생수기준_충족_정책2026": false, "정책적용대상_공립_정책2026": true, "주분석대상_소규모공립_정책2026": false, "학생수_20250401_1학년": 82.0, "학급수_20250401_1학년": 4.0, "학생수_20250401_2학년": 80.0, "학급수_20250401_2학년": 4.0, "학생수_20250401_3학년": 93.0, "학급수_20250401_3학년": 4.0, "학생수_20250401_4학년": 111.0, "학급수_20250401_4학년": 5.0, "학생수_20250401_5학년": 84.0, "학급수_20250401_5학년": 4.0, "학생수_20250401_6학년": 116.0, "학급수_20250401_6학년": 5.0, "학생수_20250401_반합계": 566.0, "학급수_20250401_반합계": 26.0, "조사기준일_데이터3": 20250401, "학생수_20250401_학교총계": 566, "학급수_20250401_학교총계": 26, "교지면적_20250401": 12640, "학생1인당교지면적_20250401_공시": 22.3, "일반교실수_20250401": 28, "교과교실수_20250401": 5, "특별교실수_20250401": 8, "수준별교실수_20250401": 0, "기타교실수_20250401": 4, "전체교실수_20250401": 45, "학생수_일반교실_20250401": 20.214285714285715, "학생수_전체교실_20250401": 12.577777777777778, "학급당학생수_20251001_계산": 21.576923076923077, "교원1인당학생수_20251001_계산": 13.682926829268293, "학교짧은키": "신도초" }, "geometry": { "type": "Point", "coordinates": [ 129.1673801, 35.16948324 ] } },
{ "type": "Feature", "properties": { "학교코드(KEDI)": "216021328", "학교명_20251001": "신재초등학교", "행정구_20251001": "해운대구", "학교명키": "신재초등학교", "행정구키": "해운대구", "위도": 35.19176988, "경도": 129.1227741, "소재지도로명주소": "부산광역시 해운대구 해운대로81번길 55", "설립_20251001": "공립", "지역규모_20251001": "특별/광역시", "주소_20251001": "부산광역시 해운대구 해운대로81번길 55(재송동. 신재초등학교)", "학생수_20251001": 303, "학급수_20251001": 17, "교원수_20251001": 26, "학급당학생수_20251001_공시": 17.8, "교원1인당학생수_20251001_공시": 11.7, "부산교육청_기준학생수_정책2026": 240, "학생수기준_충족_정책2026": false, "정책적용대상_공립_정책2026": true, "주분석대상_소규모공립_정책2026": false, "학생수_20250401_1학년": 36.0, "학급수_20250401_1학년": 2.0, "학생수_20250401_2학년": 54.0, "학급수_20250401_2학년": 4.0, "학생수_20250401_3학년": 48.0, "학급수_20250401_3학년": 3.0, "학생수_20250401_4학년": 67.0, "학급수_20250401_4학년": 3.0, "학생수_20250401_5학년": 45.0, "학급수_20250401_5학년": 2.0, "학생수_20250401_6학년": 63.0, "학급수_20250401_6학년": 3.0, "학생수_20250401_반합계": 313.0, "학급수_20250401_반합계": 17.0, "조사기준일_데이터3": 20250401, "학생수_20250401_학교총계": 313, "학급수_20250401_학교총계": 17, "교지면적_20250401": 13863, "학생1인당교지면적_20250401_공시": 44.3, "일반교실수_20250401": 21, "교과교실수_20250401": 2, "특별교실수_20250401": 4, "수준별교실수_20250401": 0, "기타교실수_20250401": 2, "전체교실수_20250401": 29, "학생수_일반교실_20250401": 14.904761904761905, "학생수_전체교실_20250401": 10.793103448275861, "학급당학생수_20251001_계산": 17.823529411764707, "교원1인당학생수_20251001_계산": 11.653846153846153, "학교짧은키": "신재초" }, "geometry": { "type": "Point", "coordinates": [ 129.122774099999987, 35.19176988 ] } },
{ "type": "Feature", "properties": { "학교코드(KEDI)": "216021346", "학교명_20251001": "양운초등학교", "행정구_20251001": "해운대구", "학교명키": "양운초등학교", "행정구키": "해운대구", "위도": 35.17474688, "경도": 129.166705, "소재지도로명주소": "부산광역시 해운대구 대천로67번길 36", "설립_20251001": "공립", "지역규모_20251001": "특별/광역시", "주소_20251001": "부산광역시 해운대구 대천로67번길 36(좌동. 양운초등학교)", "학생수_20251001": 345, "학급수_20251001": 18, "교원수_20251001": 27, "학급당학생수_20251001_공시": 19.2, "교원1인당학생수_20251001_공시": 12.8, "부산교육청_기준학생수_정책2026": 240, "학생수기준_충족_정책2026": false, "정책적용대상_공립_정책2026": true, "주분석대상_소규모공립_정책2026": false, "학생수_20250401_1학년": 35.0, "학급수_20250401_1학년": 2.0, "학생수_20250401_2학년": 36.0, "학급수_20250401_2학년": 2.0, "학생수_20250401_3학년": 68.0, "학급수_20250401_3학년": 4.0, "학생수_20250401_4학년": 52.0, "학급수_20250401_4학년": 3.0, "학생수_20250401_5학년": 62.0, "학급수_20250401_5학년": 3.0, "학생수_20250401_6학년": 89.0, "학급수_20250401_6학년": 4.0, "학생수_20250401_반합계": 342.0, "학급수_20250401_반합계": 18.0, "조사기준일_데이터3": 20250401, "학생수_20250401_학교총계": 342, "학급수_20250401_학교총계": 18, "교지면적_20250401": 12383, "학생1인당교지면적_20250401_공시": 36.2, "일반교실수_20250401": 21, "교과교실수_20250401": 3, "특별교실수_20250401": 4, "수준별교실수_20250401": 0, "기타교실수_20250401": 14, "전체교실수_20250401": 42, "학생수_일반교실_20250401": 16.285714285714285, "학생수_전체교실_20250401": 8.1428571428571423, "학급당학생수_20251001_계산": 19.166666666666668, "교원1인당학생수_20251001_계산": 12.777777777777779, "학교짧은키": "양운초" }, "geometry": { "type": "Point", "coordinates": [ 129.166705, 35.17474688 ] } },
{ "type": "Feature", "properties": { "학교코드(KEDI)": "216021352", "학교명_20251001": "운봉초등학교", "행정구_20251001": "해운대구", "학교명키": "운봉초등학교", "행정구키": "해운대구", "위도": 35.22928255, "경도": 129.1591831, "소재지도로명주소": "부산광역시 해운대구 신반송로 11-20", "설립_20251001": "공립", "지역규모_20251001": "특별/광역시", "주소_20251001": "부산광역시 해운대구 신반송로 11-20. 운봉초등학교 (반송동)", "학생수_20251001": 106, "학급수_20251001": 10, "교원수_20251001": 19, "학급당학생수_20251001_공시": 10.6, "교원1인당학생수_20251001_공시": 5.6, "부산교육청_기준학생수_정책2026": 240, "학생수기준_충족_정책2026": true, "정책적용대상_공립_정책2026": true, "주분석대상_소규모공립_정책2026": true, "학생수_20250401_1학년": 13.0, "학급수_20250401_1학년": 1.0, "학생수_20250401_2학년": 6.0, "학급수_20250401_2학년": 1.0, "학생수_20250401_3학년": 16.0, "학급수_20250401_3학년": 1.0, "학생수_20250401_4학년": 20.0, "학급수_20250401_4학년": 1.0, "학생수_20250401_5학년": 30.0, "학급수_20250401_5학년": 3.0, "학생수_20250401_6학년": 26.0, "학급수_20250401_6학년": 3.0, "학생수_20250401_반합계": 111.0, "학급수_20250401_반합계": 10.0, "조사기준일_데이터3": 20250401, "학생수_20250401_학교총계": 111, "학급수_20250401_학교총계": 10, "교지면적_20250401": 16487, "학생1인당교지면적_20250401_공시": 148.5, "일반교실수_20250401": 33, "교과교실수_20250401": 6, "특별교실수_20250401": 4, "수준별교실수_20250401": 0, "기타교실수_20250401": 4, "전체교실수_20250401": 47, "학생수_일반교실_20250401": 3.3636363636363638, "학생수_전체교실_20250401": 2.3617021276595747, "학급당학생수_20251001_계산": 10.6, "교원1인당학생수_20251001_계산": 5.5789473684210522, "학교짧은키": "운봉초" }, "geometry": { "type": "Point", "coordinates": [ 129.1591831, 35.22928255 ] } },
{ "type": "Feature", "properties": { "학교코드(KEDI)": "216021364", "학교명_20251001": "운송초등학교", "행정구_20251001": "해운대구", "학교명키": "운송초등학교", "행정구키": "해운대구", "위도": 35.2286372, "경도": 129.1460873, "소재지도로명주소": "부산광역시 해운대구 반송로 839", "설립_20251001": "공립", "지역규모_20251001": "특별/광역시", "주소_20251001": "부산광역시 해운대구 반송로 839(반송동.운송초등학교)", "학생수_20251001": 75, "학급수_20251001": 7, "교원수_20251001": 12, "학급당학생수_20251001_공시": 10.7, "교원1인당학생수_20251001_공시": 6.3, "부산교육청_기준학생수_정책2026": 240, "학생수기준_충족_정책2026": true, "정책적용대상_공립_정책2026": true, "주분석대상_소규모공립_정책2026": true, "학생수_20250401_1학년": 13.0, "학급수_20250401_1학년": 2.0, "학생수_20250401_2학년": 6.0, "학급수_20250401_2학년": 1.0, "학생수_20250401_3학년": 20.0, "학급수_20250401_3학년": 1.0, "학생수_20250401_4학년": 14.0, "학급수_20250401_4학년": 1.0, "학생수_20250401_5학년": 9.0, "학급수_20250401_5학년": 1.0, "학생수_20250401_6학년": 14.0, "학급수_20250401_6학년": 1.0, "학생수_20250401_반합계": 76.0, "학급수_20250401_반합계": 7.0, "조사기준일_데이터3": 20250401, "학생수_20250401_학교총계": 76, "학급수_20250401_학교총계": 7, "교지면적_20250401": 15292, "학생1인당교지면적_20250401_공시": 201.2, "일반교실수_20250401": 8, "교과교실수_20250401": 2, "특별교실수_20250401": 8, "수준별교실수_20250401": 0, "기타교실수_20250401": 2, "전체교실수_20250401": 20, "학생수_일반교실_20250401": 9.5, "학생수_전체교실_20250401": 3.8, "학급당학생수_20251001_계산": 10.714285714285714, "교원1인당학생수_20251001_계산": 6.25, "학교짧은키": "운송초" }, "geometry": { "type": "Point", "coordinates": [ 129.1460873, 35.2286372 ] } },
{ "type": "Feature", "properties": { "학교코드(KEDI)": "216021396", "학교명_20251001": "인지초등학교", "행정구_20251001": "해운대구", "학교명키": "인지초등학교", "행정구키": "해운대구", "위도": 35.20288052, "경도": 129.1251174, "소재지도로명주소": "부산광역시 해운대구 반여로 128", "설립_20251001": "공립", "지역규모_20251001": "특별/광역시", "주소_20251001": "부산광역시 해운대구 반여로 128(반여동)", "학생수_20251001": 502, "학급수_20251001": 24, "교원수_20251001": 38, "학급당학생수_20251001_공시": 20.9, "교원1인당학생수_20251001_공시": 13.2, "부산교육청_기준학생수_정책2026": 240, "학생수기준_충족_정책2026": false, "정책적용대상_공립_정책2026": true, "주분석대상_소규모공립_정책2026": false, "학생수_20250401_1학년": 73.0, "학급수_20250401_1학년": 4.0, "학생수_20250401_2학년": 54.0, "학급수_20250401_2학년": 3.0, "학생수_20250401_3학년": 85.0, "학급수_20250401_3학년": 4.0, "학생수_20250401_4학년": 93.0, "학급수_20250401_4학년": 4.0, "학생수_20250401_5학년": 84.0, "학급수_20250401_5학년": 4.0, "학생수_20250401_6학년": 116.0, "학급수_20250401_6학년": 5.0, "학생수_20250401_반합계": 505.0, "학급수_20250401_반합계": 24.0, "조사기준일_데이터3": 20250401, "학생수_20250401_학교총계": 505, "학급수_20250401_학교총계": 24, "교지면적_20250401": 13023, "학생1인당교지면적_20250401_공시": 25.8, "일반교실수_20250401": 24, "교과교실수_20250401": 2, "특별교실수_20250401": 16, "수준별교실수_20250401": 0, "기타교실수_20250401": 10, "전체교실수_20250401": 52, "학생수_일반교실_20250401": 21.041666666666668, "학생수_전체교실_20250401": 9.7115384615384617, "학급당학생수_20251001_계산": 20.916666666666668, "교원1인당학생수_20251001_계산": 13.210526315789474, "학교짧은키": "인지초" }, "geometry": { "type": "Point", "coordinates": [ 129.1251174, 35.20288052 ] } },
{ "type": "Feature", "properties": { "학교코드(KEDI)": "216021412", "학교명_20251001": "장산초등학교", "행정구_20251001": "해운대구", "학교명키": "장산초등학교", "행정구키": "해운대구", "위도": 35.20004201, "경도": 129.1196543, "소재지도로명주소": "부산광역시 해운대구 선수촌로 68", "설립_20251001": "공립", "지역규모_20251001": "특별/광역시", "주소_20251001": "부산광역시 해운대구 선수촌로 68(반여동.장산초등학교)", "학생수_20251001": 701, "학급수_20251001": 31, "교원수_20251001": 47, "학급당학생수_20251001_공시": 22.6, "교원1인당학생수_20251001_공시": 14.9, "부산교육청_기준학생수_정책2026": 240, "학생수기준_충족_정책2026": false, "정책적용대상_공립_정책2026": true, "주분석대상_소규모공립_정책2026": false, "학생수_20250401_1학년": 93.0, "학급수_20250401_1학년": 4.0, "학생수_20250401_2학년": 91.0, "학급수_20250401_2학년": 4.0, "학생수_20250401_3학년": 91.0, "학급수_20250401_3학년": 4.0, "학생수_20250401_4학년": 138.0, "학급수_20250401_4학년": 6.0, "학생수_20250401_5학년": 137.0, "학급수_20250401_5학년": 6.0, "학생수_20250401_6학년": 141.0, "학급수_20250401_6학년": 7.0, "학생수_20250401_반합계": 691.0, "학급수_20250401_반합계": 31.0, "조사기준일_데이터3": 20250401, "학생수_20250401_학교총계": 691, "학급수_20250401_학교총계": 31, "교지면적_20250401": 11008, "학생1인당교지면적_20250401_공시": 15.9, "일반교실수_20250401": 33, "교과교실수_20250401": 0, "특별교실수_20250401": 10, "수준별교실수_20250401": 1, "기타교실수_20250401": 0, "전체교실수_20250401": 44, "학생수_일반교실_20250401": 20.939393939393938, "학생수_전체교실_20250401": 15.704545454545455, "학급당학생수_20251001_계산": 22.612903225806452, "교원1인당학생수_20251001_계산": 14.914893617021276, "학교짧은키": "장산초" }, "geometry": { "type": "Point", "coordinates": [ 129.1196543, 35.20004201 ] } },
{ "type": "Feature", "properties": { "학교코드(KEDI)": "216021436", "학교명_20251001": "재송초등학교", "행정구_20251001": "해운대구", "학교명키": "재송초등학교", "행정구키": "해운대구", "위도": 35.18643767, "경도": 129.1277656, "소재지도로명주소": "부산광역시 해운대구 재반로64번길 33", "설립_20251001": "공립", "지역규모_20251001": "특별/광역시", "주소_20251001": "부산광역시 해운대구 재반로64번길 33(재송동.재송초등학교)", "학생수_20251001": 336, "학급수_20251001": 19, "교원수_20251001": 31, "학급당학생수_20251001_공시": 17.7, "교원1인당학생수_20251001_공시": 10.8, "부산교육청_기준학생수_정책2026": 240, "학생수기준_충족_정책2026": false, "정책적용대상_공립_정책2026": true, "주분석대상_소규모공립_정책2026": false, "학생수_20250401_1학년": 37.0, "학급수_20250401_1학년": 2.0, "학생수_20250401_2학년": 47.0, "학급수_20250401_2학년": 3.0, "학생수_20250401_3학년": 64.0, "학급수_20250401_3학년": 4.0, "학생수_20250401_4학년": 57.0, "학급수_20250401_4학년": 3.0, "학생수_20250401_5학년": 80.0, "학급수_20250401_5학년": 4.0, "학생수_20250401_6학년": 59.0, "학급수_20250401_6학년": 3.0, "학생수_20250401_반합계": 344.0, "학급수_20250401_반합계": 19.0, "조사기준일_데이터3": 20250401, "학생수_20250401_학교총계": 344, "학급수_20250401_학교총계": 19, "교지면적_20250401": 14353, "학생1인당교지면적_20250401_공시": 41.7, "일반교실수_20250401": 19, "교과교실수_20250401": 0, "특별교실수_20250401": 12, "수준별교실수_20250401": 0, "기타교실수_20250401": 4, "전체교실수_20250401": 35, "학생수_일반교실_20250401": 18.105263157894736, "학생수_전체교실_20250401": 9.8285714285714292, "학급당학생수_20251001_계산": 17.684210526315791, "교원1인당학생수_20251001_계산": 10.838709677419354, "학교짧은키": "재송초" }, "geometry": { "type": "Point", "coordinates": [ 129.1277656, 35.18643767 ] } },
{ "type": "Feature", "properties": { "학교코드(KEDI)": "216021460", "학교명_20251001": "좌동초등학교", "행정구_20251001": "해운대구", "학교명키": "좌동초등학교", "행정구키": "해운대구", "위도": 35.17601553, "경도": 129.1751421, "소재지도로명주소": "부산광역시 해운대구 세실로 127", "설립_20251001": "공립", "지역규모_20251001": "특별/광역시", "주소_20251001": "부산광역시 해운대구 세실로 127(좌동. 좌동초등학교)", "학생수_20251001": 396, "학급수_20251001": 20, "교원수_20251001": 30, "학급당학생수_20251001_공시": 19.8, "교원1인당학생수_20251001_공시": 13.2, "부산교육청_기준학생수_정책2026": 240, "학생수기준_충족_정책2026": false, "정책적용대상_공립_정책2026": true, "주분석대상_소규모공립_정책2026": false, "학생수_20250401_1학년": 36.0, "학급수_20250401_1학년": 2.0, "학생수_20250401_2학년": 57.0, "학급수_20250401_2학년": 3.0, "학생수_20250401_3학년": 64.0, "학급수_20250401_3학년": 3.0, "학생수_20250401_4학년": 62.0, "학급수_20250401_4학년": 3.0, "학생수_20250401_5학년": 76.0, "학급수_20250401_5학년": 4.0, "학생수_20250401_6학년": 96.0, "학급수_20250401_6학년": 5.0, "학생수_20250401_반합계": 391.0, "학급수_20250401_반합계": 20.0, "조사기준일_데이터3": 20250401, "학생수_20250401_학교총계": 391, "학급수_20250401_학교총계": 20, "교지면적_20250401": 12496, "학생1인당교지면적_20250401_공시": 32.0, "일반교실수_20250401": 25, "교과교실수_20250401": 3, "특별교실수_20250401": 9, "수준별교실수_20250401": 0, "기타교실수_20250401": 0, "전체교실수_20250401": 37, "학생수_일반교실_20250401": 15.64, "학생수_전체교실_20250401": 10.567567567567568, "학급당학생수_20251001_계산": 19.8, "교원1인당학생수_20251001_계산": 13.2, "학교짧은키": "좌동초" }, "geometry": { "type": "Point", "coordinates": [ 129.175142099999988, 35.17601553 ] } },
{ "type": "Feature", "properties": { "학교코드(KEDI)": "216021472", "학교명_20251001": "좌산초등학교", "행정구_20251001": "해운대구", "학교명키": "좌산초등학교", "행정구키": "해운대구", "위도": 35.16885764, "경도": 129.1838569, "소재지도로명주소": "부산광역시 해운대구 좌동순환로311번길 7", "설립_20251001": "공립", "지역규모_20251001": "특별/광역시", "주소_20251001": "부산광역시 해운대구 좌동순환로311번길 7(좌동. 좌산초등학교)", "학생수_20251001": 460, "학급수_20251001": 21, "교원수_20251001": 36, "학급당학생수_20251001_공시": 21.9, "교원1인당학생수_20251001_공시": 12.8, "부산교육청_기준학생수_정책2026": 240, "학생수기준_충족_정책2026": false, "정책적용대상_공립_정책2026": true, "주분석대상_소규모공립_정책2026": false, "학생수_20250401_1학년": 73.0, "학급수_20250401_1학년": 4.0, "학생수_20250401_2학년": 65.0, "학급수_20250401_2학년": 3.0, "학생수_20250401_3학년": 76.0, "학급수_20250401_3학년": 3.0, "학생수_20250401_4학년": 84.0, "학급수_20250401_4학년": 4.0, "학생수_20250401_5학년": 67.0, "학급수_20250401_5학년": 3.0, "학생수_20250401_6학년": 91.0, "학급수_20250401_6학년": 4.0, "학생수_20250401_반합계": 456.0, "학급수_20250401_반합계": 21.0, "조사기준일_데이터3": 20250401, "학생수_20250401_학교총계": 456, "학급수_20250401_학교총계": 21, "교지면적_20250401": 12390, "학생1인당교지면적_20250401_공시": 27.2, "일반교실수_20250401": 22, "교과교실수_20250401": 0, "특별교실수_20250401": 11, "수준별교실수_20250401": 3, "기타교실수_20250401": 11, "전체교실수_20250401": 47, "학생수_일반교실_20250401": 20.727272727272727, "학생수_전체교실_20250401": 9.7021276595744688, "학급당학생수_20251001_계산": 21.904761904761905, "교원1인당학생수_20251001_계산": 12.777777777777779, "학교짧은키": "좌산초" }, "geometry": { "type": "Point", "coordinates": [ 129.1838569, 35.16885764 ] } },
{ "type": "Feature", "properties": { "학교코드(KEDI)": "216021532", "학교명_20251001": "해강초등학교", "행정구_20251001": "해운대구", "학교명키": "해강초등학교", "행정구키": "해운대구", "위도": 35.16215501, "경도": 129.1417212, "소재지도로명주소": "부산광역시 해운대구 해운대해변로 73", "설립_20251001": "공립", "지역규모_20251001": "특별/광역시", "주소_20251001": "부산광역시 해운대구 해운대해변로 73(우동. 해강초등학교)", "학생수_20251001": 748, "학급수_20251001": 33, "교원수_20251001": 46, "학급당학생수_20251001_공시": 22.7, "교원1인당학생수_20251001_공시": 16.3, "부산교육청_기준학생수_정책2026": 240, "학생수기준_충족_정책2026": false, "정책적용대상_공립_정책2026": true, "주분석대상_소규모공립_정책2026": false, "학생수_20250401_1학년": 100.0, "학급수_20250401_1학년": 5.0, "학생수_20250401_2학년": 121.0, "학급수_20250401_2학년": 6.0, "학생수_20250401_3학년": 125.0, "학급수_20250401_3학년": 5.0, "학생수_20250401_4학년": 146.0, "학급수_20250401_4학년": 6.0, "학생수_20250401_5학년": 124.0, "학급수_20250401_5학년": 5.0, "학생수_20250401_6학년": 134.0, "학급수_20250401_6학년": 6.0, "학생수_20250401_반합계": 750.0, "학급수_20250401_반합계": 33.0, "조사기준일_데이터3": 20250401, "학생수_20250401_학교총계": 750, "학급수_20250401_학교총계": 33, "교지면적_20250401": 11962, "학생1인당교지면적_20250401_공시": 15.9, "일반교실수_20250401": 33, "교과교실수_20250401": 3, "특별교실수_20250401": 2, "수준별교실수_20250401": 0, "기타교실수_20250401": 0, "전체교실수_20250401": 38, "학생수_일반교실_20250401": 22.727272727272727, "학생수_전체교실_20250401": 19.736842105263158, "학급당학생수_20251001_계산": 22.666666666666668, "교원1인당학생수_20251001_계산": 16.260869565217391, "학교짧은키": "해강초" }, "geometry": { "type": "Point", "coordinates": [ 129.1417212, 35.16215501 ] } },
{ "type": "Feature", "properties": { "학교코드(KEDI)": "216021544", "학교명_20251001": "해동초등학교", "행정구_20251001": "해운대구", "학교명키": "해동초등학교", "행정구키": "해운대구", "위도": 35.17030489, "경도": 129.1554468, "소재지도로명주소": "부산광역시 해운대구 우동1로 104", "설립_20251001": "공립", "지역규모_20251001": "특별/광역시", "주소_20251001": "부산광역시 해운대구 우동1로 104(우동. 해동초등학교)", "학생수_20251001": 320, "학급수_20251001": 17, "교원수_20251001": 26, "학급당학생수_20251001_공시": 18.8, "교원1인당학생수_20251001_공시": 12.3, "부산교육청_기준학생수_정책2026": 240, "학생수기준_충족_정책2026": false, "정책적용대상_공립_정책2026": true, "주분석대상_소규모공립_정책2026": false, "학생수_20250401_1학년": 31.0, "학급수_20250401_1학년": 2.0, "학생수_20250401_2학년": 28.0, "학급수_20250401_2학년": 2.0, "학생수_20250401_3학년": 55.0, "학급수_20250401_3학년": 3.0, "학생수_20250401_4학년": 60.0, "학급수_20250401_4학년": 3.0, "학생수_20250401_5학년": 73.0, "학급수_20250401_5학년": 4.0, "학생수_20250401_6학년": 70.0, "학급수_20250401_6학년": 3.0, "학생수_20250401_반합계": 317.0, "학급수_20250401_반합계": 17.0, "조사기준일_데이터3": 20250401, "학생수_20250401_학교총계": 317, "학급수_20250401_학교총계": 17, "교지면적_20250401": 14999, "학생1인당교지면적_20250401_공시": 47.3, "일반교실수_20250401": 17, "교과교실수_20250401": 3, "특별교실수_20250401": 8, "수준별교실수_20250401": 0, "기타교실수_20250401": 0, "전체교실수_20250401": 28, "학생수_일반교실_20250401": 18.647058823529413, "학생수_전체교실_20250401": 11.321428571428571, "학급당학생수_20251001_계산": 18.823529411764707, "교원1인당학생수_20251001_계산": 12.307692307692308, "학교짧은키": "해동초" }, "geometry": { "type": "Point", "coordinates": [ 129.1554468, 35.17030489 ] } },
{ "type": "Feature", "properties": { "학교코드(KEDI)": "216021547", "학교명_20251001": "해림초등학교", "행정구_20251001": "해운대구", "학교명키": "해림초등학교", "행정구키": "해운대구", "위도": 35.16501944, "경도": 129.1438976, "소재지도로명주소": "부산광역시 해운대구 해운대로469번길 42", "설립_20251001": "공립", "지역규모_20251001": "특별/광역시", "주소_20251001": "부산광역시 해운대구 해운대로469번길 42(우동)", "학생수_20251001": 927, "학급수_20251001": 39, "교원수_20251001": 52, "학급당학생수_20251001_공시": 23.8, "교원1인당학생수_20251001_공시": 17.8, "부산교육청_기준학생수_정책2026": 240, "학생수기준_충족_정책2026": false, "정책적용대상_공립_정책2026": true, "주분석대상_소규모공립_정책2026": false, "학생수_20250401_1학년": 124.0, "학급수_20250401_1학년": 5.0, "학생수_20250401_2학년": 128.0, "학급수_20250401_2학년": 6.0, "학생수_20250401_3학년": 185.0, "학급수_20250401_3학년": 8.0, "학생수_20250401_4학년": 156.0, "학급수_20250401_4학년": 7.0, "학생수_20250401_5학년": 149.0, "학급수_20250401_5학년": 6.0, "학생수_20250401_6학년": 183.0, "학급수_20250401_6학년": 7.0, "학생수_20250401_반합계": 925.0, "학급수_20250401_반합계": 39.0, "조사기준일_데이터3": 20250401, "학생수_20250401_학교총계": 925, "학급수_20250401_학교총계": 39, "교지면적_20250401": 11295, "학생1인당교지면적_20250401_공시": 12.2, "일반교실수_20250401": 41, "교과교실수_20250401": 2, "특별교실수_20250401": 3, "수준별교실수_20250401": 0, "기타교실수_20250401": 0, "전체교실수_20250401": 46, "학생수_일반교실_20250401": 22.560975609756099, "학생수_전체교실_20250401": 20.108695652173914, "학급당학생수_20251001_계산": 23.76923076923077, "교원1인당학생수_20251001_계산": 17.826923076923077, "학교짧은키": "해림초" }, "geometry": { "type": "Point", "coordinates": [ 129.1438976, 35.16501944 ] } },
{ "type": "Feature", "properties": { "학교코드(KEDI)": "216021550", "학교명_20251001": "해송초등학교", "행정구_20251001": "해운대구", "학교명키": "해송초등학교", "행정구키": "해운대구", "위도": 35.16424597, "경도": 129.179501, "소재지도로명주소": "부산광역시 해운대구 좌동순환로402번길 32", "설립_20251001": "공립", "지역규모_20251001": "특별/광역시", "주소_20251001": "부산광역시 해운대구 좌동순환로402번길 32(좌동)", "학생수_20251001": 617, "학급수_20251001": 28, "교원수_20251001": 45, "학급당학생수_20251001_공시": 22.0, "교원1인당학생수_20251001_공시": 13.7, "부산교육청_기준학생수_정책2026": 240, "학생수기준_충족_정책2026": false, "정책적용대상_공립_정책2026": true, "주분석대상_소규모공립_정책2026": false, "학생수_20250401_1학년": 72.0, "학급수_20250401_1학년": 3.0, "학생수_20250401_2학년": 97.0, "학급수_20250401_2학년": 4.0, "학생수_20250401_3학년": 100.0, "학급수_20250401_3학년": 5.0, "학생수_20250401_4학년": 122.0, "학급수_20250401_4학년": 5.0, "학생수_20250401_5학년": 121.0, "학급수_20250401_5학년": 5.0, "학생수_20250401_6학년": 116.0, "학급수_20250401_6학년": 6.0, "학생수_20250401_반합계": 628.0, "학급수_20250401_반합계": 28.0, "조사기준일_데이터3": 20250401, "학생수_20250401_학교총계": 628, "학급수_20250401_학교총계": 28, "교지면적_20250401": 12733, "학생1인당교지면적_20250401_공시": 20.3, "일반교실수_20250401": 32, "교과교실수_20250401": 12, "특별교실수_20250401": 11, "수준별교실수_20250401": 0, "기타교실수_20250401": 0, "전체교실수_20250401": 55, "학생수_일반교실_20250401": 19.625, "학생수_전체교실_20250401": 11.418181818181818, "학급당학생수_20251001_계산": 22.035714285714285, "교원1인당학생수_20251001_계산": 13.71111111111111, "학교짧은키": "해송초" }, "geometry": { "type": "Point", "coordinates": [ 129.179501, 35.16424597000001 ] } },
{ "type": "Feature", "properties": { "학교코드(KEDI)": "216021556", "학교명_20251001": "해운대초등학교", "행정구_20251001": "해운대구", "학교명키": "해운대초등학교", "행정구키": "해운대구", "위도": 35.16490741, "경도": 129.1656491, "소재지도로명주소": "부산광역시 해운대구 중동2로24번길 30", "설립_20251001": "공립", "지역규모_20251001": "특별/광역시", "주소_20251001": "부산광역시 해운대구 중동2로24번길 30(중동). 해운대초등학교", "학생수_20251001": 1129, "학급수_20251001": 49, "교원수_20251001": 66, "학급당학생수_20251001_공시": 23.0, "교원1인당학생수_20251001_공시": 17.1, "부산교육청_기준학생수_정책2026": 240, "학생수기준_충족_정책2026": false, "정책적용대상_공립_정책2026": true, "주분석대상_소규모공립_정책2026": false, "학생수_20250401_1학년": 202.0, "학급수_20250401_1학년": 9.0, "학생수_20250401_2학년": 180.0, "학급수_20250401_2학년": 8.0, "학생수_20250401_3학년": 189.0, "학급수_20250401_3학년": 9.0, "학생수_20250401_4학년": 197.0, "학급수_20250401_4학년": 8.0, "학생수_20250401_5학년": 197.0, "학급수_20250401_5학년": 8.0, "학생수_20250401_6학년": 169.0, "학급수_20250401_6학년": 7.0, "학생수_20250401_반합계": 1134.0, "학급수_20250401_반합계": 49.0, "조사기준일_데이터3": 20250401, "학생수_20250401_학교총계": 1134, "학급수_20250401_학교총계": 49, "교지면적_20250401": 16947, "학생1인당교지면적_20250401_공시": 14.9, "일반교실수_20250401": 41, "교과교실수_20250401": 0, "특별교실수_20250401": 6, "수준별교실수_20250401": 0, "기타교실수_20250401": 1, "전체교실수_20250401": 48, "학생수_일반교실_20250401": 27.658536585365855, "학생수_전체교실_20250401": 23.625, "학급당학생수_20251001_계산": 23.040816326530614, "교원1인당학생수_20251001_계산": 17.106060606060606, "학교짧은키": "해운대초" }, "geometry": { "type": "Point", "coordinates": [ 129.1656491, 35.16490741 ] } },
{ "type": "Feature", "properties": { "학교코드(KEDI)": "216021185", "학교명_20251001": "해원초등학교", "행정구_20251001": "해운대구", "학교명키": "해원초등학교", "행정구키": "해운대구", "위도": 35.15882051, "경도": 129.1439005, "소재지도로명주소": "부산광역시 해운대구 마린시티2로 10", "설립_20251001": "공립", "지역규모_20251001": "특별/광역시", "주소_20251001": "부산광역시 해운대구 마린시티2로 10(우동. 해원초등학교)", "학생수_20251001": 1064, "학급수_20251001": 44, "교원수_20251001": 62, "학급당학생수_20251001_공시": 24.2, "교원1인당학생수_20251001_공시": 17.2, "부산교육청_기준학생수_정책2026": 240, "학생수기준_충족_정책2026": false, "정책적용대상_공립_정책2026": true, "주분석대상_소규모공립_정책2026": false, "학생수_20250401_1학년": 171.0, "학급수_20250401_1학년": 7.0, "학생수_20250401_2학년": 160.0, "학급수_20250401_2학년": 7.0, "학생수_20250401_3학년": 181.0, "학급수_20250401_3학년": 7.0, "학생수_20250401_4학년": 195.0, "학급수_20250401_4학년": 8.0, "학생수_20250401_5학년": 172.0, "학급수_20250401_5학년": 7.0, "학생수_20250401_6학년": 182.0, "학급수_20250401_6학년": 8.0, "학생수_20250401_반합계": 1061.0, "학급수_20250401_반합계": 44.0, "조사기준일_데이터3": 20250401, "학생수_20250401_학교총계": 1061, "학급수_20250401_학교총계": 44, "교지면적_20250401": 7877, "학생1인당교지면적_20250401_공시": 7.4, "일반교실수_20250401": 35, "교과교실수_20250401": 0, "특별교실수_20250401": 3, "수준별교실수_20250401": 1, "기타교실수_20250401": 0, "전체교실수_20250401": 39, "학생수_일반교실_20250401": 30.314285714285713, "학생수_전체교실_20250401": 27.205128205128204, "학급당학생수_20251001_계산": 24.181818181818183, "교원1인당학생수_20251001_계산": 17.161290322580644, "학교짧은키": "해원초" }, "geometry": { "type": "Point", "coordinates": [ 129.1439005, 35.15882051 ] } }
]
}
