소규모학교_KEDI,소규모학교명,후보학교_KEDI,후보학교명,학교간직선거리_km,moving_students,students_before,students_after,general_students_after,classes_before,classes_current_sum,classes_after,classes_delta_vs_current_sum,class_size_after,students_per_teacher_after,students_per_classroom_after,land_per_student_after,현재_특수학급합,모델입력_통합후전체학급,회귀_기대교원,수용학교_현재교원,두학교_현재교원합,회귀_기대교원_80pct하한,회귀_기대교원_80pct상한,회귀값-B현재,A+B현재합-회귀값
215021199,대사초등학교,215021217,대저초등학교,1.599811,10,29,39,41.0,5.0,11.0,6.0,-5.0,6.833333333333333,3.25,2.2941176470588234,538.2307692307693,2.0,8.0,14.881150977171421,12,25,12.085233127150238,17.736776307763158,2.881150977171421,10.118849022828579
215021208,대상초등학교,215021136,구남초등학교,1.956277,30,410,440,420.0,20.0,26.0,19.0,-7.0,22.105263157894736,13.75,8.627450980392156,30.211363636363636,3.0,22.0,33.46810990546754,32,45,30.67219205544636,36.32373523605928,1.4681099054675428,11.531890094532457
215021208,대상초등학교,215021145,구포초등학교,2.251327,30,545,575,565.0,28.0,34.0,25.0,-9.0,22.6,13.372093023255815,15.54054054054054,26.04695652173913,4.0,29.0,42.761589369615606,43,56,39.96567151959442,45.61721470020734,-0.23841063038439358,13.238410630384394
215021208,대상초등학교,215021217,대저초등학교,2.282718,30,29,59,57.0,5.0,11.0,6.0,-5.0,9.5,4.916666666666667,3.4705882352941178,355.77966101694915,2.0,8.0,14.881150977171421,12,25,12.085233127150238,17.736776307763158,2.881150977171421,10.118849022828579
215021208,대상초등학교,215021280,덕천초등학교,2.496968,30,81,111,109.0,6.0,12.0,6.0,-6.0,18.166666666666668,8.538461538461538,3.1714285714285713,199.25225225225225,2.0,8.0,14.881150977171421,13,26,12.085233127150238,17.736776307763158,1.881150977171421,11.118849022828579
215021208,대상초등학교,215021271,덕성초등학교,2.528444,30,327,357,352.0,18.0,24.0,17.0,-7.0,20.705882352941178,11.9,8.707317073170731,27.7703081232493,2.0,19.0,29.485190135118376,30,43,26.689272285097193,32.340815465710115,-0.5148098648816237,13.514809864881624
215021208,대상초등학교,215021352,모라초등학교,2.730564,30,121,151,140.0,8.0,14.0,8.0,-6.0,17.5,8.882352941176471,8.38888888888889,100.16556291390728,3.0,11.0,18.864070747520593,17,30,16.06815289749941,21.71969607811233,1.8640707475205929,11.135929252479407
215021208,대상초등학교,215021879,화정초등학교,2.739757,30,699,729,725.0,31.0,37.0,32.0,-5.0,22.65625,16.568181818181817,20.25,14.755829903978052,2.0,34.0,49.39978898686422,44,57,46.60387113684304,52.25541431745596,5.399788986864223,7.600211013135777
215021208,대상초등학교,215021465,신천초등학교,2.999112,30,161,191,181.0,10.0,16.0,11.0,-5.0,16.454545454545453,9.095238095238095,9.095238095238095,43.424083769633505,3.0,14.0,22.84699051786976,21,34,20.051072667848576,25.702615848461498,1.8469905178697594,11.15300948213024
215021217,대저초등학교,215021199,대사초등학교,1.599811,29,10,39,41.0,6.0,11.0,6.0,-5.0,6.833333333333333,3.0,2.1666666666666665,232.02564102564102,2.0,8.0,14.881150977171421,13,25,12.085233127150238,17.736776307763158,1.881150977171421,10.118849022828579
215021217,대저초등학교,215021208,대상초등학교,2.282718,29,30,59,57.0,6.0,11.0,6.0,-5.0,9.5,4.538461538461538,3.933333333333333,302.35593220338984,2.0,8.0,14.881150977171421,13,25,12.085233127150238,17.736776307763158,1.881150977171421,10.118849022828579
215021253,덕두초등학교,215021415,삼덕초등학교,2.073414,201,104,305,302.0,7.0,19.0,14.0,-5.0,21.571428571428573,21.785714285714285,13.863636363636363,27.80327868852459,2.0,16.0,25.502270364769206,14,38,22.706352514748023,28.357895695360945,11.502270364769206,12.497729635230794
215021253,덕두초등학교,215021519,창진초등학교,2.261005,201,413,614,611.0,19.0,31.0,27.0,-4.0,22.62962962962963,20.466666666666665,19.806451612903224,10.830618892508143,2.0,29.0,42.761589369615606,30,54,39.96567151959442,45.61721470020734,12.761589369615606,11.238410630384394
215021253,덕두초등학교,215021397,사상초등학교,2.61509,201,333,534,542.0,17.0,29.0,24.0,-5.0,22.583333333333332,16.181818181818183,13.35,24.410112359550563,3.0,27.0,40.10630952271616,33,57,37.310391672694976,42.961934853307895,7.10630952271616,16.89369047728384
215021253,덕두초등학교,215021289,덕포초등학교,2.754886,201,134,335,333.0,9.0,21.0,16.0,-5.0,20.8125,20.9375,19.705882352941178,24.898507462686567,2.0,18.0,28.157550211668653,16,40,25.36163236164747,31.01317554226039,12.157550211668653,11.842449788331347
215021253,덕두초등학교,215021370,배영초등학교,2.983114,201,39,240,236.0,6.0,18.0,12.0,-6.0,19.666666666666668,18.46153846153846,24.0,23.370833333333334,2.0,14.0,22.84699051786976,13,37,20.051072667848576,25.702615848461498,9.84699051786976,14.15300948213024
215021370,배영초등학교,215021828,대저중앙초등학교,2.790024,39,842,881,396.0,29.0,35.0,19.0,-16.0,20.842105263157894,18.74468085106383,14.932203389830509,7.740068104426788,2.0,21.0,32.14046998201782,47,60,29.344552131996636,34.996095312609555,-14.85953001798218,27.85953001798218
215021370,배영초등학교,215021253,덕두초등학교,2.983114,39,201,240,236.0,12.0,18.0,12.0,-6.0,19.666666666666668,10.0,10.909090909090908,57.166666666666664,2.0,14.0,22.84699051786976,24,37,20.051072667848576,25.702615848461498,-1.1530094821302406,14.15300948213024
214021185,금샘초등학교,214021505,청룡초등학교,0.827062,151,389,540,513.0,19.0,28.0,24.0,-4.0,21.375,15.428571428571429,16.875,22.544444444444444,4.0,28.0,41.43394944616588,35,54,38.6380315961447,44.28957477675762,6.433949446165883,12.566050553834117
214021185,금샘초등학교,214021208,남산초등학교,0.906501,151,358,509,489.0,17.0,26.0,23.0,-3.0,21.26086956521739,18.178571428571427,15.90625,22.660117878192533,3.0,26.0,38.778669599266436,28,47,35.98275174924525,41.63429492985817,10.778669599266436,8.221330400733564
214021185,금샘초등학교,214021401,구서초등학교,1.675404,151,467,618,596.0,22.0,31.0,27.0,-4.0,22.074074074074073,16.7027027027027,15.073170731707316,28.64724919093851,3.0,30.0,44.08922929306533,37,56,41.293311443044146,46.944854623657065,7.08922929306533,11.91077070693467
214021185,금샘초등학교,214021543,두실초등학교,1.834892,151,759,910,893.0,31.0,40.0,39.0,-1.0,22.897435897435898,18.958333333333332,17.84313725490196,10.574725274725274,3.0,42.0,60.02090837446201,48,67,57.22499052444083,62.876533705053745,12.02090837446201,6.97909162553799
214021185,금샘초등학교,214021478,장서초등학교,2.336336,151,571,722,698.0,25.0,34.0,31.0,-3.0,22.516129032258064,18.512820512820515,18.512820512820515,16.048476454293628,3.0,34.0,49.39978898686422,39,58,46.60387113684304,52.25541431745596,10.399788986864223,8.600211013135777
214021181,금성초등학교,214021487,장전초등학교,2.529966,43,428,471,457.0,21.0,27.0,21.0,-6.0,21.761904761904763,14.272727272727273,8.722222222222221,26.556263269639064,2.0,23.0,34.795749828917266,33,48,31.999831978896083,37.651375159509,1.7957498289172662,13.204250171082734
214021181,금성초등학교,214021478,장서초등학교,2.576479,43,571,614,597.0,25.0,31.0,27.0,-4.0,22.11111111111111,15.743589743589743,15.743589743589743,18.871335504885995,2.0,29.0,42.761589369615606,39,54,39.96567151959442,45.61721470020734,3.7615893696156064,11.238410630384394
214021181,금성초등학교,214021401,구서초등학교,2.739159,43,467,510,495.0,22.0,28.0,22.0,-6.0,22.5,13.783783783783784,12.439024390243903,34.713725490196076,2.0,24.0,36.12338975236699,37,52,33.327471902345806,38.979015082958725,-0.8766102476330104,15.87661024763301
214021181,금성초등학교,214021543,두실초등학교,2.929592,43,759,802,792.0,31.0,37.0,35.0,-2.0,22.62857142857143,16.708333333333332,15.72549019607843,11.998753117206983,2.0,37.0,53.38270875721339,48,63,50.58679090719221,56.23833408780513,5.382708757213393,9.617291242786607
214021253,동상초등학교,214021271,명동초등학교,0.417023,100,454,554,562.0,22.0,28.0,25.0,-3.0,22.48,16.294117647058822,16.294117647058822,21.80505415162455,2.0,27.0,40.10630952271616,34,46,37.310391672694976,42.961934853307895,6.10630952271616,5.89369047728384
214021253,동상초등학교,214021289,명서초등학교,0.559899,100,94,194,186.0,6.0,12.0,10.0,-2.0,18.6,14.923076923076923,12.125,38.26288659793814,2.0,12.0,20.191710670970313,13,25,17.39579282094913,23.04733600156205,7.191710670970313,4.808289329029687
214021253,동상초등학교,216021569,삼어초등학교,0.861124,100,272,372,369.0,15.0,21.0,17.0,-4.0,21.705882352941178,16.90909090909091,8.857142857142858,28.989247311827956,2.0,19.0,29.485190135118376,22,34,26.689272285097193,32.340815465710115,7.485190135118376,4.514809864881624
214021253,동상초등학교,214021172,금사초등학교,0.87853,100,268,368,365.0,14.0,20.0,18.0,-2.0,20.27777777777778,17.523809523809526,13.62962962962963,29.5,3.0,21.0,32.14046998201782,21,33,29.344552131996636,34.996095312609555,11.14046998201782,0.8595300179821805
214021253,동상초등학교,214021298,명장초등학교,1.007637,100,339,439,440.0,17.0,23.0,20.0,-3.0,22.0,15.137931034482758,16.25925925925926,34.42596810933941,2.0,22.0,33.46810990546754,29,41,30.67219205544636,36.32373523605928,4.468109905467543,7.531890094532457
214021253,동상초등학교,214021379,안락초등학교,1.081821,100,187,287,276.0,11.0,17.0,15.0,-2.0,18.4,13.666666666666666,11.958333333333334,34.4808362369338,2.0,17.0,26.82991028821893,21,33,24.033992438197746,29.68553561881067,5.8299102882189295,6.1700897117810705
214021253,동상초등학교,216021021,반안초등학교,1.090758,100,516,616,607.0,24.0,30.0,27.0,-3.0,22.48148148148148,16.210526315789473,16.210526315789473,14.577922077922079,2.0,29.0,42.761589369615606,38,50,39.96567151959442,45.61721470020734,4.761589369615606,7.238410630384394
214021253,동상초등학교,214021352,서명초등학교,1.201153,100,36,136,128.0,6.0,12.0,8.0,-4.0,16.0,9.714285714285714,7.157894736842105,87.625,2.0,10.0,17.53643082407087,14,26,14.740512974049686,20.39205615466261,3.5364308240708695,8.46356917592913
214021253,동상초등학교,214021024,서동초등학교,1.262305,100,62,162,159.0,6.0,12.0,10.0,-2.0,15.9,11.571428571428571,7.043478260869565,131.74074074074073,2.0,12.0,20.191710670970313,14,26,17.39579282094913,23.04733600156205,6.191710670970313,5.808289329029687
214021253,동상초등학교,214021514,충렬초등학교,1.283191,100,94,194,194.0,6.0,12.0,11.0,-1.0,17.636363636363637,14.923076923076923,11.411764705882353,52.41237113402062,2.0,13.0,21.519350594420036,13,25,18.723432744398853,24.374975925011775,8.519350594420036,3.480649405579964
214021253,동상초등학교,214021145,교동초등학교,1.422745,100,862,962,949.0,36.0,42.0,41.0,-1.0,23.146341463414632,17.814814814814813,10.808988764044944,23.514553014553016,2.0,43.0,61.348548297911734,54,66,58.55263044789055,64.20417362850347,7.348548297911734,4.651451702088266
214021253,동상초등학교,216021238,반석초등학교,1.6426,100,62,162,155.0,6.0,12.0,10.0,-2.0,15.5,11.571428571428571,6.230769230769231,48.02469135802469,2.0,12.0,20.191710670970313,14,26,17.39579282094913,23.04733600156205,6.191710670970313,5.808289329029687
214021253,동상초등학교,216021412,장산초등학교,1.703223,100,701,801,781.0,30.0,36.0,36.0,0.0,21.694444444444443,17.04255319148936,18.204545454545453,13.742821473158552,2.0,38.0,54.71034868066312,47,59,51.91443083064193,57.56597401125485,7.710348680663117,4.289651319336883
214021253,동상초등학교,214021226,내성초등학교,1.73037,100,107,207,197.0,7.0,13.0,11.0,-2.0,17.90909090909091,12.176470588235293,3.9056603773584904,73.78260869565217,3.0,14.0,22.84699051786976,17,29,20.051072667848576,25.702615848461498,5.846990517869759,6.153009482130241
214021253,동상초등학교,214021262,동현초등학교,1.757038,100,289,389,381.0,15.0,21.0,19.0,-2.0,20.05263157894737,16.208333333333332,11.787878787878787,41.46529562982005,2.0,21.0,32.14046998201782,24,36,29.344552131996636,34.996095312609555,8.14046998201782,3.8595300179821805
214021253,동상초등학교,216021396,인지초등학교,1.900611,100,502,602,596.0,23.0,29.0,27.0,-2.0,22.074074074074073,15.842105263157896,11.576923076923077,21.632890365448507,2.0,29.0,42.761589369615606,38,50,39.96567151959442,45.61721470020734,4.761589369615606,7.238410630384394
214021253,동상초등학교,214021532,현곡초등학교,1.966734,100,86,186,179.0,6.0,12.0,10.0,-2.0,17.9,14.307692307692308,16.90909090909091,78.23118279569893,2.0,12.0,20.191710670970313,13,25,17.39579282094913,23.04733600156205,7.191710670970313,4.808289329029687
214021253,동상초등학교,214021542,안진초등학교,1.968672,100,394,494,488.0,17.0,23.0,23.0,0.0,21.217391304347824,19.0,16.466666666666665,22.73076923076923,2.0,25.0,37.45102967581671,26,38,34.65511182579553,40.30665500640845,11.451029675816713,0.5489703241832871
214021253,동상초등학교,216021200,무정초등학교,2.11632,100,504,604,598.0,23.0,29.0,27.0,-2.0,22.14814814814815,19.483870967741936,16.77777777777778,17.051324503311257,2.0,29.0,42.761589369615606,31,43,39.96567151959442,45.61721470020734,11.761589369615606,0.23841063038439358
214021253,동상초등학교,214021199,낙민초등학교,2.147329,100,589,689,689.0,27.0,33.0,30.0,-3.0,22.966666666666665,17.666666666666668,19.13888888888889,21.076923076923077,2.0,32.0,46.74450913996478,39,51,43.94859128994359,49.60013447055651,7.7445091399647765,4.2554908600352235
214021253,동상초등학교,214021370,안남초등학교,2.17637,100,732,832,822.0,31.0,37.0,36.0,-1.0,22.833333333333332,18.90909090909091,21.333333333333332,11.056490384615385,2.0,38.0,54.71034868066312,44,56,51.91443083064193,57.56597401125485,10.710348680663117,1.2896513193368833
214021253,동상초등학교,214021280,명륜초등학교,2.187495,100,1110,1210,1186.0,43.0,49.0,50.0,1.0,23.72,20.508474576271187,22.830188679245282,10.64710743801653,2.0,52.0,73.29730760895924,59,71,70.50138975893806,76.15293293955098,14.297307608959244,-2.297307608959244
214021253,동상초등학교,214021384,안민초등학교,2.261154,100,615,715,708.0,27.0,33.0,31.0,-2.0,22.838709677419356,18.81578947368421,15.212765957446809,18.026573426573428,2.0,33.0,48.0721490634145,38,50,45.27623121339332,50.927774394006235,10.0721490634145,1.9278509365855
214021253,동상초등학교,216021256,반여초등학교,2.261371,100,161,261,253.0,11.0,17.0,12.0,-5.0,21.083333333333332,11.863636363636363,7.909090909090909,112.28735632183908,3.0,15.0,24.174630441319483,22,34,21.3787125912983,27.03025577191122,2.174630441319483,9.825369558680517
214021253,동상초등학교,214021471,연신초등학교,2.437543,100,578,678,686.0,27.0,33.0,31.0,-2.0,22.129032258064516,16.95,19.941176470588236,17.16519174041298,2.0,33.0,48.0721490634145,40,52,45.27623121339332,50.927774394006235,8.0721490634145,3.9278509365855
214021253,동상초등학교,216021328,신재초등학교,2.603389,100,303,403,406.0,16.0,22.0,19.0,-3.0,21.36842105263158,15.5,13.89655172413793,34.39950372208437,2.0,21.0,32.14046998201782,26,38,29.344552131996636,34.996095312609555,6.1404699820178195,5.8595300179821805
214021253,동상초등학교,216021570,송수초등학교,2.628368,100,850,950,955.0,36.0,42.0,41.0,-1.0,23.29268292682927,16.964285714285715,19.0,11.750526315789473,3.0,44.0,62.67618822136146,56,68,59.88027037134027,65.53181355195319,6.676188221361457,5.323811778638543
214021253,동상초등학교,214021361,수안초등학교,2.698613,100,166,266,258.0,11.0,17.0,13.0,-4.0,19.846153846153847,16.625,15.647058823529411,16.73308270676692,2.0,15.0,24.174630441319483,16,28,21.3787125912983,27.03025577191122,8.174630441319483,3.825369558680517
214021253,동상초등학교,214021190,금정초등학교,2.735269,100,1298,1398,1384.0,52.0,58.0,58.0,0.0,23.862068965517242,19.690140845070424,30.391304347826086,27.632331902718168,3.0,61.0,85.24606692000674,71,83,82.45014906998556,88.10169225059848,14.24606692000674,-2.24606692000674
214021253,동상초등학교,214021159,과정초등학교,2.744561,100,425,525,516.0,20.0,26.0,23.0,-3.0,22.434782608695652,16.93548387096774,12.5,27.32952380952381,2.0,25.0,37.45102967581671,31,43,34.65511182579553,40.30665500640845,6.451029675816713,5.548970324183287
214021253,동상초등학교,214021217,내산초등학교,2.796112,100,215,315,298.0,11.0,17.0,15.0,-2.0,19.866666666666667,14.318181818181818,15.0,25.81904761904762,3.0,18.0,28.157550211668653,22,34,25.36163236164747,31.01317554226039,6.157550211668653,5.842449788331347
214021253,동상초등학교,214021316,부곡초등학교,2.822755,100,445,545,527.0,20.0,26.0,24.0,-2.0,21.958333333333332,17.580645161290324,14.72972972972973,31.722935779816513,2.0,26.0,38.778669599266436,31,43,35.98275174924525,41.63429492985817,7.778669599266436,4.221330400733564
214021253,동상초등학교,214021481,연천초등학교,2.845358,100,583,683,664.0,26.0,32.0,28.0,-4.0,23.714285714285715,16.658536585365855,15.177777777777777,17.764275256222547,2.0,30.0,44.08922929306533,41,53,41.293311443044146,46.944854623657065,3.08922929306533,8.91077070693467
214021253,동상초등학교,216021232,반산초등학교,2.863494,100,291,391,375.0,17.0,23.0,18.0,-5.0,20.833333333333332,13.482758620689655,11.848484848484848,20.861892583120206,3.0,21.0,32.14046998201782,29,41,29.344552131996636,34.996095312609555,3.1404699820178195,8.85953001798218
214021253,동상초등학교,214021470,연서초등학교,2.921915,100,591,691,690.0,29.0,35.0,31.0,-4.0,22.258064516129032,15.704545454545455,18.675675675675677,16.81765557163531,2.0,33.0,48.0721490634145,44,56,45.27623121339332,50.927774394006235,4.0721490634145,7.9278509365855
214021024,서동초등학교,214021352,서명초등학교,0.483798,62,36,98,93.0,6.0,12.0,6.0,-6.0,15.5,7.0,5.157894736842105,121.60204081632654,2.0,8.0,14.881150977171421,14,28,12.085233127150238,17.736776307763158,0.881150977171421,13.118849022828579
214021024,서동초등학교,214021262,동현초등학교,0.495127,62,289,351,346.0,15.0,21.0,17.0,-4.0,20.352941176470587,14.625,10.636363636363637,45.95441595441596,2.0,19.0,29.485190135118376,24,38,26.689272285097193,32.340815465710115,5.485190135118376,8.514809864881624
214021024,서동초등학교,214021145,교동초등학교,0.59018,62,862,924,914.0,36.0,42.0,40.0,-2.0,22.85,17.11111111111111,10.382022471910112,24.48160173160173,2.0,42.0,60.02090837446201,54,68,57.22499052444083,62.876533705053745,6.02090837446201,7.97909162553799
214021024,서동초등학교,214021289,명서초등학교,0.861772,62,94,156,151.0,6.0,12.0,8.0,-4.0,18.875,12.0,9.75,47.583333333333336,2.0,10.0,17.53643082407087,13,27,14.740512974049686,20.39205615466261,4.5364308240708695,9.46356917592913
214021024,서동초등학교,214021532,현곡초등학교,0.866099,62,86,148,144.0,6.0,12.0,8.0,-4.0,18.0,11.384615384615385,13.454545454545455,98.31756756756756,2.0,10.0,17.53643082407087,13,27,14.740512974049686,20.39205615466261,4.5364308240708695,9.46356917592913
214021024,서동초등학교,214021172,금사초등학교,1.154421,62,268,330,330.0,14.0,20.0,16.0,-4.0,20.625,15.714285714285714,12.222222222222221,32.8969696969697,3.0,19.0,29.485190135118376,21,35,26.689272285097193,32.340815465710115,8.485190135118376,5.514809864881624
214021024,서동초등학교,214021298,명장초등학교,1.212826,62,339,401,405.0,17.0,23.0,19.0,-4.0,21.31578947368421,13.827586206896552,14.851851851851851,37.68827930174564,2.0,21.0,32.14046998201782,29,43,29.344552131996636,34.996095312609555,3.1404699820178195,10.85953001798218
214021024,서동초등학교,214021253,동상초등학교,1.262305,62,100,162,159.0,6.0,12.0,10.0,-2.0,15.9,13.5,5.785714285714286,76.57407407407408,2.0,12.0,20.191710670970313,12,26,17.39579282094913,23.04733600156205,8.191710670970313,5.808289329029687
214021024,서동초등학교,214021190,금정초등학교,1.473111,62,1298,1360,1349.0,52.0,58.0,57.0,-1.0,23.666666666666668,19.154929577464788,29.565217391304348,28.404411764705884,3.0,60.0,83.91842699655703,71,85,81.12250914653585,86.77405232714877,12.91842699655703,1.0815730034429691
214021024,서동초등학교,214021271,명동초등학교,1.536223,62,454,516,527.0,22.0,28.0,24.0,-4.0,21.958333333333332,15.176470588235293,15.176470588235293,23.410852713178294,2.0,26.0,38.778669599266436,34,48,35.98275174924525,41.63429492985817,4.778669599266436,9.221330400733564
214021024,서동초등학교,214021316,부곡초등학교,1.69725,62,445,507,492.0,20.0,26.0,23.0,-3.0,21.391304347826086,16.35483870967742,13.702702702702704,34.10059171597633,2.0,25.0,37.45102967581671,31,45,34.65511182579553,40.30665500640845,6.451029675816713,7.548970324183287
214021024,서동초등학교,214021226,내성초등학교,1.733974,62,107,169,162.0,7.0,13.0,10.0,-3.0,16.2,9.941176470588236,3.188679245283019,90.37278106508876,3.0,13.0,21.519350594420036,17,31,18.723432744398853,24.374975925011775,4.519350594420036,9.480649405579964
214021024,서동초등학교,214021280,명륜초등학교,1.746302,62,1110,1172,1151.0,43.0,49.0,50.0,1.0,23.02,19.864406779661017,22.11320754716981,10.992320819112628,2.0,52.0,73.29730760895924,59,73,70.50138975893806,76.15293293955098,14.297307608959244,-0.2973076089592439
214021024,서동초등학교,214021180,금빛초등학교,1.797743,62,693,755,738.0,30.0,36.0,33.0,-3.0,22.363636363636363,17.15909090909091,20.405405405405407,13.112582781456954,3.0,36.0,52.05506883376367,44,58,49.25915098374249,54.910694164355405,8.05506883376367,5.94493116623633
214021024,서동초등학교,214021379,안락초등학교,1.972467,62,187,249,241.0,11.0,17.0,12.0,-5.0,20.083333333333332,11.857142857142858,10.375,39.7429718875502,2.0,14.0,22.84699051786976,21,35,20.051072667848576,25.702615848461498,1.8469905178697594,12.15300948213024
214021024,서동초등학교,216021569,삼어초등학교,2.079485,62,272,334,334.0,15.0,21.0,17.0,-4.0,19.647058823529413,15.181818181818182,7.9523809523809526,32.287425149700596,2.0,19.0,29.485190135118376,22,36,26.689272285097193,32.340815465710115,7.485190135118376,6.514809864881624
214021024,서동초등학교,214021469,온천초등학교,2.235483,62,1064,1126,1102.0,44.0,50.0,48.0,-2.0,22.958333333333332,17.060606060606062,23.458333333333332,11.27797513321492,3.0,51.0,71.9696676855095,66,80,69.17374983548832,74.82529301610124,5.969667685509506,8.030332314490494
214021024,서동초등학교,214021217,내산초등학교,2.259172,62,215,277,263.0,11.0,17.0,13.0,-4.0,20.23076923076923,12.590909090909092,13.19047619047619,29.36101083032491,3.0,16.0,25.502270364769206,22,36,22.706352514748023,28.357895695360945,3.502270364769206,10.497729635230794
214021024,서동초등학교,214021199,낙민초등학교,2.319568,62,589,651,654.0,27.0,33.0,29.0,-4.0,22.551724137931036,16.692307692307693,18.083333333333332,22.307219662058372,2.0,31.0,45.41686921651505,39,53,42.62095136649387,48.27249454710679,6.416869216515053,7.583130783484947
214021024,서동초등학교,216021021,반안초등학교,2.333113,62,516,578,572.0,24.0,30.0,25.0,-5.0,22.88,15.210526315789474,15.210526315789474,15.536332179930795,2.0,27.0,40.10630952271616,38,52,37.310391672694976,42.961934853307895,2.1063095227161597,11.89369047728384
214021024,서동초등학교,214021514,충렬초등학교,2.475726,62,94,156,159.0,6.0,12.0,9.0,-3.0,17.666666666666668,12.0,9.176470588235293,65.17948717948718,2.0,11.0,18.864070747520593,13,27,16.06815289749941,21.71969607811233,5.864070747520593,8.135929252479407
214021024,서동초등학교,214021195,금양초등학교,2.495048,62,658,720,713.0,31.0,37.0,30.0,-7.0,23.766666666666666,16.0,17.142857142857142,9.202777777777778,3.0,33.0,48.0721490634145,45,59,45.27623121339332,50.927774394006235,3.0721490634145,10.9278509365855
214021024,서동초등학교,214021361,수안초등학교,2.554494,62,166,228,223.0,11.0,17.0,11.0,-6.0,20.272727272727273,14.25,13.411764705882353,19.521929824561404,2.0,13.0,21.519350594420036,16,30,18.723432744398853,24.374975925011775,5.519350594420036,8.480649405579964
214021024,서동초등학교,216021238,반석초등학교,2.699035,62,62,124,120.0,6.0,12.0,7.0,-5.0,17.142857142857142,8.857142857142858,4.769230769230769,62.74193548387097,2.0,9.0,16.208790900621146,14,28,13.412873050599963,19.064416231212885,2.208790900621146,11.791209099378854
214021024,서동초등학교,214021542,안진초등학교,2.712794,62,394,456,453.0,17.0,23.0,20.0,-3.0,22.65,17.53846153846154,15.2,24.625,2.0,22.0,33.46810990546754,26,40,30.67219205544636,36.32373523605928,7.468109905467543,6.531890094532457
214021024,서동초등학교,214021214,미남초등학교,2.780056,62,266,328,322.0,13.0,19.0,16.0,-3.0,20.125,13.666666666666666,12.615384615384615,19.070121951219512,3.0,19.0,29.485190135118376,24,38,26.689272285097193,32.340815465710115,5.485190135118376,8.514809864881624
214021024,서동초등학교,214021619,온샘초등학교,2.782891,62,1380,1442,1424.0,55.0,61.0,60.0,-1.0,23.733333333333334,18.025,23.258064516129032,7.092926490984744,3.0,63.0,87.90134676690619,80,94,85.105428916885,90.75697209749792,7.901346766906187,6.098653233093813
214021024,서동초등학교,214021487,장전초등학교,2.785445,62,428,490,481.0,21.0,27.0,23.0,-4.0,20.91304347826087,14.848484848484848,9.074074074074074,25.526530612244898,2.0,25.0,37.45102967581671,33,47,34.65511182579553,40.30665500640845,4.451029675816713,9.548970324183287
214021024,서동초등학교,214021384,안민초등학교,2.798478,62,615,677,673.0,27.0,33.0,30.0,-3.0,22.433333333333334,17.81578947368421,14.404255319148936,19.0384047267356,2.0,32.0,46.74450913996478,38,52,43.94859128994359,49.60013447055651,8.744509139964777,5.2554908600352235
214021024,서동초등학교,216021412,장산초등학교,2.963934,62,701,763,746.0,30.0,36.0,32.0,-4.0,23.3125,16.23404255319149,17.34090909090909,14.427260812581913,2.0,34.0,49.39978898686422,47,61,46.60387113684304,52.25541431745596,2.3997889868642233,11.600211013135777
214021024,서동초등학교,214021471,연신초등학교,2.97534,62,578,640,651.0,27.0,33.0,29.0,-4.0,22.448275862068964,16.0,18.823529411764707,18.184375,2.0,31.0,45.41686921651505,40,54,42.62095136649387,48.27249454710679,5.416869216515053,8.583130783484947
214021352,서명초등학교,214021145,교동초등학교,0.226209,36,862,898,883.0,36.0,42.0,37.0,-5.0,23.864864864864863,16.62962962962963,10.089887640449438,25.190423162583517,2.0,39.0,56.03798860411284,54,68,53.24207075409166,58.893613934704575,2.03798860411284,11.96201139588716
214021352,서명초등학교,214021024,서동초등학교,0.483798,36,62,98,93.0,6.0,12.0,6.0,-6.0,15.5,7.0,4.260869565217392,217.77551020408163,2.0,8.0,14.881150977171421,14,28,12.085233127150238,17.736776307763158,0.881150977171421,13.118849022828579
214021352,서명초등학교,214021289,명서초등학교,0.664047,36,94,130,120.0,6.0,12.0,8.0,-4.0,15.0,10.0,8.125,57.1,2.0,10.0,17.53643082407087,13,27,14.740512974049686,20.39205615466261,4.5364308240708695,9.46356917592913
214021352,서명초등학교,214021262,동현초등학교,0.780098,36,289,325,315.0,15.0,21.0,15.0,-6.0,21.0,13.541666666666666,9.848484848484848,49.63076923076923,2.0,17.0,26.82991028821893,24,38,24.033992438197746,29.68553561881067,2.8299102882189295,11.17008971178107
214021352,서명초등학교,214021298,명장초등학교,0.793733,36,339,375,374.0,17.0,23.0,17.0,-6.0,22.0,12.931034482758621,13.88888888888889,40.30133333333333,2.0,19.0,29.485190135118376,29,43,26.689272285097193,32.340815465710115,0.4851901351183763,13.514809864881624
214021352,서명초등학교,214021253,동상초등학교,1.201153,36,100,136,128.0,6.0,12.0,8.0,-4.0,16.0,11.333333333333334,4.857142857142857,91.21323529411765,2.0,10.0,17.53643082407087,12,26,14.740512974049686,20.39205615466261,5.5364308240708695,8.46356917592913
214021352,서명초등학교,214021226,내성초등학교,1.251197,36,107,143,131.0,7.0,13.0,8.0,-5.0,16.375,8.411764705882353,2.69811320754717,106.8041958041958,3.0,11.0,18.864070747520593,17,31,16.06815289749941,21.71969607811233,1.8640707475205929,12.135929252479407
214021352,서명초등학교,214021280,명륜초등학교,1.30304,36,1110,1146,1120.0,43.0,49.0,48.0,-1.0,23.333333333333332,19.423728813559322,21.62264150943396,11.241710296684118,2.0,50.0,70.6420277620598,59,73,67.84610991203861,73.49765309265153,11.642027762059797,2.357972237940203
214021352,서명초등학교,214021532,현곡초등학교,1.318485,36,86,122,113.0,6.0,12.0,7.0,-5.0,16.142857142857142,9.384615384615385,11.090909090909092,119.27049180327869,2.0,9.0,16.208790900621146,13,27,13.412873050599963,19.064416231212885,3.208790900621146,10.791209099378854
214021352,서명초등학교,214021271,명동초등학교,1.349542,36,454,490,496.0,22.0,28.0,24.0,-4.0,20.666666666666668,14.411764705882353,14.411764705882353,24.653061224489797,2.0,26.0,38.778669599266436,34,48,35.98275174924525,41.63429492985817,4.778669599266436,9.221330400733564
214021352,서명초등학교,214021172,금사초등학교,1.421522,36,268,304,299.0,14.0,20.0,14.0,-6.0,21.357142857142858,14.476190476190476,11.25925925925926,35.71052631578947,3.0,17.0,26.82991028821893,21,35,24.033992438197746,29.68553561881067,5.8299102882189295,8.17008971178107
214021352,서명초등학교,214021379,안락초등학교,1.642853,36,187,223,210.0,11.0,17.0,11.0,-6.0,19.09090909090909,10.619047619047619,9.291666666666666,44.37668161434978,2.0,13.0,21.519350594420036,21,35,18.723432744398853,24.374975925011775,0.5193505944200361,13.480649405579964
214021352,서명초등학교,214021190,금정초등학교,1.680723,36,1298,1334,1318.0,52.0,58.0,55.0,-3.0,23.963636363636365,18.788732394366196,29.0,28.958020989505247,3.0,58.0,81.26314714965758,71,85,78.4672292996364,84.11877248024932,10.263147149657584,3.736852850342416
214021352,서명초등학교,214021199,낙민초등학교,1.838518,36,589,625,623.0,27.0,33.0,29.0,-4.0,21.482758620689655,16.025641025641026,17.36111111111111,23.2352,2.0,31.0,45.41686921651505,39,53,42.62095136649387,48.27249454710679,6.416869216515053,7.583130783484947
214021352,서명초등학교,214021217,내산초등학교,1.854455,36,215,251,232.0,11.0,17.0,11.0,-6.0,21.09090909090909,11.409090909090908,11.952380952380953,32.40239043824701,3.0,14.0,22.84699051786976,22,36,20.051072667848576,25.702615848461498,0.8469905178697594,13.15300948213024
214021352,서명초등학교,214021180,금빛초등학교,1.926801,36,693,729,707.0,30.0,36.0,31.0,-5.0,22.806451612903224,16.568181818181817,19.7027027027027,13.580246913580247,3.0,34.0,49.39978898686422,44,58,46.60387113684304,52.25541431745596,5.399788986864223,8.600211013135777
214021352,서명초등학교,214021469,온천초등학교,1.930808,36,1064,1100,1071.0,44.0,50.0,46.0,-4.0,23.282608695652176,16.666666666666668,22.916666666666668,11.544545454545455,3.0,49.0,69.31438783861006,66,80,66.51846998858888,72.1700131692018,3.3143878386100596,10.68561216138994
214021352,서명초등학교,216021569,삼어초등학교,2.062145,36,272,308,303.0,15.0,21.0,15.0,-6.0,20.2,14.0,7.333333333333333,35.01298701298701,2.0,17.0,26.82991028821893,22,36,24.033992438197746,29.68553561881067,4.8299102882189295,9.17008971178107
214021352,서명초등학교,214021361,수안초등학교,2.08145,36,166,202,192.0,11.0,17.0,11.0,-6.0,17.454545454545453,12.625,11.882352941176471,22.034653465346533,2.0,13.0,21.519350594420036,16,30,18.723432744398853,24.374975925011775,5.519350594420036,8.480649405579964
214021352,서명초등학교,214021316,부곡초등학교,2.106848,36,445,481,461.0,20.0,26.0,20.0,-6.0,23.05,15.516129032258064,13.0,35.943866943866944,2.0,22.0,33.46810990546754,31,45,30.67219205544636,36.32373523605928,2.468109905467543,11.531890094532457
214021352,서명초등학교,216021021,반안초등학교,2.170908,36,516,552,541.0,24.0,30.0,24.0,-6.0,22.541666666666668,14.526315789473685,14.526315789473685,16.268115942028984,2.0,26.0,38.778669599266436,38,52,35.98275174924525,41.63429492985817,0.7786695992664363,13.221330400733564
214021352,서명초등학교,214021514,충렬초등학교,2.257606,36,94,130,128.0,6.0,12.0,9.0,-3.0,14.222222222222221,10.0,7.647058823529412,78.21538461538462,2.0,11.0,18.864070747520593,13,27,16.06815289749941,21.71969607811233,5.864070747520593,8.135929252479407
214021352,서명초등학교,214021542,안진초등학교,2.303987,36,394,430,422.0,17.0,23.0,19.0,-4.0,22.210526315789473,16.53846153846154,14.333333333333334,26.113953488372093,2.0,21.0,32.14046998201782,26,40,29.344552131996636,34.996095312609555,6.1404699820178195,7.8595300179821805
214021352,서명초등학교,214021384,안민초등학교,2.347171,36,615,651,642.0,27.0,33.0,30.0,-3.0,21.4,17.13157894736842,13.851063829787234,19.798771121351766,2.0,32.0,46.74450913996478,38,52,43.94859128994359,49.60013447055651,8.744509139964777,5.2554908600352235
214021352,서명초등학교,214021214,미남초등학교,2.359004,36,266,302,291.0,13.0,19.0,14.0,-5.0,20.785714285714285,12.583333333333334,11.615384615384615,20.711920529801326,3.0,17.0,26.82991028821893,24,38,24.033992438197746,29.68553561881067,2.8299102882189295,11.17008971178107
214021352,서명초등학교,214021619,온샘초등학교,2.447636,36,1380,1416,1393.0,55.0,61.0,58.0,-3.0,24.017241379310345,17.7,22.838709677419356,7.22316384180791,3.0,61.0,85.24606692000674,80,94,82.45014906998556,88.10169225059848,5.24606692000674,8.75393307999326
214021352,서명초등학교,214021471,연신초등학교,2.521179,36,578,614,620.0,27.0,33.0,28.0,-5.0,22.142857142857142,15.35,18.058823529411764,18.95439739413681,2.0,30.0,44.08922929306533,40,54,41.293311443044146,46.944854623657065,4.08922929306533,9.91077070693467
214021352,서명초등학교,214021158,거학초등학교,2.545442,36,543,579,572.0,24.0,30.0,25.0,-5.0,22.88,15.236842105263158,14.475,16.231433506044905,2.0,27.0,40.10630952271616,38,52,37.310391672694976,42.961934853307895,2.1063095227161597,11.89369047728384
214021352,서명초등학교,214021470,연서초등학교,2.785156,36,591,627,624.0,29.0,35.0,28.0,-7.0,22.285714285714285,14.25,16.945945945945947,18.534290271132377,2.0,30.0,44.08922929306533,44,58,41.293311443044146,46.944854623657065,0.08922929306532978,13.91077070693467
214021352,서명초등학교,216021238,반석초등학교,2.79586,36,62,98,89.0,6.0,12.0,6.0,-6.0,14.833333333333334,7.0,3.769230769230769,79.38775510204081,2.0,8.0,14.881150977171421,14,28,12.085233127150238,17.736776307763158,0.881150977171421,13.118849022828579
214021352,서명초등학교,216021412,장산초등학교,2.83067,36,701,737,715.0,30.0,36.0,30.0,-6.0,23.833333333333332,15.680851063829786,16.75,14.936227951153324,2.0,32.0,46.74450913996478,47,61,43.94859128994359,49.60013447055651,-0.2554908600352235,14.255490860035223
214021352,서명초등학교,214021370,안남초등학교,2.864496,36,732,768,756.0,31.0,37.0,33.0,-4.0,22.90909090909091,17.454545454545453,19.692307692307693,11.977864583333334,2.0,35.0,50.72742891031395,44,58,47.93151106029276,53.58305424090568,6.727428910313947,7.272571089686053
214021352,서명초등학교,214021195,금양초등학교,2.903523,36,658,694,682.0,31.0,37.0,30.0,-7.0,22.733333333333334,15.422222222222222,16.523809523809526,9.547550432276656,3.0,33.0,48.0721490634145,45,59,45.27623121339332,50.927774394006235,3.0721490634145,10.9278509365855
214021532,현곡초등학교,214021262,동현초등학교,0.65337,86,289,375,366.0,15.0,21.0,17.0,-4.0,21.529411764705884,15.625,11.363636363636363,43.013333333333335,2.0,19.0,29.485190135118376,24,37,26.689272285097193,32.340815465710115,5.485190135118376,7.514809864881624
214021532,현곡초등학교,214021316,부곡초등학교,0.859837,86,445,531,512.0,20.0,26.0,24.0,-2.0,21.333333333333332,17.129032258064516,14.35135135135135,32.559322033898304,2.0,26.0,38.778669599266436,31,44,35.98275174924525,41.63429492985817,7.778669599266436,5.221330400733564
214021532,현곡초등학교,214021024,서동초등학교,0.866099,86,62,148,144.0,6.0,12.0,8.0,-4.0,18.0,10.571428571428571,6.434782608695652,144.2027027027027,2.0,10.0,17.53643082407087,14,27,14.740512974049686,20.39205615466261,3.5364308240708695,9.46356917592913
214021532,현곡초등학교,214021190,금정초등학교,1.086062,86,1298,1384,1369.0,52.0,58.0,57.0,-1.0,24.017543859649123,19.492957746478872,30.08695652173913,27.911849710982658,3.0,60.0,83.91842699655703,71,84,81.12250914653585,86.77405232714877,12.91842699655703,0.08157300344296914
214021532,현곡초등학교,214021352,서명초등학교,1.318485,86,36,122,113.0,6.0,12.0,7.0,-5.0,16.142857142857142,8.714285714285714,6.421052631578948,97.68032786885246,2.0,9.0,16.208790900621146,14,27,13.412873050599963,19.064416231212885,2.208790900621146,10.791209099378854
214021532,현곡초등학교,214021145,교동초등학교,1.338177,86,862,948,934.0,36.0,42.0,41.0,-1.0,22.78048780487805,17.555555555555557,10.651685393258427,23.86181434599156,2.0,43.0,61.348548297911734,54,67,58.55263044789055,64.20417362850347,7.348548297911734,5.651451702088266
214021532,현곡초등학교,214021172,금사초등학교,1.465566,86,268,354,350.0,14.0,20.0,17.0,-3.0,20.58823529411765,16.857142857142858,13.11111111111111,30.666666666666668,3.0,20.0,30.8128300585681,21,34,28.016912208546916,33.66845538915984,9.8128300585681,3.1871699414319004
214021532,현곡초등학교,214021180,금빛초등학교,1.496948,86,693,779,758.0,30.0,36.0,34.0,-2.0,22.294117647058822,17.704545454545453,21.054054054054053,12.70860077021823,3.0,37.0,53.38270875721339,44,57,50.58679090719221,56.23833408780513,9.382708757213393,3.6172912427866066
214021532,현곡초등학교,214021195,금양초등학교,1.646749,86,658,744,733.0,31.0,37.0,31.0,-6.0,23.64516129032258,16.533333333333335,17.714285714285715,8.905913978494624,3.0,34.0,49.39978898686422,45,58,46.60387113684304,52.25541431745596,4.399788986864223,8.600211013135777
214021532,현곡초등학교,214021289,명서초등학교,1.689559,86,94,180,171.0,6.0,12.0,9.0,-3.0,19.0,13.846153846153847,11.25,41.23888888888889,2.0,11.0,18.864070747520593,13,26,16.06815289749941,21.71969607811233,5.864070747520593,7.135929252479407
214021532,현곡초등학교,214021253,동상초등학교,1.966734,86,100,186,179.0,6.0,12.0,10.0,-2.0,17.9,15.5,6.642857142857143,66.69354838709677,2.0,12.0,20.191710670970313,12,25,17.39579282094913,23.04733600156205,8.191710670970313,4.808289329029687
214021532,현곡초등학교,214021487,장전초등학교,2.048871,86,428,514,501.0,21.0,27.0,24.0,-3.0,20.875,15.575757575757576,9.518518518518519,24.33463035019455,2.0,26.0,38.778669599266436,33,46,35.98275174924525,41.63429492985817,5.778669599266436,7.221330400733564
214021532,현곡초등학교,214021298,명장초등학교,2.078554,86,339,425,425.0,17.0,23.0,19.0,-4.0,22.36842105263158,14.655172413793103,15.74074074074074,35.56,2.0,21.0,32.14046998201782,29,42,29.344552131996636,34.996095312609555,3.1404699820178195,9.85953001798218
214021532,현곡초등학교,214021271,명동초등학교,2.312168,86,454,540,547.0,22.0,28.0,24.0,-4.0,22.791666666666668,15.882352941176471,15.882352941176471,22.37037037037037,2.0,26.0,38.778669599266436,34,47,35.98275174924525,41.63429492985817,4.778669599266436,8.221330400733564
214021532,현곡초등학교,214021280,명륜초등학교,2.428794,86,1110,1196,1171.0,43.0,49.0,49.0,0.0,23.897959183673468,20.271186440677965,22.566037735849058,10.771739130434783,2.0,51.0,71.9696676855095,59,72,69.17374983548832,74.82529301610124,12.969667685509506,0.030332314490493673
214021532,현곡초등학교,214021226,내성초등학교,2.555008,86,107,193,182.0,7.0,13.0,10.0,-3.0,18.2,11.352941176470589,3.641509433962264,79.13471502590673,3.0,13.0,21.519350594420036,17,30,18.723432744398853,24.374975925011775,4.519350594420036,8.480649405579964
214021532,현곡초등학교,214021478,장서초등학교,2.559935,86,571,657,641.0,25.0,31.0,27.0,-4.0,23.74074074074074,16.846153846153847,16.846153846153847,17.636225266362253,2.0,29.0,42.761589369615606,39,52,39.96567151959442,45.61721470020734,3.7615893696156064,9.238410630384394
214021532,현곡초등학교,214021469,온천초등학교,2.637442,86,1064,1150,1122.0,44.0,50.0,47.0,-3.0,23.872340425531913,17.424242424242426,23.958333333333332,11.042608695652174,3.0,50.0,70.6420277620598,66,79,67.84610991203861,73.49765309265153,4.642027762059797,8.357972237940203
214021532,현곡초등학교,216021569,삼어초등학교,2.668187,86,272,358,354.0,15.0,21.0,16.0,-5.0,22.125,16.272727272727273,8.523809523809524,30.122905027932962,2.0,18.0,28.157550211668653,22,35,25.36163236164747,31.01317554226039,6.157550211668653,6.842449788331347
214021532,현곡초등학교,214021379,안락초등학교,2.815671,86,187,273,261.0,11.0,17.0,13.0,-4.0,20.076923076923077,13.0,11.375,36.24908424908425,2.0,15.0,24.174630441319483,21,34,21.3787125912983,27.03025577191122,3.174630441319483,9.825369558680517
214021532,현곡초등학교,214021217,내산초등학교,2.840485,86,215,301,283.0,11.0,17.0,16.0,-1.0,17.6875,13.681818181818182,14.333333333333334,27.019933554817275,3.0,19.0,29.485190135118376,22,35,26.689272285097193,32.340815465710115,7.485190135118376,5.514809864881624
214021532,현곡초등학교,214021543,두실초등학교,2.988397,86,759,845,836.0,31.0,37.0,35.0,-2.0,23.885714285714286,17.604166666666668,16.568627450980394,11.388165680473373,2.0,37.0,53.38270875721339,48,61,50.58679090719221,56.23833408780513,5.382708757213393,7.617291242786607
216021172,용암초등학교,216021178,대청초등학교,1.914302,68,472,540,529.0,22.0,28.0,24.0,-4.0,22.041666666666668,15.428571428571429,11.25,24.45740740740741,2.0,26.0,38.778669599266436,35,49,35.98275174924525,41.63429492985817,3.7786695992664363,10.221330400733564
216021172,용암초등학교,216021496,죽성초등학교,2.464938,68,71,139,134.0,6.0,12.0,9.0,-3.0,14.88888888888889,11.583333333333334,12.636363636363637,57.79136690647482,2.0,11.0,18.864070747520593,12,26,16.06815289749941,21.71969607811233,6.864070747520593,7.135929252479407
216021172,용암초등학교,216021148,기장초등학교,2.609395,68,460,528,516.0,22.0,28.0,24.0,-4.0,21.5,15.085714285714285,10.352941176470589,35.72537878787879,2.0,26.0,38.778669599266436,35,49,35.98275174924525,41.63429492985817,3.7786695992664363,10.221330400733564
216021172,용암초등학교,216021241,내리초등학교,2.914225,68,124,192,195.0,9.0,15.0,11.0,-4.0,17.727272727272727,10.105263157894736,8.727272727272727,56.098958333333336,2.0,13.0,21.519350594420036,19,33,18.723432744398853,24.374975925011775,2.519350594420036,11.480649405579964
216021484,좌천초등학교,216021520,칠암초등학교,2.080104,37,55,92,88.0,6.0,12.0,6.0,-6.0,14.666666666666666,7.076923076923077,7.666666666666667,123.1413043478261,2.0,8.0,14.881150977171421,13,27,12.085233127150238,17.736776307763158,1.881150977171421,12.118849022828579
216021496,죽성초등학교,216021172,용암초등학교,2.464938,71,68,139,134.0,6.0,12.0,9.0,-3.0,14.88888888888889,9.928571428571429,11.583333333333334,64.56834532374101,2.0,11.0,18.864070747520593,14,26,16.06815289749941,21.71969607811233,4.864070747520593,7.135929252479407
216021496,죽성초등학교,216021216,교리초등학교,2.798295,71,529,600,594.0,24.0,30.0,26.0,-4.0,22.846153846153847,13.636363636363637,11.764705882352942,22.25,2.0,28.0,41.43394944616588,44,56,38.6380315961447,44.28957477675762,-2.566050553834117,14.566050553834117
216021496,죽성초등학교,216021148,기장초등학교,2.827996,71,460,531,516.0,22.0,28.0,22.0,-6.0,23.454545454545453,15.17142857142857,10.411764705882353,35.52354048964219,2.0,24.0,36.12338975236699,35,47,33.327471902345806,38.979015082958725,1.1233897523669896,10.87661024763301
216021520,칠암초등학교,216021484,좌천초등학교,2.080104,55,37,92,88.0,6.0,12.0,6.0,-6.0,14.666666666666666,6.571428571428571,7.666666666666667,142.52173913043478,2.0,8.0,14.881150977171421,14,27,12.085233127150238,17.736776307763158,0.881150977171421,12.118849022828579
213021190,동항초등학교,213021180,동천초등학교,0.843897,127,260,387,385.0,12.0,20.0,19.0,-1.0,20.263157894736842,17.59090909090909,13.821428571428571,21.852713178294575,2.0,21.0,32.14046998201782,22,38,29.344552131996636,34.996095312609555,10.14046998201782,5.8595300179821805
213021190,동항초등학교,213021380,용당초등학교,1.050053,127,86,213,204.0,7.0,15.0,12.0,-3.0,17.0,13.3125,15.214285714285714,30.140845070422536,3.0,15.0,24.174630441319483,16,32,21.3787125912983,27.03025577191122,8.174630441319483,7.825369558680517
213021190,동항초등학교,213021410,우암초등학교,1.390983,127,267,394,389.0,14.0,22.0,18.0,-4.0,21.61111111111111,16.416666666666668,11.93939393939394,15.538071065989847,2.0,20.0,30.8128300585681,24,40,28.016912208546916,33.66845538915984,6.8128300585681,9.1871699414319
213021190,동항초등학교,213021290,석포초등학교,1.613508,127,651,778,782.0,30.0,38.0,35.0,-3.0,22.34285714285714,17.288888888888888,25.933333333333334,14.119537275064268,3.0,38.0,54.71034868066312,45,61,51.91443083064193,57.56597401125485,9.710348680663117,6.289651319336883
213021190,동항초등학교,213021213,성천초등학교,2.104687,127,122,249,244.0,9.0,17.0,13.0,-4.0,18.76923076923077,13.105263157894736,19.153846153846153,59.51807228915663,2.0,15.0,24.174630441319483,19,35,21.3787125912983,27.03025577191122,5.174630441319483,10.825369558680517
213021190,동항초등학교,213021089,백운초등학교,2.117566,127,152,279,273.0,9.0,17.0,13.0,-4.0,21.0,14.68421052631579,9.620689655172415,70.94623655913979,3.0,16.0,25.502270364769206,19,35,22.706352514748023,28.357895695360945,6.502270364769206,9.497729635230794
213021190,동항초등학교,213021160,대천초등학교,2.360675,127,516,643,626.0,24.0,32.0,28.0,-4.0,22.357142857142858,14.953488372093023,19.484848484848484,16.497667185069986,3.0,31.0,45.41686921651505,43,59,42.62095136649387,48.27249454710679,2.416869216515053,13.583130783484947
213021190,동항초등학교,213021400,용호초등학교,2.557226,127,395,522,507.0,18.0,26.0,22.0,-4.0,23.045454545454547,16.838709677419356,10.875,35.189655172413794,3.0,25.0,37.45102967581671,31,47,34.65511182579553,40.30665500640845,6.451029675816713,9.548970324183287
213021190,동항초등학교,213021370,연포초등학교,2.580336,127,1226,1353,1344.0,51.0,59.0,57.0,-2.0,23.57894736842105,18.791666666666668,21.140625,9.038433111603844,2.0,59.0,82.5907870731073,72,88,79.79486922308611,85.44641240369903,10.590787073107293,5.409212926892707
213021190,동항초등학교,213021150,대연초등학교,2.715603,127,784,911,884.0,34.0,42.0,37.0,-5.0,23.89189189189189,17.18867924528302,18.22,10.657519209659714,3.0,40.0,57.36562852756256,53,69,54.56971067754138,60.2212538581543,4.3656285275625635,11.634371472437437
213021190,동항초등학교,213021385,용문초등학교,2.952084,127,843,970,965.0,36.0,44.0,41.0,-3.0,23.536585365853657,17.017543859649123,15.901639344262295,6.249484536082474,1.0,42.0,60.02090837446201,57,73,57.22499052444083,62.876533705053745,3.02090837446201,12.97909162553799
213021190,동항초등학교,213021430,운산초등학교,2.977847,127,454,581,574.0,22.0,30.0,27.0,-3.0,21.25925925925926,17.606060606060606,19.366666666666667,19.583476764199656,2.0,29.0,42.761589369615606,33,49,39.96567151959442,45.61721470020734,9.761589369615606,6.238410630384394
213021089,백운초등학교,213021400,용호초등학교,0.56004,152,395,547,532.0,18.0,27.0,24.0,-3.0,22.166666666666668,17.64516129032258,11.395833333333334,33.58135283363803,4.0,28.0,41.43394944616588,31,50,38.6380315961447,44.28957477675762,10.433949446165883,8.566050553834117
213021089,백운초등학교,213021390,용산초등학교,0.981023,152,276,428,415.0,15.0,24.0,19.0,-5.0,21.842105263157894,14.266666666666667,8.075471698113208,29.2196261682243,3.0,22.0,33.46810990546754,30,49,30.67219205544636,36.32373523605928,3.468109905467543,15.531890094532457
213021089,백운초등학교,213021380,용당초등학교,1.071312,152,86,238,229.0,7.0,16.0,12.0,-4.0,19.083333333333332,14.875,17.0,26.974789915966387,4.0,16.0,25.502270364769206,16,35,22.706352514748023,28.357895695360945,9.502270364769206,9.497729635230794
213021089,백운초등학교,213021430,운산초등학교,1.261423,152,454,606,599.0,22.0,31.0,27.0,-4.0,22.185185185185187,18.363636363636363,20.2,18.775577557755774,3.0,30.0,44.08922929306533,33,52,41.293311443044146,46.944854623657065,11.08922929306533,7.91077070693467
213021089,백운초등학교,213021160,대천초등학교,1.276808,152,516,668,651.0,24.0,33.0,28.0,-5.0,23.25,15.534883720930232,20.242424242424242,15.880239520958083,4.0,32.0,46.74450913996478,43,62,43.94859128994359,49.60013447055651,3.7445091399647765,15.255490860035223
213021089,백운초등학교,213021385,용문초등학교,1.393115,152,843,995,990.0,36.0,45.0,42.0,-3.0,23.571428571428573,17.45614035087719,16.311475409836067,6.092462311557789,2.0,44.0,62.67618822136146,57,76,59.88027037134027,65.53181355195319,5.676188221361457,13.323811778638543
213021089,백운초등학교,213021289,분포초등학교,1.40662,152,965,1117,1101.0,40.0,49.0,48.0,-1.0,22.9375,18.311475409836067,18.311475409836067,5.68845120859445,3.0,51.0,71.9696676855095,61,80,69.17374983548832,74.82529301610124,10.969667685509506,8.030332314490494
213021089,백운초등학교,213021290,석포초등학교,1.549062,152,651,803,807.0,30.0,39.0,36.0,-3.0,22.416666666666668,17.844444444444445,26.766666666666666,13.679950186799502,4.0,40.0,57.36562852756256,45,64,54.56971067754138,60.2212538581543,12.365628527562563,6.6343714724374365
213021089,백운초등학교,213021360,오륙도초등학교,1.839404,152,467,619,617.0,22.0,31.0,28.0,-3.0,22.035714285714285,19.34375,22.107142857142858,21.710823909531502,2.0,30.0,44.08922929306533,32,51,41.293311443044146,46.944854623657065,12.08922929306533,6.91077070693467
213021089,백운초등학교,213021180,동천초등학교,2.071642,152,260,412,410.0,12.0,21.0,19.0,-2.0,21.57894736842105,18.727272727272727,14.714285714285714,20.526699029126213,3.0,22.0,33.46810990546754,22,41,30.67219205544636,36.32373523605928,11.468109905467543,7.531890094532457
213021089,백운초등학교,213021190,동항초등학교,2.117566,152,127,279,273.0,8.0,17.0,13.0,-4.0,21.0,17.4375,7.153846153846154,42.83512544802868,3.0,16.0,25.502270364769206,16,35,22.706352514748023,28.357895695360945,9.502270364769206,9.497729635230794
213021089,백운초등학교,213021150,대연초등학교,2.423204,152,784,936,909.0,34.0,43.0,39.0,-4.0,23.307692307692307,17.660377358490567,18.72,10.372863247863247,4.0,43.0,61.348548297911734,53,72,58.55263044789055,64.20417362850347,8.348548297911734,10.651451702088266
213021089,백운초등학교,213021410,우암초등학교,2.770345,152,267,419,414.0,14.0,23.0,20.0,-3.0,20.7,17.458333333333332,12.696969696969697,14.610978520286396,3.0,23.0,34.795749828917266,24,43,31.999831978896083,37.651375159509,10.795749828917266,8.204250171082734
213021089,백운초등학교,213021711,용소초등학교,2.778543,152,1103,1255,1244.0,42.0,51.0,52.0,1.0,23.923076923076923,19.609375,21.271186440677965,6.8095617529880474,3.0,55.0,77.2802273793084,64,83,74.48430952928722,80.13585270990013,13.2802273793084,5.7197726206916
213021089,백운초등학교,216021160,남천초등학교,2.801592,152,929,1081,1074.0,39.0,48.0,46.0,-2.0,23.347826086956523,18.322033898305083,22.06122448979592,10.666049953746532,4.0,50.0,70.6420277620598,59,78,67.84610991203861,73.49765309265153,11.642027762059797,7.357972237940203
213021089,백운초등학교,213021370,연포초등학교,2.870551,152,1226,1378,1369.0,51.0,60.0,58.0,-2.0,23.603448275862068,19.13888888888889,21.53125,8.874455732946299,3.0,61.0,85.24606692000674,72,91,82.45014906998556,88.10169225059848,13.24606692000674,5.75393307999326
213021213,성천초등학교,213021410,우암초등학교,0.716788,122,267,389,385.0,14.0,23.0,18.0,-5.0,21.38888888888889,16.208333333333332,11.787878787878787,15.737789203084834,2.0,20.0,30.8128300585681,24,43,28.016912208546916,33.66845538915984,6.8128300585681,12.1871699414319
213021213,성천초등학교,213021370,연포초등학교,1.294297,122,1226,1348,1340.0,51.0,60.0,57.0,-3.0,23.50877192982456,18.72222222222222,21.0625,9.071958456973293,2.0,59.0,82.5907870731073,72,91,79.79486922308611,85.44641240369903,10.590787073107293,8.409212926892707
213021213,성천초등학교,213021295,성남초등학교,1.344981,122,567,689,686.0,27.0,36.0,31.0,-5.0,22.129032258064516,15.659090909090908,14.354166666666666,12.793904208998548,2.0,33.0,48.0721490634145,44,63,45.27623121339332,50.927774394006235,4.0721490634145,14.9278509365855
213021213,성천초등학교,213021180,동천초등학교,1.428575,122,260,382,381.0,12.0,21.0,18.0,-3.0,21.166666666666668,17.363636363636363,13.642857142857142,22.138743455497384,2.0,20.0,30.8128300585681,22,41,28.016912208546916,33.66845538915984,8.8128300585681,10.1871699414319
213021213,성천초등학교,213021300,성동초등학교,1.471362,122,753,875,871.0,33.0,42.0,38.0,-4.0,22.92105263157895,17.15686274509804,13.257575757575758,18.56342857142857,3.0,41.0,58.69326845101229,51,70,55.8973506009911,61.54889378160402,7.693268451012287,11.306731548987713
213021213,성천초등학교,213021210,문현초등학교,1.610276,122,485,607,603.0,25.0,34.0,27.0,-7.0,22.333333333333332,15.564102564102564,14.452380952380953,23.2833607907743,3.0,30.0,44.08922929306533,39,58,41.293311443044146,46.944854623657065,5.08922929306533,13.91077070693467
213021213,성천초등학교,213021406,성서초등학교,1.818326,122,178,300,290.0,12.0,21.0,14.0,-7.0,20.714285714285715,14.285714285714286,11.11111111111111,17.946666666666665,2.0,16.0,25.502270364769206,21,40,22.706352514748023,28.357895695360945,4.502270364769206,14.497729635230794
213021213,성천초등학교,213021290,석포초등학교,1.849027,122,651,773,778.0,30.0,39.0,34.0,-5.0,22.88235294117647,17.177777777777777,25.766666666666666,14.210866752910738,3.0,37.0,53.38270875721339,45,64,50.58679090719221,56.23833408780513,8.382708757213393,10.617291242786607
213021213,성천초등학교,213021150,대연초등학교,1.962014,122,784,906,880.0,34.0,43.0,39.0,-4.0,22.564102564102566,17.09433962264151,18.12,10.716335540838852,3.0,42.0,60.02090837446201,53,72,57.22499052444083,62.876533705053745,7.02090837446201,11.97909162553799
213021213,성천초등학교,213021190,동항초등학교,2.104687,122,127,249,244.0,8.0,17.0,13.0,-4.0,18.76923076923077,15.5625,6.384615384615385,47.99598393574297,2.0,15.0,24.174630441319483,16,35,21.3787125912983,27.03025577191122,8.174630441319483,10.825369558680517
213021213,성천초등학교,213021283,범일초등학교,2.276046,122,181,303,296.0,11.0,20.0,16.0,-4.0,18.5,15.947368421052632,9.46875,16.943894389438945,3.0,19.0,29.485190135118376,19,38,26.689272285097193,32.340815465710115,10.485190135118376,8.514809864881624
213021213,성천초등학교,213021269,성북초등학교,2.301135,122,616,738,726.0,28.0,37.0,32.0,-5.0,22.6875,16.043478260869566,19.42105263157895,22.261517615176153,3.0,35.0,50.72742891031395,46,65,47.93151106029276,53.58305424090568,4.727428910313947,14.272571089686053
213021213,성천초등학교,213021345,수정초등학교,2.326082,122,335,457,450.0,16.0,25.0,21.0,-4.0,21.428571428571427,19.041666666666668,16.925925925925927,23.428884026258206,3.0,24.0,36.12338975236699,24,43,33.327471902345806,38.979015082958725,12.12338975236699,6.87661024763301
213021213,성천초등학교,213021380,용당초등학교,2.526056,122,86,208,200.0,7.0,16.0,10.0,-6.0,20.0,13.0,14.857142857142858,30.865384615384617,3.0,13.0,21.519350594420036,16,35,18.723432744398853,24.374975925011775,5.519350594420036,13.480649405579964
213021213,성천초등학교,213021352,부산진초등학교,2.577591,122,437,559,553.0,22.0,31.0,25.0,-6.0,22.12,16.441176470588236,16.441176470588236,25.64937388193202,3.0,28.0,41.43394944616588,34,53,38.6380315961447,44.28957477675762,7.433949446165883,11.566050553834117
213021213,성천초등학교,213021160,대천초등학교,2.632081,122,516,638,622.0,24.0,33.0,26.0,-7.0,23.923076923076923,14.837209302325581,19.333333333333332,16.6269592476489,3.0,29.0,42.761589369615606,43,62,39.96567151959442,45.61721470020734,-0.23841063038439358,19.238410630384394
213021213,성천초등학교,213021335,수성초등학교,2.72204,122,124,246,242.0,8.0,17.0,12.0,-5.0,20.166666666666668,16.4,5.72093023255814,33.6219512195122,2.0,14.0,22.84699051786976,15,34,20.051072667848576,25.702615848461498,7.846990517869759,11.15300948213024
213021213,성천초등학교,213021711,용소초등학교,2.821853,122,1103,1225,1215.0,42.0,51.0,51.0,0.0,23.823529411764707,19.140625,20.76271186440678,6.976326530612245,2.0,53.0,74.62494753240895,64,83,71.82902968238777,77.48057286300069,10.624947532408953,8.375052467591047
213021213,성천초등학교,213021394,선암초등학교,2.96123,122,121,243,230.0,9.0,18.0,13.0,-5.0,17.692307692307693,14.294117647058824,12.789473684210526,25.83127572016461,2.0,15.0,24.174630441319483,17,36,21.3787125912983,27.03025577191122,7.174630441319483,11.825369558680517
213021380,용당초등학교,213021190,동항초등학교,1.050053,86,127,213,204.0,8.0,15.0,12.0,-3.0,17.0,13.3125,5.461538461538462,56.10798122065728,3.0,15.0,24.174630441319483,16,32,21.3787125912983,27.03025577191122,8.174630441319483,7.825369558680517
213021380,용당초등학교,213021089,백운초등학교,1.071312,86,152,238,229.0,9.0,16.0,12.0,-4.0,19.083333333333332,12.526315789473685,8.206896551724139,83.16806722689076,4.0,16.0,25.502270364769206,19,35,22.706352514748023,28.357895695360945,6.502270364769206,9.497729635230794
213021380,용당초등학교,213021290,석포초등학교,1.112056,86,651,737,738.0,30.0,37.0,32.0,-5.0,23.0625,16.377777777777776,24.566666666666666,14.905020352781547,4.0,36.0,52.05506883376367,45,61,49.25915098374249,54.910694164355405,7.05506883376367,8.94493116623633
213021380,용당초등학교,213021180,동천초등학교,1.124031,86,260,346,341.0,12.0,19.0,17.0,-2.0,20.058823529411764,15.727272727272727,12.357142857142858,24.442196531791907,3.0,20.0,30.8128300585681,22,38,28.016912208546916,33.66845538915984,8.8128300585681,7.1871699414319
213021380,용당초등학교,213021400,용호초등학교,1.514169,86,395,481,463.0,18.0,25.0,21.0,-4.0,22.047619047619047,15.516129032258064,10.020833333333334,38.189189189189186,4.0,25.0,37.45102967581671,31,47,34.65511182579553,40.30665500640845,6.451029675816713,9.548970324183287
213021380,용당초등학교,213021160,대천초등학교,1.530766,86,516,602,582.0,24.0,31.0,26.0,-5.0,22.384615384615383,14.0,18.242424242424242,17.62126245847176,4.0,30.0,44.08922929306533,43,59,41.293311443044146,46.944854623657065,1.0892292930653298,14.91077070693467
213021380,용당초등학교,213021410,우암초등학교,1.867249,86,267,353,345.0,14.0,21.0,16.0,-5.0,21.5625,14.708333333333334,10.696969696969697,17.342776203966007,3.0,19.0,29.485190135118376,24,40,26.689272285097193,32.340815465710115,5.485190135118376,10.514809864881624
213021380,용당초등학교,213021390,용산초등학교,2.017501,86,276,362,346.0,15.0,22.0,18.0,-4.0,19.22222222222222,12.066666666666666,6.830188679245283,34.54696132596685,3.0,21.0,32.14046998201782,30,46,29.344552131996636,34.996095312609555,2.1404699820178195,13.85953001798218
213021380,용당초등학교,213021385,용문초등학교,2.020405,86,843,929,921.0,36.0,43.0,40.0,-3.0,23.025,16.29824561403509,15.229508196721312,6.5252960172228205,2.0,42.0,60.02090837446201,57,73,57.22499052444083,62.876533705053745,3.02090837446201,12.97909162553799
213021380,용당초등학교,213021430,운산초등학교,2.070159,86,454,540,530.0,22.0,29.0,23.0,-6.0,23.043478260869566,16.363636363636363,18.0,21.07037037037037,3.0,26.0,38.778669599266436,33,49,35.98275174924525,41.63429492985817,5.778669599266436,10.221330400733564
213021380,용당초등학교,213021289,분포초등학교,2.274669,86,965,1051,1032.0,40.0,47.0,44.0,-3.0,23.454545454545453,17.229508196721312,17.229508196721312,6.045670789724072,3.0,47.0,66.65910799171063,61,77,63.863190141689444,69.51473332230236,5.659107991710627,10.340892008289373
213021380,용당초등학교,213021150,대연초등학교,2.284654,86,784,870,840.0,34.0,41.0,36.0,-5.0,23.333333333333332,16.41509433962264,17.4,11.159770114942528,4.0,40.0,57.36562852756256,53,69,54.56971067754138,60.2212538581543,4.3656285275625635,11.634371472437437
213021380,용당초등학교,213021370,연포초등학교,2.45124,86,1226,1312,1300.0,51.0,58.0,55.0,-3.0,23.636363636363637,18.22222222222222,20.5,9.320884146341463,3.0,58.0,81.26314714965758,72,88,78.4672292996364,84.11877248024932,9.263147149657584,6.736852850342416
213021380,용당초등학교,213021360,오륙도초등학교,2.454892,86,467,553,548.0,22.0,29.0,25.0,-4.0,21.92,17.28125,19.75,24.301989150090417,2.0,27.0,40.10630952271616,32,48,37.310391672694976,42.961934853307895,8.10630952271616,7.89369047728384
213021380,용당초등학교,213021213,성천초등학교,2.526056,86,122,208,200.0,9.0,16.0,10.0,-6.0,20.0,10.947368421052632,16.0,71.25,3.0,13.0,21.519350594420036,19,35,18.723432744398853,24.374975925011775,2.519350594420036,13.480649405579964
213021380,용당초등학교,213021711,용소초등학교,2.946346,86,1103,1189,1175.0,42.0,49.0,50.0,1.0,23.5,18.578125,20.152542372881356,7.187552565180824,3.0,53.0,74.62494753240895,64,80,71.82902968238777,77.48057286300069,10.624947532408953,5.375052467591047
213021283,범일초등학교,213021335,수성초등학교,0.844672,181,124,305,298.0,8.0,19.0,15.0,-4.0,19.866666666666667,20.333333333333332,7.093023255813954,27.118032786885244,3.0,18.0,28.157550211668653,15,34,25.36163236164747,31.01317554226039,13.157550211668653,5.842449788331347
213021283,범일초등학교,213021295,성남초등학교,0.939567,181,567,748,742.0,27.0,38.0,33.0,-5.0,22.484848484848484,17.0,15.583333333333334,11.78475935828877,3.0,36.0,52.05506883376367,44,63,49.25915098374249,54.910694164355405,8.05506883376367,10.94493116623633
213021283,범일초등학교,213021345,수정초등학교,0.959882,181,335,516,506.0,16.0,27.0,23.0,-4.0,22.0,21.5,19.11111111111111,20.75,4.0,27.0,40.10630952271616,24,43,37.310391672694976,42.961934853307895,16.10630952271616,2.8936904772838403
213021283,범일초등학교,213021394,선암초등학교,1.089569,181,121,302,286.0,9.0,20.0,14.0,-6.0,20.428571428571427,17.764705882352942,15.894736842105264,20.78476821192053,3.0,17.0,26.82991028821893,17,36,24.033992438197746,29.68553561881067,9.82991028821893,9.17008971178107
213021283,범일초등학교,213021352,부산진초등학교,1.304306,181,437,618,609.0,22.0,33.0,28.0,-5.0,21.75,18.176470588235293,18.176470588235293,23.20064724919094,4.0,32.0,46.74450913996478,34,53,43.94859128994359,49.60013447055651,12.744509139964777,6.2554908600352235
213021283,범일초등학교,213021406,성서초등학교,1.306577,181,178,359,346.0,12.0,23.0,17.0,-6.0,20.352941176470587,17.095238095238095,13.296296296296296,14.997214484679665,3.0,20.0,30.8128300585681,21,40,28.016912208546916,33.66845538915984,9.8128300585681,9.1871699414319
213021283,범일초등학교,213021106,가남초등학교,1.735193,181,53,234,226.0,6.0,17.0,11.0,-6.0,20.545454545454547,18.0,14.625,11.739316239316238,3.0,14.0,22.84699051786976,13,32,20.051072667848576,25.702615848461498,9.84699051786976,9.15300948213024
213021283,범일초등학교,213021358,부전초등학교,1.73589,181,352,533,523.0,18.0,29.0,24.0,-5.0,21.791666666666668,19.035714285714285,20.5,22.73921200750469,3.0,27.0,40.10630952271616,28,47,37.310391672694976,42.961934853307895,12.10630952271616,6.89369047728384
213021283,범일초등학교,213021300,성동초등학교,1.835428,181,753,934,927.0,33.0,44.0,40.0,-4.0,23.175,18.313725490196077,14.151515151515152,17.390792291220556,4.0,44.0,62.67618822136146,51,70,59.88027037134027,65.53181355195319,11.676188221361457,7.323811778638543
213021283,범일초등학교,213021124,가야초등학교,1.98906,181,961,1142,1130.0,42.0,53.0,48.0,-5.0,23.541666666666668,17.56923076923077,21.14814814814815,14.697898423817863,4.0,52.0,73.29730760895924,65,84,70.50138975893806,76.15293293955098,8.297307608959244,10.702692391040756
213021283,범일초등학교,213021175,동일중앙초등학교,2.042678,181,898,1079,1060.0,38.0,49.0,45.0,-4.0,23.555555555555557,19.98148148148148,21.58,12.566265060240964,4.0,49.0,69.31438783861006,54,73,66.51846998858888,72.1700131692018,15.31438783861006,3.6856121613899404
213021283,범일초등학교,213021269,성북초등학교,2.132377,181,616,797,782.0,28.0,39.0,34.0,-5.0,23.0,17.32608695652174,20.973684210526315,20.613550815558344,4.0,38.0,54.71034868066312,46,65,51.91443083064193,57.56597401125485,8.710348680663117,10.289651319336883
213021283,범일초등학교,213021210,문현초등학교,2.216905,181,485,666,659.0,25.0,36.0,31.0,-5.0,21.258064516129032,17.076923076923077,15.857142857142858,21.22072072072072,4.0,35.0,50.72742891031395,39,58,47.93151106029276,53.58305424090568,11.727428910313947,7.272571089686053
213021283,범일초등학교,213021213,성천초등학교,2.276046,181,122,303,296.0,9.0,20.0,16.0,-4.0,18.5,15.947368421052632,23.307692307692307,48.91089108910891,3.0,19.0,29.485190135118376,19,38,26.689272285097193,32.340815465710115,10.485190135118376,8.514809864881624
213021283,범일초등학교,213021130,가평초등학교,2.408918,181,623,804,788.0,28.0,39.0,34.0,-5.0,23.176470588235293,18.697674418604652,21.157894736842106,17.559701492537314,4.0,38.0,54.71034868066312,43,62,51.91443083064193,57.56597401125485,11.710348680663117,7.289651319336883
213021283,범일초등학교,213021490,전포초등학교,2.534993,181,348,529,520.0,19.0,30.0,23.0,-7.0,22.608695652173914,17.633333333333333,11.020833333333334,19.219281663516067,4.0,27.0,40.10630952271616,30,49,37.310391672694976,42.961934853307895,10.10630952271616,8.89369047728384
213021283,범일초등학교,213021202,당평초등학교,2.766456,181,223,404,393.0,11.0,22.0,19.0,-3.0,20.68421052631579,16.833333333333332,13.03225806451613,28.121287128712872,4.0,23.0,34.795749828917266,24,43,31.999831978896083,37.651375159509,10.795749828917266,8.204250171082734
213021283,범일초등학교,213021418,성지초등학교,2.817986,181,458,639,629.0,23.0,34.0,29.0,-5.0,21.689655172413794,15.585365853658537,18.794117647058822,21.017214397496087,4.0,33.0,48.0721490634145,41,60,45.27623121339332,50.927774394006235,7.0721490634145,11.9278509365855
213021283,범일초등학교,213021346,부암초등학교,2.822414,181,697,878,859.0,33.0,44.0,36.0,-8.0,23.86111111111111,17.56,19.08695652173913,18.863325740318906,4.0,40.0,57.36562852756256,50,69,54.56971067754138,60.2212538581543,7.3656285275625635,11.634371472437437
213021283,범일초등학교,213021502,주례초등학교,2.838644,181,299,480,470.0,15.0,26.0,21.0,-5.0,22.38095238095238,16.551724137931036,12.631578947368421,28.0875,4.0,25.0,37.45102967581671,29,48,34.65511182579553,40.30665500640845,8.451029675816713,10.548970324183287
213021283,범일초등학교,213021196,당감초등학교,2.847832,181,172,353,347.0,9.0,20.0,16.0,-4.0,21.6875,19.61111111111111,7.51063829787234,39.02832861189802,3.0,19.0,29.485190135118376,18,37,26.689272285097193,32.340815465710115,11.485190135118376,7.514809864881624
213021283,범일초등학교,213021410,우암초등학교,2.904178,181,267,448,441.0,14.0,25.0,21.0,-4.0,21.0,18.666666666666668,13.575757575757576,13.665178571428571,3.0,24.0,36.12338975236699,24,43,33.327471902345806,38.979015082958725,12.12338975236699,6.87661024763301
213021283,범일초등학교,213021058,초량초등학교,2.913438,181,185,366,361.0,12.0,23.0,18.0,-5.0,20.055555555555557,17.428571428571427,12.2,34.18306010928962,3.0,21.0,32.14046998201782,21,40,29.344552131996636,34.996095312609555,11.14046998201782,7.8595300179821805
213021283,범일초등학교,213021148,개포초등학교,2.998372,181,222,403,400.0,13.0,24.0,19.0,-5.0,21.05263157894737,17.52173913043478,10.605263157894736,26.193548387096776,3.0,22.0,33.46810990546754,23,42,30.67219205544636,36.32373523605928,10.468109905467543,8.531890094532457
213021335,수성초등학교,213021345,수정초등학교,0.514226,124,335,459,452.0,16.0,24.0,21.0,-3.0,21.523809523809526,19.125,17.0,23.326797385620914,3.0,24.0,36.12338975236699,24,39,33.327471902345806,38.979015082958725,12.12338975236699,2.8766102476330104
213021335,수성초등학교,213021283,범일초등학교,0.844672,124,181,305,298.0,11.0,19.0,15.0,-4.0,19.866666666666667,16.05263157894737,9.53125,16.832786885245902,3.0,18.0,28.157550211668653,19,34,25.36163236164747,31.01317554226039,9.157550211668653,5.842449788331347
213021335,수성초등학교,213021175,동일중앙초등학교,1.236302,124,898,1022,1006.0,38.0,46.0,43.0,-3.0,23.3953488372093,18.925925925925927,20.44,13.267123287671232,3.0,46.0,65.3314680682609,54,69,62.53555021823972,68.18709339885264,11.331468068260904,3.6685319317390963
213021335,수성초등학교,213021295,성남초등학교,1.438115,124,567,691,688.0,27.0,35.0,31.0,-4.0,22.193548387096776,15.704545454545455,14.395833333333334,12.756874095513748,2.0,33.0,48.0721490634145,44,59,45.27623121339332,50.927774394006235,4.0721490634145,10.9278509365855
213021335,수성초등학교,213021394,선암초등학교,1.74054,124,121,245,232.0,9.0,17.0,12.0,-5.0,19.333333333333332,14.411764705882353,12.894736842105264,25.620408163265306,2.0,14.0,22.84699051786976,17,32,20.051072667848576,25.702615848461498,5.846990517869759,9.15300948213024
213021335,수성초등학교,213021352,부산진초등학교,2.114908,124,437,561,555.0,22.0,30.0,25.0,-5.0,22.2,16.5,16.5,25.557932263814617,3.0,28.0,41.43394944616588,34,49,38.6380315961447,44.28957477675762,7.433949446165883,7.566050553834117
213021335,수성초등학교,213021406,성서초등학교,2.136374,124,178,302,292.0,12.0,20.0,14.0,-6.0,20.857142857142858,14.380952380952381,11.185185185185185,17.827814569536425,2.0,16.0,25.502270364769206,21,36,22.706352514748023,28.357895695360945,4.502270364769206,10.497729635230794
213021335,수성초등학교,213021058,초량초등학교,2.167613,124,185,309,307.0,12.0,20.0,16.0,-4.0,19.1875,14.714285714285714,10.3,40.48867313915858,2.0,18.0,28.157550211668653,21,36,25.36163236164747,31.01317554226039,7.157550211668653,7.842449788331347
213021335,수성초등학교,213021124,가야초등학교,2.210857,124,961,1085,1076.0,42.0,50.0,47.0,-3.0,22.893617021276597,16.692307692307693,20.09259259259259,15.47004608294931,3.0,50.0,70.6420277620598,65,80,67.84610991203861,73.49765309265153,5.642027762059797,9.357972237940203
213021335,수성초등학교,213021130,가평초등학교,2.217672,124,623,747,734.0,28.0,36.0,32.0,-4.0,22.9375,17.372093023255815,19.657894736842106,18.899598393574298,3.0,35.0,50.72742891031395,43,58,47.93151106029276,53.58305424090568,7.727428910313947,7.272571089686053
213021335,수성초등학교,213021106,가남초등학교,2.222324,124,53,177,172.0,6.0,14.0,10.0,-4.0,17.2,13.615384615384615,11.0625,15.519774011299434,2.0,12.0,20.191710670970313,13,28,17.39579282094913,23.04733600156205,7.191710670970313,7.808289329029687
213021335,수성초등학교,213021358,부전초등학교,2.457265,124,352,476,469.0,18.0,26.0,21.0,-5.0,22.333333333333332,17.0,18.307692307692307,25.462184873949578,2.0,23.0,34.795749828917266,28,43,31.999831978896083,37.651375159509,6.795749828917266,8.204250171082734
213021335,수성초등학교,213021502,주례초등학교,2.462716,124,299,423,416.0,15.0,23.0,20.0,-3.0,20.8,14.586206896551724,11.131578947368421,31.872340425531913,3.0,23.0,34.795749828917266,29,44,31.999831978896083,37.651375159509,5.795749828917266,9.204250171082734
213021335,수성초등학교,213021300,성동초등학교,2.618092,124,753,877,873.0,33.0,41.0,36.0,-5.0,24.25,17.19607843137255,13.287878787878787,18.52109464082098,3.0,39.0,56.03798860411284,51,66,53.24207075409166,58.893613934704575,5.03798860411284,9.96201139588716
213021335,수성초등학교,212021288,봉래초등학교,2.648651,124,171,295,288.0,11.0,19.0,14.0,-5.0,20.571428571428573,12.826086956521738,17.352941176470587,32.09830508474576,2.0,16.0,25.502270364769206,23,38,22.706352514748023,28.357895695360945,2.502270364769206,12.497729635230794
213021335,수성초등학교,213021213,성천초등학교,2.72204,124,122,246,242.0,9.0,17.0,12.0,-5.0,20.166666666666668,12.947368421052632,18.923076923076923,60.24390243902439,2.0,14.0,22.84699051786976,19,34,20.051072667848576,25.702615848461498,3.8469905178697594,11.15300948213024
213021335,수성초등학교,213021269,성북초등학교,2.975608,124,616,740,728.0,28.0,36.0,33.0,-3.0,22.060606060606062,16.08695652173913,19.473684210526315,22.201351351351352,3.0,36.0,52.05506883376367,46,61,49.25915098374249,54.910694164355405,6.05506883376367,8.94493116623633
213021058,초량초등학교,212021288,봉래초등학교,0.484238,185,171,356,351.0,11.0,23.0,18.0,-5.0,19.5,15.478260869565217,20.941176470588236,26.598314606741575,2.0,20.0,30.8128300585681,23,44,28.016912208546916,33.66845538915984,7.8128300585681,13.1871699414319
213021058,초량초등학교,213021175,동일중앙초등학교,0.977716,185,898,1083,1069.0,38.0,50.0,45.0,-5.0,23.755555555555556,20.055555555555557,21.66,12.519852262234533,3.0,48.0,67.98674791516035,54,75,65.19083006513917,70.84237324575209,13.98674791516035,7.01325208483965
213021058,초량초등학교,212021287,광일초등학교,1.427885,185,203,388,390.0,11.0,23.0,18.0,-5.0,21.666666666666668,17.636363636363637,14.923076923076923,26.8659793814433,2.0,20.0,30.8128300585681,22,43,28.016912208546916,33.66845538915984,8.8128300585681,12.1871699414319
213021058,초량초등학교,212021286,보수초등학교,1.537984,185,154,339,338.0,11.0,23.0,16.0,-7.0,21.125,17.842105263157894,21.1875,15.56637168141593,2.0,18.0,28.157550211668653,19,40,25.36163236164747,31.01317554226039,9.157550211668653,11.842449788331347
213021058,초량초등학교,212021556,화랑초등학교,1.66472,185,171,356,352.0,11.0,23.0,18.0,-5.0,19.555555555555557,16.952380952380953,19.77777777777778,34.94662921348315,2.0,20.0,30.8128300585681,21,42,28.016912208546916,33.66845538915984,9.8128300585681,11.1871699414319
213021058,초량초등학교,212021244,동신초등학교,1.721572,185,288,473,471.0,14.0,26.0,21.0,-5.0,22.428571428571427,18.92,11.825,31.961945031712474,2.0,23.0,34.795749828917266,25,46,31.999831978896083,37.651375159509,9.795749828917266,11.204250171082734
213021058,초량초등학교,212021292,부민초등학교,1.846491,185,574,759,750.0,26.0,38.0,33.0,-5.0,22.727272727272727,17.651162790697676,20.513513513513512,14.682476943346508,3.0,36.0,52.05506883376367,43,64,49.25915098374249,54.910694164355405,9.05506883376367,11.94493116623633
213021058,초량초등학교,213021345,수정초등학교,1.969252,185,335,520,515.0,16.0,28.0,24.0,-4.0,21.458333333333332,21.666666666666668,19.25925925925926,20.590384615384615,3.0,27.0,40.10630952271616,24,45,37.310391672694976,42.961934853307895,16.10630952271616,4.89369047728384
213021058,초량초등학교,213021335,수성초등학교,2.167613,185,124,309,307.0,8.0,20.0,16.0,-4.0,19.1875,20.6,7.186046511627907,26.766990291262136,2.0,18.0,28.157550211668653,15,36,25.36163236164747,31.01317554226039,13.157550211668653,7.842449788331347
213021058,초량초등학교,212021132,구덕초등학교,2.23158,185,422,607,603.0,20.0,32.0,27.0,-5.0,22.333333333333332,18.393939393939394,23.346153846153847,15.812191103789127,2.0,29.0,42.761589369615606,33,54,39.96567151959442,45.61721470020734,9.761589369615606,11.238410630384394
213021058,초량초등학교,212021212,대신초등학교,2.239629,185,732,917,914.0,30.0,42.0,38.0,-4.0,24.05263157894737,22.365853658536587,19.934782608695652,12.437295528898582,2.0,40.0,57.36562852756256,41,62,54.56971067754138,60.2212538581543,16.365628527562563,4.6343714724374365
213021058,초량초등학교,212021532,토성초등학교,2.285998,185,401,586,579.0,19.0,31.0,27.0,-4.0,21.444444444444443,17.757575757575758,17.235294117647058,24.216723549488055,3.0,30.0,44.08922929306533,33,54,41.293311443044146,46.944854623657065,11.08922929306533,9.91077070693467
213021058,초량초등학교,212021204,대교초등학교,2.485962,185,366,551,550.0,18.0,30.0,25.0,-5.0,22.0,17.774193548387096,29.0,10.678765880217785,2.0,27.0,40.10630952271616,31,52,37.310391672694976,42.961934853307895,9.10630952271616,11.89369047728384
213021058,초량초등학교,212021404,아미초등학교,2.667404,185,31,216,215.0,6.0,18.0,12.0,-6.0,17.916666666666668,14.4,19.636363636363637,50.875,2.0,14.0,22.84699051786976,15,36,20.051072667848576,25.702615848461498,7.846990517869759,13.15300948213024
213021058,초량초등학교,212021284,봉학초등학교,2.814049,185,143,328,329.0,9.0,21.0,17.0,-4.0,19.352941176470587,17.263157894736842,14.26086956521739,30.475609756097562,2.0,19.0,29.485190135118376,19,40,26.689272285097193,32.340815465710115,10.485190135118376,10.514809864881624
213021058,초량초등학교,213021283,범일초등학교,2.913438,185,181,366,361.0,11.0,23.0,18.0,-5.0,20.055555555555557,19.263157894736842,11.4375,14.027322404371585,3.0,21.0,32.14046998201782,19,40,29.344552131996636,34.996095312609555,13.14046998201782,7.8595300179821805
213021058,초량초등학교,213021295,성남초등학교,2.958085,185,567,752,751.0,27.0,39.0,34.0,-5.0,22.08823529411765,17.09090909090909,15.666666666666666,11.722074468085106,2.0,36.0,52.05506883376367,44,65,49.25915098374249,54.910694164355405,8.05506883376367,12.94493116623633
213021058,초량초등학교,212021412,영도초등학교,2.979414,185,224,409,404.0,12.0,24.0,19.0,-5.0,21.263157894736842,16.36,12.78125,56.0562347188264,3.0,22.0,33.46810990546754,25,46,30.67219205544636,36.32373523605928,8.468109905467543,12.531890094532457
214021217,내산초등학교,214021214,미남초등학교,0.534538,215,266,481,461.0,13.0,24.0,22.0,-2.0,20.954545454545453,20.041666666666668,18.5,13.004158004158004,4.0,26.0,38.778669599266436,24,46,35.98275174924525,41.63429492985817,14.778669599266436,7.221330400733564
214021217,내산초등학교,214021280,명륜초등학교,0.609058,215,1110,1325,1290.0,43.0,54.0,54.0,0.0,23.88888888888889,22.45762711864407,25.0,9.723018867924528,3.0,57.0,79.93550722620785,59,81,77.13958937618666,82.79113255679958,20.935507226207847,1.0644927737921535
214021217,내산초등학교,214021469,온천초등학교,0.636645,215,1064,1279,1241.0,44.0,55.0,53.0,-2.0,23.41509433962264,19.37878787878788,26.645833333333332,9.928850664581704,4.0,57.0,79.93550722620785,66,88,77.13958937618666,82.79113255679958,13.935507226207847,8.064492773792153
214021217,내산초등학교,214021619,온샘초등학교,0.763853,215,1380,1595,1563.0,55.0,66.0,65.0,-1.0,24.046153846153846,19.9375,25.725806451612904,6.412539184952978,4.0,69.0,95.86718630760453,80,102,93.07126845758334,98.72281163819626,15.867186307604527,6.132813692395473
214021217,내산초등학교,214021361,수안초등학교,0.837904,215,166,381,362.0,11.0,22.0,18.0,-4.0,20.11111111111111,23.8125,22.41176470588235,11.682414698162729,3.0,21.0,32.14046998201782,16,38,29.344552131996636,34.996095312609555,16.14046998201782,5.8595300179821805
214021217,내산초등학교,214021158,거학초등학교,1.09674,215,543,758,742.0,24.0,35.0,33.0,-2.0,22.484848484848484,19.94736842105263,18.95,12.398416886543536,3.0,36.0,52.05506883376367,38,60,49.25915098374249,54.910694164355405,14.05506883376367,7.94493116623633
214021217,내산초등학교,214021163,금강초등학교,1.23347,215,757,972,944.0,33.0,44.0,40.0,-4.0,23.6,19.836734693877553,19.836734693877553,16.666666666666668,4.0,44.0,62.67618822136146,49,71,59.88027037134027,65.53181355195319,13.676188221361457,8.323811778638543
214021217,내산초등학교,214021226,내성초등학교,1.23656,215,107,322,301.0,7.0,18.0,16.0,-2.0,18.8125,18.941176470588236,6.0754716981132075,47.43167701863354,4.0,20.0,30.8128300585681,17,39,28.016912208546916,33.66845538915984,13.8128300585681,8.1871699414319
214021217,내산초등학교,214021388,여고초등학교,1.261109,215,1038,1253,1199.0,36.0,47.0,51.0,4.0,23.50980392156863,23.641509433962263,30.5609756097561,4.428571428571429,3.0,54.0,75.95258745585869,53,75,73.15666960583751,78.80821278645043,22.95258745585869,-0.9525874558586906
214021217,내산초등학교,214021199,낙민초등학교,1.383033,215,589,804,793.0,27.0,38.0,35.0,-3.0,22.65714285714286,20.615384615384617,22.333333333333332,18.062189054726367,3.0,38.0,54.71034868066312,39,61,51.91443083064193,57.56597401125485,15.710348680663117,6.289651319336883
214021217,내산초등학교,214021235,달북초등학교,1.572783,215,513,728,716.0,24.0,35.0,32.0,-3.0,22.375,19.157894736842106,23.483870967741936,14.537087912087912,3.0,35.0,50.72742891031395,38,60,47.93151106029276,53.58305424090568,12.727428910313947,9.272571089686053
214021217,내산초등학교,214021183,남문초등학교,1.595492,215,1061,1276,1234.0,41.0,52.0,52.0,0.0,23.73076923076923,20.580645161290324,26.040816326530614,6.568181818181818,3.0,55.0,77.2802273793084,62,84,74.48430952928722,80.13585270990013,15.2802273793084,6.7197726206916
214021217,내산초등학교,214021145,교동초등학교,1.677064,215,862,1077,1053.0,36.0,47.0,45.0,-2.0,23.4,19.944444444444443,12.101123595505618,21.00371402042711,3.0,48.0,67.98674791516035,54,76,65.19083006513917,70.84237324575209,13.98674791516035,8.01325208483965
214021217,내산초등학교,214021298,명장초등학교,1.817391,215,339,554,544.0,17.0,28.0,25.0,-3.0,21.76,19.103448275862068,20.51851851851852,27.279783393501805,3.0,28.0,41.43394944616588,29,51,38.6380315961447,44.28957477675762,12.433949446165883,9.566050553834117
214021217,내산초등학교,214021352,서명초등학교,1.854455,215,36,251,232.0,6.0,17.0,11.0,-6.0,21.09090909090909,17.928571428571427,13.210526315789474,47.47808764940239,3.0,14.0,22.84699051786976,14,36,20.051072667848576,25.702615848461498,8.84699051786976,13.15300948213024
214021217,내산초등학교,214021517,창신초등학교,1.889817,215,1621,1836,1816.0,60.0,71.0,75.0,4.0,24.213333333333335,23.240506329113924,25.859154929577464,8.44880174291939,4.0,79.0,109.14358554210176,79,101,106.34766769208058,111.9992108726935,30.14358554210176,-8.14358554210176
214021217,내산초등학교,214021470,연서초등학교,2.034694,215,591,806,794.0,29.0,40.0,34.0,-6.0,23.352941176470587,18.318181818181817,21.783783783783782,14.418114143920596,3.0,37.0,53.38270875721339,44,66,50.58679090719221,56.23833408780513,9.382708757213393,12.617291242786607
214021217,내산초등학교,214021384,안민초등학교,2.152035,215,615,830,812.0,27.0,38.0,35.0,-3.0,23.2,21.842105263157894,17.659574468085108,15.528915662650602,3.0,38.0,54.71034868066312,38,60,51.91443083064193,57.56597401125485,16.710348680663117,5.289651319336883
214021217,내산초등학교,214021249,예원초등학교,2.167007,215,878,1093,1071.0,34.0,45.0,47.0,2.0,22.78723404255319,22.306122448979593,25.41860465116279,6.846294602012809,3.0,50.0,70.6420277620598,49,71,67.84610991203861,73.49765309265153,21.642027762059797,0.35797223794020283
214021217,내산초등학교,214021325,사직초등학교,2.172091,215,951,1166,1130.0,39.0,50.0,48.0,-2.0,23.541666666666668,19.114754098360656,22.0,14.754716981132075,3.0,51.0,71.9696676855095,61,83,69.17374983548832,74.82529301610124,10.969667685509506,11.030332314490494
214021217,내산초등학교,214021262,동현초등학교,2.192401,215,289,504,485.0,15.0,26.0,22.0,-4.0,22.045454545454547,21.0,15.272727272727273,32.00396825396825,3.0,25.0,37.45102967581671,24,46,34.65511182579553,40.30665500640845,13.451029675816713,8.548970324183287
214021217,내산초등학교,214021471,연신초등학교,2.2344,215,578,793,790.0,27.0,38.0,35.0,-3.0,22.571428571428573,19.825,23.323529411764707,14.675914249684741,3.0,38.0,54.71034868066312,40,62,51.91443083064193,57.56597401125485,14.710348680663117,7.289651319336883
214021217,내산초등학교,214021024,서동초등학교,2.259172,215,62,277,263.0,6.0,17.0,13.0,-4.0,20.23076923076923,19.785714285714285,12.043478260869565,77.04693140794224,3.0,16.0,25.502270364769206,14,36,22.706352514748023,28.357895695360945,11.502270364769206,10.497729635230794
214021217,내산초등학교,214021289,명서초등학교,2.269642,215,94,309,290.0,6.0,17.0,15.0,-2.0,19.333333333333332,23.76923076923077,19.3125,24.022653721682847,3.0,18.0,28.157550211668653,13,35,25.36163236164747,31.01317554226039,15.157550211668653,6.842449788331347
214021217,내산초등학교,214021180,금빛초등학교,2.313664,215,693,908,877.0,30.0,41.0,38.0,-3.0,23.07894736842105,20.636363636363637,24.54054054054054,10.90308370044053,4.0,42.0,60.02090837446201,44,66,57.22499052444083,62.876533705053745,16.02090837446201,5.97909162553799
214021217,내산초등학교,214021190,금정초등학교,2.414593,215,1298,1513,1488.0,52.0,63.0,63.0,0.0,23.61904761904762,21.309859154929576,32.891304347826086,25.53205551883675,4.0,67.0,93.21190646070508,71,93,90.4159886106839,96.06753179129682,22.21190646070508,-0.21190646070508024
214021217,내산초등학교,214021379,안락초등학교,2.479133,215,187,402,380.0,11.0,22.0,16.0,-6.0,23.75,19.142857142857142,16.75,24.616915422885572,3.0,19.0,29.485190135118376,21,43,26.689272285097193,32.340815465710115,8.485190135118376,13.514809864881624
214021217,내산초등학교,214021542,안진초등학교,2.486494,215,394,609,592.0,17.0,28.0,26.0,-2.0,22.76923076923077,23.423076923076923,20.3,18.438423645320196,3.0,29.0,42.761589369615606,26,48,39.96567151959442,45.61721470020734,16.761589369615606,5.238410630384394
214021217,내산초등학교,214021476,연제초등학교,2.589036,215,435,650,633.0,21.0,32.0,29.0,-3.0,21.82758620689655,19.696969696969695,18.055555555555557,13.904615384615385,3.0,32.0,46.74450913996478,33,55,43.94859128994359,49.60013447055651,13.744509139964777,8.255490860035223
214021217,내산초등학교,214021271,명동초등학교,2.695609,215,454,669,666.0,22.0,33.0,29.0,-4.0,22.96551724137931,19.676470588235293,19.676470588235293,18.05680119581465,3.0,32.0,46.74450913996478,34,56,43.94859128994359,49.60013447055651,12.744509139964777,9.255490860035223
214021217,내산초등학교,214021253,동상초등학교,2.796112,215,100,315,298.0,6.0,17.0,15.0,-2.0,19.866666666666667,26.25,11.25,39.38095238095238,3.0,18.0,28.157550211668653,12,34,25.36163236164747,31.01317554226039,16.157550211668653,5.842449788331347
214021217,내산초등학교,214021462,연동초등학교,2.814718,215,542,757,743.0,26.0,37.0,33.0,-4.0,22.515151515151516,19.41025641025641,18.925,22.71202113606341,3.0,36.0,52.05506883376367,39,61,49.25915098374249,54.910694164355405,13.05506883376367,8.94493116623633
214021217,내산초등학교,214021532,현곡초등학교,2.840485,215,86,301,283.0,6.0,17.0,16.0,-1.0,17.6875,23.153846153846153,27.363636363636363,48.3421926910299,3.0,19.0,29.485190135118376,13,35,26.689272285097193,32.340815465710115,16.485190135118376,5.514809864881624
214021226,내성초등학교,214021199,낙민초등학교,0.590983,107,589,696,692.0,27.0,34.0,31.0,-3.0,22.322580645161292,17.846153846153847,19.333333333333332,20.864942528735632,3.0,34.0,49.39978898686422,39,56,46.60387113684304,52.25541431745596,10.399788986864223,6.600211013135777
214021226,내성초등학교,214021280,명륜초등학교,0.704931,107,1110,1217,1189.0,43.0,50.0,50.0,0.0,23.78,20.627118644067796,22.962264150943398,10.585866885784716,3.0,53.0,74.62494753240895,59,76,71.82902968238777,77.48057286300069,15.624947532408953,1.375052467591047
214021226,내성초등학교,214021298,명장초등학교,0.733176,107,339,446,443.0,17.0,24.0,21.0,-3.0,21.095238095238095,15.379310344827585,16.51851851851852,33.88565022421525,3.0,24.0,36.12338975236699,29,46,33.327471902345806,38.979015082958725,7.12338975236699,9.87661024763301
214021226,내성초등학교,214021361,수안초등학교,0.969029,107,166,273,261.0,11.0,18.0,14.0,-4.0,18.642857142857142,17.0625,16.058823529411764,16.304029304029303,3.0,17.0,26.82991028821893,16,33,24.033992438197746,29.68553561881067,10.82991028821893,6.1700897117810705
214021226,내성초등학교,214021145,교동초등학교,1.222881,107,862,969,952.0,36.0,43.0,41.0,-2.0,23.21951219512195,17.944444444444443,10.887640449438202,23.34468524251806,3.0,44.0,62.67618822136146,54,71,59.88027037134027,65.53181355195319,8.676188221361457,8.323811778638543
214021226,내성초등학교,214021384,안민초등학교,1.230232,107,615,722,711.0,27.0,34.0,30.0,-4.0,23.7,19.0,15.361702127659575,17.85180055401662,3.0,33.0,48.0721490634145,38,55,45.27623121339332,50.927774394006235,10.0721490634145,6.9278509365855
214021226,내성초등학교,214021217,내산초등학교,1.23656,107,215,322,301.0,11.0,18.0,16.0,-2.0,18.8125,14.636363636363637,15.333333333333334,25.257763975155278,4.0,20.0,30.8128300585681,22,39,28.016912208546916,33.66845538915984,8.8128300585681,8.1871699414319
214021226,내성초등학교,214021379,안락초등학교,1.24271,107,187,294,279.0,11.0,18.0,14.0,-4.0,19.928571428571427,14.0,12.25,33.65986394557823,3.0,17.0,26.82991028821893,21,38,24.033992438197746,29.68553561881067,5.8299102882189295,11.17008971178107
214021226,내성초등학교,214021352,서명초등학교,1.251197,107,36,143,131.0,6.0,13.0,8.0,-5.0,16.375,10.214285714285714,7.526315789473684,83.33566433566433,3.0,11.0,18.864070747520593,14,31,16.06815289749941,21.71969607811233,4.864070747520593,12.135929252479407
214021226,내성초등학교,214021289,명서초등학교,1.306037,107,94,201,189.0,6.0,13.0,10.0,-3.0,18.9,15.461538461538462,12.5625,36.930348258706466,3.0,13.0,21.519350594420036,13,30,18.723432744398853,24.374975925011775,8.519350594420036,8.480649405579964
214021226,내성초등학교,214021471,연신초등학교,1.381263,107,578,685,689.0,27.0,34.0,29.0,-5.0,23.75862068965517,17.125,20.147058823529413,16.98978102189781,3.0,32.0,46.74450913996478,40,57,43.94859128994359,49.60013447055651,6.7445091399647765,10.255490860035223
214021226,내성초등학교,214021542,안진초등학교,1.390501,107,394,501,491.0,17.0,24.0,22.0,-2.0,22.318181818181817,19.26923076923077,16.7,22.41317365269461,3.0,25.0,37.45102967581671,26,43,34.65511182579553,40.30665500640845,11.451029675816713,5.548970324183287
214021226,내성초등학교,214021158,거학초등학교,1.420693,107,543,650,641.0,24.0,31.0,29.0,-2.0,22.103448275862068,17.105263157894736,16.25,14.458461538461538,3.0,32.0,46.74450913996478,38,55,43.94859128994359,49.60013447055651,8.744509139964777,8.255490860035223
214021226,내성초등학교,214021271,명동초등학교,1.533012,107,454,561,565.0,22.0,29.0,25.0,-4.0,22.6,16.5,16.5,21.532976827094473,3.0,28.0,41.43394944616588,34,51,38.6380315961447,44.28957477675762,7.433949446165883,9.566050553834117
214021226,내성초등학교,214021470,연서초등학교,1.544054,107,591,698,693.0,29.0,36.0,30.0,-6.0,23.1,15.863636363636363,18.864864864864863,16.648997134670488,3.0,33.0,48.0721490634145,44,61,45.27623121339332,50.927774394006235,4.0721490634145,12.9278509365855
214021226,내성초등학교,214021214,미남초등학교,1.547676,107,266,373,360.0,13.0,20.0,17.0,-3.0,21.176470588235293,15.541666666666666,14.346153846153847,16.769436997319033,4.0,21.0,32.14046998201782,24,41,29.344552131996636,34.996095312609555,8.14046998201782,8.85953001798218
214021226,내성초등학교,214021469,온천초등학교,1.712101,107,1064,1171,1140.0,44.0,51.0,47.0,-4.0,24.25531914893617,17.742424242424242,24.395833333333332,10.844577284372331,4.0,51.0,71.9696676855095,66,83,69.17374983548832,74.82529301610124,5.969667685509506,11.030332314490494
214021226,내성초등학교,214021253,동상초등학교,1.73037,107,100,207,197.0,6.0,13.0,11.0,-2.0,17.90909090909091,17.25,7.392857142857143,59.927536231884055,3.0,14.0,22.84699051786976,12,29,20.051072667848576,25.702615848461498,10.84699051786976,6.153009482130241
214021226,내성초등학교,214021024,서동초등학교,1.733974,107,62,169,162.0,6.0,13.0,10.0,-3.0,16.2,12.071428571428571,7.3478260869565215,126.28402366863905,3.0,13.0,21.519350594420036,14,31,18.723432744398853,24.374975925011775,7.519350594420036,9.480649405579964
214021226,내성초등학교,214021262,동현초등학교,1.950865,107,289,396,384.0,15.0,22.0,19.0,-3.0,20.210526315789473,16.5,12.0,40.73232323232323,3.0,22.0,33.46810990546754,24,41,30.67219205544636,36.32373523605928,9.468109905467543,7.531890094532457
214021226,내성초등학교,214021619,온샘초등학교,1.999329,107,1380,1487,1462.0,55.0,62.0,61.0,-1.0,23.9672131147541,18.5875,23.983870967741936,6.878278412911903,4.0,65.0,90.55662661380563,80,97,87.76070876378445,93.41225194439737,10.556626613805633,6.4433733861943665
214021226,내성초등학교,214021388,여고초등학교,2.03879,107,1038,1145,1098.0,36.0,43.0,48.0,5.0,22.875,21.60377358490566,27.926829268292682,4.846288209606987,3.0,51.0,71.9696676855095,53,70,69.17374983548832,74.82529301610124,18.969667685509506,-1.9696676855095063
214021226,내성초등학교,214021514,충렬초등학교,2.049775,107,94,201,197.0,6.0,13.0,10.0,-3.0,19.7,15.461538461538462,11.823529411764707,50.58706467661692,3.0,13.0,21.519350594420036,13,30,18.723432744398853,24.374975925011775,8.519350594420036,8.480649405579964
214021226,내성초등학교,216021021,반안초등학교,2.143479,107,516,623,610.0,24.0,31.0,27.0,-4.0,22.59259259259259,16.394736842105264,16.394736842105264,14.414125200642054,3.0,30.0,44.08922929306533,38,55,41.293311443044146,46.944854623657065,6.08922929306533,10.91077070693467
214021226,내성초등학교,214021370,안남초등학교,2.174006,107,732,839,825.0,31.0,38.0,36.0,-2.0,22.916666666666668,19.068181818181817,21.512820512820515,10.9642431466031,3.0,39.0,56.03798860411284,44,61,53.24207075409166,58.893613934704575,12.03798860411284,4.96201139588716
214021226,내성초등학교,214021183,남문초등학교,2.175491,107,1061,1168,1133.0,41.0,48.0,48.0,0.0,23.604166666666668,18.838709677419356,23.836734693877553,7.175513698630137,3.0,51.0,71.9696676855095,62,79,69.17374983548832,74.82529301610124,9.969667685509506,7.030332314490494
214021226,내성초등학교,214021481,연천초등학교,2.262644,107,583,690,667.0,26.0,33.0,29.0,-4.0,23.0,16.829268292682926,15.333333333333334,17.58405797101449,3.0,32.0,46.74450913996478,41,58,43.94859128994359,49.60013447055651,5.7445091399647765,11.255490860035223
214021226,내성초등학교,214021462,연동초등학교,2.298887,107,542,649,642.0,26.0,33.0,29.0,-4.0,22.137931034482758,16.641025641025642,16.225,26.491525423728813,3.0,32.0,46.74450913996478,39,56,43.94859128994359,49.60013447055651,7.7445091399647765,9.255490860035223
214021226,내성초등학교,214021474,연일초등학교,2.311061,107,94,201,189.0,6.0,13.0,10.0,-3.0,18.9,16.75,14.357142857142858,63.208955223880594,3.0,13.0,21.519350594420036,12,29,18.723432744398853,24.374975925011775,9.519350594420036,7.480649405579964
214021226,내성초등학교,214021163,금강초등학교,2.345268,107,757,864,843.0,33.0,40.0,36.0,-4.0,23.416666666666668,17.632653061224488,17.632653061224488,18.75,4.0,40.0,57.36562852756256,49,66,54.56971067754138,60.2212538581543,8.365628527562563,8.634371472437437
214021226,내성초등학교,214021172,금사초등학교,2.400457,107,268,375,368.0,14.0,21.0,18.0,-3.0,20.444444444444443,17.857142857142858,13.88888888888889,28.949333333333332,4.0,22.0,33.46810990546754,21,38,30.67219205544636,36.32373523605928,12.468109905467543,4.531890094532457
214021226,내성초등학교,216021569,삼어초등학교,2.417259,107,272,379,372.0,15.0,22.0,17.0,-5.0,21.88235294117647,17.227272727272727,9.023809523809524,28.45382585751979,3.0,20.0,30.8128300585681,22,39,28.016912208546916,33.66845538915984,8.8128300585681,8.1871699414319
214021226,내성초등학교,214021476,연제초등학교,2.527355,107,435,542,532.0,21.0,28.0,24.0,-4.0,22.166666666666668,16.424242424242426,15.055555555555555,16.675276752767527,3.0,27.0,40.10630952271616,33,50,37.310391672694976,42.961934853307895,7.10630952271616,9.89369047728384
214021226,내성초등학교,214021517,창신초등학교,2.544254,107,1621,1728,1715.0,60.0,67.0,71.0,4.0,24.154929577464788,21.873417721518987,24.338028169014084,8.976851851851851,4.0,75.0,103.83302584830287,79,96,101.03710799828168,106.6886511788946,24.833025848302867,-7.833025848302867
214021226,내성초등학교,214021532,현곡초등학교,2.555008,107,86,193,182.0,6.0,13.0,10.0,-3.0,18.2,14.846153846153847,17.545454545454547,75.39378238341969,3.0,13.0,21.519350594420036,13,30,18.723432744398853,24.374975925011775,8.519350594420036,8.480649405579964
214021226,내성초등학교,214021190,금정초등학교,2.636576,107,1298,1405,1387.0,52.0,59.0,58.0,-1.0,23.913793103448278,19.788732394366196,30.543478260869566,27.494661921708186,4.0,62.0,86.57370684345648,71,88,83.7777889934353,89.42933217404821,15.573706843456478,1.4262931565435224
214021226,내성초등학교,214021235,달북초등학교,2.716714,107,513,620,615.0,24.0,31.0,27.0,-4.0,22.77777777777778,16.31578947368421,20.0,17.06935483870968,3.0,30.0,44.08922929306533,38,55,41.293311443044146,46.944854623657065,6.08922929306533,10.91077070693467
214021226,내성초등학교,214021159,과정초등학교,2.729268,107,425,532,519.0,20.0,27.0,23.0,-4.0,22.565217391304348,17.161290322580644,12.666666666666666,26.969924812030076,3.0,26.0,38.778669599266436,31,48,35.98275174924525,41.63429492985817,7.778669599266436,9.221330400733564
214021226,내성초등학교,214021180,금빛초등학교,2.73158,107,693,800,776.0,30.0,37.0,35.0,-2.0,22.17142857142857,18.181818181818183,21.62162162162162,12.375,4.0,39.0,56.03798860411284,44,61,53.24207075409166,58.893613934704575,12.03798860411284,4.96201139588716
214021226,내성초등학교,216021412,장산초등학교,2.767593,107,701,808,784.0,30.0,37.0,36.0,-1.0,21.77777777777778,17.19148936170213,18.363636363636363,13.623762376237623,3.0,39.0,56.03798860411284,47,64,53.24207075409166,58.893613934704575,9.03798860411284,7.96201139588716
214021226,내성초등학교,214021264,동명초등학교,2.936906,107,155,262,249.0,11.0,18.0,13.0,-5.0,19.153846153846153,12.476190476190476,10.076923076923077,51.64885496183206,4.0,17.0,26.82991028821893,21,38,24.033992438197746,29.68553561881067,5.8299102882189295,11.17008971178107
214021226,내성초등학교,214021468,연산초등학교,2.970512,107,787,894,889.0,37.0,44.0,38.0,-6.0,23.394736842105264,16.254545454545454,19.02127659574468,18.549217002237135,4.0,42.0,60.02090837446201,55,72,57.22499052444083,62.876533705053745,5.02090837446201,11.97909162553799
214021289,명서초등학교,214021253,동상초등학교,0.559899,94,100,194,186.0,6.0,12.0,10.0,-2.0,18.6,16.166666666666668,6.928571428571429,63.94329896907217,2.0,12.0,20.191710670970313,12,25,17.39579282094913,23.04733600156205,8.191710670970313,4.808289329029687
214021289,명서초등학교,214021298,명장초등학교,0.583805,94,339,433,432.0,17.0,23.0,20.0,-3.0,21.6,14.931034482758621,16.037037037037038,34.903002309468825,2.0,22.0,33.46810990546754,29,42,30.67219205544636,36.32373523605928,4.468109905467543,8.531890094532457
214021289,명서초등학교,214021352,서명초등학교,0.664047,94,36,130,120.0,6.0,12.0,8.0,-4.0,15.0,9.285714285714286,6.842105263157895,91.66923076923077,2.0,10.0,17.53643082407087,14,27,14.740512974049686,20.39205615466261,3.5364308240708695,9.46356917592913
214021289,명서초등학교,214021271,명동초등학교,0.696443,94,454,548,554.0,22.0,28.0,25.0,-3.0,22.16,16.11764705882353,16.11764705882353,22.043795620437955,2.0,27.0,40.10630952271616,34,47,37.310391672694976,42.961934853307895,6.10630952271616,6.89369047728384
214021289,명서초등학교,214021024,서동초등학교,0.861772,94,62,156,151.0,6.0,12.0,8.0,-4.0,18.875,11.142857142857142,6.782608695652174,136.80769230769232,2.0,10.0,17.53643082407087,14,27,14.740512974049686,20.39205615466261,3.5364308240708695,9.46356917592913
214021289,명서초등학교,214021145,교동초등학교,0.876982,94,862,956,941.0,36.0,42.0,41.0,-1.0,22.951219512195124,17.703703703703702,10.741573033707866,23.66213389121339,2.0,43.0,61.348548297911734,54,67,58.55263044789055,64.20417362850347,7.348548297911734,5.651451702088266
214021289,명서초등학교,214021172,금사초등학교,1.096285,94,268,362,357.0,14.0,20.0,16.0,-4.0,22.3125,17.238095238095237,13.407407407407407,29.988950276243095,3.0,19.0,29.485190135118376,21,34,26.689272285097193,32.340815465710115,8.485190135118376,4.514809864881624
214021289,명서초등학교,214021379,안락초등학교,1.126815,94,187,281,268.0,11.0,17.0,14.0,-3.0,19.142857142857142,13.380952380952381,11.708333333333334,35.21708185053381,2.0,16.0,25.502270364769206,21,34,22.706352514748023,28.357895695360945,4.502270364769206,8.497729635230794
214021289,명서초등학교,214021226,내성초등학교,1.306037,94,107,201,189.0,7.0,13.0,10.0,-3.0,18.9,11.823529411764707,3.792452830188679,75.98507462686567,3.0,13.0,21.519350594420036,17,30,18.723432744398853,24.374975925011775,4.519350594420036,8.480649405579964
214021289,명서초등학교,214021262,동현초등학교,1.32871,94,289,383,373.0,15.0,21.0,18.0,-3.0,20.72222222222222,15.958333333333334,11.606060606060606,42.114882506527415,2.0,20.0,30.8128300585681,24,37,28.016912208546916,33.66845538915984,6.8128300585681,6.1871699414319
214021289,명서초등학교,216021569,삼어초등학교,1.415045,94,272,366,361.0,15.0,21.0,17.0,-4.0,21.235294117647058,16.636363636363637,8.714285714285714,29.46448087431694,2.0,19.0,29.485190135118376,22,35,26.689272285097193,32.340815465710115,7.485190135118376,5.514809864881624
214021289,명서초등학교,216021021,반안초등학교,1.515309,94,516,610,599.0,24.0,30.0,27.0,-3.0,22.185185185185187,16.05263157894737,16.05263157894737,14.721311475409836,2.0,29.0,42.761589369615606,38,51,39.96567151959442,45.61721470020734,4.761589369615606,8.238410630384394
214021289,명서초등학교,214021514,충렬초등학교,1.626965,94,94,188,186.0,6.0,12.0,10.0,-2.0,18.6,14.461538461538462,11.058823529411764,54.08510638297872,2.0,12.0,20.191710670970313,13,26,17.39579282094913,23.04733600156205,7.191710670970313,5.808289329029687
214021289,명서초등학교,214021280,명륜초등학교,1.665548,94,1110,1204,1178.0,43.0,49.0,50.0,1.0,23.56,20.406779661016948,22.71698113207547,10.700166112956811,2.0,52.0,73.29730760895924,59,72,70.50138975893806,76.15293293955098,14.297307608959244,-1.297307608959244
214021289,명서초등학교,214021532,현곡초등학교,1.689559,94,86,180,171.0,6.0,12.0,9.0,-3.0,19.0,13.846153846153847,16.363636363636363,80.83888888888889,2.0,11.0,18.864070747520593,13,26,16.06815289749941,21.71969607811233,5.864070747520593,7.135929252479407
214021289,명서초등학교,214021199,낙민초등학교,1.809881,94,589,683,681.0,27.0,33.0,30.0,-3.0,22.7,17.512820512820515,18.97222222222222,21.26207906295754,2.0,32.0,46.74450913996478,39,52,43.94859128994359,49.60013447055651,7.7445091399647765,5.2554908600352235
214021289,명서초등학교,214021542,안진초등학교,1.929625,94,394,488,480.0,17.0,23.0,23.0,0.0,20.869565217391305,18.76923076923077,16.266666666666666,23.010245901639344,2.0,25.0,37.45102967581671,26,39,34.65511182579553,40.30665500640845,11.451029675816713,1.548970324183287
214021289,명서초등학교,214021384,안민초등학교,2.104672,94,615,709,700.0,27.0,33.0,31.0,-2.0,22.580645161290324,18.657894736842106,15.085106382978724,18.179125528913964,2.0,33.0,48.0721490634145,38,51,45.27623121339332,50.927774394006235,10.0721490634145,2.9278509365855
214021289,명서초등학교,216021412,장산초등학교,2.170314,94,701,795,773.0,30.0,36.0,36.0,0.0,21.47222222222222,16.914893617021278,18.068181818181817,13.846540880503145,2.0,38.0,54.71034868066312,47,60,51.91443083064193,57.56597401125485,7.710348680663117,5.289651319336883
214021289,명서초등학교,216021238,반석초등학교,2.197064,94,62,156,147.0,6.0,12.0,8.0,-4.0,18.375,11.142857142857142,6.0,49.87179487179487,2.0,10.0,17.53643082407087,14,27,14.740512974049686,20.39205615466261,3.5364308240708695,9.46356917592913
214021289,명서초등학교,214021361,수안초등학교,2.264683,94,166,260,250.0,11.0,17.0,12.0,-5.0,20.833333333333332,16.25,15.294117647058824,17.119230769230768,2.0,14.0,22.84699051786976,16,29,20.051072667848576,25.702615848461498,6.846990517869759,6.153009482130241
214021289,명서초등학교,214021217,내산초등학교,2.269642,94,215,309,290.0,11.0,17.0,15.0,-2.0,19.333333333333332,14.045454545454545,14.714285714285714,26.320388349514563,3.0,18.0,28.157550211668653,22,35,25.36163236164747,31.01317554226039,6.157550211668653,6.842449788331347
214021289,명서초등학교,214021471,연신초등학교,2.285703,94,578,672,678.0,27.0,33.0,30.0,-3.0,22.6,16.8,19.764705882352942,17.31845238095238,2.0,32.0,46.74450913996478,40,53,43.94859128994359,49.60013447055651,6.7445091399647765,6.2554908600352235
214021289,명서초등학교,214021190,금정초등학교,2.291961,94,1298,1392,1376.0,52.0,58.0,58.0,0.0,23.724137931034484,19.6056338028169,30.26086956521739,27.751436781609197,3.0,61.0,85.24606692000674,71,84,82.45014906998556,88.10169225059848,14.24606692000674,-1.24606692000674
214021289,명서초등학교,214021370,안남초등학교,2.345983,94,732,826,814.0,31.0,37.0,35.0,-2.0,23.257142857142856,18.772727272727273,21.17948717948718,11.13680387409201,2.0,37.0,53.38270875721339,44,57,50.58679090719221,56.23833408780513,9.382708757213393,3.6172912427866066
214021289,명서초등학교,216021396,인지초등학교,2.432694,94,502,596,588.0,23.0,29.0,27.0,-2.0,21.77777777777778,15.68421052631579,11.461538461538462,21.850671140939596,2.0,29.0,42.761589369615606,38,51,39.96567151959442,45.61721470020734,4.761589369615606,8.238410630384394
214021289,명서초등학교,214021469,온천초등학교,2.478323,94,1064,1158,1129.0,44.0,50.0,47.0,-3.0,24.02127659574468,17.545454545454547,24.125,10.966321243523316,3.0,50.0,70.6420277620598,66,79,67.84610991203861,73.49765309265153,4.642027762059797,8.357972237940203
214021289,명서초등학교,214021316,부곡초등학교,2.54258,94,445,539,519.0,20.0,26.0,23.0,-3.0,22.565217391304348,17.387096774193548,14.567567567567568,32.076066790352506,2.0,25.0,37.45102967581671,31,44,34.65511182579553,40.30665500640845,6.451029675816713,6.548970324183287
214021289,명서초등학교,214021180,금빛초등학교,2.570429,94,693,787,765.0,30.0,36.0,34.0,-2.0,22.5,17.886363636363637,21.27027027027027,12.579415501905972,3.0,37.0,53.38270875721339,44,57,50.58679090719221,56.23833408780513,9.382708757213393,3.6172912427866066
214021289,명서초등학교,216021200,무정초등학교,2.596148,94,504,598,590.0,23.0,29.0,27.0,-2.0,21.85185185185185,19.29032258064516,16.61111111111111,17.222408026755854,2.0,29.0,42.761589369615606,31,44,39.96567151959442,45.61721470020734,11.761589369615606,1.2384106303843936
214021289,명서초등학교,214021470,연서초등학교,2.68114,94,591,685,682.0,29.0,35.0,30.0,-5.0,22.733333333333334,15.568181818181818,18.513513513513512,16.964963503649635,2.0,32.0,46.74450913996478,44,57,43.94859128994359,49.60013447055651,2.7445091399647765,10.255490860035223
214021289,명서초등학교,214021214,미남초등학교,2.718647,94,266,360,349.0,13.0,19.0,16.0,-3.0,21.8125,15.0,13.846153846153847,17.375,3.0,19.0,29.485190135118376,24,37,26.689272285097193,32.340815465710115,5.485190135118376,7.514809864881624
214021289,명서초등학교,214021158,거학초등학교,2.723635,94,543,637,630.0,24.0,30.0,28.0,-2.0,22.5,16.763157894736842,15.925,14.75353218210361,2.0,30.0,44.08922929306533,38,51,41.293311443044146,46.944854623657065,6.08922929306533,6.91077070693467
214021289,명서초등학교,216021256,반여초등학교,2.803773,94,161,255,245.0,11.0,17.0,12.0,-5.0,20.416666666666668,11.590909090909092,7.7272727272727275,114.92941176470588,3.0,15.0,24.174630441319483,22,35,21.3787125912983,27.03025577191122,2.174630441319483,10.825369558680517
214021289,명서초등학교,214021481,연천초등학교,2.870154,94,583,677,656.0,26.0,32.0,29.0,-3.0,22.620689655172413,16.51219512195122,15.044444444444444,17.921713441654358,2.0,31.0,45.41686921651505,41,54,42.62095136649387,48.27249454710679,4.416869216515053,8.583130783484947
214021289,명서초등학교,214021159,과정초등학교,2.94253,94,425,519,508.0,20.0,26.0,23.0,-3.0,22.08695652173913,16.741935483870968,12.357142857142858,27.64547206165703,2.0,25.0,37.45102967581671,31,44,34.65511182579553,40.30665500640845,6.451029675816713,6.548970324183287
214021289,명서초등학교,214021619,온샘초등학교,2.948206,94,1380,1474,1451.0,55.0,61.0,60.0,-1.0,24.183333333333334,18.425,23.774193548387096,6.9389416553595655,3.0,63.0,87.90134676690619,80,93,85.105428916885,90.75697209749792,7.901346766906187,5.098653233093813
214021289,명서초등학교,216021570,송수초등학교,2.978613,94,850,944,947.0,36.0,42.0,42.0,0.0,22.547619047619047,16.857142857142858,18.88,11.82521186440678,3.0,45.0,64.00382814481118,56,69,61.20791029479,66.85945347540292,8.00382814481118,4.99617185518882
214021361,수안초등학교,214021158,거학초등학교,0.46603,166,543,709,702.0,24.0,35.0,30.0,-5.0,23.4,18.657894736842106,17.725,13.255289139633286,2.0,32.0,46.74450913996478,38,54,43.94859128994359,49.60013447055651,8.744509139964777,7.2554908600352235
214021361,수안초등학교,214021199,낙민초등학교,0.730837,166,589,755,753.0,27.0,38.0,34.0,-4.0,22.147058823529413,19.358974358974358,20.97222222222222,19.234437086092715,2.0,36.0,52.05506883376367,39,55,49.25915098374249,54.910694164355405,13.05506883376367,2.94493116623633
214021361,수안초등학교,214021214,미남초등학교,0.777113,166,266,432,421.0,13.0,24.0,20.0,-4.0,21.05,18.0,16.615384615384617,14.479166666666666,3.0,23.0,34.795749828917266,24,40,31.999831978896083,37.651375159509,10.795749828917266,5.204250171082734
214021361,수안초등학교,214021217,내산초등학교,0.837904,166,215,381,362.0,11.0,22.0,18.0,-4.0,20.11111111111111,17.318181818181817,18.142857142857142,21.346456692913385,3.0,21.0,32.14046998201782,22,38,29.344552131996636,34.996095312609555,10.14046998201782,5.8595300179821805
214021361,수안초등학교,214021280,명륜초등학교,0.877735,166,1110,1276,1250.0,43.0,54.0,53.0,-1.0,23.58490566037736,21.627118644067796,24.07547169811321,10.096394984326018,2.0,55.0,77.2802273793084,59,75,74.48430952928722,80.13585270990013,18.2802273793084,-2.2802273793084
214021361,수안초등학교,214021226,내성초등학교,0.969029,166,107,273,261.0,7.0,18.0,14.0,-4.0,18.642857142857142,16.058823529411764,5.150943396226415,55.94505494505494,3.0,17.0,26.82991028821893,17,33,24.033992438197746,29.68553561881067,9.82991028821893,6.1700897117810705
214021361,수안초등학교,214021388,여고초등학교,1.082845,166,1038,1204,1159.0,36.0,47.0,49.0,2.0,23.653061224489797,22.71698113207547,29.365853658536587,4.608803986710964,2.0,51.0,71.9696676855095,53,69,69.17374983548832,74.82529301610124,18.969667685509506,-2.9696676855095063
214021361,수안초등학교,214021470,연서초등학교,1.197818,166,591,757,754.0,29.0,40.0,34.0,-6.0,22.176470588235293,17.204545454545453,20.45945945945946,15.351387054161162,2.0,36.0,52.05506883376367,44,60,49.25915098374249,54.910694164355405,8.05506883376367,7.94493116623633
214021361,수안초등학교,214021183,남문초등학교,1.210261,166,1061,1227,1194.0,41.0,52.0,51.0,-1.0,23.41176470588235,19.79032258064516,25.040816326530614,6.830480847595762,2.0,53.0,74.62494753240895,62,78,71.82902968238777,77.48057286300069,12.624947532408953,3.375052467591047
214021361,수안초등학교,214021384,안민초등학교,1.412572,166,615,781,772.0,27.0,38.0,34.0,-4.0,22.705882352941178,20.55263157894737,16.617021276595743,16.503201024327783,2.0,36.0,52.05506883376367,38,54,49.25915098374249,54.910694164355405,14.05506883376367,1.94493116623633
214021361,수안초등학교,214021471,연신초등학교,1.46086,166,578,744,750.0,27.0,38.0,32.0,-6.0,23.4375,18.6,21.88235294117647,15.64247311827957,2.0,34.0,49.39978898686422,40,56,46.60387113684304,52.25541431745596,9.399788986864223,6.600211013135777
214021361,수안초등학교,214021619,온샘초등학교,1.466171,166,1380,1546,1523.0,55.0,66.0,63.0,-3.0,24.174603174603174,19.325,24.93548387096774,6.6157826649417855,3.0,66.0,91.88426653725537,80,96,89.08834868723419,94.7398918678471,11.884266537255371,4.115733462744629
214021361,수안초등학교,214021469,온천초등학교,1.474521,166,1064,1230,1201.0,44.0,55.0,50.0,-5.0,24.02,18.636363636363637,25.625,10.324390243902439,3.0,53.0,74.62494753240895,66,82,71.82902968238777,77.48057286300069,8.624947532408953,7.375052467591047
214021361,수안초등학교,214021163,금강초등학교,1.515141,166,757,923,904.0,33.0,44.0,39.0,-5.0,23.17948717948718,18.836734693877553,18.836734693877553,17.551462621885157,3.0,42.0,60.02090837446201,49,65,57.22499052444083,62.876533705053745,11.02090837446201,4.97909162553799
214021361,수안초등학교,214021517,창신초등학교,1.576969,166,1621,1787,1776.0,60.0,71.0,74.0,3.0,24.0,22.620253164556964,25.169014084507044,8.68047006155568,3.0,77.0,106.48830569520231,79,95,103.69238784518113,109.34393102579405,27.488305695202314,-11.488305695202314
214021361,수안초등학교,214021298,명장초등학교,1.700927,166,339,505,504.0,17.0,28.0,23.0,-5.0,21.91304347826087,17.413793103448278,18.703703703703702,29.926732673267328,2.0,25.0,37.45102967581671,29,45,34.65511182579553,40.30665500640845,8.451029675816713,7.548970324183287
214021361,수안초등학교,214021542,안진초등학교,1.824469,166,394,560,552.0,17.0,28.0,24.0,-4.0,23.0,21.53846153846154,18.666666666666668,20.051785714285714,2.0,26.0,38.778669599266436,26,42,35.98275174924525,41.63429492985817,12.778669599266436,3.2213304007335637
214021361,수안초등학교,214021476,연제초등학교,1.837838,166,435,601,593.0,21.0,32.0,26.0,-6.0,22.807692307692307,18.21212121212121,16.694444444444443,15.038269550748753,2.0,28.0,41.43394944616588,33,49,38.6380315961447,44.28957477675762,8.433949446165883,7.566050553834117
214021361,수안초등학교,214021235,달북초등학교,1.892406,166,513,679,676.0,24.0,35.0,29.0,-6.0,23.310344827586206,17.86842105263158,21.903225806451612,15.586156111929307,2.0,31.0,45.41686921651505,38,54,42.62095136649387,48.27249454710679,7.416869216515053,8.583130783484947
214021361,수안초등학교,214021462,연동초등학교,1.977408,166,542,708,703.0,26.0,37.0,31.0,-6.0,22.677419354838708,18.153846153846153,17.7,24.283898305084747,2.0,33.0,48.0721490634145,39,55,45.27623121339332,50.927774394006235,9.0721490634145,6.9278509365855
214021361,수안초등학교,214021145,교동초등학교,1.977427,166,862,1028,1013.0,36.0,47.0,44.0,-3.0,23.022727272727273,19.037037037037038,11.55056179775281,22.004863813229573,2.0,46.0,65.3314680682609,54,70,62.53555021823972,68.18709339885264,11.331468068260904,4.668531931739096
214021361,수안초등학교,214021379,안락초등학교,2.071685,166,187,353,340.0,11.0,22.0,16.0,-6.0,21.25,16.80952380952381,14.708333333333334,28.03399433427762,2.0,18.0,28.157550211668653,21,37,25.36163236164747,31.01317554226039,7.157550211668653,8.842449788331347
214021361,수안초등학교,214021352,서명초등학교,2.08145,166,36,202,192.0,6.0,17.0,11.0,-6.0,17.454545454545453,14.428571428571429,10.631578947368421,58.995049504950494,2.0,13.0,21.519350594420036,14,30,18.723432744398853,24.374975925011775,7.519350594420036,8.480649405579964
214021361,수안초등학교,214021249,예원초등학교,2.159607,166,878,1044,1031.0,34.0,45.0,43.0,-2.0,23.976744186046513,21.306122448979593,24.27906976744186,7.167624521072797,2.0,45.0,64.00382814481118,49,65,61.20791029479,66.85945347540292,15.00382814481118,0.9961718551888197
214021361,수안초등학교,214021474,연일초등학교,2.256592,166,94,260,250.0,6.0,17.0,13.0,-4.0,19.23076923076923,21.666666666666668,18.571428571428573,48.86538461538461,2.0,15.0,24.174630441319483,12,28,21.3787125912983,27.03025577191122,12.174630441319483,3.825369558680517
214021361,수안초등학교,214021289,명서초등학교,2.264683,166,94,260,250.0,6.0,17.0,12.0,-5.0,20.833333333333332,20.0,16.25,28.55,2.0,14.0,22.84699051786976,13,29,20.051072667848576,25.702615848461498,9.84699051786976,6.153009482130241
214021361,수안초등학교,214021325,사직초등학교,2.39223,166,951,1117,1090.0,39.0,50.0,46.0,-4.0,23.695652173913043,18.311475409836067,21.07547169811321,15.401969561324977,2.0,48.0,67.98674791516035,61,77,65.19083006513917,70.84237324575209,6.98674791516035,9.01325208483965
214021361,수안초등학교,214021481,연천초등학교,2.418262,166,583,749,728.0,26.0,37.0,33.0,-4.0,22.060606060606062,18.26829268292683,16.644444444444446,16.198931909212284,2.0,35.0,50.72742891031395,41,57,47.93151106029276,53.58305424090568,9.727428910313947,6.272571089686053
214021361,수안초등학교,214021271,명동초등학교,2.479414,166,454,620,626.0,22.0,33.0,29.0,-4.0,21.586206896551722,18.235294117647058,18.235294117647058,19.483870967741936,2.0,31.0,45.41686921651505,34,50,42.62095136649387,48.27249454710679,11.416869216515053,4.583130783484947
214021361,수안초등학교,214021468,연산초등학교,2.488918,166,787,953,950.0,37.0,48.0,40.0,-8.0,23.75,17.327272727272728,20.27659574468085,17.40083945435467,3.0,43.0,61.348548297911734,55,71,58.55263044789055,64.20417362850347,6.348548297911734,9.651451702088266
214021361,수안초등학교,214021024,서동초등학교,2.554494,166,62,228,223.0,6.0,17.0,11.0,-6.0,20.272727272727273,16.285714285714285,9.91304347826087,93.60526315789474,2.0,13.0,21.519350594420036,14,30,18.723432744398853,24.374975925011775,7.519350594420036,8.480649405579964
214021361,수안초등학교,214021262,동현초등학교,2.642022,166,289,455,445.0,15.0,26.0,21.0,-5.0,21.19047619047619,18.958333333333332,13.787878787878787,35.45054945054945,2.0,23.0,34.795749828917266,24,40,31.999831978896083,37.651375159509,10.795749828917266,5.204250171082734
214021361,수안초등학교,214021264,동명초등학교,2.652472,166,155,321,310.0,11.0,22.0,15.0,-7.0,20.666666666666668,15.285714285714286,12.346153846153847,42.15576323987539,3.0,18.0,28.157550211668653,21,37,25.36163236164747,31.01317554226039,7.157550211668653,8.842449788331347
214021361,수안초등학교,214021370,안남초등학교,2.672033,166,732,898,886.0,31.0,42.0,38.0,-4.0,23.31578947368421,20.40909090909091,23.025641025641026,10.243875278396436,2.0,40.0,57.36562852756256,44,60,54.56971067754138,60.2212538581543,13.365628527562563,2.6343714724374365
214021361,수안초등학교,214021253,동상초등학교,2.698613,166,100,266,258.0,6.0,17.0,13.0,-4.0,19.846153846153847,22.166666666666668,9.5,46.63533834586466,2.0,15.0,24.174630441319483,12,28,21.3787125912983,27.03025577191122,12.174630441319483,3.825369558680517
214021361,수안초등학교,214021156,거제초등학교,2.748784,166,803,969,952.0,34.0,45.0,41.0,-4.0,23.21951219512195,19.775510204081634,24.846153846153847,11.0546955624355,2.0,43.0,61.348548297911734,49,65,58.55263044789055,64.20417362850347,12.348548297911734,3.6514517020882664
214021361,수안초등학교,214021514,충렬초등학교,2.849536,166,94,260,258.0,6.0,17.0,13.0,-4.0,19.846153846153847,20.0,15.294117647058824,39.10769230769231,2.0,15.0,24.174630441319483,13,29,21.3787125912983,27.03025577191122,11.174630441319483,4.825369558680517
214021361,수안초등학교,213021460,양정초등학교,2.977645,166,776,942,895.0,39.0,50.0,38.0,-12.0,23.55263157894737,16.24137931034483,16.24137931034483,15.926751592356688,3.0,41.0,58.69326845101229,58,74,55.8973506009911,61.54889378160402,0.6932684510122868,15.306731548987713
214021379,안락초등학교,214021271,명동초등학교,0.674809,187,454,641,644.0,22.0,33.0,28.0,-5.0,23.0,18.852941176470587,18.852941176470587,18.845553822152887,2.0,30.0,44.08922929306533,34,55,41.293311443044146,46.944854623657065,10.08922929306533,10.91077070693467
214021379,안락초등학교,214021514,충렬초등학교,0.807069,187,94,281,276.0,6.0,17.0,15.0,-2.0,18.4,21.615384615384617,16.529411764705884,36.18505338078292,2.0,17.0,26.82991028821893,13,34,24.033992438197746,29.68553561881067,13.82991028821893,7.1700897117810705
214021379,안락초등학교,214021542,안진초등학교,0.888335,187,394,581,570.0,17.0,28.0,25.0,-3.0,22.8,22.346153846153847,19.366666666666667,19.327022375215147,2.0,27.0,40.10630952271616,26,47,37.310391672694976,42.961934853307895,14.10630952271616,6.89369047728384
214021379,안락초등학교,214021298,명장초등학교,0.900983,187,339,526,522.0,17.0,28.0,24.0,-4.0,21.75,18.137931034482758,19.48148148148148,28.731939163498097,2.0,26.0,38.778669599266436,29,50,35.98275174924525,41.63429492985817,9.778669599266436,11.221330400733564
214021379,안락초등학교,216021021,반안초등학교,0.929524,187,516,703,689.0,24.0,35.0,30.0,-5.0,22.966666666666665,18.5,18.5,12.773826458036984,2.0,32.0,46.74450913996478,38,59,43.94859128994359,49.60013447055651,8.744509139964777,12.255490860035223
214021379,안락초등학교,214021253,동상초등학교,1.081821,187,100,287,276.0,6.0,17.0,15.0,-2.0,18.4,23.916666666666668,10.25,43.22299651567944,2.0,17.0,26.82991028821893,12,33,24.033992438197746,29.68553561881067,14.82991028821893,6.1700897117810705
214021379,안락초등학교,214021289,명서초등학교,1.126815,187,94,281,268.0,6.0,17.0,14.0,-3.0,19.142857142857142,21.615384615384617,17.5625,26.416370106761565,2.0,16.0,25.502270364769206,13,34,22.706352514748023,28.357895695360945,12.502270364769206,8.497729635230794
214021379,안락초등학교,214021370,안남초등학교,1.22802,187,732,919,904.0,31.0,42.0,39.0,-3.0,23.17948717948718,20.886363636363637,23.564102564102566,10.009793253536452,2.0,41.0,58.69326845101229,44,65,55.8973506009911,61.54889378160402,14.693268451012287,6.306731548987713
214021379,안락초등학교,214021384,안민초등학교,1.231344,187,615,802,790.0,27.0,38.0,36.0,-2.0,21.944444444444443,21.105263157894736,17.06382978723404,16.071072319201996,2.0,38.0,54.71034868066312,38,59,51.91443083064193,57.56597401125485,16.710348680663117,4.289651319336883
214021379,안락초등학교,214021226,내성초등학교,1.24271,187,107,294,279.0,7.0,18.0,14.0,-4.0,19.928571428571427,17.294117647058822,5.547169811320755,51.94897959183673,3.0,17.0,26.82991028821893,17,38,24.033992438197746,29.68553561881067,9.82991028821893,11.17008971178107
214021379,안락초등학교,214021199,낙민초등학교,1.374689,187,589,776,771.0,27.0,38.0,35.0,-3.0,22.02857142857143,19.897435897435898,21.555555555555557,18.713917525773194,2.0,37.0,53.38270875721339,39,60,50.58679090719221,56.23833408780513,14.382708757213393,6.617291242786607
214021379,안락초등학교,216021569,삼어초등학교,1.375864,187,272,459,451.0,15.0,26.0,22.0,-4.0,20.5,20.863636363636363,10.928571428571429,23.494553376906318,2.0,24.0,36.12338975236699,22,43,33.327471902345806,38.979015082958725,14.12338975236699,6.87661024763301
214021379,안락초등학교,214021471,연신초등학교,1.397612,187,578,765,768.0,27.0,38.0,34.0,-4.0,22.58823529411765,19.125,22.5,15.213071895424836,2.0,36.0,52.05506883376367,40,61,49.25915098374249,54.910694164355405,12.05506883376367,8.94493116623633
214021379,안락초등학교,216021412,장산초등학교,1.527011,187,701,888,863.0,30.0,41.0,36.0,-5.0,23.97222222222222,18.893617021276597,20.181818181818183,12.396396396396396,2.0,38.0,54.71034868066312,47,68,51.91443083064193,57.56597401125485,7.710348680663117,13.289651319336883
214021379,안락초등학교,214021352,서명초등학교,1.642853,187,36,223,210.0,6.0,17.0,11.0,-6.0,19.09090909090909,15.928571428571429,11.736842105263158,53.43946188340807,2.0,13.0,21.519350594420036,14,35,18.723432744398853,24.374975925011775,7.519350594420036,13.480649405579964
214021379,안락초등학교,214021481,연천초등학교,1.776833,187,583,770,746.0,26.0,37.0,32.0,-5.0,23.3125,18.78048780487805,17.11111111111111,15.757142857142858,2.0,34.0,49.39978898686422,41,62,46.60387113684304,52.25541431745596,8.399788986864223,12.600211013135777
214021379,안락초등학교,214021145,교동초등학교,1.785829,187,862,1049,1031.0,36.0,47.0,44.0,-3.0,23.431818181818183,19.425925925925927,11.786516853932584,21.564346997140134,2.0,46.0,65.3314680682609,54,75,62.53555021823972,68.18709339885264,11.331468068260904,9.668531931739096
214021379,안락초등학교,214021159,과정초등학교,1.828526,187,425,612,598.0,20.0,31.0,27.0,-4.0,22.14814814814815,19.741935483870968,14.571428571428571,23.444444444444443,2.0,29.0,42.761589369615606,31,52,39.96567151959442,45.61721470020734,11.761589369615606,9.238410630384394
214021379,안락초등학교,214021280,명륜초등학교,1.921623,187,1110,1297,1268.0,43.0,54.0,54.0,0.0,23.48148148148148,21.983050847457626,24.471698113207548,9.932922127987664,2.0,56.0,78.60786730275814,59,80,75.81194945273695,81.46349263334987,19.607867302758137,1.3921326972418626
214021379,안락초등학교,216021200,무정초등학교,1.935657,187,504,691,680.0,23.0,34.0,31.0,-3.0,21.93548387096774,22.29032258064516,19.194444444444443,14.904486251808972,2.0,33.0,48.0721490634145,31,52,45.27623121339332,50.927774394006235,17.0721490634145,3.9278509365855
214021379,안락초등학교,214021470,연서초등학교,1.944444,187,591,778,772.0,29.0,40.0,34.0,-6.0,22.705882352941178,17.681818181818183,21.027027027027028,14.937017994858612,2.0,36.0,52.05506883376367,44,65,49.25915098374249,54.910694164355405,8.05506883376367,12.94493116623633
214021379,안락초등학교,214021172,금사초등학교,1.95951,187,268,455,447.0,14.0,25.0,20.0,-5.0,22.35,21.666666666666668,16.85185185185185,23.85934065934066,3.0,23.0,34.795749828917266,21,42,31.999831978896083,37.651375159509,13.795749828917266,7.204250171082734
214021379,안락초등학교,214021024,서동초등학교,1.972467,187,62,249,241.0,6.0,17.0,12.0,-5.0,20.083333333333332,17.785714285714285,10.826086956521738,85.71084337349397,2.0,14.0,22.84699051786976,14,35,20.051072667848576,25.702615848461498,8.84699051786976,12.15300948213024
214021379,안락초등학교,216021570,송수초등학교,2.001905,187,850,1037,1037.0,36.0,47.0,44.0,-3.0,23.568181818181817,18.517857142857142,20.74,10.764705882352942,3.0,47.0,66.65910799171063,56,77,63.863190141689444,69.51473332230236,10.659107991710627,10.340892008289373
214021379,안락초등학교,216021396,인지초등학교,2.009671,187,502,689,678.0,23.0,34.0,30.0,-4.0,22.6,18.13157894736842,13.25,18.901306240928882,2.0,32.0,46.74450913996478,38,59,43.94859128994359,49.60013447055651,8.744509139964777,12.255490860035223
214021379,안락초등학교,214021361,수안초등학교,2.071685,187,166,353,340.0,11.0,22.0,16.0,-6.0,21.25,22.0625,20.764705882352942,12.609065155807366,2.0,18.0,28.157550211668653,16,37,25.36163236164747,31.01317554226039,12.157550211668653,8.842449788331347
214021379,안락초등학교,214021474,연일초등학교,2.090864,187,94,281,268.0,6.0,17.0,14.0,-3.0,19.142857142857142,23.416666666666668,20.071428571428573,45.213523131672595,2.0,16.0,25.502270364769206,12,33,22.706352514748023,28.357895695360945,13.502270364769206,7.497729635230794
214021379,안락초등학교,216021328,신재초등학교,2.128634,187,303,490,488.0,16.0,27.0,23.0,-4.0,21.217391304347824,18.846153846153847,16.896551724137932,28.291836734693877,2.0,25.0,37.45102967581671,26,47,34.65511182579553,40.30665500640845,11.451029675816713,9.548970324183287
214021379,안락초등학교,216021238,반석초등학교,2.247365,187,62,249,237.0,6.0,17.0,12.0,-5.0,19.75,17.785714285714285,9.576923076923077,31.244979919678716,2.0,14.0,22.84699051786976,14,35,20.051072667848576,25.702615848461498,8.84699051786976,12.15300948213024
214021379,안락초등학교,214021262,동현초등학교,2.404165,187,289,476,463.0,15.0,26.0,21.0,-5.0,22.047619047619047,19.833333333333332,14.424242424242424,33.88655462184874,2.0,23.0,34.795749828917266,24,45,31.999831978896083,37.651375159509,10.795749828917266,10.204250171082734
214021379,안락초등학교,216021256,반여초등학교,2.405358,187,161,348,335.0,11.0,22.0,16.0,-6.0,20.9375,15.818181818181818,10.545454545454545,84.21551724137932,3.0,19.0,29.485190135118376,22,43,26.689272285097193,32.340815465710115,7.485190135118376,13.514809864881624
214021379,안락초등학교,214021462,연동초등학교,2.415108,187,542,729,721.0,26.0,37.0,31.0,-6.0,23.258064516129032,18.692307692307693,18.225,23.584362139917694,2.0,33.0,48.0721490634145,39,60,45.27623121339332,50.927774394006235,9.0721490634145,11.9278509365855
214021379,안락초등학교,214021529,토현초등학교,2.440065,187,242,429,415.0,13.0,24.0,19.0,-5.0,21.842105263157894,17.875,17.16,20.296037296037294,2.0,21.0,32.14046998201782,24,45,29.344552131996636,34.996095312609555,8.14046998201782,12.85953001798218
214021379,안락초등학교,214021158,거학초등학교,2.444091,187,543,730,720.0,24.0,35.0,32.0,-3.0,22.5,19.210526315789473,18.25,12.873972602739727,2.0,34.0,49.39978898686422,38,59,46.60387113684304,52.25541431745596,11.399788986864223,9.600211013135777
214021379,안락초등학교,214021217,내산초등학교,2.479133,187,215,402,380.0,11.0,22.0,16.0,-6.0,23.75,18.272727272727273,19.142857142857142,20.23134328358209,3.0,19.0,29.485190135118376,22,43,26.689272285097193,32.340815465710115,7.485190135118376,13.514809864881624
214021379,안락초등학교,216021232,반산초등학교,2.602614,187,291,478,457.0,17.0,28.0,22.0,-6.0,20.772727272727273,16.482758620689655,14.484848484848484,17.064853556485357,3.0,25.0,37.45102967581671,29,50,34.65511182579553,40.30665500640845,8.451029675816713,12.548970324183287
214021379,안락초등학교,214021214,미남초등학교,2.760542,187,266,453,439.0,13.0,24.0,22.0,-2.0,19.954545454545453,18.875,17.423076923076923,13.80794701986755,3.0,25.0,37.45102967581671,24,45,34.65511182579553,40.30665500640845,13.451029675816713,7.548970324183287
214021379,안락초등학교,216021268,배산초등학교,2.768548,187,512,699,687.0,23.0,34.0,31.0,-3.0,22.161290322580644,19.416666666666668,21.181818181818183,23.773962804005723,3.0,34.0,49.39978898686422,36,57,46.60387113684304,52.25541431745596,13.399788986864223,7.600211013135777
214021379,안락초등학교,214021532,현곡초등학교,2.815671,187,86,273,261.0,6.0,17.0,13.0,-4.0,20.076923076923077,21.0,24.818181818181817,53.3003663003663,2.0,15.0,24.174630441319483,13,34,21.3787125912983,27.03025577191122,11.174630441319483,9.825369558680517
214021379,안락초등학교,216021436,재송초등학교,2.841847,187,336,523,510.0,17.0,28.0,23.0,-5.0,22.17391304347826,16.870967741935484,14.942857142857143,27.44359464627151,3.0,26.0,38.778669599266436,31,52,35.98275174924525,41.63429492985817,7.778669599266436,13.221330400733564
214021379,안락초등학교,214021264,동명초등학교,2.878601,187,155,342,328.0,11.0,22.0,16.0,-6.0,20.5,16.285714285714285,13.153846153846153,39.567251461988306,3.0,19.0,29.485190135118376,21,42,26.689272285097193,32.340815465710115,8.485190135118376,12.514809864881624
214021379,안락초등학교,216021571,센텀초등학교,2.89105,187,1472,1659,1629.0,55.0,66.0,67.0,1.0,24.313432835820894,21.0,23.7,6.623869801084991,2.0,69.0,95.86718630760453,79,100,93.07126845758334,98.72281163819626,16.867186307604527,4.132813692395473
214021379,안락초등학교,214021469,온천초등학교,2.919635,187,1064,1251,1219.0,44.0,55.0,53.0,-2.0,23.0,18.954545454545453,26.0625,10.151079136690647,3.0,56.0,78.60786730275814,66,87,75.81194945273695,81.46349263334987,12.607867302758137,8.392132697241863
214021514,충렬초등학교,216021021,반안초등학교,0.312073,94,516,610,607.0,24.0,30.0,27.0,-3.0,22.48148148148148,16.05263157894737,16.05263157894737,14.721311475409836,2.0,29.0,42.761589369615606,38,51,39.96567151959442,45.61721470020734,4.761589369615606,8.238410630384394
214021514,충렬초등학교,216021412,장산초등학교,0.725743,94,701,795,781.0,30.0,36.0,36.0,0.0,21.694444444444443,16.914893617021278,18.068181818181817,13.846540880503145,2.0,38.0,54.71034868066312,47,60,51.91443083064193,57.56597401125485,7.710348680663117,5.289651319336883
214021514,충렬초등학교,214021379,안락초등학교,0.807069,94,187,281,276.0,11.0,17.0,15.0,-2.0,18.4,13.380952380952381,11.708333333333334,35.21708185053381,2.0,17.0,26.82991028821893,21,34,24.033992438197746,29.68553561881067,5.8299102882189295,7.1700897117810705
214021514,충렬초등학교,214021271,명동초등학교,0.93972,94,454,548,562.0,22.0,28.0,25.0,-3.0,22.48,16.11764705882353,16.11764705882353,22.043795620437955,2.0,27.0,40.10630952271616,34,47,37.310391672694976,42.961934853307895,6.10630952271616,6.89369047728384
214021514,충렬초등학교,216021569,삼어초등학교,0.993861,94,272,366,369.0,15.0,21.0,17.0,-4.0,21.705882352941178,16.636363636363637,8.714285714285714,29.46448087431694,2.0,19.0,29.485190135118376,22,35,26.689272285097193,32.340815465710115,7.485190135118376,5.514809864881624
214021514,충렬초등학교,214021370,안남초등학교,1.032548,94,732,826,822.0,31.0,37.0,36.0,-1.0,22.833333333333332,18.772727272727273,21.17948717948718,11.13680387409201,2.0,38.0,54.71034868066312,44,57,51.91443083064193,57.56597401125485,10.710348680663117,2.2896513193368833
214021514,충렬초등학교,216021200,무정초등학교,1.128601,94,504,598,598.0,23.0,29.0,27.0,-2.0,22.14814814814815,19.29032258064516,16.61111111111111,17.222408026755854,2.0,29.0,42.761589369615606,31,44,39.96567151959442,45.61721470020734,11.761589369615606,1.2384106303843936
214021514,충렬초등학교,216021396,인지초등학교,1.252456,94,502,596,596.0,23.0,29.0,27.0,-2.0,22.074074074074073,15.68421052631579,11.461538461538462,21.850671140939596,2.0,29.0,42.761589369615606,38,51,39.96567151959442,45.61721470020734,4.761589369615606,8.238410630384394
214021514,충렬초등학교,214021253,동상초등학교,1.283191,94,100,194,194.0,6.0,12.0,11.0,-1.0,17.636363636363637,16.166666666666668,6.928571428571429,63.94329896907217,2.0,13.0,21.519350594420036,12,25,18.723432744398853,24.374975925011775,9.519350594420036,3.480649405579964
214021514,충렬초등학교,214021542,안진초등학교,1.301942,94,394,488,488.0,17.0,23.0,23.0,0.0,21.217391304347824,18.76923076923077,16.266666666666666,23.010245901639344,2.0,25.0,37.45102967581671,26,39,34.65511182579553,40.30665500640845,11.451029675816713,1.548970324183287
214021514,충렬초등학교,216021570,송수초등학교,1.356863,94,850,944,955.0,36.0,42.0,42.0,0.0,22.738095238095237,16.857142857142858,18.88,11.82521186440678,3.0,45.0,64.00382814481118,56,69,61.20791029479,66.85945347540292,8.00382814481118,4.99617185518882
214021514,충렬초등학교,216021328,신재초등학교,1.392486,94,303,397,406.0,16.0,22.0,19.0,-3.0,21.36842105263158,15.26923076923077,13.689655172413794,34.91939546599496,2.0,21.0,32.14046998201782,26,39,29.344552131996636,34.996095312609555,6.1404699820178195,6.8595300179821805
214021514,충렬초등학교,214021159,과정초등학교,1.524011,94,425,519,516.0,20.0,26.0,24.0,-2.0,21.5,16.741935483870968,12.357142857142858,27.64547206165703,2.0,26.0,38.778669599266436,31,44,35.98275174924525,41.63429492985817,7.778669599266436,5.221330400733564
214021514,충렬초등학교,214021289,명서초등학교,1.626965,94,94,188,186.0,6.0,12.0,10.0,-2.0,18.6,14.461538461538462,11.75,39.484042553191486,2.0,12.0,20.191710670970313,13,26,17.39579282094913,23.04733600156205,7.191710670970313,5.808289329029687
214021514,충렬초등학교,214021298,명장초등학교,1.627053,94,339,433,440.0,17.0,23.0,20.0,-3.0,22.0,14.931034482758621,16.037037037037038,34.903002309468825,2.0,22.0,33.46810990546754,29,42,30.67219205544636,36.32373523605928,4.468109905467543,8.531890094532457
214021514,충렬초등학교,216021256,반여초등학교,1.639025,94,161,255,253.0,11.0,17.0,12.0,-5.0,21.083333333333332,11.590909090909092,7.7272727272727275,114.92941176470588,3.0,15.0,24.174630441319483,22,35,21.3787125912983,27.03025577191122,2.174630441319483,10.825369558680517
214021514,충렬초등학교,216021238,반석초등학교,1.717745,94,62,156,155.0,6.0,12.0,10.0,-2.0,15.5,11.142857142857142,6.0,49.87179487179487,2.0,12.0,20.191710670970313,14,27,17.39579282094913,23.04733600156205,6.191710670970313,6.808289329029687
214021514,충렬초등학교,214021384,안민초등학교,1.779315,94,615,709,708.0,27.0,33.0,30.0,-3.0,23.6,18.657894736842106,15.085106382978724,18.179125528913964,2.0,32.0,46.74450913996478,38,51,43.94859128994359,49.60013447055651,8.744509139964777,4.2554908600352235
214021514,충렬초등학교,216021232,반산초등학교,1.807926,94,291,385,375.0,17.0,23.0,18.0,-5.0,20.833333333333332,13.275862068965518,11.666666666666666,21.187012987012988,3.0,21.0,32.14046998201782,29,42,29.344552131996636,34.996095312609555,3.1404699820178195,9.85953001798218
214021514,충렬초등학교,214021481,연천초등학교,1.877879,94,583,677,664.0,26.0,32.0,29.0,-3.0,22.896551724137932,16.51219512195122,15.044444444444444,17.921713441654358,2.0,31.0,45.41686921651505,41,54,42.62095136649387,48.27249454710679,4.416869216515053,8.583130783484947
214021514,충렬초등학교,214021471,연신초등학교,1.905185,94,578,672,686.0,27.0,33.0,30.0,-3.0,22.866666666666667,16.8,19.764705882352942,17.31845238095238,2.0,32.0,46.74450913996478,40,53,43.94859128994359,49.60013447055651,6.7445091399647765,6.2554908600352235
214021514,충렬초등학교,214021226,내성초등학교,2.049775,94,107,201,197.0,7.0,13.0,10.0,-3.0,19.7,11.823529411764707,3.792452830188679,75.98507462686567,3.0,13.0,21.519350594420036,17,30,18.723432744398853,24.374975925011775,4.519350594420036,8.480649405579964
214021514,충렬초등학교,214021172,금사초등학교,2.063266,94,268,362,365.0,14.0,20.0,17.0,-3.0,21.470588235294116,17.238095238095237,13.407407407407407,29.988950276243095,3.0,20.0,30.8128300585681,21,34,28.016912208546916,33.66845538915984,9.8128300585681,3.1871699414319004
214021514,충렬초등학교,214021529,토현초등학교,2.122853,94,242,336,333.0,13.0,19.0,16.0,-3.0,20.8125,14.0,13.44,25.913690476190474,2.0,18.0,28.157550211668653,24,37,25.36163236164747,31.01317554226039,4.157550211668653,8.842449788331347
214021514,충렬초등학교,214021199,낙민초등학교,2.130967,94,589,683,689.0,27.0,33.0,30.0,-3.0,22.966666666666665,17.512820512820515,18.97222222222222,21.26207906295754,2.0,32.0,46.74450913996478,39,52,43.94859128994359,49.60013447055651,7.7445091399647765,5.2554908600352235
214021514,충렬초등학교,216021436,재송초등학교,2.133079,94,336,430,428.0,17.0,23.0,20.0,-3.0,21.4,13.870967741935484,12.285714285714286,33.37906976744186,3.0,23.0,34.795749828917266,31,44,31.999831978896083,37.651375159509,3.795749828917266,9.204250171082734
214021514,충렬초등학교,214021352,서명초등학교,2.257606,94,36,130,128.0,6.0,12.0,9.0,-3.0,14.222222222222221,9.285714285714286,6.842105263157895,91.66923076923077,2.0,11.0,18.864070747520593,14,27,16.06815289749941,21.71969607811233,4.864070747520593,8.135929252479407
214021514,충렬초등학교,214021474,연일초등학교,2.320376,94,94,188,186.0,6.0,12.0,10.0,-2.0,18.6,15.666666666666666,13.428571428571429,67.57978723404256,2.0,12.0,20.191710670970313,12,25,17.39579282094913,23.04733600156205,8.191710670970313,4.808289329029687
214021514,충렬초등학교,216021571,센텀초등학교,2.334126,94,1472,1566,1547.0,55.0,61.0,65.0,4.0,23.8,19.82278481012658,22.37142857142857,7.017241379310345,2.0,67.0,93.21190646070508,79,92,90.4159886106839,96.06753179129682,14.21190646070508,-1.2119064607050802
214021514,충렬초등학교,214021145,교동초등학교,2.439417,94,862,956,949.0,36.0,42.0,41.0,-1.0,23.146341463414632,17.703703703703702,10.741573033707866,23.66213389121339,2.0,43.0,61.348548297911734,54,67,58.55263044789055,64.20417362850347,7.348548297911734,5.651451702088266
214021514,충렬초등학교,214021024,서동초등학교,2.475726,94,62,156,159.0,6.0,12.0,9.0,-3.0,17.666666666666668,11.142857142857142,6.782608695652174,136.80769230769232,2.0,11.0,18.864070747520593,14,27,16.06815289749941,21.71969607811233,4.864070747520593,8.135929252479407
214021514,충렬초등학교,214021470,연서초등학교,2.516563,94,591,685,690.0,29.0,35.0,30.0,-5.0,23.0,15.568181818181818,18.513513513513512,16.964963503649635,2.0,32.0,46.74450913996478,44,57,43.94859128994359,49.60013447055651,2.7445091399647765,10.255490860035223
214021514,충렬초등학교,214021280,명륜초등학교,2.724658,94,1110,1204,1186.0,43.0,49.0,51.0,2.0,23.254901960784313,20.406779661016948,22.71698113207547,10.700166112956811,2.0,53.0,74.62494753240895,59,72,71.82902968238777,77.48057286300069,15.624947532408953,-2.624947532408953
214021514,충렬초등학교,216021268,배산초등학교,2.73035,94,512,606,605.0,23.0,29.0,27.0,-2.0,22.40740740740741,16.833333333333332,18.363636363636363,27.422442244224424,3.0,30.0,44.08922929306533,36,49,41.293311443044146,46.944854623657065,8.08922929306533,4.91077070693467
214021514,충렬초등학교,214021462,연동초등학교,2.798101,94,542,636,639.0,26.0,32.0,28.0,-4.0,22.821428571428573,16.307692307692307,15.9,27.03301886792453,2.0,30.0,44.08922929306533,39,52,41.293311443044146,46.944854623657065,5.08922929306533,7.91077070693467
214021514,충렬초등학교,216021196,망미초등학교,2.841063,94,386,480,480.0,20.0,26.0,21.0,-5.0,22.857142857142858,16.551724137931036,16.551724137931036,29.583333333333332,2.0,23.0,34.795749828917266,29,42,31.999831978896083,37.651375159509,5.795749828917266,7.204250171082734
214021514,충렬초등학교,214021361,수안초등학교,2.849536,94,166,260,258.0,11.0,17.0,13.0,-4.0,19.846153846153847,16.25,15.294117647058824,17.119230769230768,2.0,15.0,24.174630441319483,16,29,21.3787125912983,27.03025577191122,8.174630441319483,4.825369558680517
214021514,충렬초등학교,214021262,동현초등학교,2.954314,94,289,383,381.0,15.0,21.0,18.0,-3.0,21.166666666666668,15.958333333333334,11.606060606060606,42.114882506527415,2.0,20.0,30.8128300585681,24,37,28.016912208546916,33.66845538915984,6.8128300585681,6.1871699414319
213021106,가남초등학교,213021124,가야초등학교,0.715753,53,961,1014,1004.0,42.0,48.0,42.0,-6.0,23.904761904761905,15.6,18.77777777777778,16.55325443786982,3.0,45.0,64.00382814481118,65,78,61.20791029479,66.85945347540292,-0.9961718551888197,13.99617185518882
213021106,가남초등학교,213021394,선암초등학교,0.720466,53,121,174,160.0,9.0,15.0,9.0,-6.0,17.77777777777778,10.235294117647058,9.157894736842104,36.07471264367816,2.0,11.0,18.864070747520593,17,30,16.06815289749941,21.71969607811233,1.8640707475205929,11.135929252479407
213021106,가남초등학교,213021358,부전초등학교,0.826296,53,352,405,397.0,18.0,24.0,18.0,-6.0,22.055555555555557,14.464285714285714,15.576923076923077,29.925925925925927,2.0,20.0,30.8128300585681,28,41,28.016912208546916,33.66845538915984,2.8128300585680996,10.1871699414319
213021106,가남초등학교,213021196,당감초등학교,1.114092,53,172,225,221.0,9.0,15.0,12.0,-3.0,18.416666666666668,12.5,4.787234042553192,61.23111111111111,2.0,14.0,22.84699051786976,18,31,20.051072667848576,25.702615848461498,4.846990517869759,8.15300948213024
213021106,가남초등학교,213021202,당평초등학교,1.119601,53,223,276,267.0,11.0,17.0,14.0,-3.0,19.071428571428573,11.5,8.903225806451612,41.16304347826087,3.0,17.0,26.82991028821893,24,37,24.033992438197746,29.68553561881067,2.8299102882189295,10.17008971178107
213021106,가남초등학교,213021352,부산진초등학교,1.220433,53,437,490,483.0,22.0,28.0,22.0,-6.0,21.954545454545453,14.411764705882353,14.411764705882353,29.261224489795918,3.0,25.0,37.45102967581671,34,47,34.65511182579553,40.30665500640845,3.451029675816713,9.548970324183287
213021106,가남초등학교,213021346,부암초등학교,1.239574,53,697,750,733.0,33.0,39.0,33.0,-6.0,22.21212121212121,15.0,16.304347826086957,22.082666666666668,3.0,36.0,52.05506883376367,50,63,49.25915098374249,54.910694164355405,2.05506883376367,10.94493116623633
213021106,가남초등학교,213021418,성지초등학교,1.591385,53,458,511,503.0,23.0,29.0,24.0,-5.0,20.958333333333332,12.463414634146341,15.029411764705882,26.28180039138943,3.0,27.0,40.10630952271616,41,54,37.310391672694976,42.961934853307895,-0.8936904772838403,13.89369047728384
213021106,가남초등학교,213021148,개포초등학교,1.663212,53,222,275,274.0,13.0,19.0,15.0,-4.0,18.266666666666666,11.956521739130435,7.2368421052631575,38.38545454545454,2.0,17.0,26.82991028821893,23,36,24.033992438197746,29.68553561881067,3.8299102882189295,9.17008971178107
213021106,가남초등학교,213021264,동평초등학교,1.67209,53,513,566,545.0,23.0,29.0,24.0,-5.0,22.708333333333332,17.151515151515152,14.512820512820513,32.98233215547703,2.0,26.0,38.778669599266436,33,46,35.98275174924525,41.63429492985817,5.778669599266436,7.221330400733564
213021106,가남초등학교,213021283,범일초등학교,1.735193,53,181,234,226.0,11.0,17.0,11.0,-6.0,20.545454545454547,12.31578947368421,7.3125,21.94017094017094,3.0,14.0,22.84699051786976,19,32,20.051072667848576,25.702615848461498,3.8469905178697594,9.15300948213024
213021106,가남초등학교,213021130,가평초등학교,1.782296,53,623,676,662.0,28.0,34.0,31.0,-3.0,21.35483870967742,15.720930232558139,17.789473684210527,20.884615384615383,3.0,34.0,49.39978898686422,43,56,46.60387113684304,52.25541431745596,6.399788986864223,6.600211013135777
213021106,가남초등학교,213021623,개원초등학교,1.811002,53,457,510,505.0,23.0,29.0,23.0,-6.0,21.956521739130434,13.421052631578947,15.454545454545455,25.690196078431374,2.0,25.0,37.45102967581671,38,51,34.65511182579553,40.30665500640845,-0.5489703241832871,13.548970324183287
213021106,가남초등학교,213021490,전포초등학교,1.840087,53,348,401,394.0,19.0,25.0,18.0,-7.0,21.88888888888889,13.366666666666667,8.354166666666666,25.35411471321696,3.0,21.0,32.14046998201782,30,43,29.344552131996636,34.996095312609555,2.1404699820178195,10.85953001798218
213021106,가남초등학교,213021406,성서초등학교,1.969463,53,178,231,220.0,12.0,18.0,12.0,-6.0,18.333333333333332,11.0,8.555555555555555,23.307359307359306,2.0,14.0,22.84699051786976,21,34,20.051072667848576,25.702615848461498,1.8469905178697594,11.15300948213024
213021106,가남초등학교,213021478,연지초등학교,2.149258,53,1286,1339,1326.0,54.0,60.0,56.0,-4.0,23.678571428571427,15.94047619047619,19.405797101449274,9.477221807318895,3.0,59.0,82.5907870731073,84,97,79.79486922308611,85.44641240369903,-1.4092129268927067,14.409212926892707
213021106,가남초등학교,213021154,개화초등학교,2.185214,53,165,218,212.0,9.0,15.0,11.0,-4.0,19.272727272727273,13.625,6.606060606060606,63.53211009174312,2.0,13.0,21.519350594420036,16,29,18.723432744398853,24.374975925011775,5.519350594420036,7.480649405579964
213021106,가남초등학교,213021335,수성초등학교,2.222324,53,124,177,172.0,8.0,14.0,10.0,-4.0,17.2,11.8,4.116279069767442,46.728813559322035,2.0,12.0,20.191710670970313,15,28,17.39579282094913,23.04733600156205,5.191710670970313,7.808289329029687
213021106,가남초등학교,213021269,성북초등학교,2.227986,53,616,669,656.0,28.0,34.0,30.0,-4.0,21.866666666666667,14.543478260869565,17.605263157894736,24.557548579970106,3.0,33.0,48.0721490634145,46,59,45.27623121339332,50.927774394006235,2.0721490634145,10.9278509365855
213021106,가남초등학교,213021142,개금초등학교,2.230191,53,554,607,592.0,25.0,31.0,26.0,-5.0,22.76923076923077,16.405405405405407,19.580645161290324,18.53542009884679,2.0,28.0,41.43394944616588,37,50,38.6380315961447,44.28957477675762,4.433949446165883,8.566050553834117
213021106,가남초등학교,213021412,성전초등학교,2.288365,53,442,495,482.0,20.0,26.0,22.0,-4.0,21.90909090909091,17.06896551724138,19.03846153846154,14.731313131313131,2.0,24.0,36.12338975236699,29,42,33.327471902345806,38.979015082958725,7.12338975236699,5.87661024763301
213021106,가남초등학교,213021268,동원초등학교,2.383162,53,626,679,571.0,27.0,33.0,27.0,-6.0,21.14814814814815,17.86842105263158,19.4,10.185567010309278,2.0,29.0,42.761589369615606,38,51,39.96567151959442,45.61721470020734,4.761589369615606,8.238410630384394
213021106,가남초등학교,213021484,연학초등학교,2.440759,53,355,408,408.0,17.0,23.0,19.0,-4.0,21.473684210526315,15.692307692307692,15.11111111111111,14.816176470588236,2.0,21.0,32.14046998201782,26,39,29.344552131996636,34.996095312609555,6.1404699820178195,6.8595300179821805
213021106,가남초등학교,213021502,주례초등학교,2.443415,53,299,352,344.0,15.0,21.0,18.0,-3.0,19.11111111111111,12.137931034482758,9.263157894736842,38.30113636363637,3.0,21.0,32.14046998201782,29,42,29.344552131996636,34.996095312609555,3.1404699820178195,9.85953001798218
213021106,가남초등학교,213021295,성남초등학교,2.515067,53,567,620,616.0,27.0,33.0,29.0,-4.0,21.24137931034483,14.090909090909092,12.916666666666666,14.21774193548387,2.0,31.0,45.41686921651505,44,57,42.62095136649387,48.27249454710679,1.4168692165150532,11.583130783484947
213021106,가남초등학교,213021257,개림초등학교,2.550342,53,671,724,728.0,31.0,37.0,32.0,-5.0,22.75,16.08888888888889,12.701754385964913,26.476519337016576,2.0,34.0,49.39978898686422,45,58,46.60387113684304,52.25541431745596,4.399788986864223,8.600211013135777
213021106,가남초등학교,213021300,성동초등학교,2.572472,53,753,806,801.0,33.0,39.0,35.0,-4.0,22.885714285714286,15.803921568627452,12.212121212121213,20.15260545905707,3.0,38.0,54.71034868066312,51,64,51.91443083064193,57.56597401125485,3.7103486806631167,9.289651319336883
213021106,가남초등학교,213021345,수정초등학교,2.592163,53,335,388,380.0,16.0,22.0,19.0,-3.0,20.0,16.166666666666668,14.37037037037037,27.59536082474227,3.0,22.0,33.46810990546754,24,37,30.67219205544636,36.32373523605928,9.468109905467543,3.531890094532457
213021106,가남초등학교,213021454,양성초등학교,2.668925,53,299,352,351.0,16.0,22.0,16.0,-6.0,21.9375,11.35483870967742,13.037037037037036,34.27840909090909,3.0,19.0,29.485190135118376,31,44,26.689272285097193,32.340815465710115,-1.5148098648816237,14.514809864881624
213021106,가남초등학교,213021551,동양초등학교,2.743389,53,189,242,236.0,11.0,17.0,12.0,-5.0,19.666666666666668,12.1,6.05,53.888429752066116,2.0,14.0,22.84699051786976,20,33,20.051072667848576,25.702615848461498,2.8469905178697594,10.15300948213024
213021106,가남초등학교,213021210,문현초등학교,2.82318,53,485,538,533.0,25.0,31.0,25.0,-6.0,21.32,13.794871794871796,12.80952380952381,26.269516728624534,3.0,28.0,41.43394944616588,39,52,38.6380315961447,44.28957477675762,2.433949446165883,10.566050553834117
213021106,가남초등학교,215021501,주양초등학교,2.910812,53,284,337,330.0,16.0,22.0,16.0,-6.0,20.625,12.035714285714286,16.047619047619047,32.96439169139466,2.0,18.0,28.157550211668653,28,41,25.36163236164747,31.01317554226039,0.1575502116686529,12.842449788331347
213021148,개포초등학교,213021154,개화초등학교,0.546256,222,165,387,386.0,9.0,22.0,20.0,-2.0,19.3,24.1875,11.727272727272727,35.78811369509044,2.0,22.0,33.46810990546754,16,39,30.67219205544636,36.32373523605928,17.468109905467543,5.531890094532457
213021148,개포초등학교,213021623,개원초등학교,0.657717,222,457,679,679.0,23.0,36.0,30.0,-6.0,22.633333333333333,17.86842105263158,20.575757575757574,19.2960235640648,2.0,32.0,46.74450913996478,38,61,43.94859128994359,49.60013447055651,8.744509139964777,14.255490860035223
213021148,개포초등학교,213021142,개금초등학교,0.796854,222,554,776,766.0,25.0,38.0,34.0,-4.0,22.529411764705884,20.972972972972972,25.032258064516128,14.498711340206185,2.0,36.0,52.05506883376367,37,60,49.25915098374249,54.910694164355405,15.05506883376367,7.94493116623633
213021148,개포초등학교,213021202,당평초등학교,0.835572,222,223,445,441.0,11.0,24.0,19.0,-5.0,23.210526315789473,18.541666666666668,14.35483870967742,25.530337078651684,3.0,22.0,33.46810990546754,24,47,30.67219205544636,36.32373523605928,9.468109905467543,13.531890094532457
213021148,개포초등학교,213021257,개림초등학교,0.989091,222,671,893,902.0,31.0,44.0,39.0,-5.0,23.128205128205128,19.844444444444445,15.666666666666666,21.465845464725643,2.0,41.0,58.69326845101229,45,68,55.8973506009911,61.54889378160402,13.693268451012287,9.306731548987713
213021148,개포초등학교,213021124,가야초등학교,1.048742,222,961,1183,1178.0,42.0,55.0,50.0,-5.0,23.56,18.2,21.90740740740741,14.18850380388842,3.0,53.0,74.62494753240895,65,88,71.82902968238777,77.48057286300069,9.624947532408953,13.375052467591047
213021148,개포초등학교,213021130,가평초등학교,1.110145,222,623,845,836.0,28.0,41.0,36.0,-5.0,23.22222222222222,19.651162790697676,22.236842105263158,16.70769230769231,3.0,39.0,56.03798860411284,43,66,53.24207075409166,58.893613934704575,13.03798860411284,9.96201139588716
213021148,개포초등학교,213021264,동평초등학교,1.260201,222,513,735,719.0,23.0,36.0,33.0,-3.0,21.78787878787879,22.272727272727273,18.846153846153847,25.398639455782313,2.0,35.0,50.72742891031395,33,56,47.93151106029276,53.58305424090568,17.727428910313947,5.272571089686053
213021148,개포초등학교,215021501,주양초등학교,1.435244,222,284,506,504.0,16.0,29.0,22.0,-7.0,22.90909090909091,18.071428571428573,24.095238095238095,21.954545454545453,2.0,24.0,36.12338975236699,28,51,33.327471902345806,38.979015082958725,8.12338975236699,14.87661024763301
213021148,개포초등학교,213021196,당감초등학교,1.466367,222,172,394,395.0,9.0,22.0,20.0,-2.0,19.75,21.88888888888889,8.382978723404255,34.96700507614213,2.0,22.0,33.46810990546754,18,41,30.67219205544636,36.32373523605928,15.468109905467543,7.531890094532457
213021148,개포초등학교,213021502,주례초등학교,1.58658,222,299,521,518.0,15.0,28.0,23.0,-5.0,22.52173913043478,17.96551724137931,13.710526315789474,25.877159309021113,3.0,26.0,38.778669599266436,29,52,35.98275174924525,41.63429492985817,9.778669599266436,13.221330400733564
213021148,개포초등학교,213021268,동원초등학교,1.648629,222,626,848,745.0,27.0,40.0,32.0,-8.0,23.28125,22.31578947368421,24.228571428571428,8.15566037735849,2.0,34.0,49.39978898686422,38,61,46.60387113684304,52.25541431745596,11.399788986864223,11.600211013135777
213021148,개포초등학교,213021106,가남초등학교,1.663212,222,53,275,274.0,6.0,19.0,15.0,-4.0,18.266666666666666,21.153846153846153,17.1875,9.989090909090908,2.0,17.0,26.82991028821893,13,36,24.033992438197746,29.68553561881067,13.82991028821893,9.17008971178107
213021148,개포초등학교,215021514,주학초등학교,1.93333,222,42,264,264.0,6.0,19.0,14.0,-5.0,18.857142857142858,17.6,17.6,55.916666666666664,2.0,16.0,25.502270364769206,15,38,22.706352514748023,28.357895695360945,10.502270364769206,12.497729635230794
213021148,개포초등학교,213021551,동양초등학교,2.018534,222,189,411,410.0,11.0,24.0,19.0,-5.0,21.57894736842105,20.55,10.275,31.72992700729927,2.0,21.0,32.14046998201782,20,43,29.344552131996636,34.996095312609555,12.14046998201782,10.85953001798218
213021148,개포초등학교,213021346,부암초등학교,2.134958,222,697,919,907.0,33.0,46.0,40.0,-6.0,22.675,18.38,19.97826086956522,18.02176278563656,3.0,43.0,61.348548297911734,50,73,58.55263044789055,64.20417362850347,11.348548297911734,11.651451702088266
213021148,개포초등학교,213021394,선암초등학교,2.287102,222,121,343,334.0,9.0,22.0,16.0,-6.0,20.875,20.176470588235293,18.05263157894737,18.300291545189506,2.0,18.0,28.157550211668653,17,40,25.36163236164747,31.01317554226039,11.157550211668653,11.842449788331347
213021148,개포초등학교,215021298,동주초등학교,2.315223,222,421,643,647.0,21.0,34.0,30.0,-4.0,21.566666666666666,18.91176470588235,22.964285714285715,21.8149300155521,2.0,32.0,46.74450913996478,34,57,43.94859128994359,49.60013447055651,12.744509139964777,10.255490860035223
213021148,개포초등학교,215021505,주감초등학교,2.351512,222,611,833,827.0,27.0,40.0,36.0,-4.0,22.97222222222222,20.317073170731707,20.317073170731707,17.860744297719087,3.0,39.0,56.03798860411284,41,64,53.24207075409166,58.893613934704575,15.03798860411284,7.96201139588716
213021148,개포초등학교,213021358,부전초등학교,2.455653,222,352,574,571.0,18.0,31.0,26.0,-5.0,21.96153846153846,20.5,22.076923076923077,21.114982578397214,2.0,28.0,41.43394944616588,28,51,38.6380315961447,44.28957477675762,13.433949446165883,9.566050553834117
213021148,개포초등학교,213021484,연학초등학교,2.67164,222,355,577,582.0,17.0,30.0,26.0,-4.0,22.384615384615383,22.192307692307693,21.37037037037037,10.476603119584055,2.0,28.0,41.43394944616588,26,49,38.6380315961447,44.28957477675762,15.433949446165883,7.566050553834117
213021148,개포초등학교,213021478,연지초등학교,2.791897,222,1286,1508,1500.0,54.0,67.0,63.0,-4.0,23.80952380952381,17.952380952380953,21.855072463768117,8.415119363395226,3.0,66.0,91.88426653725537,84,107,89.08834868723419,94.7398918678471,7.884266537255371,15.115733462744629
213021148,개포초등학교,213021418,성지초등학교,2.825071,222,458,680,677.0,23.0,36.0,30.0,-6.0,22.566666666666666,16.585365853658537,20.0,19.75,3.0,33.0,48.0721490634145,41,64,45.27623121339332,50.927774394006235,7.0721490634145,15.9278509365855
213021148,개포초등학교,213021352,부산진초등학교,2.877549,222,437,659,657.0,22.0,35.0,29.0,-6.0,22.655172413793103,19.38235294117647,19.38235294117647,21.75720789074355,3.0,32.0,46.74450913996478,34,57,43.94859128994359,49.60013447055651,12.744509139964777,10.255490860035223
213021148,개포초등학교,213021283,범일초등학교,2.998372,222,181,403,400.0,11.0,24.0,19.0,-5.0,21.05263157894737,21.210526315789473,12.59375,12.739454094292803,3.0,22.0,33.46810990546754,19,42,30.67219205544636,36.32373523605928,14.468109905467543,8.531890094532457
213021154,개화초등학교,213021142,개금초등학교,0.459021,165,554,719,704.0,25.0,34.0,31.0,-3.0,22.70967741935484,19.43243243243243,23.193548387096776,15.648122392211405,2.0,33.0,48.0721490634145,37,53,45.27623121339332,50.927774394006235,11.0721490634145,4.9278509365855
213021154,개화초등학교,213021257,개림초등학교,0.474281,165,671,836,840.0,31.0,40.0,36.0,-4.0,23.333333333333332,18.57777777777778,14.666666666666666,22.929425837320576,2.0,38.0,54.71034868066312,45,61,51.91443083064193,57.56597401125485,9.710348680663117,6.289651319336883
213021154,개화초등학교,213021148,개포초등학교,0.546256,165,222,387,386.0,13.0,22.0,20.0,-2.0,19.3,16.82608695652174,10.18421052631579,27.276485788113696,2.0,22.0,33.46810990546754,23,39,30.67219205544636,36.32373523605928,10.468109905467543,5.531890094532457
213021154,개화초등학교,215021501,주양초등학교,0.943063,165,284,449,442.0,16.0,25.0,21.0,-4.0,21.047619047619047,16.035714285714285,21.38095238095238,24.741648106904233,2.0,23.0,34.795749828917266,28,44,31.999831978896083,37.651375159509,6.795749828917266,9.204250171082734
213021154,개화초등학교,213021623,개원초등학교,0.973813,165,457,622,617.0,23.0,32.0,27.0,-5.0,22.85185185185185,16.36842105263158,18.848484848484848,21.064308681672024,2.0,29.0,42.761589369615606,38,54,39.96567151959442,45.61721470020734,4.761589369615606,11.238410630384394
213021154,개화초등학교,213021130,가평초등학교,1.177272,165,623,788,774.0,28.0,37.0,34.0,-3.0,22.764705882352942,18.325581395348838,20.736842105263158,17.916243654822335,3.0,37.0,53.38270875721339,43,59,50.58679090719221,56.23833408780513,10.382708757213393,5.617291242786607
213021154,개화초등학교,213021202,당평초등학교,1.366316,165,223,388,379.0,11.0,20.0,19.0,-1.0,19.94736842105263,16.166666666666668,12.516129032258064,29.280927835051546,3.0,22.0,33.46810990546754,24,40,30.67219205544636,36.32373523605928,9.468109905467543,6.531890094532457
213021154,개화초등학교,213021502,주례초등학교,1.422439,165,299,464,456.0,15.0,24.0,20.0,-4.0,22.8,16.0,12.210526315789474,29.05603448275862,3.0,23.0,34.795749828917266,29,45,31.999831978896083,37.651375159509,5.795749828917266,10.204250171082734
213021154,개화초등학교,213021124,가야초등학교,1.52602,165,961,1126,1116.0,42.0,51.0,47.0,-4.0,23.74468085106383,17.323076923076922,20.85185185185185,14.906749555950267,3.0,50.0,70.6420277620598,65,81,67.84610991203861,73.49765309265153,5.642027762059797,10.357972237940203
213021154,개화초등학교,215021514,주학초등학교,1.587532,165,42,207,202.0,6.0,15.0,12.0,-3.0,16.833333333333332,13.8,13.8,71.31400966183575,2.0,14.0,22.84699051786976,15,31,20.051072667848576,25.702615848461498,7.846990517869759,8.15300948213024
213021154,개화초등학교,213021264,동평초등학교,1.673216,165,513,678,657.0,23.0,32.0,29.0,-3.0,22.655172413793103,20.545454545454547,17.384615384615383,27.533923303834808,2.0,31.0,45.41686921651505,33,49,42.62095136649387,48.27249454710679,12.416869216515053,3.583130783484947
213021154,개화초등학교,215021505,주감초등학교,1.816967,165,611,776,765.0,27.0,36.0,34.0,-2.0,22.5,18.926829268292682,18.926829268292682,19.172680412371133,3.0,37.0,53.38270875721339,41,57,50.58679090719221,56.23833408780513,12.382708757213393,3.6172912427866066
213021154,개화초등학교,215021298,동주초등학교,1.868998,165,421,586,585.0,21.0,30.0,26.0,-4.0,22.5,17.235294117647058,20.928571428571427,23.936860068259385,2.0,28.0,41.43394944616588,34,50,38.6380315961447,44.28957477675762,7.433949446165883,8.566050553834117
213021154,개화초등학교,213021268,동원초등학교,1.887713,165,626,791,683.0,27.0,36.0,30.0,-6.0,22.766666666666666,20.81578947368421,22.6,8.743362831858407,2.0,32.0,46.74450913996478,38,54,43.94859128994359,49.60013447055651,8.744509139964777,7.2554908600352235
213021154,개화초등학교,213021196,당감초등학교,1.985034,165,172,337,333.0,9.0,18.0,16.0,-2.0,20.8125,18.72222222222222,7.170212765957447,40.881305637982194,2.0,18.0,28.157550211668653,18,34,25.36163236164747,31.01317554226039,10.157550211668653,5.842449788331347
213021154,개화초등학교,213021106,가남초등학교,2.185214,165,53,218,212.0,6.0,15.0,11.0,-4.0,19.272727272727273,16.76923076923077,13.625,12.600917431192661,2.0,13.0,21.519350594420036,13,29,18.723432744398853,24.374975925011775,8.519350594420036,7.480649405579964
213021154,개화초등학교,213021551,동양초등학교,2.213883,165,189,354,348.0,11.0,20.0,17.0,-3.0,20.470588235294116,17.7,8.85,36.83898305084746,2.0,19.0,29.485190135118376,20,36,26.689272285097193,32.340815465710115,9.485190135118376,6.514809864881624
213021154,개화초등학교,213021346,부암초등학교,2.664953,165,697,862,845.0,33.0,42.0,37.0,-5.0,22.83783783783784,17.24,18.73913043478261,19.213457076566126,3.0,40.0,57.36562852756256,50,66,54.56971067754138,60.2212538581543,7.3656285275625635,8.634371472437437
213021154,개화초등학교,213021394,선암초등학교,2.772379,165,121,286,272.0,9.0,18.0,13.0,-5.0,20.923076923076923,16.823529411764707,15.052631578947368,21.947552447552447,2.0,15.0,24.174630441319483,17,33,21.3787125912983,27.03025577191122,7.174630441319483,8.825369558680517
213021154,개화초등학교,215021118,감전초등학교,2.927892,165,116,281,279.0,7.0,16.0,14.0,-2.0,19.928571428571427,20.071428571428573,10.807692307692308,34.96797153024911,2.0,16.0,25.502270364769206,14,30,22.706352514748023,28.357895695360945,11.502270364769206,4.497729635230794
213021154,개화초등학교,213021358,부전초등학교,2.99029,165,352,517,509.0,18.0,27.0,23.0,-4.0,22.130434782608695,18.464285714285715,19.884615384615383,23.442940038684718,2.0,25.0,37.45102967581671,28,44,34.65511182579553,40.30665500640845,9.451029675816713,6.548970324183287
213021196,당감초등학교,213021202,당평초등학교,0.635064,172,223,395,388.0,11.0,20.0,19.0,-1.0,20.42105263157895,16.458333333333332,12.741935483870968,28.762025316455695,3.0,22.0,33.46810990546754,24,42,30.67219205544636,36.32373523605928,9.468109905467543,8.531890094532457
213021196,당감초등학교,213021264,동평초등학교,0.668807,172,513,685,666.0,23.0,32.0,29.0,-3.0,22.96551724137931,20.757575757575758,17.564102564102566,27.252554744525547,2.0,31.0,45.41686921651505,33,51,42.62095136649387,48.27249454710679,12.416869216515053,5.583130783484947
213021196,당감초등학교,213021346,부암초등학교,0.691293,172,697,869,854.0,33.0,42.0,37.0,-5.0,23.08108108108108,17.38,18.891304347826086,19.058688147295744,3.0,40.0,57.36562852756256,50,68,54.56971067754138,60.2212538581543,7.3656285275625635,10.634371472437437
213021196,당감초등학교,213021106,가남초등학교,1.114092,172,53,225,221.0,6.0,15.0,12.0,-3.0,18.416666666666668,17.307692307692307,14.0625,12.20888888888889,2.0,14.0,22.84699051786976,13,31,20.051072667848576,25.702615848461498,9.84699051786976,8.15300948213024
213021196,당감초등학교,213021623,개원초등학교,1.170133,172,457,629,626.0,23.0,32.0,28.0,-4.0,22.357142857142858,16.55263157894737,19.060606060606062,20.829888712241655,2.0,30.0,44.08922929306533,38,56,41.293311443044146,46.944854623657065,6.08922929306533,11.91077070693467
213021196,당감초등학교,213021124,가야초등학교,1.256452,172,961,1133,1125.0,42.0,51.0,49.0,-2.0,22.959183673469386,17.43076923076923,20.98148148148148,14.814651368049427,3.0,52.0,73.29730760895924,65,83,70.50138975893806,76.15293293955098,8.297307608959244,9.702692391040756
213021196,당감초등학교,213021268,동원초등학교,1.349464,172,626,798,692.0,27.0,36.0,30.0,-6.0,23.066666666666666,21.0,22.8,8.666666666666666,2.0,32.0,46.74450913996478,38,56,43.94859128994359,49.60013447055651,8.744509139964777,9.255490860035223
213021196,당감초등학교,213021478,연지초등학교,1.363995,172,1286,1458,1447.0,54.0,63.0,61.0,-2.0,23.721311475409838,17.357142857142858,21.130434782608695,8.703703703703704,3.0,64.0,89.22898669035592,84,102,86.43306884033474,92.08461202094766,5.228986690355924,12.771013309644076
213021196,당감초등학교,213021418,성지초등학교,1.424326,172,458,630,624.0,23.0,32.0,28.0,-4.0,22.285714285714285,15.365853658536585,18.529411764705884,21.317460317460316,3.0,31.0,45.41686921651505,41,59,42.62095136649387,48.27249454710679,4.416869216515053,13.583130783484947
213021196,당감초등학교,213021484,연학초등학교,1.431977,172,355,527,529.0,17.0,26.0,24.0,-2.0,22.041666666666668,20.26923076923077,19.51851851851852,11.470588235294118,2.0,26.0,38.778669599266436,26,44,35.98275174924525,41.63429492985817,12.778669599266436,5.221330400733564
213021196,당감초등학교,213021148,개포초등학교,1.466367,172,222,394,395.0,13.0,22.0,20.0,-2.0,19.75,17.130434782608695,10.368421052631579,26.79187817258883,2.0,22.0,33.46810990546754,23,41,30.67219205544636,36.32373523605928,10.468109905467543,7.531890094532457
213021196,당감초등학교,213021358,부전초등학교,1.497631,172,352,524,518.0,18.0,27.0,25.0,-2.0,20.72,18.714285714285715,20.153846153846153,23.129770992366414,2.0,27.0,40.10630952271616,28,46,37.310391672694976,42.961934853307895,12.10630952271616,5.89369047728384
213021196,당감초등학교,213021551,동양초등학교,1.675794,172,189,361,357.0,11.0,20.0,17.0,-3.0,21.0,18.05,9.025,36.124653739612185,2.0,19.0,29.485190135118376,20,38,26.689272285097193,32.340815465710115,9.485190135118376,8.514809864881624
213021196,당감초등학교,213021394,선암초등학교,1.795717,172,121,293,281.0,9.0,18.0,14.0,-4.0,20.071428571428573,17.235294117647058,15.421052631578947,21.423208191126278,2.0,16.0,25.502270364769206,17,35,22.706352514748023,28.357895695360945,8.502270364769206,9.497729635230794
213021196,당감초등학교,213021154,개화초등학교,1.985034,172,165,337,333.0,9.0,18.0,16.0,-2.0,20.8125,21.0625,10.212121212121213,41.09792284866469,2.0,18.0,28.157550211668653,16,34,25.36163236164747,31.01317554226039,12.157550211668653,5.842449788331347
213021196,당감초등학교,213021490,전포초등학교,2.083315,172,348,520,515.0,19.0,28.0,24.0,-4.0,21.458333333333332,17.333333333333332,10.833333333333334,19.551923076923078,3.0,27.0,40.10630952271616,30,48,37.310391672694976,42.961934853307895,10.10630952271616,7.89369047728384
213021196,당감초등학교,213021352,부산진초등학교,2.095368,172,437,609,604.0,22.0,31.0,27.0,-4.0,22.37037037037037,17.91176470588235,17.91176470588235,23.54351395730706,3.0,30.0,44.08922929306533,34,52,41.293311443044146,46.944854623657065,10.08922929306533,7.91077070693467
213021196,당감초등학교,213021526,초읍초등학교,2.16437,172,425,597,590.0,21.0,30.0,27.0,-3.0,21.85185185185185,18.65625,20.586206896551722,27.42713567839196,2.0,29.0,42.761589369615606,32,50,39.96567151959442,45.61721470020734,10.761589369615606,7.238410630384394
213021196,당감초등학교,213021130,가평초등학교,2.218863,172,623,795,783.0,28.0,37.0,34.0,-3.0,23.029411764705884,18.488372093023255,20.92105263157895,17.758490566037736,3.0,37.0,53.38270875721339,43,61,50.58679090719221,56.23833408780513,10.382708757213393,7.617291242786607
213021196,당감초등학교,213021142,개금초등학교,2.250939,172,554,726,713.0,25.0,34.0,30.0,-4.0,23.766666666666666,19.62162162162162,23.419354838709676,15.497245179063361,2.0,32.0,46.74450913996478,37,55,43.94859128994359,49.60013447055651,9.744509139964777,8.255490860035223
213021196,당감초등학교,213021412,성전초등학교,2.289582,172,442,614,603.0,20.0,29.0,27.0,-2.0,22.333333333333332,21.17241379310345,23.615384615384617,11.876221498371336,2.0,29.0,42.761589369615606,29,47,39.96567151959442,45.61721470020734,13.761589369615606,4.238410630384394
213021196,당감초등학교,213021454,양성초등학교,2.363055,172,299,471,472.0,16.0,25.0,23.0,-2.0,20.52173913043478,15.193548387096774,17.444444444444443,25.61783439490446,3.0,26.0,38.778669599266436,31,49,35.98275174924525,41.63429492985817,7.778669599266436,10.221330400733564
213021196,당감초등학교,213021257,개림초등학교,2.449533,172,671,843,849.0,31.0,40.0,37.0,-3.0,22.945945945945947,18.733333333333334,14.789473684210526,22.73902728351127,2.0,39.0,56.03798860411284,45,63,53.24207075409166,58.893613934704575,11.03798860411284,6.96201139588716
213021196,당감초등학교,214021156,거제초등학교,2.846106,172,803,975,962.0,34.0,43.0,42.0,-1.0,22.904761904761905,19.897959183673468,25.0,10.986666666666666,2.0,44.0,62.67618822136146,49,67,59.88027037134027,65.53181355195319,13.676188221361457,4.323811778638543
213021196,당감초등학교,213021283,범일초등학교,2.847832,172,181,353,347.0,11.0,20.0,16.0,-4.0,21.6875,18.57894736842105,11.03125,14.543909348441927,3.0,19.0,29.485190135118376,19,37,26.689272285097193,32.340815465710115,10.485190135118376,7.514809864881624
213021196,당감초등학교,213021269,성북초등학교,2.847853,172,616,788,777.0,28.0,37.0,33.0,-4.0,23.545454545454547,17.130434782608695,20.736842105263158,20.848984771573605,3.0,36.0,52.05506883376367,46,64,49.25915098374249,54.910694164355405,6.05506883376367,11.94493116623633
213021196,당감초등학교,213021502,주례초등학교,2.856027,172,299,471,465.0,15.0,24.0,21.0,-3.0,22.142857142857142,16.24137931034483,12.394736842105264,28.62420382165605,3.0,24.0,36.12338975236699,29,47,33.327471902345806,38.979015082958725,7.12338975236699,10.87661024763301
213021196,당감초등학교,213021406,성서초등학교,2.872849,172,178,350,341.0,12.0,21.0,16.0,-5.0,21.3125,16.666666666666668,12.962962962962964,15.382857142857143,2.0,18.0,28.157550211668653,21,39,25.36163236164747,31.01317554226039,7.157550211668653,10.842449788331347
213021196,당감초등학교,215021501,주양초등학교,2.90152,172,284,456,451.0,16.0,25.0,22.0,-3.0,20.5,16.285714285714285,21.714285714285715,24.361842105263158,2.0,24.0,36.12338975236699,28,46,33.327471902345806,38.979015082958725,8.12338975236699,9.87661024763301
213021196,당감초등학교,213021460,양정초등학교,2.911677,172,776,948,905.0,39.0,48.0,39.0,-9.0,23.205128205128204,16.344827586206897,16.344827586206897,15.825949367088608,3.0,42.0,60.02090837446201,58,76,57.22499052444083,62.876533705053745,2.02090837446201,15.97909162553799
213021202,당평초등학교,213021196,당감초등학교,0.635064,223,172,395,388.0,9.0,20.0,19.0,-1.0,20.42105263157895,21.944444444444443,8.404255319148936,34.87848101265823,3.0,22.0,33.46810990546754,18,42,30.67219205544636,36.32373523605928,15.468109905467543,8.531890094532457
213021202,당평초등학교,213021264,동평초등학교,0.69189,223,513,736,712.0,23.0,34.0,32.0,-2.0,22.25,22.303030303030305,18.871794871794872,25.36413043478261,3.0,35.0,50.72742891031395,33,57,47.93151106029276,53.58305424090568,17.727428910313947,6.272571089686053
213021202,당평초등학교,213021623,개원초등학교,0.705303,223,457,680,672.0,23.0,34.0,31.0,-3.0,21.677419354838708,17.894736842105264,20.606060606060606,19.26764705882353,3.0,34.0,49.39978898686422,38,62,46.60387113684304,52.25541431745596,11.399788986864223,12.600211013135777
213021202,당평초등학교,213021148,개포초등학교,0.835572,223,222,445,441.0,13.0,24.0,19.0,-5.0,23.210526315789473,19.347826086956523,11.710526315789474,23.721348314606743,3.0,22.0,33.46810990546754,23,47,30.67219205544636,36.32373523605928,10.468109905467543,13.531890094532457
213021202,당평초등학교,213021124,가야초등학교,0.86607,223,961,1184,1171.0,42.0,53.0,50.0,-3.0,23.42,18.215384615384615,21.925925925925927,14.17652027027027,4.0,54.0,75.95258745585869,65,89,73.15666960583751,78.80821278645043,10.95258745585869,13.04741254414131
213021202,당평초등학교,213021106,가남초등학교,1.119601,223,53,276,267.0,6.0,17.0,14.0,-3.0,19.071428571428573,21.23076923076923,17.25,9.952898550724637,3.0,17.0,26.82991028821893,13,37,24.033992438197746,29.68553561881067,13.82991028821893,10.17008971178107
213021202,당평초등학교,213021346,부암초등학교,1.30013,223,697,920,900.0,33.0,44.0,37.0,-7.0,24.324324324324323,18.4,20.0,18.002173913043478,4.0,41.0,58.69326845101229,50,74,55.8973506009911,61.54889378160402,8.693268451012287,15.306731548987713
213021202,당평초등학교,213021268,동원초등학교,1.351153,223,626,849,738.0,27.0,38.0,32.0,-6.0,23.0625,22.342105263157894,24.257142857142856,8.14605418138987,3.0,35.0,50.72742891031395,38,62,47.93151106029276,53.58305424090568,12.727428910313947,11.272571089686053
213021202,당평초등학교,213021154,개화초등학교,1.366316,223,165,388,379.0,9.0,20.0,19.0,-1.0,19.94736842105263,24.25,11.757575757575758,35.6958762886598,3.0,22.0,33.46810990546754,16,40,30.67219205544636,36.32373523605928,17.468109905467543,6.531890094532457
213021202,당평초등학교,213021142,개금초등학교,1.615926,223,554,777,759.0,25.0,36.0,34.0,-2.0,22.323529411764707,21.0,25.06451612903226,14.48005148005148,3.0,37.0,53.38270875721339,37,61,50.58679090719221,56.23833408780513,16.382708757213393,7.617291242786607
213021202,당평초등학교,213021130,가평초등학교,1.642596,223,623,846,829.0,28.0,39.0,36.0,-3.0,23.02777777777778,19.674418604651162,22.263157894736842,16.68794326241135,4.0,40.0,57.36562852756256,43,67,54.56971067754138,60.2212538581543,14.365628527562563,9.634371472437437
213021202,당평초등학교,213021551,동양초등학교,1.735807,223,189,412,403.0,11.0,22.0,20.0,-2.0,20.15,20.6,10.3,31.652912621359224,3.0,23.0,34.795749828917266,20,44,31.999831978896083,37.651375159509,14.795749828917266,9.204250171082734
213021202,당평초등학교,213021358,부전초등학교,1.788396,223,352,575,564.0,18.0,29.0,26.0,-3.0,21.692307692307693,20.535714285714285,22.115384615384617,21.078260869565216,3.0,29.0,42.761589369615606,28,52,39.96567151959442,45.61721470020734,14.761589369615606,9.238410630384394
213021202,당평초등학교,213021257,개림초등학교,1.82338,223,671,894,895.0,31.0,42.0,40.0,-2.0,22.375,19.866666666666667,15.68421052631579,21.441834451901567,3.0,43.0,61.348548297911734,45,69,58.55263044789055,64.20417362850347,16.348548297911734,7.651451702088266
213021202,당평초등학교,213021394,선암초등학교,1.834852,223,121,344,327.0,9.0,20.0,16.0,-4.0,20.4375,20.235294117647058,18.105263157894736,18.247093023255815,3.0,19.0,29.485190135118376,17,41,26.689272285097193,32.340815465710115,12.485190135118376,11.514809864881624
213021202,당평초등학교,213021484,연학초등학교,1.958176,223,355,578,575.0,17.0,28.0,26.0,-2.0,22.115384615384617,22.23076923076923,21.40740740740741,10.45847750865052,3.0,29.0,42.761589369615606,26,50,39.96567151959442,45.61721470020734,16.761589369615606,7.238410630384394
213021202,당평초등학교,213021478,연지초등학교,1.986299,223,1286,1509,1493.0,54.0,65.0,63.0,-2.0,23.6984126984127,17.964285714285715,21.869565217391305,8.409542743538767,4.0,67.0,93.21190646070508,84,108,90.4159886106839,96.06753179129682,9.21190646070508,14.78809353929492
213021202,당평초등학교,213021418,성지초등학교,2.00173,223,458,681,670.0,23.0,34.0,29.0,-5.0,23.103448275862068,16.609756097560975,20.029411764705884,19.72099853157122,4.0,33.0,48.0721490634145,41,65,45.27623121339332,50.927774394006235,7.0721490634145,16.9278509365855
213021202,당평초등학교,213021502,주례초등학교,2.254546,223,299,522,511.0,15.0,26.0,23.0,-3.0,22.217391304347824,18.0,13.736842105263158,25.82758620689655,4.0,27.0,40.10630952271616,29,53,37.310391672694976,42.961934853307895,11.10630952271616,12.89369047728384
213021202,당평초등학교,215021501,주양초등학교,2.270141,223,284,507,497.0,16.0,27.0,22.0,-5.0,22.59090909090909,18.107142857142858,24.142857142857142,21.911242603550296,3.0,25.0,37.45102967581671,28,52,34.65511182579553,40.30665500640845,9.451029675816713,14.548970324183287
213021202,당평초등학교,213021352,부산진초등학교,2.306825,223,437,660,650.0,22.0,33.0,29.0,-4.0,22.413793103448278,19.41176470588235,19.41176470588235,21.724242424242423,4.0,33.0,48.0721490634145,34,58,45.27623121339332,50.927774394006235,14.0721490634145,9.9278509365855
213021202,당평초등학교,213021490,전포초등학교,2.576499,223,348,571,561.0,19.0,30.0,25.0,-5.0,22.44,19.033333333333335,11.895833333333334,17.805604203152363,4.0,29.0,42.761589369615606,30,54,39.96567151959442,45.61721470020734,12.761589369615606,11.238410630384394
213021202,당평초등학교,215021514,주학초등학교,2.706647,223,42,265,257.0,6.0,17.0,13.0,-4.0,19.76923076923077,17.666666666666668,17.666666666666668,55.70566037735849,3.0,16.0,25.502270364769206,15,39,22.706352514748023,28.357895695360945,10.502270364769206,13.497729635230794
213021202,당평초등학교,213021526,초읍초등학교,2.740456,223,425,648,636.0,21.0,32.0,27.0,-5.0,23.555555555555557,20.25,22.344827586206897,25.26851851851852,3.0,30.0,44.08922929306533,32,56,41.293311443044146,46.944854623657065,12.08922929306533,11.91077070693467
213021202,당평초등학교,213021283,범일초등학교,2.766456,223,181,404,393.0,11.0,22.0,19.0,-3.0,20.68421052631579,21.263157894736842,12.625,12.707920792079207,4.0,23.0,34.795749828917266,19,43,31.999831978896083,37.651375159509,15.795749828917266,8.204250171082734
213021202,당평초등학교,213021412,성전초등학교,2.856433,223,442,665,649.0,20.0,31.0,30.0,-1.0,21.633333333333333,22.93103448275862,25.576923076923077,10.965413533834587,3.0,33.0,48.0721490634145,29,53,45.27623121339332,50.927774394006235,19.0721490634145,4.9278509365855
213021202,당평초등학교,213021454,양성초등학교,2.98566,223,299,522,518.0,16.0,27.0,24.0,-3.0,21.583333333333332,16.838709677419356,19.333333333333332,23.114942528735632,4.0,28.0,41.43394944616588,31,55,38.6380315961447,44.28957477675762,10.433949446165883,13.566050553834117
213021551,동양초등학교,213021268,동원초등학교,0.389371,189,626,815,707.0,27.0,38.0,31.0,-7.0,22.806451612903224,21.44736842105263,23.285714285714285,8.485889570552148,2.0,33.0,48.0721490634145,38,58,45.27623121339332,50.927774394006235,10.0721490634145,9.9278509365855
213021551,동양초등학교,213021264,동평초등학교,1.07587,189,513,702,681.0,23.0,34.0,30.0,-4.0,22.7,21.272727272727273,18.0,26.59259259259259,2.0,32.0,46.74450913996478,33,53,43.94859128994359,49.60013447055651,13.744509139964777,6.2554908600352235
213021551,동양초등학교,213021623,개원초등학교,1.362894,189,457,646,641.0,23.0,34.0,29.0,-5.0,22.103448275862068,17.0,19.575757575757574,20.28173374613003,2.0,31.0,45.41686921651505,38,58,42.62095136649387,48.27249454710679,7.416869216515053,12.583130783484947
213021551,동양초등학교,213021484,연학초등학교,1.444947,189,355,544,544.0,17.0,28.0,24.0,-4.0,22.666666666666668,20.923076923076923,20.14814814814815,11.112132352941176,2.0,26.0,38.778669599266436,26,46,35.98275174924525,41.63429492985817,12.778669599266436,7.221330400733564
213021551,동양초등학교,213021196,당감초등학교,1.675794,189,172,361,357.0,9.0,20.0,17.0,-3.0,21.0,20.055555555555557,7.680851063829787,38.16343490304709,2.0,19.0,29.485190135118376,18,38,26.689272285097193,32.340815465710115,11.485190135118376,8.514809864881624
213021551,동양초등학교,213021202,당평초등학교,1.735807,189,223,412,403.0,11.0,22.0,20.0,-2.0,20.15,17.166666666666668,13.290322580645162,27.575242718446603,3.0,23.0,34.795749828917266,24,44,31.999831978896083,37.651375159509,10.795749828917266,9.204250171082734
213021551,동양초등학교,213021478,연지초등학교,1.997011,189,1286,1475,1462.0,54.0,65.0,61.0,-4.0,23.9672131147541,17.55952380952381,21.3768115942029,8.603389830508474,3.0,64.0,89.22898669035592,84,104,86.43306884033474,92.08461202094766,5.228986690355924,14.771013309644076
213021551,동양초등학교,213021148,개포초등학교,2.018534,189,222,411,410.0,13.0,24.0,19.0,-5.0,21.57894736842105,17.869565217391305,10.81578947368421,25.683698296836983,2.0,21.0,32.14046998201782,23,43,29.344552131996636,34.996095312609555,9.14046998201782,10.85953001798218
213021551,동양초등학교,213021346,부암초등학교,2.093089,189,697,886,869.0,33.0,44.0,36.0,-8.0,24.13888888888889,17.72,19.26086956521739,18.693002257336342,3.0,39.0,56.03798860411284,50,70,53.24207075409166,58.893613934704575,6.03798860411284,13.96201139588716
213021551,동양초등학교,213021526,초읍초등학교,2.161942,189,425,614,605.0,21.0,32.0,26.0,-6.0,23.26923076923077,19.1875,21.17241379310345,26.667752442996743,2.0,28.0,41.43394944616588,32,52,38.6380315961447,44.28957477675762,9.433949446165883,10.566050553834117
213021551,동양초등학교,213021154,개화초등학교,2.213883,189,165,354,348.0,9.0,20.0,17.0,-3.0,20.470588235294116,22.125,10.727272727272727,39.12429378531073,2.0,19.0,29.485190135118376,16,36,26.689272285097193,32.340815465710115,13.485190135118376,6.514809864881624
213021551,동양초등학교,213021124,가야초등학교,2.597887,189,961,1150,1140.0,42.0,53.0,48.0,-5.0,23.75,17.692307692307693,21.296296296296298,14.595652173913043,3.0,51.0,71.9696676855095,65,85,69.17374983548832,74.82529301610124,6.969667685509506,13.030332314490494
213021551,동양초등학교,213021257,개림초등학교,2.621769,189,671,860,864.0,31.0,42.0,37.0,-5.0,23.35135135135135,19.11111111111111,15.087719298245615,22.28953488372093,2.0,39.0,56.03798860411284,45,65,53.24207075409166,58.893613934704575,11.03798860411284,8.96201139588716
213021551,동양초등학교,213021142,개금초등학교,2.662861,189,554,743,728.0,25.0,36.0,33.0,-3.0,22.060606060606062,20.08108108108108,23.967741935483872,15.142664872139973,2.0,35.0,50.72742891031395,37,57,47.93151106029276,53.58305424090568,13.727428910313947,6.272571089686053
213021551,동양초등학교,213021106,가남초등학교,2.743389,189,53,242,236.0,6.0,17.0,12.0,-5.0,19.666666666666668,18.615384615384617,15.125,11.351239669421487,2.0,14.0,22.84699051786976,13,33,20.051072667848576,25.702615848461498,9.84699051786976,10.15300948213024
213021551,동양초등학교,213021418,성지초등학교,2.750166,189,458,647,639.0,23.0,34.0,29.0,-5.0,22.03448275862069,15.78048780487805,19.029411764705884,20.757341576506956,3.0,32.0,46.74450913996478,41,61,43.94859128994359,49.60013447055651,5.7445091399647765,14.255490860035223
213021551,동양초등학교,215021343,모동초등학교,2.796408,189,46,235,230.0,6.0,17.0,12.0,-5.0,19.166666666666668,16.785714285714285,11.75,46.646808510638294,2.0,14.0,22.84699051786976,14,34,20.051072667848576,25.702615848461498,8.84699051786976,11.15300948213024
213021551,동양초등학교,215021462,신덕초등학교,2.917968,189,215,404,401.0,12.0,23.0,18.0,-5.0,22.27777777777778,20.2,8.244897959183673,32.727722772277225,3.0,21.0,32.14046998201782,20,40,29.344552131996636,34.996095312609555,12.14046998201782,7.8595300179821805
213021551,동양초등학교,215021532,포천초등학교,2.966456,189,399,588,579.0,19.0,30.0,26.0,-4.0,22.26923076923077,20.275862068965516,15.076923076923077,28.829931972789115,3.0,29.0,42.761589369615606,29,49,39.96567151959442,45.61721470020734,13.761589369615606,6.238410630384394
213021394,선암초등학교,213021352,부산진초등학교,0.67714,121,437,558,543.0,22.0,31.0,25.0,-6.0,21.72,16.41176470588235,16.41176470588235,25.695340501792113,3.0,28.0,41.43394944616588,34,51,38.6380315961447,44.28957477675762,7.433949446165883,9.566050553834117
213021394,선암초등학교,213021106,가남초등학교,0.720466,121,53,174,160.0,6.0,15.0,9.0,-6.0,17.77777777777778,13.384615384615385,10.875,15.78735632183908,2.0,11.0,18.864070747520593,13,30,16.06815289749941,21.71969607811233,5.864070747520593,11.135929252479407
213021394,선암초등학교,213021358,부전초등학교,0.730158,121,352,473,457.0,18.0,27.0,21.0,-6.0,21.761904761904763,16.892857142857142,18.192307692307693,25.62367864693446,2.0,23.0,34.795749828917266,28,45,31.999831978896083,37.651375159509,6.795749828917266,10.204250171082734
213021394,선암초등학교,213021283,범일초등학교,1.089569,121,181,302,286.0,11.0,20.0,14.0,-6.0,20.428571428571427,15.894736842105264,9.4375,17.0,3.0,17.0,26.82991028821893,19,36,24.033992438197746,29.68553561881067,7.8299102882189295,9.17008971178107
213021394,선암초등학교,213021124,가야초등학교,1.246848,121,961,1082,1064.0,42.0,51.0,46.0,-5.0,23.130434782608695,16.646153846153847,20.037037037037038,15.512939001848428,3.0,49.0,69.31438783861006,65,82,66.51846998858888,72.1700131692018,4.31438783861006,12.68561216138994
213021394,선암초등학교,213021406,성서초등학교,1.31731,121,178,299,280.0,12.0,21.0,13.0,-8.0,21.53846153846154,14.238095238095237,11.074074074074074,18.006688963210703,2.0,15.0,24.174630441319483,21,38,21.3787125912983,27.03025577191122,3.174630441319483,13.825369558680517
213021394,선암초등학교,213021490,전포초등학교,1.729243,121,348,469,454.0,19.0,28.0,20.0,-8.0,22.7,15.633333333333333,9.770833333333334,21.678038379530918,3.0,23.0,34.795749828917266,30,47,31.999831978896083,37.651375159509,4.795749828917266,12.204250171082734
213021394,선암초등학교,213021346,부암초등학교,1.734045,121,697,818,793.0,33.0,42.0,34.0,-8.0,23.323529411764707,16.36,17.782608695652176,20.246943765281173,3.0,37.0,53.38270875721339,50,67,50.58679090719221,56.23833408780513,3.3827087572133934,13.617291242786607
213021394,선암초등학교,213021335,수성초등학교,1.74054,121,124,245,232.0,8.0,17.0,12.0,-5.0,19.333333333333332,16.333333333333332,5.6976744186046515,33.75918367346939,2.0,14.0,22.84699051786976,15,32,20.051072667848576,25.702615848461498,7.846990517869759,9.15300948213024
213021394,선암초등학교,213021269,성북초등학교,1.773198,121,616,737,716.0,28.0,37.0,32.0,-5.0,22.375,16.02173913043478,19.394736842105264,22.291723202170964,3.0,35.0,50.72742891031395,46,63,47.93151106029276,53.58305424090568,4.727428910313947,12.272571089686053
213021394,선암초등학교,213021196,당감초등학교,1.795717,121,172,293,281.0,9.0,18.0,14.0,-4.0,20.071428571428573,16.27777777777778,6.23404255319149,47.02047781569966,2.0,16.0,25.502270364769206,18,35,22.706352514748023,28.357895695360945,7.502270364769206,9.497729635230794
213021394,선암초등학교,213021295,성남초등학교,1.800188,121,567,688,676.0,27.0,36.0,30.0,-6.0,22.533333333333335,15.636363636363637,14.333333333333334,12.8125,2.0,32.0,46.74450913996478,44,61,43.94859128994359,49.60013447055651,2.7445091399647765,14.255490860035223
213021394,선암초등학교,213021418,성지초등학교,1.806334,121,458,579,563.0,23.0,32.0,26.0,-6.0,21.653846153846153,14.121951219512194,17.029411764705884,23.19516407599309,3.0,29.0,42.761589369615606,41,58,39.96567151959442,45.61721470020734,1.7615893696156064,15.238410630384394
213021394,선암초등학교,213021202,당평초등학교,1.834852,121,223,344,327.0,11.0,20.0,16.0,-4.0,20.4375,14.333333333333334,11.096774193548388,33.026162790697676,3.0,19.0,29.485190135118376,24,41,26.689272285097193,32.340815465710115,5.485190135118376,11.514809864881624
213021394,선암초등학교,213021300,성동초등학교,1.943748,121,753,874,861.0,33.0,42.0,37.0,-5.0,23.27027027027027,17.137254901960784,13.242424242424242,18.58466819221968,3.0,40.0,57.36562852756256,51,68,54.56971067754138,60.2212538581543,6.3656285275625635,10.634371472437437
213021394,선암초등학교,213021345,수정초등학교,2.018882,121,335,456,440.0,16.0,25.0,21.0,-4.0,20.952380952380953,19.0,16.88888888888889,23.480263157894736,3.0,24.0,36.12338975236699,24,41,33.327471902345806,38.979015082958725,12.12338975236699,4.87661024763301
213021394,선암초등학교,213021130,가평초등학교,2.107451,121,623,744,722.0,28.0,37.0,32.0,-5.0,22.5625,17.302325581395348,19.57894736842105,18.975806451612904,3.0,35.0,50.72742891031395,43,60,47.93151106029276,53.58305424090568,7.727428910313947,9.272571089686053
213021394,선암초등학교,213021210,문현초등학교,2.239062,121,485,606,593.0,25.0,34.0,27.0,-7.0,21.962962962962962,15.538461538461538,14.428571428571429,23.321782178217823,3.0,30.0,44.08922929306533,39,56,41.293311443044146,46.944854623657065,5.08922929306533,11.91077070693467
213021394,선암초등학교,213021412,성전초등학교,2.274534,121,442,563,542.0,20.0,29.0,24.0,-5.0,22.583333333333332,19.413793103448278,21.653846153846153,12.952042628774423,2.0,26.0,38.778669599266436,29,46,35.98275174924525,41.63429492985817,9.778669599266436,7.221330400733564
213021394,선암초등학교,213021148,개포초등학교,2.287102,121,222,343,334.0,13.0,22.0,16.0,-6.0,20.875,14.91304347826087,9.026315789473685,30.775510204081634,2.0,18.0,28.157550211668653,23,40,25.36163236164747,31.01317554226039,5.157550211668653,11.842449788331347
213021394,선암초등학교,213021264,동평초등학교,2.386798,121,513,634,605.0,23.0,32.0,28.0,-4.0,21.607142857142858,19.21212121212121,16.256410256410255,29.444794952681388,2.0,30.0,44.08922929306533,33,50,41.293311443044146,46.944854623657065,11.08922929306533,5.91077070693467
213021394,선암초등학교,213021623,개원초등학교,2.515111,121,457,578,565.0,23.0,32.0,26.0,-6.0,21.73076923076923,15.210526315789474,17.515151515151516,22.66782006920415,2.0,28.0,41.43394944616588,38,55,38.6380315961447,44.28957477675762,3.433949446165883,13.566050553834117
213021394,선암초등학교,213021478,연지초등학교,2.607694,121,1286,1407,1386.0,54.0,63.0,58.0,-5.0,23.896551724137932,16.75,20.391304347826086,9.019189765458423,3.0,61.0,85.24606692000674,84,101,82.45014906998556,88.10169225059848,1.24606692000674,15.75393307999326
213021394,선암초등학교,213021502,주례초등학교,2.711576,121,299,420,404.0,15.0,24.0,19.0,-5.0,21.263157894736842,14.482758620689655,11.052631578947368,32.1,3.0,22.0,33.46810990546754,29,46,30.67219205544636,36.32373523605928,4.468109905467543,12.531890094532457
213021394,선암초등학교,213021142,개금초등학교,2.729742,121,554,675,652.0,25.0,34.0,29.0,-5.0,22.482758620689655,18.243243243243242,21.774193548387096,16.66814814814815,2.0,31.0,45.41686921651505,37,54,42.62095136649387,48.27249454710679,8.416869216515053,8.583130783484947
213021394,선암초등학교,213021154,개화초등학교,2.772379,121,165,286,272.0,9.0,18.0,13.0,-5.0,20.923076923076923,17.875,8.666666666666666,48.42657342657343,2.0,15.0,24.174630441319483,16,33,21.3787125912983,27.03025577191122,8.174630441319483,8.825369558680517
213021394,선암초등학교,213021454,양성초등학교,2.808753,121,299,420,411.0,16.0,25.0,18.0,-7.0,22.833333333333332,13.548387096774194,15.555555555555555,28.728571428571428,3.0,21.0,32.14046998201782,31,48,29.344552131996636,34.996095312609555,1.1404699820178195,15.85953001798218
213021394,선암초등학교,213021213,성천초등학교,2.96123,121,122,243,230.0,9.0,18.0,13.0,-5.0,17.692307692307693,12.789473684210526,18.692307692307693,60.98765432098765,2.0,15.0,24.174630441319483,19,36,21.3787125912983,27.03025577191122,5.174630441319483,11.825369558680517
213021394,선암초등학교,213021175,동일중앙초등학교,2.971121,121,898,1019,994.0,38.0,47.0,42.0,-5.0,23.666666666666668,18.87037037037037,20.38,13.306182531894013,3.0,45.0,64.00382814481118,54,71,61.20791029479,66.85945347540292,10.00382814481118,6.99617185518882
213021406,성서초등학교,213021300,성동초등학교,0.631667,178,753,931,921.0,33.0,45.0,40.0,-5.0,23.025,18.254901960784313,14.106060606060606,17.4468313641246,3.0,43.0,61.348548297911734,51,72,58.55263044789055,64.20417362850347,10.348548297911734,10.651451702088266
213021406,성서초등학교,213021352,부산진초등학교,0.779206,178,437,615,603.0,22.0,34.0,27.0,-7.0,22.333333333333332,18.08823529411765,18.08823529411765,23.31382113821138,3.0,30.0,44.08922929306533,34,55,41.293311443044146,46.944854623657065,10.08922929306533,10.91077070693467
213021406,성서초등학교,213021269,성북초등학교,0.874154,178,616,794,776.0,28.0,40.0,35.0,-5.0,22.17142857142857,17.26086956521739,20.894736842105264,20.691435768261965,3.0,38.0,54.71034868066312,46,67,51.91443083064193,57.56597401125485,8.710348680663117,12.289651319336883
213021406,성서초등학교,213021210,문현초등학교,0.967021,178,485,663,653.0,25.0,37.0,28.0,-9.0,23.321428571428573,17.0,15.785714285714286,21.316742081447963,3.0,31.0,45.41686921651505,39,60,42.62095136649387,48.27249454710679,6.416869216515053,14.583130783484947
213021406,성서초등학교,213021295,성남초등학교,1.149604,178,567,745,736.0,27.0,39.0,34.0,-5.0,21.647058823529413,16.931818181818183,15.520833333333334,11.832214765100671,2.0,36.0,52.05506883376367,44,65,49.25915098374249,54.910694164355405,8.05506883376367,12.94493116623633
213021406,성서초등학교,213021283,범일초등학교,1.306577,178,181,359,346.0,11.0,23.0,17.0,-6.0,20.352941176470587,18.894736842105264,11.21875,14.300835654596101,3.0,20.0,30.8128300585681,19,40,28.016912208546916,33.66845538915984,11.8128300585681,9.1871699414319
213021406,성서초등학교,213021394,선암초등학교,1.31731,178,121,299,280.0,9.0,21.0,13.0,-8.0,21.53846153846154,17.58823529411765,15.736842105263158,20.993311036789297,2.0,15.0,24.174630441319483,17,38,21.3787125912983,27.03025577191122,7.174630441319483,13.825369558680517
213021406,성서초등학교,213021358,부전초등학교,1.383719,178,352,530,517.0,18.0,30.0,24.0,-6.0,21.541666666666668,18.928571428571427,20.384615384615383,22.867924528301888,2.0,26.0,38.778669599266436,28,49,35.98275174924525,41.63429492985817,10.778669599266436,10.221330400733564
213021406,성서초등학교,213021490,전포초등학교,1.601464,178,348,526,514.0,19.0,31.0,23.0,-8.0,22.347826086956523,17.533333333333335,10.958333333333334,19.328897338403042,3.0,26.0,38.778669599266436,30,51,35.98275174924525,41.63429492985817,8.778669599266436,12.221330400733564
213021406,성서초등학교,213021213,성천초등학교,1.818326,178,122,300,290.0,9.0,21.0,14.0,-7.0,20.714285714285715,15.789473684210526,23.076923076923077,49.4,2.0,16.0,25.502270364769206,19,40,22.706352514748023,28.357895695360945,6.502270364769206,14.497729635230794
213021406,성서초등학교,213021106,가남초등학교,1.969463,178,53,231,220.0,6.0,18.0,12.0,-6.0,18.333333333333332,17.76923076923077,14.4375,11.891774891774892,2.0,14.0,22.84699051786976,13,34,20.051072667848576,25.702615848461498,9.84699051786976,11.15300948213024
213021406,성서초등학교,213021345,수정초등학교,2.089756,178,335,513,500.0,16.0,28.0,22.0,-6.0,22.727272727272727,21.375,19.0,20.871345029239766,3.0,25.0,37.45102967581671,24,45,34.65511182579553,40.30665500640845,13.451029675816713,7.548970324183287
213021406,성서초등학교,213021412,성전초등학교,2.133599,178,442,620,602.0,20.0,32.0,26.0,-6.0,23.153846153846153,21.379310344827587,23.846153846153847,11.761290322580646,2.0,28.0,41.43394944616588,29,50,38.6380315961447,44.28957477675762,12.433949446165883,8.566050553834117
213021406,성서초등학교,213021335,수성초등학교,2.136374,178,124,302,292.0,8.0,20.0,14.0,-6.0,20.857142857142858,20.133333333333333,7.023255813953488,27.387417218543046,2.0,16.0,25.502270364769206,15,36,22.706352514748023,28.357895695360945,10.502270364769206,10.497729635230794
213021406,성서초등학교,213021370,연포초등학교,2.164076,178,1226,1404,1390.0,51.0,63.0,57.0,-6.0,24.385964912280702,19.5,21.9375,8.71011396011396,2.0,59.0,82.5907870731073,72,93,79.79486922308611,85.44641240369903,10.590787073107293,10.409212926892707
213021406,성서초등학교,213021418,성지초등학교,2.189363,178,458,636,623.0,23.0,35.0,28.0,-7.0,22.25,15.512195121951219,18.705882352941178,21.11635220125786,3.0,31.0,45.41686921651505,41,62,42.62095136649387,48.27249454710679,4.416869216515053,16.583130783484947
213021406,성서초등학교,213021410,우암초등학교,2.53476,178,267,445,435.0,14.0,26.0,20.0,-6.0,21.75,18.541666666666668,13.484848484848484,13.757303370786516,2.0,22.0,33.46810990546754,24,45,30.67219205544636,36.32373523605928,9.468109905467543,11.531890094532457
213021406,성서초등학교,213021346,부암초등학교,2.534794,178,697,875,853.0,33.0,45.0,37.0,-8.0,23.054054054054053,17.5,19.02173913043478,18.928,3.0,40.0,57.36562852756256,50,71,54.56971067754138,60.2212538581543,7.3656285275625635,13.634371472437437
213021406,성서초등학교,213021124,가야초등학교,2.563937,178,961,1139,1124.0,42.0,54.0,48.0,-6.0,23.416666666666668,17.523076923076925,21.09259259259259,14.736611062335381,3.0,51.0,71.9696676855095,65,86,69.17374983548832,74.82529301610124,6.969667685509506,14.030332314490494
213021406,성서초등학교,213021454,양성초등학교,2.829287,178,299,477,471.0,16.0,28.0,20.0,-8.0,23.55,15.387096774193548,17.666666666666668,25.29559748427673,3.0,23.0,34.795749828917266,31,52,31.999831978896083,37.651375159509,3.795749828917266,17.204250171082734
213021406,성서초등학교,213021150,대연초등학교,2.865038,178,784,962,930.0,34.0,46.0,41.0,-5.0,22.682926829268293,18.150943396226417,19.24,10.092515592515593,3.0,44.0,62.67618822136146,53,74,59.88027037134027,65.53181355195319,9.676188221361457,11.323811778638543
213021406,성서초등학교,213021196,당감초등학교,2.872849,178,172,350,341.0,9.0,21.0,16.0,-5.0,21.3125,19.444444444444443,7.446808510638298,39.362857142857145,2.0,18.0,28.157550211668653,18,39,25.36163236164747,31.01317554226039,10.157550211668653,10.842449788331347
215021172,금창초등학교,215021163,금곡초등학교,0.495162,111,271,382,380.0,13.0,22.0,17.0,-5.0,22.352941176470587,16.608695652173914,11.235294117647058,29.32198952879581,2.0,19.0,29.485190135118376,23,39,26.689272285097193,32.340815465710115,6.485190135118376,9.514809864881624
215021172,금창초등학교,215021460,신금초등학교,1.705582,111,244,355,345.0,14.0,23.0,16.0,-7.0,21.5625,13.653846153846153,13.653846153846153,43.374647887323945,2.0,18.0,28.157550211668653,26,42,25.36163236164747,31.01317554226039,2.157550211668653,13.842449788331347
215021172,금창초등학교,215021235,대천리초등학교,2.597005,111,198,309,301.0,11.0,20.0,16.0,-4.0,18.8125,17.166666666666668,16.263157894736842,37.724919093851135,2.0,18.0,28.157550211668653,18,34,25.36163236164747,31.01317554226039,10.157550211668653,5.842449788331347
215021172,금창초등학교,215021559,화명초등학교,2.60719,111,511,622,603.0,25.0,34.0,27.0,-7.0,22.333333333333332,15.170731707317072,16.81081081081081,16.768488745980708,3.0,30.0,44.08922929306533,41,57,41.293311443044146,46.944854623657065,3.08922929306533,12.91077070693467
215021172,금창초등학교,215021165,금명초등학교,2.777752,111,471,582,576.0,21.0,30.0,25.0,-5.0,23.04,16.166666666666668,14.923076923076923,18.90893470790378,2.0,27.0,40.10630952271616,36,52,37.310391672694976,42.961934853307895,4.10630952271616,11.89369047728384
215021235,대천리초등학교,215021559,화명초등학교,0.416193,198,511,709,690.0,25.0,36.0,31.0,-5.0,22.258064516129032,17.29268292682927,19.16216216216216,14.710860366713682,3.0,34.0,49.39978898686422,41,59,46.60387113684304,52.25541431745596,8.399788986864223,9.600211013135777
215021235,대천리초등학교,215021565,화잠초등학교,0.865373,198,399,597,591.0,18.0,29.0,28.0,-1.0,21.107142857142858,19.9,18.09090909090909,11.649916247906198,2.0,30.0,44.08922929306533,30,48,41.293311443044146,46.944854623657065,14.08922929306533,3.91077070693467
215021235,대천리초등학교,215021165,금명초등학교,1.063049,198,471,669,663.0,21.0,32.0,31.0,-1.0,21.387096774193548,18.583333333333332,17.153846153846153,16.449925261584454,2.0,33.0,48.0721490634145,36,54,45.27623121339332,50.927774394006235,12.0721490634145,5.9278509365855
215021235,대천리초등학교,215021460,신금초등학교,1.179466,198,244,442,432.0,14.0,25.0,21.0,-4.0,20.571428571428573,17.0,17.0,34.83710407239819,2.0,23.0,34.795749828917266,26,44,31.999831978896083,37.651375159509,8.795749828917266,9.204250171082734
215021235,대천리초등학교,215021326,명진초등학교,1.189906,198,559,757,751.0,25.0,36.0,32.0,-4.0,23.46875,18.925,21.02777777777778,13.260237780713343,2.0,34.0,49.39978898686422,40,58,46.60387113684304,52.25541431745596,9.399788986864223,8.600211013135777
215021235,대천리초등학교,215021005,와석초등학교,1.37403,198,479,677,677.0,24.0,35.0,30.0,-5.0,22.566666666666666,18.805555555555557,17.81578947368421,19.87149187592319,2.0,32.0,46.74450913996478,36,54,43.94859128994359,49.60013447055651,10.744509139964777,7.2554908600352235
215021235,대천리초등학교,215021538,학사초등학교,1.801651,198,415,613,595.0,20.0,31.0,26.0,-5.0,22.884615384615383,21.137931034482758,21.892857142857142,17.247960848287114,2.0,28.0,41.43394944616588,29,47,38.6380315961447,44.28957477675762,12.433949446165883,5.566050553834117
215021235,대천리초등학교,215021502,용수초등학교,1.922545,198,737,935,925.0,33.0,44.0,41.0,-3.0,22.5609756097561,18.7,20.32608695652174,11.779679144385026,3.0,44.0,62.67618822136146,50,68,59.88027037134027,65.53181355195319,12.676188221361457,5.323811778638543
215021235,대천리초등학교,215021316,명덕초등학교,2.124368,198,642,840,832.0,29.0,40.0,35.0,-5.0,23.771428571428572,17.142857142857142,17.142857142857142,15.517857142857142,2.0,37.0,53.38270875721339,49,67,50.58679090719221,56.23833408780513,4.382708757213393,13.617291242786607
215021235,대천리초등학교,215021163,금곡초등학교,2.213062,198,271,469,467.0,13.0,24.0,22.0,-2.0,21.227272727272727,20.391304347826086,13.794117647058824,23.88272921108742,2.0,24.0,36.12338975236699,23,41,33.327471902345806,38.979015082958725,13.12338975236699,4.87661024763301
215021235,대천리초등학교,215021172,금창초등학교,2.597005,198,111,309,301.0,9.0,20.0,16.0,-4.0,18.8125,19.3125,11.884615384615385,36.31715210355987,2.0,18.0,28.157550211668653,16,34,25.36163236164747,31.01317554226039,12.157550211668653,5.842449788331347
215021235,대천리초등학교,215021879,화정초등학교,2.926049,198,699,897,891.0,31.0,42.0,38.0,-4.0,23.44736842105263,20.386363636363637,24.916666666666668,11.992196209587513,2.0,40.0,57.36562852756256,44,62,54.56971067754138,60.2212538581543,13.365628527562563,4.6343714724374365
215021280,덕천초등학교,215021271,덕성초등학교,0.542287,81,327,408,405.0,18.0,24.0,19.0,-5.0,21.31578947368421,13.6,9.951219512195122,24.29901960784314,2.0,21.0,32.14046998201782,30,43,29.344552131996636,34.996095312609555,2.1404699820178195,10.85953001798218
215021280,덕천초등학교,215021478,양덕초등학교,0.544589,81,140,221,219.0,9.0,15.0,11.0,-4.0,19.90909090909091,11.631578947368421,12.277777777777779,61.040723981900456,2.0,13.0,21.519350594420036,19,32,18.723432744398853,24.374975925011775,2.519350594420036,10.480649405579964
215021280,덕천초등학교,215021145,구포초등학교,0.842006,81,545,626,618.0,28.0,34.0,28.0,-6.0,22.071428571428573,14.55813953488372,16.91891891891892,23.924920127795527,4.0,32.0,46.74450913996478,43,56,43.94859128994359,49.60013447055651,3.7445091399647765,9.255490860035223
215021280,덕천초등학교,215021465,신천초등학교,0.909295,81,161,242,234.0,10.0,16.0,13.0,-3.0,18.0,11.523809523809524,11.523809523809524,34.27272727272727,3.0,16.0,25.502270364769206,21,34,22.706352514748023,28.357895695360945,4.502270364769206,8.497729635230794
215021280,덕천초등학교,215021879,화정초등학교,1.121346,81,699,780,778.0,31.0,37.0,33.0,-4.0,23.575757575757574,17.727272727272727,21.666666666666668,13.79102564102564,2.0,35.0,50.72742891031395,44,57,47.93151106029276,53.58305424090568,6.727428910313947,6.272571089686053
215021280,덕천초등학교,215021487,양천초등학교,1.149202,81,100,181,176.0,7.0,13.0,10.0,-3.0,17.6,12.066666666666666,7.541666666666667,112.61878453038673,3.0,13.0,21.519350594420036,15,28,18.723432744398853,24.374975925011775,6.519350594420036,6.480649405579964
215021280,덕천초등학교,215021532,포천초등학교,1.326067,81,399,480,474.0,19.0,25.0,22.0,-3.0,21.545454545454547,16.551724137931036,12.307692307692308,35.31666666666667,3.0,25.0,37.45102967581671,29,42,34.65511182579553,40.30665500640845,8.451029675816713,4.548970324183287
215021280,덕천초등학교,215021274,덕양초등학교,1.489573,81,328,409,416.0,16.0,22.0,20.0,-2.0,20.8,15.148148148148149,8.891304347826088,11.691931540342297,2.0,22.0,33.46810990546754,27,40,30.67219205544636,36.32373523605928,6.468109905467543,6.531890094532457
215021280,덕천초등학교,215021136,구남초등학교,1.504709,81,410,491,473.0,20.0,26.0,21.0,-5.0,22.523809523809526,15.34375,9.627450980392156,27.073319755600814,3.0,24.0,36.12338975236699,32,45,33.327471902345806,38.979015082958725,4.12338975236699,8.87661024763301
215021280,덕천초등학교,215021316,명덕초등학교,1.944333,81,642,723,719.0,29.0,35.0,31.0,-4.0,23.193548387096776,14.755102040816327,14.755102040816327,18.029045643153527,2.0,33.0,48.0721490634145,49,62,45.27623121339332,50.927774394006235,-0.9278509365855001,13.9278509365855
215021280,덕천초등학교,215021307,만덕초등학교,2.139885,81,407,488,484.0,19.0,25.0,22.0,-3.0,22.0,13.555555555555555,18.76923076923077,41.924180327868854,2.0,24.0,36.12338975236699,36,49,33.327471902345806,38.979015082958725,0.12338975236698957,12.87661024763301
215021280,덕천초등학교,215021502,용수초등학교,2.307235,81,737,818,812.0,33.0,39.0,35.0,-4.0,23.2,16.36,17.782608695652176,13.464547677261614,3.0,38.0,54.71034868066312,50,63,51.91443083064193,57.56597401125485,4.710348680663117,8.289651319336883
215021280,덕천초등학교,215021379,백산초등학교,2.399178,81,544,625,621.0,24.0,30.0,28.0,-2.0,22.178571428571427,15.625,18.38235294117647,24.424,2.0,30.0,44.08922929306533,40,53,41.293311443044146,46.944854623657065,4.08922929306533,8.91077070693467
215021280,덕천초등학교,215021462,신덕초등학교,2.428227,81,215,296,296.0,12.0,18.0,16.0,-2.0,18.5,14.8,6.040816326530612,44.66891891891892,3.0,19.0,29.485190135118376,20,33,26.689272285097193,32.340815465710115,9.485190135118376,3.5148098648816237
215021280,덕천초등학교,215021208,대상초등학교,2.496968,81,30,111,109.0,6.0,12.0,6.0,-6.0,18.166666666666668,8.538461538461538,7.4,160.7117117117117,2.0,8.0,14.881150977171421,13,26,12.085233127150238,17.736776307763158,1.881150977171421,11.118849022828579
215021280,덕천초등학교,215021388,백양초등학교,2.518442,81,906,987,987.0,40.0,46.0,43.0,-3.0,22.953488372093023,17.945454545454545,20.142857142857142,26.944275582573454,3.0,46.0,65.3314680682609,55,68,62.53555021823972,68.18709339885264,10.331468068260904,2.6685319317390963
215021280,덕천초등학교,215021538,학사초등학교,2.555138,81,415,496,482.0,20.0,26.0,22.0,-4.0,21.90909090909091,17.103448275862068,17.714285714285715,21.316532258064516,2.0,24.0,36.12338975236699,29,42,33.327471902345806,38.979015082958725,7.12338975236699,5.87661024763301
215021280,덕천초등학교,215021343,모동초등학교,2.613748,81,46,127,125.0,6.0,12.0,7.0,-5.0,17.857142857142858,9.071428571428571,6.35,86.31496062992126,2.0,9.0,16.208790900621146,14,27,13.412873050599963,19.064416231212885,2.208790900621146,10.791209099378854
215021280,덕천초등학교,215021005,와석초등학교,2.664552,81,479,560,564.0,24.0,30.0,25.0,-5.0,22.56,15.555555555555555,14.736842105263158,24.023214285714285,2.0,27.0,40.10630952271616,36,49,37.310391672694976,42.961934853307895,4.10630952271616,8.89369047728384
215021280,덕천초등학교,215021361,모산초등학교,2.733016,81,282,363,362.0,13.0,19.0,18.0,-1.0,20.11111111111111,15.125,20.166666666666668,27.019283746556475,2.0,20.0,30.8128300585681,24,37,28.016912208546916,33.66845538915984,6.8128300585681,6.1871699414319
215021280,덕천초등학교,215021352,모라초등학교,2.757032,81,121,202,193.0,8.0,14.0,10.0,-4.0,19.3,11.882352941176471,11.222222222222221,74.87623762376238,3.0,13.0,21.519350594420036,17,30,18.723432744398853,24.374975925011775,4.519350594420036,8.480649405579964
215021462,신덕초등학교,215021388,백양초등학교,0.557747,215,906,1121,1121.0,40.0,52.0,47.0,-5.0,23.851063829787233,20.381818181818183,22.877551020408163,23.723461195361285,4.0,51.0,71.9696676855095,55,75,69.17374983548832,74.82529301610124,16.969667685509506,3.0303323144904937
215021462,신덕초등학교,215021379,백산초등학교,1.006151,215,544,759,755.0,24.0,36.0,33.0,-3.0,22.87878787878788,18.975,22.323529411764707,20.111989459815547,3.0,36.0,52.05506883376367,40,60,49.25915098374249,54.910694164355405,12.05506883376367,7.94493116623633
215021462,신덕초등학교,215021274,덕양초등학교,1.115476,215,328,543,550.0,16.0,28.0,26.0,-2.0,21.153846153846153,20.11111111111111,11.804347826086957,8.806629834254144,3.0,29.0,42.761589369615606,27,47,39.96567151959442,45.61721470020734,15.761589369615606,4.238410630384394
215021462,신덕초등학교,215021307,만덕초등학교,1.38558,215,407,622,618.0,19.0,31.0,28.0,-3.0,22.071428571428573,17.27777777777778,23.923076923076923,32.89228295819936,3.0,31.0,45.41686921651505,36,56,42.62095136649387,48.27249454710679,9.416869216515053,10.583130783484947
215021462,신덕초등학교,215021487,양천초등학교,1.411383,215,100,315,310.0,7.0,19.0,16.0,-3.0,19.375,21.0,13.125,64.71111111111111,4.0,20.0,30.8128300585681,15,35,28.016912208546916,33.66845538915984,15.8128300585681,4.1871699414319
215021462,신덕초등학교,215021428,상학초등학교,1.873827,215,263,478,477.0,13.0,25.0,21.0,-4.0,22.714285714285715,22.761904761904763,12.91891891891892,15.912133891213388,3.0,24.0,36.12338975236699,21,41,33.327471902345806,38.979015082958725,15.12338975236699,4.87661024763301
215021462,신덕초등학교,215021478,양덕초등학교,1.912832,215,140,355,353.0,9.0,21.0,17.0,-4.0,20.764705882352942,18.68421052631579,19.72222222222222,38.0,3.0,20.0,30.8128300585681,19,39,28.016912208546916,33.66845538915984,11.8128300585681,8.1871699414319
215021462,신덕초등학교,214021325,사직초등학교,1.981441,215,951,1166,1144.0,39.0,51.0,48.0,-3.0,23.833333333333332,19.114754098360656,22.0,14.754716981132075,3.0,51.0,71.9696676855095,61,81,69.17374983548832,74.82529301610124,10.969667685509506,9.030332314490494
215021462,신덕초등학교,215021465,신천초등학교,2.202344,215,161,376,368.0,10.0,22.0,16.0,-6.0,23.0,17.904761904761905,17.904761904761905,22.05851063829787,4.0,20.0,30.8128300585681,21,41,28.016912208546916,33.66845538915984,9.8128300585681,10.1871699414319
215021462,신덕초등학교,215021532,포천초등학교,2.249835,215,399,614,608.0,19.0,31.0,26.0,-5.0,23.384615384615383,21.17241379310345,15.743589743589743,27.60912052117264,4.0,30.0,44.08922929306533,29,49,41.293311443044146,46.944854623657065,15.08922929306533,4.91077070693467
215021462,신덕초등학교,214021249,예원초등학교,2.392696,215,878,1093,1085.0,34.0,46.0,47.0,1.0,23.085106382978722,22.306122448979593,25.41860465116279,6.846294602012809,3.0,50.0,70.6420277620598,49,69,67.84610991203861,73.49765309265153,21.642027762059797,-1.6420277620597972
215021462,신덕초등학교,215021280,덕천초등학교,2.428227,215,81,296,296.0,6.0,18.0,16.0,-2.0,18.5,22.76923076923077,8.457142857142857,74.7195945945946,3.0,19.0,29.485190135118376,13,33,26.689272285097193,32.340815465710115,16.485190135118376,3.5148098648816237
215021462,신덕초등학교,214021235,달북초등학교,2.499103,215,513,728,730.0,24.0,36.0,32.0,-4.0,22.8125,19.157894736842106,23.483870967741936,14.537087912087912,3.0,35.0,50.72742891031395,38,58,47.93151106029276,53.58305424090568,12.727428910313947,7.272571089686053
215021462,신덕초등학교,215021271,덕성초등학교,2.513544,215,327,542,539.0,18.0,30.0,24.0,-6.0,22.458333333333332,18.066666666666666,13.21951219512195,18.29151291512915,3.0,27.0,40.10630952271616,30,50,37.310391672694976,42.961934853307895,10.10630952271616,9.89369047728384
215021462,신덕초등학교,215021879,화정초등학교,2.670308,215,699,914,912.0,31.0,43.0,38.0,-5.0,24.0,20.772727272727273,25.38888888888889,11.769146608315099,3.0,41.0,58.69326845101229,44,64,55.8973506009911,61.54889378160402,14.693268451012287,5.306731548987713
215021462,신덕초등학교,214021163,금강초등학교,2.872965,215,757,972,958.0,33.0,45.0,41.0,-4.0,23.365853658536587,19.836734693877553,19.836734693877553,16.666666666666668,4.0,45.0,64.00382814481118,49,69,61.20791029479,66.85945347540292,15.00382814481118,4.99617185518882
215021462,신덕초등학교,215021145,구포초등학교,2.904375,215,545,760,752.0,28.0,40.0,33.0,-7.0,22.78787878787879,17.674418604651162,20.54054054054054,19.70657894736842,5.0,38.0,54.71034868066312,43,63,51.91443083064193,57.56597401125485,11.710348680663117,8.289651319336883
215021462,신덕초등학교,213021551,동양초등학교,2.917968,215,189,404,401.0,11.0,23.0,18.0,-5.0,22.27777777777778,20.2,10.1,32.27970297029703,3.0,21.0,32.14046998201782,20,40,29.344552131996636,34.996095312609555,12.14046998201782,7.8595300179821805
215021465,신천초등학교,215021532,포천초등학교,0.417575,161,399,560,546.0,19.0,29.0,25.0,-4.0,21.84,19.310344827586206,14.35897435897436,30.271428571428572,4.0,29.0,42.761589369615606,29,50,39.96567151959442,45.61721470020734,13.761589369615606,7.238410630384394
215021465,신천초등학교,215021478,양덕초등학교,0.681212,161,140,301,291.0,9.0,19.0,13.0,-6.0,22.384615384615383,15.842105263157896,16.72222222222222,44.817275747508305,3.0,16.0,25.502270364769206,19,40,22.706352514748023,28.357895695360945,6.502270364769206,14.497729635230794
215021465,신천초등학교,215021145,구포초등학교,0.765727,161,545,706,690.0,28.0,38.0,30.0,-8.0,23.0,16.41860465116279,19.08108108108108,21.21388101983003,5.0,35.0,50.72742891031395,43,64,47.93151106029276,53.58305424090568,7.727428910313947,13.272571089686053
215021465,신천초등학교,215021280,덕천초등학교,0.909295,161,81,242,234.0,6.0,16.0,13.0,-3.0,18.0,18.615384615384617,6.914285714285715,91.39256198347107,3.0,16.0,25.502270364769206,13,34,22.706352514748023,28.357895695360945,12.502270364769206,8.497729635230794
215021465,신천초등학교,215021136,구남초등학교,1.369606,161,410,571,545.0,20.0,30.0,25.0,-5.0,21.8,17.84375,11.196078431372548,23.280210157618214,4.0,29.0,42.761589369615606,32,53,39.96567151959442,45.61721470020734,10.761589369615606,10.238410630384394
215021465,신천초등학교,215021487,양천초등학교,1.408171,161,100,261,248.0,7.0,17.0,13.0,-4.0,19.076923076923077,17.4,10.875,78.09961685823755,4.0,17.0,26.82991028821893,15,36,24.033992438197746,29.68553561881067,11.82991028821893,9.17008971178107
215021465,신천초등학교,215021271,덕성초등학교,1.425909,161,327,488,477.0,18.0,28.0,22.0,-6.0,21.681818181818183,16.266666666666666,11.902439024390244,20.315573770491802,3.0,25.0,37.45102967581671,30,51,34.65511182579553,40.30665500640845,7.451029675816713,13.548970324183287
215021465,신천초등학교,215021274,덕양초등학교,1.64987,161,328,489,488.0,16.0,26.0,23.0,-3.0,21.217391304347824,18.11111111111111,10.630434782608695,9.779141104294478,3.0,26.0,38.778669599266436,27,48,35.98275174924525,41.63429492985817,11.778669599266436,9.221330400733564
215021465,신천초등학교,215021343,모동초등학교,1.789343,161,46,207,197.0,6.0,16.0,12.0,-4.0,16.416666666666668,14.785714285714286,10.35,52.95652173913044,3.0,15.0,24.174630441319483,14,35,21.3787125912983,27.03025577191122,10.174630441319483,10.825369558680517
215021465,신천초등학교,215021879,화정초등학교,1.981751,161,699,860,850.0,31.0,41.0,37.0,-4.0,22.972972972972972,19.545454545454547,23.88888888888889,12.508139534883721,3.0,40.0,57.36562852756256,44,65,54.56971067754138,60.2212538581543,13.365628527562563,7.6343714724374365
215021465,신천초등학교,215021361,모산초등학교,2.034476,161,282,443,434.0,13.0,23.0,20.0,-3.0,21.7,18.458333333333332,24.61111111111111,22.13995485327314,3.0,23.0,34.795749828917266,24,45,31.999831978896083,37.651375159509,10.795749828917266,10.204250171082734
215021465,신천초등학교,215021462,신덕초등학교,2.202344,161,215,376,368.0,12.0,22.0,16.0,-6.0,23.0,18.8,7.673469387755102,35.16489361702128,4.0,20.0,30.8128300585681,20,41,28.016912208546916,33.66845538915984,10.8128300585681,10.1871699414319
215021465,신천초등학교,215021352,모라초등학교,2.323061,161,121,282,265.0,8.0,18.0,13.0,-5.0,20.384615384615383,16.58823529411765,15.666666666666666,53.63475177304964,4.0,17.0,26.82991028821893,17,38,24.033992438197746,29.68553561881067,9.82991028821893,11.17008971178107
215021465,신천초등학교,215021307,만덕초등학교,2.459228,161,407,568,556.0,19.0,29.0,26.0,-3.0,21.384615384615383,15.777777777777779,21.846153846153847,36.019366197183096,3.0,29.0,42.761589369615606,36,57,39.96567151959442,45.61721470020734,6.761589369615606,14.238410630384394
215021465,신천초등학교,215021334,모덕초등학교,2.481194,161,557,718,701.0,26.0,36.0,32.0,-4.0,21.90625,17.51219512195122,16.318181818181817,24.128133704735376,4.0,36.0,52.05506883376367,41,62,49.25915098374249,54.910694164355405,11.05506883376367,9.94493116623633
215021465,신천초등학교,215021388,백양초등학교,2.488484,161,906,1067,1059.0,40.0,50.0,46.0,-4.0,23.02173913043478,19.4,21.775510204081634,24.924086223055294,4.0,50.0,70.6420277620598,55,76,67.84610991203861,73.49765309265153,15.642027762059797,5.357972237940203
215021465,신천초등학교,215021379,백산초등학교,2.550186,161,544,705,693.0,24.0,34.0,30.0,-4.0,23.1,17.625,20.735294117647058,21.652482269503547,3.0,33.0,48.0721490634145,40,61,45.27623121339332,50.927774394006235,8.0721490634145,12.9278509365855
215021465,신천초등학교,215021316,명덕초등학교,2.798672,161,642,803,791.0,29.0,39.0,34.0,-5.0,23.264705882352942,16.387755102040817,16.387755102040817,16.232876712328768,3.0,37.0,53.38270875721339,49,70,50.58679090719221,56.23833408780513,4.382708757213393,16.617291242786607
215021465,신천초등학교,215021208,대상초등학교,2.999112,161,30,191,181.0,6.0,16.0,11.0,-5.0,16.454545454545453,14.692307692307692,12.733333333333333,93.3979057591623,3.0,14.0,22.84699051786976,13,34,20.051072667848576,25.702615848461498,9.84699051786976,11.15300948213024
215021478,양덕초등학교,215021280,덕천초등학교,0.544589,140,81,221,219.0,6.0,15.0,11.0,-4.0,19.90909090909091,17.0,6.314285714285714,100.07692307692308,2.0,13.0,21.519350594420036,13,32,18.723432744398853,24.374975925011775,8.519350594420036,10.480649405579964
215021478,양덕초등학교,215021465,신천초등학교,0.681212,140,161,301,291.0,10.0,19.0,13.0,-6.0,22.384615384615383,14.333333333333334,14.333333333333334,27.55481727574751,3.0,16.0,25.502270364769206,21,40,22.706352514748023,28.357895695360945,4.502270364769206,14.497729635230794
215021478,양덕초등학교,215021487,양천초등학교,0.787754,140,100,240,233.0,7.0,16.0,12.0,-4.0,19.416666666666668,16.0,10.0,84.93333333333334,3.0,15.0,24.174630441319483,15,34,21.3787125912983,27.03025577191122,9.174630441319483,9.825369558680517
215021478,양덕초등학교,215021271,덕성초등학교,0.887163,140,327,467,462.0,18.0,27.0,22.0,-5.0,21.0,15.566666666666666,11.390243902439025,21.22912205567452,2.0,24.0,36.12338975236699,30,49,33.327471902345806,38.979015082958725,6.12338975236699,12.87661024763301
215021478,양덕초등학교,215021532,포천초등학교,1.057894,140,399,539,531.0,19.0,28.0,23.0,-5.0,23.08695652173913,18.586206896551722,13.820512820512821,31.450834879406308,3.0,26.0,38.778669599266436,29,48,35.98275174924525,41.63429492985817,9.778669599266436,9.221330400733564
215021478,양덕초등학교,215021145,구포초등학교,1.078828,140,545,685,675.0,28.0,37.0,30.0,-7.0,22.5,15.930232558139535,18.513513513513512,21.864233576642334,4.0,34.0,49.39978898686422,43,62,46.60387113684304,52.25541431745596,6.399788986864223,12.600211013135777
215021478,양덕초등학교,215021274,덕양초등학교,1.088324,140,328,468,473.0,16.0,25.0,21.0,-4.0,22.523809523809526,17.333333333333332,10.173913043478262,10.217948717948717,2.0,23.0,34.795749828917266,27,46,31.999831978896083,37.651375159509,7.795749828917266,11.204250171082734
215021478,양덕초등학교,215021879,화정초등학교,1.378,140,699,839,835.0,31.0,40.0,36.0,-4.0,23.194444444444443,19.068181818181817,23.305555555555557,12.821215733015494,2.0,38.0,54.71034868066312,44,63,51.91443083064193,57.56597401125485,10.710348680663117,8.289651319336883
215021478,양덕초등학교,215021136,구남초등학교,1.780994,140,410,550,530.0,20.0,29.0,25.0,-4.0,21.2,17.1875,10.784313725490197,24.169090909090908,3.0,28.0,41.43394944616588,32,51,38.6380315961447,44.28957477675762,9.433949446165883,9.566050553834117
215021478,양덕초등학교,215021307,만덕초등학교,1.848326,140,407,547,541.0,19.0,28.0,26.0,-2.0,20.807692307692307,15.194444444444445,21.03846153846154,37.40219378427788,2.0,28.0,41.43394944616588,36,55,38.6380315961447,44.28957477675762,5.433949446165883,13.566050553834117
215021478,양덕초등학교,215021462,신덕초등학교,1.912832,140,215,355,353.0,12.0,21.0,17.0,-4.0,20.764705882352942,17.75,7.244897959183674,37.245070422535214,3.0,20.0,30.8128300585681,20,39,28.016912208546916,33.66845538915984,10.8128300585681,8.1871699414319
215021478,양덕초등학교,215021379,백산초등학교,2.017777,140,544,684,678.0,24.0,33.0,29.0,-4.0,23.379310344827587,17.1,20.11764705882353,22.317251461988302,2.0,31.0,45.41686921651505,40,59,42.62095136649387,48.27249454710679,5.416869216515053,13.583130783484947
215021478,양덕초등학교,215021388,백양초등학교,2.06154,140,906,1046,1044.0,40.0,49.0,44.0,-5.0,23.727272727272727,19.01818181818182,21.346938775510203,25.424474187380497,3.0,47.0,66.65910799171063,55,74,63.863190141689444,69.51473332230236,11.659107991710627,7.340892008289373
215021478,양덕초등학교,215021316,명덕초등학교,2.171491,140,642,782,776.0,29.0,38.0,34.0,-4.0,22.823529411764707,15.959183673469388,15.959183673469388,16.668797953964194,2.0,36.0,52.05506883376367,49,68,49.25915098374249,54.910694164355405,3.05506883376367,15.94493116623633
215021478,양덕초등학교,215021343,모동초등학교,2.467763,140,46,186,182.0,6.0,15.0,10.0,-5.0,18.2,13.285714285714286,9.3,58.935483870967744,2.0,12.0,20.191710670970313,14,33,17.39579282094913,23.04733600156205,6.191710670970313,12.808289329029687
215021478,양덕초등학교,215021502,용수초등학교,2.592401,140,737,877,869.0,33.0,42.0,37.0,-5.0,23.486486486486488,17.54,19.065217391304348,12.55872291904219,3.0,40.0,57.36562852756256,50,69,54.56971067754138,60.2212538581543,7.3656285275625635,11.634371472437437
215021478,양덕초등학교,215021361,모산초등학교,2.706638,140,282,422,419.0,13.0,22.0,19.0,-3.0,22.05263157894737,17.583333333333332,23.444444444444443,23.24170616113744,2.0,21.0,32.14046998201782,24,43,29.344552131996636,34.996095312609555,8.14046998201782,10.85953001798218
215021478,양덕초등학교,215021005,와석초등학교,2.809413,140,479,619,621.0,24.0,33.0,28.0,-5.0,22.178571428571427,17.194444444444443,16.289473684210527,21.733441033925686,2.0,30.0,44.08922929306533,36,55,41.293311443044146,46.944854623657065,8.08922929306533,10.91077070693467
215021478,양덕초등학교,215021538,학사초등학교,2.855751,140,415,555,539.0,20.0,29.0,26.0,-3.0,20.73076923076923,19.137931034482758,19.821428571428573,19.05045045045045,2.0,28.0,41.43394944616588,29,48,38.6380315961447,44.28957477675762,12.433949446165883,6.566050553834117
215021478,양덕초등학교,215021352,모라초등학교,2.910991,140,121,261,250.0,8.0,17.0,13.0,-4.0,19.23076923076923,15.352941176470589,14.5,57.95019157088122,3.0,16.0,25.502270364769206,17,36,22.706352514748023,28.357895695360945,8.502270364769206,10.497729635230794
215021478,양덕초등학교,215021428,상학초등학교,2.929063,140,263,403,400.0,13.0,22.0,18.0,-4.0,22.22222222222222,19.19047619047619,10.891891891891891,18.87344913151365,2.0,20.0,30.8128300585681,21,40,28.016912208546916,33.66845538915984,9.8128300585681,9.1871699414319
215021487,양천초등학교,215021274,덕양초등학교,0.344555,100,328,428,430.0,16.0,23.0,20.0,-3.0,21.5,15.851851851851851,9.304347826086957,11.172897196261681,3.0,23.0,34.795749828917266,27,42,31.999831978896083,37.651375159509,7.795749828917266,7.204250171082734
215021487,양천초등학교,215021478,양덕초등학교,0.787754,100,140,240,233.0,9.0,16.0,12.0,-4.0,19.416666666666668,12.631578947368421,13.333333333333334,56.208333333333336,3.0,15.0,24.174630441319483,19,34,21.3787125912983,27.03025577191122,5.174630441319483,9.825369558680517
215021487,양천초등학교,215021307,만덕초등학교,1.061951,100,407,507,498.0,19.0,26.0,23.0,-3.0,21.652173913043477,14.083333333333334,19.5,40.353057199211044,3.0,26.0,38.778669599266436,36,51,35.98275174924525,41.63429492985817,2.7786695992664363,12.221330400733564
215021487,양천초등학교,215021271,덕성초등학교,1.110713,100,327,427,419.0,18.0,25.0,19.0,-6.0,22.05263157894737,14.233333333333333,10.414634146341463,23.217798594847775,3.0,22.0,33.46810990546754,30,45,30.67219205544636,36.32373523605928,3.468109905467543,11.531890094532457
215021487,양천초등학교,215021280,덕천초등학교,1.149202,100,81,181,176.0,6.0,13.0,10.0,-3.0,17.6,13.923076923076923,5.171428571428572,122.19337016574586,3.0,13.0,21.519350594420036,13,28,18.723432744398853,24.374975925011775,8.519350594420036,6.480649405579964
215021487,양천초등학교,215021379,백산초등학교,1.254019,100,544,644,635.0,24.0,31.0,29.0,-2.0,21.896551724137932,16.1,18.941176470588236,23.703416149068325,3.0,32.0,46.74450913996478,40,55,43.94859128994359,49.60013447055651,6.7445091399647765,8.255490860035223
215021487,양천초등학교,215021879,화정초등학교,1.289169,100,699,799,792.0,31.0,38.0,35.0,-3.0,22.62857142857143,18.15909090909091,22.194444444444443,13.4630788485607,3.0,38.0,54.71034868066312,44,59,51.91443083064193,57.56597401125485,10.710348680663117,4.289651319336883
215021487,양천초등학교,215021388,백양초등학교,1.388654,100,906,1006,1001.0,40.0,47.0,43.0,-4.0,23.27906976744186,18.29090909090909,20.53061224489796,26.435387673956264,4.0,47.0,66.65910799171063,55,70,63.863190141689444,69.51473332230236,11.659107991710627,3.340892008289373
215021487,양천초등학교,215021465,신천초등학교,1.408171,100,161,261,248.0,10.0,17.0,13.0,-4.0,19.076923076923077,12.428571428571429,12.428571428571429,31.77777777777778,4.0,17.0,26.82991028821893,21,36,24.033992438197746,29.68553561881067,5.8299102882189295,9.17008971178107
215021487,양천초등학교,215021462,신덕초등학교,1.411383,100,215,315,310.0,12.0,19.0,16.0,-3.0,19.375,15.75,6.428571428571429,41.974603174603175,4.0,20.0,30.8128300585681,20,35,28.016912208546916,33.66845538915984,10.8128300585681,4.1871699414319
215021487,양천초등학교,215021532,포천초등학교,1.706114,100,399,499,488.0,19.0,26.0,22.0,-4.0,22.181818181818183,17.20689655172414,12.794871794871796,33.97194388777555,4.0,26.0,38.778669599266436,29,44,35.98275174924525,41.63429492985817,9.778669599266436,5.221330400733564
215021487,양천초등학교,215021145,구포초등학교,1.857094,100,545,645,632.0,28.0,35.0,29.0,-6.0,21.79310344827586,15.0,17.43243243243243,23.22015503875969,5.0,34.0,49.39978898686422,43,58,46.60387113684304,52.25541431745596,6.399788986864223,8.600211013135777
215021487,양천초등학교,215021316,명덕초등학교,1.896346,100,642,742,733.0,29.0,36.0,32.0,-4.0,22.90625,15.142857142857142,15.142857142857142,17.567385444743934,3.0,35.0,50.72742891031395,49,64,47.93151106029276,53.58305424090568,1.7274289103139466,13.272571089686053
215021487,양천초등학교,215021428,상학초등학교,2.141826,100,263,363,357.0,13.0,20.0,18.0,-2.0,19.833333333333332,17.285714285714285,9.81081081081081,20.953168044077135,3.0,21.0,32.14046998201782,21,36,29.344552131996636,34.996095312609555,11.14046998201782,3.8595300179821805
215021487,양천초등학교,215021005,와석초등학교,2.367368,100,479,579,578.0,24.0,31.0,27.0,-4.0,21.40740740740741,16.083333333333332,15.236842105263158,23.23488773747841,3.0,30.0,44.08922929306533,36,51,41.293311443044146,46.944854623657065,8.08922929306533,6.91077070693467
215021487,양천초등학교,215021502,용수초등학교,2.36844,100,737,837,826.0,33.0,40.0,36.0,-4.0,22.944444444444443,16.74,18.195652173913043,13.158900836320191,4.0,40.0,57.36562852756256,50,65,54.56971067754138,60.2212538581543,7.3656285275625635,7.6343714724374365
215021487,양천초등학교,215021136,구남초등학교,2.559888,100,410,510,487.0,20.0,27.0,21.0,-6.0,23.19047619047619,15.9375,10.0,26.064705882352943,4.0,25.0,37.45102967581671,32,47,34.65511182579553,40.30665500640845,5.451029675816713,9.548970324183287
215021487,양천초등학교,215021538,학사초등학교,2.638856,100,415,515,496.0,20.0,27.0,23.0,-4.0,21.565217391304348,17.75862068965517,18.392857142857142,20.53009708737864,3.0,26.0,38.778669599266436,29,44,35.98275174924525,41.63429492985817,9.778669599266436,5.221330400733564
215021487,양천초등학교,215021565,화잠초등학교,2.936217,100,399,499,492.0,18.0,25.0,22.0,-3.0,22.363636363636363,16.633333333333333,15.121212121212121,13.937875751503006,3.0,25.0,37.45102967581671,30,45,34.65511182579553,40.30665500640845,7.451029675816713,7.548970324183287
215021118,감전초등학교,215021433,서감초등학교,0.6448,116,114,230,226.0,8.0,15.0,12.0,-3.0,18.833333333333332,14.375,7.1875,47.65652173913043,2.0,14.0,22.84699051786976,16,30,20.051072667848576,25.702615848461498,6.846990517869759,7.153009482130241
215021118,감전초등학교,215021541,학장초등학교,1.128643,116,194,310,314.0,12.0,19.0,16.0,-3.0,19.625,16.31578947368421,12.916666666666666,43.012903225806454,2.0,18.0,28.157550211668653,19,33,25.36163236164747,31.01317554226039,9.157550211668653,4.842449788331347
215021118,감전초등학교,215021505,주감초등학교,1.186831,116,611,727,720.0,27.0,34.0,33.0,-1.0,21.818181818181817,17.73170731707317,17.73170731707317,20.464924346629985,3.0,36.0,52.05506883376367,41,55,49.25915098374249,54.910694164355405,11.05506883376367,2.94493116623633
215021118,감전초등학교,215021397,사상초등학교,1.419823,116,333,449,455.0,17.0,24.0,21.0,-3.0,21.666666666666668,13.606060606060606,11.225,29.031180400890868,3.0,24.0,36.12338975236699,33,47,33.327471902345806,38.979015082958725,3.1233897523669896,10.87661024763301
215021118,감전초등학교,215021519,창진초등학교,1.521375,116,413,529,524.0,19.0,26.0,25.0,-1.0,20.96,17.633333333333333,17.06451612903226,12.570888468809073,2.0,27.0,40.10630952271616,30,44,37.310391672694976,42.961934853307895,10.10630952271616,3.8936904772838403
215021118,감전초등학교,215021298,동주초등학교,1.812315,116,421,537,540.0,21.0,28.0,26.0,-2.0,20.76923076923077,15.794117647058824,19.178571428571427,26.121042830540038,2.0,28.0,41.43394944616588,34,48,38.6380315961447,44.28957477675762,7.433949446165883,6.566050553834117
215021118,감전초등학교,215021154,구학초등학교,2.022309,116,405,521,519.0,19.0,26.0,24.0,-2.0,21.625,17.366666666666667,18.607142857142858,25.234165067178502,2.0,26.0,38.778669599266436,30,44,35.98275174924525,41.63429492985817,8.778669599266436,5.221330400733564
215021118,감전초등학교,215021289,덕포초등학교,2.032723,116,134,250,246.0,9.0,16.0,12.0,-4.0,20.5,15.625,14.705882352941176,33.364,2.0,14.0,22.84699051786976,16,30,20.051072667848576,25.702615848461498,6.846990517869759,7.153009482130241
215021118,감전초등학교,215021262,덕상초등학교,2.114696,116,371,487,488.0,18.0,25.0,23.0,-2.0,21.217391304347824,16.79310344827586,16.79310344827586,23.129363449691994,2.0,25.0,37.45102967581671,29,43,34.65511182579553,40.30665500640845,8.451029675816713,5.548970324183287
215021118,감전초등학교,215021501,주양초등학교,2.152298,116,284,400,397.0,16.0,23.0,19.0,-4.0,20.894736842105264,14.285714285714286,19.047619047619047,27.7725,2.0,21.0,32.14046998201782,28,42,29.344552131996636,34.996095312609555,4.1404699820178195,9.85953001798218
215021118,감전초등학교,215021415,삼덕초등학교,2.242997,116,104,220,215.0,7.0,14.0,12.0,-2.0,17.916666666666668,15.714285714285714,10.0,38.54545454545455,2.0,14.0,22.84699051786976,14,28,20.051072667848576,25.702615848461498,8.84699051786976,5.153009482130241
215021118,감전초등학교,215021514,주학초등학교,2.395785,116,42,158,157.0,6.0,13.0,9.0,-4.0,17.444444444444443,10.533333333333333,10.533333333333333,93.43037974683544,2.0,11.0,18.864070747520593,15,29,16.06815289749941,21.71969607811233,3.864070747520593,10.135929252479407
215021118,감전초등학교,213021257,개림초등학교,2.507874,116,671,787,795.0,31.0,38.0,34.0,-4.0,23.38235294117647,17.488888888888887,13.807017543859649,24.35705209656925,2.0,36.0,52.05506883376367,45,59,49.25915098374249,54.910694164355405,7.05506883376367,6.94493116623633
215021118,감전초등학교,215021550,학진초등학교,2.8068,116,424,540,528.0,20.0,27.0,24.0,-3.0,22.0,14.594594594594595,19.285714285714285,26.612962962962964,3.0,27.0,40.10630952271616,37,51,37.310391672694976,42.961934853307895,3.1063095227161597,10.89369047728384
215021118,감전초등학교,213021142,개금초등학교,2.82246,116,554,670,659.0,25.0,32.0,30.0,-2.0,21.966666666666665,18.10810810810811,21.612903225806452,16.792537313432835,2.0,32.0,46.74450913996478,37,51,43.94859128994359,49.60013447055651,9.744509139964777,4.2554908600352235
215021118,감전초등학교,213021154,개화초등학교,2.927892,116,165,281,279.0,9.0,16.0,14.0,-2.0,19.928571428571427,17.5625,8.515151515151516,49.288256227758005,2.0,16.0,25.502270364769206,16,30,22.706352514748023,28.357895695360945,9.502270364769206,4.497729635230794
215021289,덕포초등학교,215021262,덕상초등학교,0.430114,134,371,505,500.0,18.0,27.0,24.0,-3.0,20.833333333333332,17.413793103448278,17.413793103448278,22.304950495049503,2.0,26.0,38.778669599266436,29,45,35.98275174924525,41.63429492985817,9.778669599266436,6.221330400733564
215021289,덕포초등학교,215021415,삼덕초등학교,0.681902,134,104,238,227.0,7.0,16.0,12.0,-4.0,18.916666666666668,17.0,10.818181818181818,35.63025210084034,2.0,14.0,22.84699051786976,14,30,20.051072667848576,25.702615848461498,8.84699051786976,7.153009482130241
215021289,덕포초등학교,215021397,사상초등학교,0.759207,134,333,467,467.0,17.0,26.0,20.0,-6.0,23.35,14.151515151515152,11.675,27.91220556745182,3.0,23.0,34.795749828917266,33,49,31.999831978896083,37.651375159509,1.7957498289172662,14.204250171082734
215021289,덕포초등학교,215021334,모덕초등학교,1.112406,134,557,691,677.0,26.0,35.0,32.0,-3.0,21.15625,16.853658536585368,15.704545454545455,25.070911722141823,3.0,35.0,50.72742891031395,41,57,47.93151106029276,53.58305424090568,9.727428910313947,6.272571089686053
215021289,덕포초등학교,215021519,창진초등학교,1.139962,134,413,547,536.0,19.0,28.0,25.0,-3.0,21.44,18.233333333333334,17.64516129032258,12.157221206581353,2.0,27.0,40.10630952271616,30,46,37.310391672694976,42.961934853307895,10.10630952271616,5.89369047728384
215021289,덕포초등학교,215021361,모산초등학교,1.552567,134,282,416,410.0,13.0,22.0,19.0,-3.0,21.57894736842105,17.333333333333332,23.11111111111111,23.576923076923077,2.0,21.0,32.14046998201782,24,40,29.344552131996636,34.996095312609555,8.14046998201782,7.8595300179821805
215021289,덕포초등학교,215021352,모라초등학교,1.78886,134,121,255,241.0,8.0,17.0,12.0,-5.0,20.083333333333332,15.0,14.166666666666666,59.31372549019608,3.0,15.0,24.174630441319483,17,33,21.3787125912983,27.03025577191122,7.174630441319483,8.825369558680517
215021289,덕포초등학교,215021433,서감초등학교,1.824389,134,114,248,238.0,8.0,17.0,13.0,-4.0,18.307692307692307,15.5,7.75,44.19758064516129,2.0,15.0,24.174630441319483,16,32,21.3787125912983,27.03025577191122,8.174630441319483,7.825369558680517
215021289,덕포초등학교,215021343,모동초등학교,1.913945,134,46,180,173.0,6.0,15.0,10.0,-5.0,17.3,12.857142857142858,9.0,60.9,2.0,12.0,20.191710670970313,14,30,17.39579282094913,23.04733600156205,6.191710670970313,9.808289329029687
215021289,덕포초등학교,215021118,감전초등학교,2.032723,134,116,250,246.0,7.0,16.0,12.0,-4.0,20.5,17.857142857142858,9.615384615384615,39.304,2.0,14.0,22.84699051786976,14,30,20.051072667848576,25.702615848461498,8.84699051786976,7.153009482130241
215021289,덕포초등학교,215021505,주감초등학교,2.631259,134,611,745,732.0,27.0,36.0,33.0,-3.0,22.181818181818183,18.170731707317074,18.170731707317074,19.970469798657717,3.0,36.0,52.05506883376367,41,57,49.25915098374249,54.910694164355405,11.05506883376367,4.94493116623633
215021289,덕포초등학교,215021253,덕두초등학교,2.754886,134,201,335,333.0,12.0,21.0,16.0,-5.0,20.8125,13.958333333333334,15.227272727272727,40.95522388059702,2.0,18.0,28.157550211668653,24,40,25.36163236164747,31.01317554226039,4.157550211668653,11.842449788331347
215021343,모동초등학교,215021361,모산초등학교,0.611811,46,282,328,325.0,13.0,19.0,16.0,-3.0,20.3125,13.666666666666666,18.22222222222222,29.902439024390244,2.0,18.0,28.157550211668653,24,38,25.36163236164747,31.01317554226039,4.157550211668653,9.842449788331347
215021343,모동초등학교,215021334,모덕초등학교,0.949747,46,557,603,592.0,26.0,32.0,27.0,-5.0,21.925925925925927,14.707317073170731,13.704545454545455,28.729684908789388,3.0,30.0,44.08922929306533,41,55,41.293311443044146,46.944854623657065,3.08922929306533,10.91077070693467
215021343,모동초등학교,215021532,포천초등학교,1.426767,46,399,445,437.0,19.0,25.0,20.0,-5.0,21.85,15.344827586206897,11.41025641025641,38.09438202247191,3.0,23.0,34.795749828917266,29,43,31.999831978896083,37.651375159509,5.795749828917266,8.204250171082734
215021343,모동초등학교,215021352,모라초등학교,1.507059,46,121,167,156.0,8.0,14.0,9.0,-5.0,17.333333333333332,9.823529411764707,9.277777777777779,90.5688622754491,3.0,12.0,20.191710670970313,17,31,17.39579282094913,23.04733600156205,3.1917106709703127,10.808289329029687
215021343,모동초등학교,215021262,덕상초등학교,1.552068,46,371,417,415.0,18.0,24.0,19.0,-5.0,21.842105263157894,14.379310344827585,14.379310344827585,27.01199040767386,2.0,21.0,32.14046998201782,29,43,29.344552131996636,34.996095312609555,3.1404699820178195,10.85953001798218
215021343,모동초등학교,215021465,신천초등학교,1.789343,46,161,207,197.0,10.0,16.0,12.0,-4.0,16.416666666666668,9.857142857142858,9.857142857142858,40.067632850241544,3.0,15.0,24.174630441319483,21,35,21.3787125912983,27.03025577191122,3.174630441319483,10.825369558680517
215021343,모동초등학교,215021136,구남초등학교,1.835839,46,410,456,436.0,20.0,26.0,20.0,-6.0,21.8,14.25,8.941176470588236,29.151315789473685,3.0,23.0,34.795749828917266,32,46,31.999831978896083,37.651375159509,2.795749828917266,11.204250171082734
215021343,모동초등학교,215021289,덕포초등학교,1.913945,46,134,180,173.0,9.0,15.0,10.0,-5.0,17.3,11.25,10.588235294117647,46.33888888888889,2.0,12.0,20.191710670970313,16,30,17.39579282094913,23.04733600156205,4.191710670970313,9.808289329029687
215021343,모동초등학교,215021145,구포초등학교,1.944484,46,545,591,581.0,28.0,34.0,26.0,-8.0,22.346153846153847,13.744186046511627,15.972972972972974,25.341793570219966,4.0,30.0,44.08922929306533,43,57,41.293311443044146,46.944854623657065,1.0892292930653298,12.91077070693467
215021343,모동초등학교,215021415,삼덕초등학교,2.456145,46,104,150,142.0,7.0,13.0,8.0,-5.0,17.75,10.714285714285714,6.818181818181818,56.53333333333333,2.0,10.0,17.53643082407087,14,28,14.740512974049686,20.39205615466261,3.5364308240708695,10.46356917592913
215021343,모동초등학교,215021478,양덕초등학교,2.467763,46,140,186,182.0,9.0,15.0,10.0,-5.0,18.2,9.789473684210526,10.333333333333334,72.52688172043011,2.0,12.0,20.191710670970313,19,33,17.39579282094913,23.04733600156205,1.1917106709703127,12.808289329029687
215021343,모동초등학교,215021280,덕천초등학교,2.613748,46,81,127,125.0,6.0,12.0,7.0,-5.0,17.857142857142858,9.76923076923077,3.6285714285714286,174.1496062992126,2.0,9.0,16.208790900621146,13,27,13.412873050599963,19.064416231212885,3.208790900621146,10.791209099378854
215021343,모동초등학교,215021397,사상초등학교,2.615012,46,333,379,382.0,17.0,23.0,18.0,-5.0,21.22222222222222,11.484848484848484,9.475,34.39313984168865,3.0,21.0,32.14046998201782,33,47,29.344552131996636,34.996095312609555,-0.8595300179821805,14.85953001798218
215021343,모동초등학교,213021551,동양초등학교,2.796408,46,189,235,230.0,11.0,17.0,12.0,-5.0,19.166666666666668,11.75,5.875,55.4936170212766,2.0,14.0,22.84699051786976,20,34,20.051072667848576,25.702615848461498,2.8469905178697594,11.15300948213024
215021343,모동초등학교,213021268,동원초등학교,2.983752,46,626,672,565.0,27.0,33.0,27.0,-6.0,20.925925925925927,17.68421052631579,19.2,10.291666666666666,2.0,29.0,42.761589369615606,38,52,39.96567151959442,45.61721470020734,4.761589369615606,9.238410630384394
215021352,모라초등학교,215021361,모산초등학교,0.93294,121,282,403,393.0,13.0,21.0,18.0,-3.0,21.833333333333332,16.791666666666668,22.38888888888889,24.337468982630273,3.0,21.0,32.14046998201782,24,41,29.344552131996636,34.996095312609555,8.14046998201782,8.85953001798218
215021352,모라초등학교,215021334,모덕초등학교,0.957206,121,557,678,660.0,26.0,34.0,29.0,-5.0,22.75862068965517,16.536585365853657,15.409090909090908,25.551622418879056,4.0,33.0,48.0721490634145,41,58,45.27623121339332,50.927774394006235,7.0721490634145,9.9278509365855
215021352,모라초등학교,215021136,구남초등학교,1.310072,121,410,531,504.0,20.0,28.0,23.0,-5.0,21.91304347826087,16.59375,10.411764705882353,25.033898305084747,4.0,27.0,40.10630952271616,32,49,37.310391672694976,42.961934853307895,8.10630952271616,8.89369047728384
215021352,모라초등학교,215021343,모동초등학교,1.507059,121,46,167,156.0,6.0,14.0,9.0,-5.0,17.333333333333332,11.928571428571429,8.35,65.64071856287426,3.0,12.0,20.191710670970313,14,31,17.39579282094913,23.04733600156205,6.191710670970313,10.808289329029687
215021352,모라초등학교,215021262,덕상초등학교,1.742774,121,371,492,483.0,18.0,26.0,22.0,-4.0,21.954545454545453,16.96551724137931,16.96551724137931,22.89430894308943,3.0,25.0,37.45102967581671,29,46,34.65511182579553,40.30665500640845,8.451029675816713,8.548970324183287
215021352,모라초등학교,215021289,덕포초등학교,1.78886,121,134,255,241.0,9.0,17.0,12.0,-5.0,20.083333333333332,15.9375,15.0,32.70980392156863,3.0,15.0,24.174630441319483,16,33,21.3787125912983,27.03025577191122,8.174630441319483,8.825369558680517
215021352,모라초등학교,215021415,삼덕초등학교,1.902907,121,104,225,210.0,7.0,15.0,11.0,-4.0,19.09090909090909,16.071428571428573,10.227272727272727,37.68888888888889,3.0,14.0,22.84699051786976,14,31,20.051072667848576,25.702615848461498,8.84699051786976,8.15300948213024
215021352,모라초등학교,215021145,구포초등학교,1.915258,121,545,666,649.0,28.0,36.0,28.0,-8.0,23.178571428571427,15.488372093023257,18.0,22.48798798798799,5.0,33.0,48.0721490634145,43,60,45.27623121339332,50.927774394006235,5.0721490634145,11.9278509365855
215021352,모라초등학교,215021532,포천초등학교,2.191528,121,399,520,505.0,19.0,27.0,23.0,-4.0,21.956521739130434,17.93103448275862,13.333333333333334,32.6,4.0,27.0,40.10630952271616,29,46,37.310391672694976,42.961934853307895,11.10630952271616,5.89369047728384
215021352,모라초등학교,215021465,신천초등학교,2.323061,121,161,282,265.0,10.0,18.0,13.0,-5.0,20.384615384615383,13.428571428571429,13.428571428571429,29.411347517730498,4.0,17.0,26.82991028821893,21,38,24.033992438197746,29.68553561881067,5.8299102882189295,11.17008971178107
215021352,모라초등학교,215021397,사상초등학교,2.511418,121,333,454,450.0,17.0,25.0,21.0,-4.0,21.428571428571427,13.757575757575758,11.35,28.711453744493394,4.0,25.0,37.45102967581671,33,50,34.65511182579553,40.30665500640845,4.451029675816713,12.548970324183287
215021352,모라초등학교,215021208,대상초등학교,2.730564,121,30,151,140.0,6.0,14.0,8.0,-6.0,17.5,11.615384615384615,10.066666666666666,118.13907284768212,3.0,11.0,18.864070747520593,13,30,16.06815289749941,21.71969607811233,5.864070747520593,11.135929252479407
215021352,모라초등학교,215021280,덕천초등학교,2.757032,121,81,202,193.0,6.0,14.0,10.0,-4.0,19.3,15.538461538461538,5.771428571428571,109.49009900990099,3.0,13.0,21.519350594420036,13,30,18.723432744398853,24.374975925011775,8.519350594420036,8.480649405579964
215021352,모라초등학교,215021519,창진초등학교,2.763111,121,413,534,519.0,19.0,27.0,24.0,-3.0,21.625,17.8,17.225806451612904,12.453183520599252,3.0,27.0,40.10630952271616,30,47,37.310391672694976,42.961934853307895,10.10630952271616,6.89369047728384
215021352,모라초등학교,215021478,양덕초등학교,2.910991,121,140,261,250.0,9.0,17.0,13.0,-4.0,19.23076923076923,13.736842105263158,14.5,51.68582375478927,3.0,16.0,25.502270364769206,19,36,22.706352514748023,28.357895695360945,6.502270364769206,10.497729635230794
215021415,삼덕초등학교,215021289,덕포초등학교,0.681902,104,134,238,227.0,9.0,16.0,12.0,-4.0,18.916666666666668,14.875,14.0,35.04621848739496,2.0,14.0,22.84699051786976,16,30,20.051072667848576,25.702615848461498,6.846990517869759,7.153009482130241
215021415,삼덕초등학교,215021397,사상초등학교,0.826335,104,333,437,436.0,17.0,24.0,20.0,-4.0,21.8,13.242424242424242,10.925,29.82837528604119,3.0,23.0,34.795749828917266,33,47,31.999831978896083,37.651375159509,1.7957498289172662,12.204250171082734
215021415,삼덕초등학교,215021519,창진초등학교,0.88987,104,413,517,505.0,19.0,26.0,23.0,-3.0,21.956521739130434,17.233333333333334,16.677419354838708,12.86266924564797,2.0,25.0,37.45102967581671,30,44,34.65511182579553,40.30665500640845,7.451029675816713,6.548970324183287
215021415,삼덕초등학교,215021262,덕상초등학교,1.104048,104,371,475,469.0,18.0,25.0,20.0,-5.0,23.45,16.379310344827587,16.379310344827587,23.713684210526317,2.0,22.0,33.46810990546754,29,43,30.67219205544636,36.32373523605928,4.468109905467543,9.531890094532457
215021415,삼덕초등학교,215021334,모덕초등학교,1.544406,104,557,661,646.0,26.0,33.0,28.0,-5.0,23.071428571428573,16.121951219512194,15.022727272727273,26.20877458396369,3.0,31.0,45.41686921651505,41,55,42.62095136649387,48.27249454710679,4.416869216515053,9.583130783484947
215021415,삼덕초등학교,215021433,서감초등학교,1.842435,104,114,218,207.0,8.0,15.0,11.0,-4.0,18.818181818181817,13.625,6.8125,50.27981651376147,2.0,13.0,21.519350594420036,16,30,18.723432744398853,24.374975925011775,5.519350594420036,8.480649405579964
215021415,삼덕초등학교,215021352,모라초등학교,1.902907,104,121,225,210.0,8.0,15.0,11.0,-4.0,19.09090909090909,13.235294117647058,12.5,67.22222222222223,3.0,14.0,22.84699051786976,17,31,20.051072667848576,25.702615848461498,5.846990517869759,8.15300948213024
215021415,삼덕초등학교,215021361,모산초등학교,1.986598,104,282,386,379.0,13.0,20.0,18.0,-2.0,21.055555555555557,16.083333333333332,21.444444444444443,25.409326424870468,2.0,20.0,30.8128300585681,24,38,28.016912208546916,33.66845538915984,6.8128300585681,7.1871699414319
215021415,삼덕초등학교,215021253,덕두초등학교,2.073414,104,201,305,302.0,12.0,19.0,14.0,-5.0,21.571428571428573,12.708333333333334,13.863636363636363,44.98360655737705,2.0,16.0,25.502270364769206,24,38,22.706352514748023,28.357895695360945,1.5022703647692062,12.497729635230794
215021415,삼덕초등학교,215021118,감전초등학교,2.242997,104,116,220,215.0,7.0,14.0,12.0,-2.0,17.916666666666668,15.714285714285714,8.461538461538462,44.663636363636364,2.0,14.0,22.84699051786976,14,28,20.051072667848576,25.702615848461498,8.84699051786976,5.153009482130241
215021415,삼덕초등학교,215021343,모동초등학교,2.456145,104,46,150,142.0,6.0,13.0,8.0,-5.0,17.75,10.714285714285714,7.5,73.08,2.0,10.0,17.53643082407087,14,28,14.740512974049686,20.39205615466261,3.5364308240708695,10.46356917592913
215021433,서감초등학교,215021118,감전초등학교,0.6448,114,116,230,226.0,7.0,15.0,12.0,-3.0,18.833333333333332,16.428571428571427,8.846153846153847,42.721739130434784,2.0,14.0,22.84699051786976,14,30,20.051072667848576,25.702615848461498,8.84699051786976,7.153009482130241
215021433,서감초등학교,215021519,창진초등학교,1.003903,114,413,527,516.0,19.0,27.0,25.0,-2.0,20.64,17.566666666666666,17.0,12.618595825426945,2.0,27.0,40.10630952271616,30,46,37.310391672694976,42.961934853307895,10.10630952271616,5.89369047728384
215021433,서감초등학교,215021397,사상초등학교,1.088968,114,333,447,447.0,17.0,25.0,21.0,-4.0,21.285714285714285,13.545454545454545,11.175,29.161073825503355,3.0,24.0,36.12338975236699,33,49,33.327471902345806,38.979015082958725,3.1233897523669896,12.87661024763301
215021433,서감초등학교,215021541,학장초등학교,1.315429,114,194,308,306.0,12.0,20.0,16.0,-4.0,19.125,16.210526315789473,12.833333333333334,43.29220779220779,2.0,18.0,28.157550211668653,19,35,25.36163236164747,31.01317554226039,9.157550211668653,6.842449788331347
215021433,서감초등학교,215021505,주감초등학교,1.82385,114,611,725,712.0,27.0,35.0,30.0,-5.0,23.733333333333334,17.682926829268293,17.682926829268293,20.521379310344827,3.0,33.0,48.0721490634145,41,57,45.27623121339332,50.927774394006235,7.0721490634145,8.9278509365855
215021433,서감초등학교,215021289,덕포초등학교,1.824389,114,134,248,238.0,9.0,17.0,13.0,-4.0,18.307692307692307,15.5,14.588235294117647,33.63306451612903,2.0,15.0,24.174630441319483,16,32,21.3787125912983,27.03025577191122,8.174630441319483,7.825369558680517
215021433,서감초등학교,215021415,삼덕초등학교,1.842435,114,104,218,207.0,7.0,15.0,11.0,-4.0,18.818181818181817,15.571428571428571,9.909090909090908,38.89908256880734,2.0,13.0,21.519350594420036,14,30,18.723432744398853,24.374975925011775,7.519350594420036,8.480649405579964
215021433,서감초등학교,215021262,덕상초등학교,2.033369,114,371,485,480.0,18.0,26.0,22.0,-4.0,21.818181818181817,16.724137931034484,16.724137931034484,23.224742268041236,2.0,24.0,36.12338975236699,29,45,33.327471902345806,38.979015082958725,7.12338975236699,8.87661024763301
215021433,서감초등학교,215021154,구학초등학교,2.411282,114,405,519,511.0,19.0,27.0,23.0,-4.0,22.217391304347824,17.3,18.535714285714285,25.33140655105973,2.0,25.0,37.45102967581671,30,46,34.65511182579553,40.30665500640845,7.451029675816713,8.548970324183287
215021433,서감초등학교,215021298,동주초등학교,2.448517,114,421,535,532.0,21.0,29.0,24.0,-5.0,22.166666666666668,15.735294117647058,19.107142857142858,26.218691588785045,2.0,26.0,38.778669599266436,34,50,35.98275174924525,41.63429492985817,4.778669599266436,11.221330400733564
215021433,서감초등학교,215021501,주양초등학교,2.780543,114,284,398,389.0,16.0,24.0,18.0,-6.0,21.61111111111111,14.214285714285714,18.952380952380953,27.912060301507537,2.0,20.0,30.8128300585681,28,44,28.016912208546916,33.66845538915984,2.8128300585680996,13.1871699414319
215021433,서감초등학교,215021550,학진초등학교,2.823077,114,424,538,520.0,20.0,28.0,24.0,-4.0,21.666666666666668,14.54054054054054,19.214285714285715,26.71189591078067,3.0,27.0,40.10630952271616,37,53,37.310391672694976,42.961934853307895,3.1063095227161597,12.89369047728384
215021433,서감초등학교,215021334,모덕초등학교,2.904554,114,557,671,657.0,26.0,34.0,29.0,-5.0,22.655172413793103,16.365853658536587,15.25,25.818181818181817,3.0,32.0,46.74450913996478,41,57,43.94859128994359,49.60013447055651,5.7445091399647765,10.255490860035223
215021514,주학초등학교,215021298,동주초등학교,0.61319,42,421,463,463.0,21.0,27.0,21.0,-6.0,22.047619047619047,13.617647058823529,16.535714285714285,30.295896328293736,2.0,23.0,34.795749828917266,34,49,31.999831978896083,37.651375159509,0.7957498289172662,14.204250171082734
215021514,주학초등학교,213021502,주례초등학교,0.665495,42,299,341,334.0,15.0,21.0,17.0,-4.0,19.647058823529413,11.758620689655173,8.973684210526315,39.5366568914956,3.0,20.0,30.8128300585681,29,44,28.016912208546916,33.66845538915984,1.8128300585680996,13.1871699414319
215021514,주학초등학교,215021501,주양초등학교,0.845319,42,284,326,320.0,16.0,22.0,16.0,-6.0,20.0,11.642857142857142,15.523809523809524,34.076687116564415,2.0,18.0,28.157550211668653,28,43,25.36163236164747,31.01317554226039,0.1575502116686529,14.842449788331347
215021514,주학초등학교,213021142,개금초등학교,1.157891,42,554,596,582.0,25.0,31.0,26.0,-5.0,22.384615384615383,16.10810810810811,19.225806451612904,18.87751677852349,2.0,28.0,41.43394944616588,37,52,38.6380315961447,44.28957477675762,4.433949446165883,10.566050553834117
215021514,주학초등학교,213021257,개림초등학교,1.197223,42,671,713,718.0,31.0,37.0,32.0,-5.0,22.4375,15.844444444444445,12.508771929824562,26.88499298737728,2.0,34.0,49.39978898686422,45,60,46.60387113684304,52.25541431745596,4.399788986864223,10.600211013135777
215021514,주학초등학교,213021130,가평초등학교,1.278472,42,623,665,652.0,28.0,34.0,29.0,-5.0,22.482758620689655,15.465116279069768,17.5,21.230075187969923,3.0,32.0,46.74450913996478,43,58,43.94859128994359,49.60013447055651,3.7445091399647765,11.255490860035223
215021514,주학초등학교,215021505,주감초등학교,1.305236,42,611,653,643.0,27.0,33.0,29.0,-4.0,22.17241379310345,15.926829268292684,15.926829268292684,22.78407350689127,3.0,32.0,46.74450913996478,41,56,43.94859128994359,49.60013447055651,5.7445091399647765,9.255490860035223
215021514,주학초등학교,213021154,개화초등학교,1.587532,42,165,207,202.0,9.0,15.0,12.0,-3.0,16.833333333333332,12.9375,6.2727272727272725,66.90821256038647,2.0,14.0,22.84699051786976,16,31,20.051072667848576,25.702615848461498,6.846990517869759,8.15300948213024
215021514,주학초등학교,213021148,개포초등학교,1.93333,42,222,264,264.0,13.0,19.0,14.0,-5.0,18.857142857142858,11.478260869565217,6.947368421052632,39.984848484848484,2.0,16.0,25.502270364769206,23,38,22.706352514748023,28.357895695360945,2.502270364769206,12.497729635230794
215021514,주학초등학교,215021154,구학초등학교,2.038709,42,405,447,442.0,19.0,25.0,20.0,-5.0,22.1,14.9,15.964285714285714,29.411633109619686,2.0,22.0,33.46810990546754,30,45,30.67219205544636,36.32373523605928,3.468109905467543,11.531890094532457
215021514,주학초등학교,213021124,가야초등학교,2.356562,42,961,1003,994.0,42.0,48.0,42.0,-6.0,23.666666666666668,15.430769230769231,18.574074074074073,16.734795613160518,3.0,45.0,64.00382814481118,65,80,61.20791029479,66.85945347540292,-0.9961718551888197,15.99617185518882
215021514,주학초등학교,215021118,감전초등학교,2.395785,42,116,158,157.0,7.0,13.0,9.0,-4.0,17.444444444444443,11.285714285714286,6.076923076923077,62.18987341772152,2.0,11.0,18.864070747520593,14,29,16.06815289749941,21.71969607811233,4.864070747520593,10.135929252479407
215021514,주학초등학교,215021541,학장초등학교,2.514899,42,194,236,237.0,12.0,18.0,12.0,-6.0,19.75,12.421052631578947,9.833333333333334,56.5,2.0,14.0,22.84699051786976,19,34,20.051072667848576,25.702615848461498,3.8469905178697594,11.15300948213024
215021514,주학초등학교,213021623,개원초등학교,2.531877,42,457,499,495.0,23.0,29.0,23.0,-6.0,21.52173913043478,13.131578947368421,15.121212121212121,26.256513026052104,2.0,25.0,37.45102967581671,38,53,34.65511182579553,40.30665500640845,-0.5489703241832871,15.548970324183287
215021514,주학초등학교,213021202,당평초등학교,2.706647,42,223,265,257.0,11.0,17.0,13.0,-4.0,19.76923076923077,11.041666666666666,8.548387096774194,42.87169811320755,3.0,16.0,25.502270364769206,24,39,22.706352514748023,28.357895695360945,1.5022703647692062,13.497729635230794
215021514,주학초등학교,212021132,구덕초등학교,2.847074,42,422,464,458.0,20.0,26.0,21.0,-5.0,21.80952380952381,14.06060606060606,17.846153846153847,20.685344827586206,2.0,23.0,34.795749828917266,33,48,31.999831978896083,37.651375159509,1.7957498289172662,13.204250171082734
215021541,학장초등학교,215021118,감전초등학교,1.128643,194,116,310,314.0,7.0,19.0,16.0,-3.0,19.625,22.142857142857142,11.923076923076923,31.696774193548386,2.0,18.0,28.157550211668653,14,33,25.36163236164747,31.01317554226039,14.157550211668653,4.842449788331347
215021541,학장초등학교,215021154,구학초등학교,1.162966,194,405,599,599.0,19.0,31.0,28.0,-3.0,21.392857142857142,19.966666666666665,21.392857142857142,21.948247078464107,2.0,30.0,44.08922929306533,30,49,41.293311443044146,46.944854623657065,14.08922929306533,4.91077070693467
215021541,학장초등학교,215021433,서감초등학교,1.315429,194,114,308,306.0,8.0,20.0,16.0,-4.0,19.125,19.25,9.625,35.58766233766234,2.0,18.0,28.157550211668653,16,35,25.36163236164747,31.01317554226039,12.157550211668653,6.842449788331347
215021541,학장초등학교,215021550,학진초등학교,1.69116,194,424,618,608.0,20.0,32.0,28.0,-4.0,21.714285714285715,16.7027027027027,22.071428571428573,23.254045307443366,3.0,31.0,45.41686921651505,37,56,42.62095136649387,48.27249454710679,8.416869216515053,10.583130783484947
215021541,학장초등학교,215021505,주감초등학교,1.767109,194,611,805,800.0,27.0,39.0,34.0,-5.0,23.529411764705884,19.634146341463413,19.634146341463413,18.481987577639753,3.0,37.0,53.38270875721339,41,60,50.58679090719221,56.23833408780513,12.382708757213393,6.617291242786607
215021541,학장초등학교,215021298,동주초등학교,1.916369,194,421,615,620.0,21.0,33.0,27.0,-6.0,22.962962962962962,18.08823529411765,21.964285714285715,22.808130081300813,2.0,29.0,42.761589369615606,34,53,39.96567151959442,45.61721470020734,8.761589369615606,10.238410630384394
215021541,학장초등학교,215021496,엄궁초등학교,2.098774,194,568,762,770.0,27.0,39.0,34.0,-5.0,22.647058823529413,17.318181818181817,13.368421052631579,16.405511811023622,3.0,37.0,53.38270875721339,44,63,50.58679090719221,56.23833408780513,9.382708757213393,9.617291242786607
215021541,학장초등학교,215021519,창진초등학교,2.305698,194,413,607,604.0,19.0,31.0,27.0,-4.0,22.37037037037037,20.233333333333334,19.580645161290324,10.955518945634267,2.0,29.0,42.761589369615606,30,49,39.96567151959442,45.61721470020734,12.761589369615606,6.238410630384394
215021541,학장초등학교,215021397,사상초등학교,2.387171,194,333,527,535.0,17.0,29.0,24.0,-5.0,22.291666666666668,15.969696969696969,13.175,24.734345351043643,3.0,27.0,40.10630952271616,33,52,37.310391672694976,42.961934853307895,7.10630952271616,11.89369047728384
215021541,학장초등학교,215021514,주학초등학교,2.514899,194,42,236,237.0,6.0,18.0,12.0,-6.0,19.75,15.733333333333333,15.733333333333333,62.55084745762712,2.0,14.0,22.84699051786976,15,34,20.051072667848576,25.702615848461498,7.846990517869759,11.15300948213024
215021541,학장초등학교,215021501,주양초등학교,2.648954,194,284,478,477.0,16.0,28.0,22.0,-6.0,21.681818181818183,17.071428571428573,22.761904761904763,23.240585774058577,2.0,24.0,36.12338975236699,28,47,33.327471902345806,38.979015082958725,8.12338975236699,10.87661024763301
215021541,학장초등학교,215021292,동궁초등학교,2.670834,194,474,668,664.0,23.0,35.0,29.0,-6.0,22.896551724137932,15.904761904761905,15.534883720930232,15.868263473053892,3.0,32.0,46.74450913996478,42,61,43.94859128994359,49.60013447055651,4.7445091399647765,14.255490860035223
212021116,감천초등학교,212021332,서천초등학교,0.749383,99,129,228,217.0,8.0,15.0,13.0,-2.0,16.692307692307693,12.666666666666666,12.666666666666666,21.710526315789473,2.0,15.0,24.174630441319483,18,33,21.3787125912983,27.03025577191122,6.174630441319483,8.825369558680517
212021116,감천초등학교,212021348,송도초등학교,0.933447,99,501,600,592.0,25.0,32.0,26.0,-6.0,22.76923076923077,15.789473684210526,18.181818181818183,16.518333333333334,3.0,29.0,42.761589369615606,38,53,39.96567151959442,45.61721470020734,4.761589369615606,10.238410630384394
212021116,감천초등학교,212021484,천마초등학교,1.011638,99,84,183,175.0,7.0,14.0,9.0,-5.0,19.444444444444443,13.071428571428571,10.764705882352942,57.63934426229508,2.0,11.0,18.864070747520593,14,29,16.06815289749941,21.71969607811233,4.864070747520593,10.135929252479407
212021116,감천초등학교,212021156,남부민초등학교,1.656806,99,90,189,184.0,6.0,13.0,11.0,-2.0,16.727272727272727,12.6,7.875,79.22751322751323,2.0,13.0,21.519350594420036,15,30,18.723432744398853,24.374975925011775,6.519350594420036,8.480649405579964
212021116,감천초등학교,212021140,구평초등학교,1.717318,99,652,751,765.0,29.0,36.0,33.0,-3.0,23.181818181818183,18.775,20.86111111111111,19.902796271637815,2.0,35.0,50.72742891031395,40,55,47.93151106029276,53.58305424090568,10.727428910313947,4.272571089686053
212021116,감천초등학교,212021428,옥천초등학교,1.758949,99,434,533,526.0,20.0,27.0,23.0,-4.0,22.869565217391305,16.151515151515152,19.035714285714285,23.193245778611633,2.0,25.0,37.45102967581671,33,48,34.65511182579553,40.30665500640845,4.451029675816713,10.548970324183287
212021116,감천초등학교,212021404,아미초등학교,1.954283,99,31,130,126.0,6.0,13.0,7.0,-6.0,18.0,8.666666666666666,11.818181818181818,84.53076923076924,2.0,9.0,16.208790900621146,15,30,13.412873050599963,19.064416231212885,1.2087909006211461,13.791209099378854
212021116,감천초등학교,212021372,승학초등학교,2.201088,99,205,304,298.0,11.0,18.0,16.0,-2.0,18.625,14.476190476190476,10.857142857142858,31.94736842105263,2.0,18.0,28.157550211668653,21,36,25.36163236164747,31.01317554226039,7.157550211668653,7.842449788331347
212021116,감천초등학교,212021532,토성초등학교,2.252642,99,401,500,490.0,19.0,26.0,22.0,-4.0,22.272727272727273,15.151515151515152,14.705882352941176,28.382,3.0,25.0,37.45102967581671,33,48,34.65511182579553,40.30665500640845,4.451029675816713,10.548970324183287
212021116,감천초등학교,212021124,괴정초등학교,2.447655,99,523,622,617.0,24.0,31.0,28.0,-3.0,22.035714285714285,15.948717948717949,18.848484848484848,11.369774919614148,3.0,31.0,45.41686921651505,39,54,42.62095136649387,48.27249454710679,6.416869216515053,8.583130783484947
212021116,감천초등학교,212021388,신촌초등학교,2.609953,99,71,170,160.0,6.0,13.0,9.0,-4.0,17.77777777777778,12.142857142857142,7.083333333333333,87.67647058823529,3.0,12.0,20.191710670970313,14,29,17.39579282094913,23.04733600156205,6.191710670970313,8.808289329029687
212021116,감천초등학교,212021300,사남초등학교,2.663092,99,374,473,460.0,17.0,24.0,23.0,-1.0,20.0,16.310344827586206,20.565217391304348,28.167019027484145,2.0,25.0,37.45102967581671,29,44,34.65511182579553,40.30665500640845,8.451029675816713,6.548970324183287
212021116,감천초등학교,212021316,사하초등학교,2.675223,99,886,985,973.0,38.0,45.0,41.0,-4.0,23.73170731707317,17.589285714285715,18.942307692307693,19.906598984771573,2.0,43.0,61.348548297911734,56,71,58.55263044789055,64.20417362850347,5.348548297911734,9.651451702088266
212021116,감천초등학교,212021436,장림초등학교,2.797264,99,494,593,586.0,24.0,31.0,25.0,-6.0,23.44,15.605263157894736,14.825,20.57335581787521,3.0,28.0,41.43394944616588,38,53,38.6380315961447,44.28957477675762,3.433949446165883,11.566050553834117
212021116,감천초등학교,212021292,부민초등학교,2.84442,99,574,673,661.0,26.0,33.0,29.0,-4.0,22.79310344827586,15.651162790697674,18.18918918918919,16.558692421991086,3.0,32.0,46.74450913996478,43,58,43.94859128994359,49.60013447055651,3.7445091399647765,11.255490860035223
212021116,감천초등학교,212021192,다송초등학교,2.896802,99,121,220,211.0,9.0,16.0,12.0,-4.0,17.583333333333332,12.222222222222221,10.0,95.05909090909091,2.0,14.0,22.84699051786976,18,33,20.051072667848576,25.702615848461498,4.846990517869759,10.15300948213024
212021116,감천초등학교,212021188,다선초등학교,2.927814,99,505,604,593.0,23.0,30.0,27.0,-3.0,21.962962962962962,17.257142857142856,14.046511627906977,26.147350993377483,3.0,30.0,44.08922929306533,35,50,41.293311443044146,46.944854623657065,9.08922929306533,5.91077070693467
212021116,감천초등학교,212021220,대평초등학교,2.943029,99,209,308,297.0,10.0,17.0,15.0,-2.0,19.8,16.210526315789473,14.0,43.98051948051948,2.0,17.0,26.82991028821893,19,34,24.033992438197746,29.68553561881067,7.8299102882189295,7.1700897117810705
212021192,다송초등학교,212021564,효림초등학교,0.851666,121,510,631,615.0,25.0,34.0,29.0,-5.0,21.20689655172414,13.145833333333334,19.12121212121212,22.229793977812996,3.0,32.0,46.74450913996478,48,66,43.94859128994359,49.60013447055651,-1.2554908600352235,19.255490860035223
212021192,다송초등학교,212021188,다선초등학교,0.88137,121,505,626,612.0,23.0,32.0,27.0,-5.0,22.666666666666668,17.885714285714286,14.55813953488372,25.228434504792332,3.0,30.0,44.08922929306533,35,53,41.293311443044146,46.944854623657065,9.08922929306533,8.91077070693467
212021192,다송초등학교,212021180,다대초등학교,1.132313,121,635,756,751.0,29.0,38.0,34.0,-4.0,22.08823529411765,17.181818181818183,16.434782608695652,28.546296296296298,3.0,37.0,53.38270875721339,44,62,50.58679090719221,56.23833408780513,9.382708757213393,8.617291242786607
212021192,다송초등학교,212021436,장림초등학교,1.457036,121,494,615,605.0,24.0,33.0,26.0,-7.0,23.26923076923077,16.18421052631579,15.375,19.83739837398374,3.0,29.0,42.761589369615606,38,56,39.96567151959442,45.61721470020734,4.761589369615606,13.238410630384394
212021192,다송초등학교,212021265,보림초등학교,1.984893,121,601,722,699.0,29.0,38.0,31.0,-7.0,22.548387096774192,14.156862745098039,16.790697674418606,10.880886426592797,4.0,35.0,50.72742891031395,51,69,47.93151106029276,53.58305424090568,-0.27257108968605337,18.272571089686053
212021192,다송초등학교,212021140,구평초등학교,2.094319,121,652,773,784.0,29.0,38.0,35.0,-3.0,22.4,19.325,21.47222222222222,19.33635187580854,2.0,37.0,53.38270875721339,40,58,50.58679090719221,56.23833408780513,13.382708757213393,4.617291242786607
212021192,다송초등학교,212021303,몰운대초등학교,2.19903,121,755,876,879.0,33.0,42.0,38.0,-4.0,23.13157894736842,17.52,19.043478260869566,11.415525114155251,3.0,41.0,58.69326845101229,50,68,55.8973506009911,61.54889378160402,8.693268451012287,9.306731548987713
212021192,다송초등학교,212021432,응봉초등학교,2.269845,121,120,241,229.0,8.0,17.0,13.0,-4.0,17.615384615384617,16.066666666666666,18.53846153846154,60.912863070539416,2.0,15.0,24.174630441319483,15,33,21.3787125912983,27.03025577191122,9.174630441319483,8.825369558680517
212021192,다송초등학교,212021480,중현초등학교,2.360469,121,315,436,430.0,16.0,25.0,20.0,-5.0,21.5,16.14814814814815,10.9,27.68348623853211,2.0,22.0,33.46810990546754,27,45,30.67219205544636,36.32373523605928,6.468109905467543,11.531890094532457
212021192,다송초등학교,212021388,신촌초등학교,2.448235,121,71,192,179.0,6.0,15.0,10.0,-5.0,17.9,13.714285714285714,8.0,77.63020833333333,3.0,13.0,21.519350594420036,14,32,18.723432744398853,24.374975925011775,7.519350594420036,10.480649405579964
212021192,다송초등학교,212021396,신평초등학교,2.877906,121,507,628,623.0,23.0,32.0,28.0,-4.0,22.25,16.102564102564102,16.526315789473685,18.64171974522293,2.0,30.0,44.08922929306533,39,57,41.293311443044146,46.944854623657065,5.08922929306533,12.91077070693467
212021192,다송초등학교,212021116,감천초등학교,2.896802,121,99,220,211.0,7.0,16.0,12.0,-4.0,17.583333333333332,14.666666666666666,9.565217391304348,51.154545454545456,2.0,14.0,22.84699051786976,15,33,20.051072667848576,25.702615848461498,7.846990517869759,10.15300948213024
212021192,다송초등학교,212021300,사남초등학교,2.982098,121,374,495,479.0,17.0,26.0,22.0,-4.0,21.772727272727273,17.06896551724138,21.52173913043478,26.915151515151514,2.0,24.0,36.12338975236699,29,47,33.327471902345806,38.979015082958725,7.12338975236699,10.87661024763301
212021196,당리초등학교,212021308,사동초등학교,0.679622,132,178,310,310.0,10.0,17.0,16.0,-1.0,19.375,17.22222222222222,12.4,53.87741935483871,3.0,19.0,29.485190135118376,18,34,26.689272285097193,32.340815465710115,11.485190135118376,4.514809864881624
212021196,당리초등학교,212021148,낙동초등학교,0.682052,132,816,948,937.0,36.0,43.0,41.0,-2.0,22.853658536585368,16.06779661016949,22.571428571428573,12.740506329113924,4.0,45.0,64.00382814481118,59,75,61.20791029479,66.85945347540292,5.00382814481118,10.99617185518882
212021196,당리초등학교,212021396,신평초등학교,0.725863,132,507,639,637.0,23.0,30.0,29.0,-1.0,21.96551724137931,16.384615384615383,16.81578947368421,18.320813771517997,3.0,32.0,46.74450913996478,39,55,43.94859128994359,49.60013447055651,7.7445091399647765,8.255490860035223
212021196,당리초등학교,212021300,사남초등학교,0.795489,132,374,506,493.0,17.0,24.0,22.0,-2.0,22.40909090909091,17.448275862068964,22.0,26.3300395256917,3.0,25.0,37.45102967581671,29,45,34.65511182579553,40.30665500640845,8.451029675816713,7.548970324183287
212021196,당리초등학교,212021316,사하초등학교,1.022073,132,886,1018,1006.0,38.0,45.0,44.0,-1.0,22.863636363636363,18.178571428571427,19.576923076923077,19.26129666011788,3.0,47.0,66.65910799171063,56,72,63.863190141689444,69.51473332230236,10.659107991710627,5.340892008289373
212021196,당리초등학교,212021388,신촌초등학교,1.05033,132,71,203,193.0,6.0,13.0,10.0,-3.0,19.3,14.5,8.458333333333334,73.42364532019704,4.0,14.0,22.84699051786976,14,30,20.051072667848576,25.702615848461498,8.84699051786976,7.153009482130241
212021196,당리초등학교,212021548,하단초등학교,1.163873,132,272,404,396.0,14.0,21.0,20.0,-1.0,19.8,16.833333333333332,10.1,29.792079207920793,4.0,24.0,36.12338975236699,24,40,33.327471902345806,38.979015082958725,12.12338975236699,3.8766102476330104
212021196,당리초등학교,212021376,신남초등학교,1.2971,132,417,549,545.0,20.0,27.0,24.0,-3.0,22.708333333333332,17.70967741935484,20.333333333333332,33.482695810564664,4.0,28.0,41.43394944616588,31,47,38.6380315961447,44.28957477675762,10.433949446165883,5.566050553834117
212021196,당리초등학교,212021540,하남초등학교,1.425746,132,577,709,703.0,26.0,33.0,31.0,-2.0,22.677419354838708,19.16216216216216,16.488372093023255,12.133991537376586,4.0,35.0,50.72742891031395,37,53,47.93151106029276,53.58305424090568,13.727428910313947,2.2725710896860534
212021196,당리초등학교,212021428,옥천초등학교,1.772577,132,434,566,559.0,20.0,27.0,26.0,-1.0,21.5,17.151515151515152,20.214285714285715,21.840989399293285,3.0,29.0,42.761589369615606,33,49,39.96567151959442,45.61721470020734,9.761589369615606,6.238410630384394
212021196,당리초등학교,212021140,구평초등학교,1.911831,132,652,784,798.0,29.0,36.0,33.0,-3.0,24.181818181818183,19.6,21.77777777777778,19.065051020408163,3.0,36.0,52.05506883376367,40,56,49.25915098374249,54.910694164355405,12.05506883376367,3.94493116623633
212021196,당리초등학교,212021265,보림초등학교,1.918395,132,601,733,713.0,29.0,36.0,32.0,-4.0,22.28125,14.372549019607844,17.046511627906977,10.717598908594816,5.0,37.0,53.38270875721339,51,67,50.58679090719221,56.23833408780513,2.3827087572133934,13.617291242786607
212021196,당리초등학교,212021436,장림초등학교,1.970468,132,494,626,619.0,24.0,31.0,28.0,-3.0,22.107142857142858,16.473684210526315,15.65,19.488817891373802,4.0,32.0,46.74450913996478,38,54,43.94859128994359,49.60013447055651,8.744509139964777,7.2554908600352235
212021196,당리초등학교,212021430,을숙도초등학교,2.178708,132,532,664,663.0,25.0,32.0,29.0,-3.0,22.862068965517242,17.473684210526315,19.529411764705884,12.221385542168674,4.0,33.0,48.0721490634145,38,54,45.27623121339332,50.927774394006235,10.0721490634145,5.9278509365855
212021196,당리초등학교,212021124,괴정초등학교,2.236246,132,523,655,650.0,24.0,31.0,29.0,-2.0,22.413793103448278,16.794871794871796,19.848484848484848,10.796946564885497,4.0,33.0,48.0721490634145,39,55,45.27623121339332,50.927774394006235,9.0721490634145,6.9278509365855
212021196,당리초등학교,212021372,승학초등학교,2.529182,132,205,337,331.0,11.0,18.0,15.0,-3.0,22.066666666666666,16.047619047619047,12.035714285714286,28.818991097922847,3.0,18.0,28.157550211668653,21,37,25.36163236164747,31.01317554226039,7.157550211668653,8.842449788331347
212021196,당리초등학교,215021292,동궁초등학교,2.614796,132,474,606,596.0,23.0,30.0,27.0,-3.0,22.074074074074073,14.428571428571429,14.093023255813954,17.49174917491749,4.0,31.0,45.41686921651505,42,58,42.62095136649387,48.27249454710679,3.416869216515053,12.583130783484947
212021196,당리초등학교,212021564,효림초등학교,2.726517,132,510,642,629.0,25.0,32.0,27.0,-5.0,23.296296296296298,13.375,19.454545454545453,21.84890965732087,4.0,31.0,45.41686921651505,48,64,42.62095136649387,48.27249454710679,-2.583130783484947,18.583130783484947
212021196,당리초등학교,212021332,서천초등학교,2.851983,132,129,261,250.0,8.0,15.0,12.0,-3.0,20.833333333333332,14.5,14.5,18.96551724137931,3.0,15.0,24.174630441319483,18,34,21.3787125912983,27.03025577191122,6.174630441319483,9.825369558680517
212021308,사동초등학교,212021196,당리초등학교,0.679622,178,132,310,310.0,7.0,17.0,16.0,-1.0,19.375,19.375,10.333333333333334,54.18387096774194,3.0,19.0,29.485190135118376,16,34,26.689272285097193,32.340815465710115,13.485190135118376,4.514809864881624
212021308,사동초등학교,212021148,낙동초등학교,0.761454,178,816,994,989.0,36.0,46.0,43.0,-3.0,23.0,16.847457627118644,23.666666666666668,12.150905432595573,3.0,46.0,65.3314680682609,59,77,62.53555021823972,68.18709339885264,6.331468068260904,11.668531931739096
212021308,사동초등학교,212021316,사하초등학교,0.76171,178,886,1064,1058.0,38.0,48.0,45.0,-3.0,23.511111111111113,19.0,20.46153846153846,18.428571428571427,2.0,47.0,66.65910799171063,56,74,63.863190141689444,69.51473332230236,10.659107991710627,7.340892008289373
212021308,사동초등학교,212021300,사남초등학교,0.962284,178,374,552,545.0,17.0,27.0,24.0,-3.0,22.708333333333332,19.03448275862069,24.0,24.13586956521739,2.0,26.0,38.778669599266436,29,47,35.98275174924525,41.63429492985817,9.778669599266436,8.221330400733564
212021308,사동초등학교,212021396,신평초등학교,1.40031,178,507,685,689.0,23.0,33.0,29.0,-4.0,23.75862068965517,17.564102564102566,18.026315789473685,17.09051094890511,2.0,31.0,45.41686921651505,39,57,42.62095136649387,48.27249454710679,6.416869216515053,11.583130783484947
212021308,사동초등학교,212021548,하단초등학교,1.441257,178,272,450,448.0,14.0,24.0,21.0,-3.0,21.333333333333332,18.75,11.25,26.746666666666666,3.0,24.0,36.12338975236699,24,42,33.327471902345806,38.979015082958725,12.12338975236699,5.87661024763301
212021308,사동초등학교,212021388,신촌초등학교,1.457015,178,71,249,245.0,6.0,16.0,13.0,-3.0,18.846153846153847,17.785714285714285,10.375,59.859437751004016,3.0,16.0,25.502270364769206,14,32,22.706352514748023,28.357895695360945,11.502270364769206,6.497729635230794
212021308,사동초등학교,212021428,옥천초등학교,1.675909,178,434,612,611.0,20.0,30.0,27.0,-3.0,22.62962962962963,18.545454545454547,21.857142857142858,20.19934640522876,2.0,29.0,42.761589369615606,33,51,39.96567151959442,45.61721470020734,9.761589369615606,8.238410630384394
212021308,사동초등학교,212021124,괴정초등학교,1.747151,178,523,701,702.0,24.0,34.0,32.0,-2.0,21.9375,17.974358974358974,21.242424242424242,10.088445078459344,3.0,35.0,50.72742891031395,39,57,47.93151106029276,53.58305424090568,11.727428910313947,6.272571089686053
212021308,사동초등학교,212021376,신남초등학교,1.864547,178,417,595,597.0,20.0,30.0,26.0,-4.0,22.96153846153846,19.193548387096776,22.037037037037038,30.894117647058824,3.0,29.0,42.761589369615606,31,49,39.96567151959442,45.61721470020734,11.761589369615606,6.238410630384394
212021308,사동초등학교,212021540,하남초등학교,1.954316,178,577,755,755.0,26.0,36.0,34.0,-2.0,22.205882352941178,20.405405405405407,17.558139534883722,11.394701986754967,3.0,37.0,53.38270875721339,37,55,50.58679090719221,56.23833408780513,16.382708757213393,1.6172912427866066
212021308,사동초등학교,212021372,승학초등학교,2.083735,178,205,383,383.0,11.0,21.0,19.0,-2.0,20.157894736842106,18.238095238095237,13.678571428571429,25.357702349869452,2.0,21.0,32.14046998201782,21,39,29.344552131996636,34.996095312609555,11.14046998201782,6.8595300179821805
212021308,사동초등학교,212021140,구평초등학교,2.127575,178,652,830,850.0,29.0,39.0,37.0,-2.0,22.972972972972972,20.75,23.055555555555557,18.00843373493976,2.0,39.0,56.03798860411284,40,58,53.24207075409166,58.893613934704575,16.03798860411284,1.96201139588716
212021308,사동초등학교,212021430,을숙도초등학교,2.150608,178,532,710,715.0,25.0,35.0,31.0,-4.0,23.06451612903226,18.68421052631579,20.88235294117647,11.429577464788732,3.0,34.0,49.39978898686422,38,56,46.60387113684304,52.25541431745596,11.399788986864223,6.600211013135777
212021308,사동초등학교,215021292,동궁초등학교,2.169707,178,474,652,648.0,23.0,33.0,28.0,-5.0,23.142857142857142,15.523809523809524,15.162790697674419,16.257668711656443,3.0,31.0,45.41686921651505,42,60,42.62095136649387,48.27249454710679,3.416869216515053,14.583130783484947
212021308,사동초등학교,212021436,장림초등학교,2.506407,178,494,672,671.0,24.0,34.0,29.0,-5.0,23.137931034482758,17.68421052631579,16.8,18.154761904761905,3.0,32.0,46.74450913996478,38,56,43.94859128994359,49.60013447055651,8.744509139964777,9.255490860035223
212021308,사동초등학교,212021265,보림초등학교,2.572539,178,601,779,765.0,29.0,39.0,32.0,-7.0,23.90625,15.27450980392157,18.11627906976744,10.084724005134788,4.0,36.0,52.05506883376367,51,69,49.25915098374249,54.910694164355405,1.05506883376367,16.94493116623633
212021308,사동초등학교,212021332,서천초등학교,2.747466,178,129,307,302.0,8.0,18.0,14.0,-4.0,21.571428571428573,17.055555555555557,17.055555555555557,16.123778501628664,2.0,16.0,25.502270364769206,18,36,22.706352514748023,28.357895695360945,7.502270364769206,10.497729635230794
212021308,사동초등학교,215021496,엄궁초등학교,2.79778,178,568,746,754.0,27.0,37.0,32.0,-5.0,23.5625,16.954545454545453,13.087719298245615,16.757372654155496,3.0,35.0,50.72742891031395,44,62,47.93151106029276,53.58305424090568,6.727428910313947,11.272571089686053
212021332,서천초등학교,212021116,감천초등학교,0.749383,129,99,228,217.0,7.0,15.0,13.0,-2.0,16.692307692307693,15.2,9.91304347826087,49.35964912280702,2.0,15.0,24.174630441319483,15,33,21.3787125912983,27.03025577191122,9.174630441319483,8.825369558680517
212021332,서천초등학교,212021428,옥천초등학교,1.088615,129,434,563,551.0,20.0,28.0,25.0,-3.0,22.04,17.060606060606062,20.107142857142858,21.957371225577266,2.0,27.0,40.10630952271616,33,51,37.310391672694976,42.961934853307895,7.10630952271616,10.89369047728384
212021332,서천초등학교,212021140,구평초등학교,1.372873,129,652,781,790.0,29.0,37.0,35.0,-2.0,22.571428571428573,19.525,21.694444444444443,19.138284250960307,2.0,37.0,53.38270875721339,40,58,50.58679090719221,56.23833408780513,13.382708757213393,4.617291242786607
212021332,서천초등학교,212021372,승학초등학교,1.488453,129,205,334,323.0,11.0,19.0,16.0,-3.0,20.1875,15.904761904761905,11.928571428571429,29.077844311377245,2.0,18.0,28.157550211668653,21,39,25.36163236164747,31.01317554226039,7.157550211668653,10.842449788331347
212021332,서천초등학교,212021484,천마초등학교,1.528951,129,84,213,200.0,7.0,15.0,11.0,-4.0,18.181818181818183,15.214285714285714,12.529411764705882,49.521126760563384,2.0,13.0,21.519350594420036,14,32,18.723432744398853,24.374975925011775,7.519350594420036,10.480649405579964
212021332,서천초등학교,212021404,아미초등학교,1.544646,129,31,160,151.0,6.0,14.0,8.0,-6.0,18.875,10.666666666666666,14.545454545454545,68.68125,2.0,10.0,17.53643082407087,15,33,14.740512974049686,20.39205615466261,2.5364308240708695,15.46356917592913
212021332,서천초등학교,212021348,송도초등학교,1.602057,129,501,630,617.0,25.0,33.0,27.0,-6.0,22.85185185185185,16.57894736842105,19.09090909090909,15.731746031746031,3.0,30.0,44.08922929306533,38,56,41.293311443044146,46.944854623657065,6.08922929306533,11.91077070693467
212021332,서천초등학교,212021124,괴정초등학교,1.708574,129,523,652,642.0,24.0,32.0,28.0,-4.0,22.928571428571427,16.71794871794872,19.757575757575758,10.846625766871165,3.0,31.0,45.41686921651505,39,57,42.62095136649387,48.27249454710679,6.416869216515053,11.583130783484947
212021332,서천초등학교,212021156,남부민초등학교,1.778936,129,90,219,209.0,6.0,14.0,12.0,-2.0,17.416666666666668,14.6,9.125,68.37442922374429,2.0,14.0,22.84699051786976,15,33,20.051072667848576,25.702615848461498,7.846990517869759,10.15300948213024
212021332,서천초등학교,212021532,토성초등학교,1.971558,129,401,530,515.0,19.0,27.0,23.0,-4.0,22.391304347826086,16.060606060606062,15.588235294117647,26.775471698113208,3.0,26.0,38.778669599266436,33,51,35.98275174924525,41.63429492985817,5.778669599266436,12.221330400733564
212021332,서천초등학교,212021316,사하초등학교,1.986249,129,886,1015,998.0,38.0,46.0,43.0,-3.0,23.209302325581394,18.125,19.51923076923077,19.31822660098522,2.0,45.0,64.00382814481118,56,74,61.20791029479,66.85945347540292,8.00382814481118,9.99617185518882
212021332,서천초등학교,212021300,사남초등학교,2.064004,129,374,503,485.0,17.0,25.0,22.0,-3.0,22.045454545454547,17.344827586206897,21.869565217391305,26.487077534791254,2.0,24.0,36.12338975236699,29,47,33.327471902345806,38.979015082958725,7.12338975236699,10.87661024763301
212021332,서천초등학교,212021388,신촌초등학교,2.135294,129,71,200,185.0,6.0,14.0,11.0,-3.0,16.818181818181817,14.285714285714286,8.333333333333334,74.525,3.0,14.0,22.84699051786976,14,32,20.051072667848576,25.702615848461498,8.84699051786976,9.15300948213024
212021332,서천초등학교,212021292,부민초등학교,2.409459,129,574,703,686.0,26.0,34.0,30.0,-4.0,22.866666666666667,16.348837209302324,19.0,15.852062588904694,3.0,33.0,48.0721490634145,43,61,45.27623121339332,50.927774394006235,5.0721490634145,12.9278509365855
212021332,서천초등학교,212021436,장림초등학교,2.596306,129,494,623,611.0,24.0,32.0,26.0,-6.0,23.5,16.394736842105264,15.575,19.582664526484752,3.0,29.0,42.761589369615606,38,56,39.96567151959442,45.61721470020734,4.761589369615606,13.238410630384394
212021332,서천초등학교,212021556,화랑초등학교,2.644285,129,171,300,288.0,11.0,19.0,15.0,-4.0,19.2,14.285714285714286,16.666666666666668,41.47,2.0,17.0,26.82991028821893,21,39,24.033992438197746,29.68553561881067,5.8299102882189295,12.17008971178107
212021332,서천초등학교,212021286,보수초등학교,2.674345,129,154,283,274.0,11.0,19.0,13.0,-6.0,21.076923076923077,14.894736842105264,17.6875,18.646643109540637,2.0,15.0,24.174630441319483,19,37,21.3787125912983,27.03025577191122,5.174630441319483,12.825369558680517
212021332,서천초등학교,212021308,사동초등학교,2.747466,129,178,307,302.0,10.0,18.0,14.0,-4.0,21.571428571428573,17.055555555555557,12.28,54.40390879478827,2.0,16.0,25.502270364769206,18,36,22.706352514748023,28.357895695360945,7.502270364769206,10.497729635230794
212021332,서천초등학교,212021196,당리초등학교,2.851983,129,132,261,250.0,7.0,15.0,12.0,-3.0,20.833333333333332,16.3125,8.7,64.35632183908046,3.0,15.0,24.174630441319483,16,34,21.3787125912983,27.03025577191122,8.174630441319483,9.825369558680517
212021332,서천초등학교,212021287,광일초등학교,2.914156,129,203,332,326.0,11.0,19.0,16.0,-3.0,20.375,15.090909090909092,12.76923076923077,31.397590361445783,2.0,18.0,28.157550211668653,22,40,25.36163236164747,31.01317554226039,6.157550211668653,11.842449788331347
212021372,승학초등학교,212021124,괴정초등학교,0.368761,205,523,728,723.0,24.0,35.0,30.0,-5.0,24.1,18.666666666666668,22.060606060606062,9.714285714285714,3.0,33.0,48.0721490634145,39,60,45.27623121339332,50.927774394006235,9.0721490634145,11.9278509365855
212021372,승학초등학교,212021404,아미초등학교,1.182215,205,31,236,232.0,6.0,17.0,11.0,-6.0,21.09090909090909,15.733333333333333,21.454545454545453,46.563559322033896,2.0,13.0,21.519350594420036,15,36,18.723432744398853,24.374975925011775,6.519350594420036,14.480649405579964
212021372,승학초등학교,212021428,옥천초등학교,1.267452,205,434,639,632.0,20.0,31.0,29.0,-2.0,21.79310344827586,19.363636363636363,22.821428571428573,19.34585289514867,2.0,31.0,45.41686921651505,33,54,42.62095136649387,48.27249454710679,12.416869216515053,8.583130783484947
212021372,승학초등학교,212021332,서천초등학교,1.488453,205,129,334,323.0,8.0,19.0,16.0,-3.0,20.1875,18.555555555555557,18.555555555555557,14.820359281437126,2.0,18.0,28.157550211668653,18,39,25.36163236164747,31.01317554226039,10.157550211668653,10.842449788331347
212021372,승학초등학교,212021316,사하초등학교,1.514265,205,886,1091,1079.0,38.0,49.0,46.0,-3.0,23.456521739130434,19.482142857142858,20.98076923076923,17.97250229147571,2.0,48.0,67.98674791516035,56,77,65.19083006513917,70.84237324575209,11.98674791516035,9.01325208483965
212021372,승학초등학교,212021292,부민초등학교,1.575395,205,574,779,767.0,26.0,37.0,33.0,-4.0,23.242424242424242,18.11627906976744,21.054054054054053,14.305519897304237,3.0,36.0,52.05506883376367,43,64,49.25915098374249,54.910694164355405,9.05506883376367,11.94493116623633
212021372,승학초등학교,212021532,토성초등학교,1.672546,205,401,606,596.0,19.0,30.0,26.0,-4.0,22.923076923076923,18.363636363636363,17.823529411764707,23.417491749174918,3.0,29.0,42.761589369615606,33,54,39.96567151959442,45.61721470020734,9.761589369615606,11.238410630384394
212021372,승학초등학교,212021556,화랑초등학교,1.709909,205,171,376,369.0,11.0,22.0,18.0,-4.0,20.5,17.904761904761905,20.88888888888889,33.087765957446805,2.0,20.0,30.8128300585681,21,42,28.016912208546916,33.66845538915984,9.8128300585681,11.1871699414319
212021372,승학초등학교,212021212,대신초등학교,1.739838,205,732,937,931.0,30.0,41.0,41.0,0.0,22.70731707317073,22.853658536585368,20.369565217391305,12.171824973319104,2.0,43.0,61.348548297911734,41,62,58.55263044789055,64.20417362850347,20.348548297911734,0.6514517020882664
212021372,승학초등학교,212021244,동신초등학교,1.841865,205,288,493,488.0,14.0,25.0,22.0,-3.0,22.181818181818183,19.72,12.325,30.66531440162272,2.0,24.0,36.12338975236699,25,46,33.327471902345806,38.979015082958725,11.12338975236699,9.87661024763301
212021372,승학초등학교,212021286,보수초등학교,1.958248,205,154,359,355.0,11.0,22.0,17.0,-5.0,20.88235294117647,18.894736842105264,22.4375,14.699164345403899,2.0,19.0,29.485190135118376,19,40,26.689272285097193,32.340815465710115,10.485190135118376,10.514809864881624
212021372,승학초등학교,212021300,사남초등학교,1.96529,205,374,579,566.0,17.0,28.0,25.0,-3.0,22.64,19.96551724137931,25.17391304347826,23.010362694300518,2.0,27.0,40.10630952271616,29,50,37.310391672694976,42.961934853307895,11.10630952271616,9.89369047728384
212021372,승학초등학교,212021308,사동초등학교,2.083735,205,178,383,383.0,10.0,21.0,19.0,-2.0,20.157894736842106,21.27777777777778,15.32,43.608355091383814,2.0,21.0,32.14046998201782,18,39,29.344552131996636,34.996095312609555,14.14046998201782,6.8595300179821805
212021372,승학초등학교,212021140,구평초등학교,2.159191,205,652,857,871.0,29.0,40.0,38.0,-2.0,22.92105263157895,21.425,23.805555555555557,17.441073512252043,2.0,40.0,57.36562852756256,40,61,54.56971067754138,60.2212538581543,17.365628527562563,3.6343714724374365
212021372,승학초등학교,212021132,구덕초등학교,2.196534,205,422,627,620.0,20.0,31.0,28.0,-3.0,22.142857142857142,19.0,24.115384615384617,15.307814992025518,2.0,30.0,44.08922929306533,33,54,41.293311443044146,46.944854623657065,11.08922929306533,9.91077070693467
212021372,승학초등학교,212021116,감천초등학교,2.201088,205,99,304,298.0,7.0,18.0,16.0,-2.0,18.625,20.266666666666666,13.217391304347826,37.01973684210526,2.0,18.0,28.157550211668653,15,36,25.36163236164747,31.01317554226039,13.157550211668653,7.842449788331347
212021372,승학초등학교,212021156,남부민초등학교,2.310448,205,90,295,290.0,6.0,17.0,15.0,-2.0,19.333333333333332,19.666666666666668,12.291666666666666,50.75932203389831,2.0,17.0,26.82991028821893,15,36,24.033992438197746,29.68553561881067,11.82991028821893,9.17008971178107
212021372,승학초등학교,212021388,신촌초등학교,2.384955,205,71,276,266.0,6.0,17.0,14.0,-3.0,19.0,19.714285714285715,11.5,54.0036231884058,3.0,17.0,26.82991028821893,14,35,24.033992438197746,29.68553561881067,12.82991028821893,8.17008971178107
212021372,승학초등학교,212021287,광일초등학교,2.43107,205,203,408,407.0,11.0,22.0,20.0,-2.0,20.35,18.545454545454547,15.692307692307692,25.54901960784314,2.0,22.0,33.46810990546754,22,43,30.67219205544636,36.32373523605928,11.468109905467543,9.531890094532457
212021372,승학초등학교,212021196,당리초등학교,2.529182,205,132,337,331.0,7.0,18.0,15.0,-3.0,22.066666666666666,21.0625,11.233333333333333,49.84272997032641,3.0,18.0,28.157550211668653,16,37,25.36163236164747,31.01317554226039,12.157550211668653,8.842449788331347
212021372,승학초등학교,212021484,천마초등학교,2.65054,205,84,289,281.0,7.0,18.0,14.0,-4.0,20.071428571428573,20.642857142857142,17.0,36.49826989619377,2.0,16.0,25.502270364769206,14,35,22.706352514748023,28.357895695360945,11.502270364769206,9.497729635230794
212021372,승학초등학교,212021148,낙동초등학교,2.845177,205,816,1021,1010.0,36.0,47.0,43.0,-4.0,23.488372093023255,17.305084745762713,24.30952380952381,11.829578844270323,3.0,46.0,65.3314680682609,59,80,62.53555021823972,68.18709339885264,6.331468068260904,14.668531931739096
212021372,승학초등학교,212021348,송도초등학교,2.885438,205,501,706,698.0,25.0,36.0,29.0,-7.0,24.06896551724138,18.57894736842105,21.393939393939394,14.038243626062323,3.0,32.0,46.74450913996478,38,59,43.94859128994359,49.60013447055651,8.744509139964777,12.255490860035223
212021388,신촌초등학교,212021300,사남초등학교,0.56434,71,374,445,428.0,17.0,23.0,20.0,-3.0,21.4,15.344827586206897,19.347826086956523,29.93932584269663,3.0,23.0,34.795749828917266,29,43,31.999831978896083,37.651375159509,5.795749828917266,8.204250171082734
212021388,신촌초등학교,212021396,신평초등학교,0.89618,71,507,578,572.0,23.0,29.0,25.0,-4.0,22.88,14.820512820512821,15.210526315789474,20.25432525951557,3.0,28.0,41.43394944616588,39,53,38.6380315961447,44.28957477675762,2.433949446165883,11.566050553834117
212021388,신촌초등학교,212021140,구평초등학교,0.927528,71,652,723,733.0,29.0,35.0,32.0,-3.0,22.90625,18.075,20.083333333333332,20.673582295988936,3.0,35.0,50.72742891031395,40,54,47.93151106029276,53.58305424090568,10.727428910313947,3.2725710896860534
212021388,신촌초등학교,212021196,당리초등학교,1.05033,71,132,203,193.0,7.0,13.0,10.0,-3.0,19.3,12.6875,6.766666666666667,82.74384236453201,4.0,14.0,22.84699051786976,16,30,20.051072667848576,25.702615848461498,6.846990517869759,7.153009482130241
212021388,신촌초등학교,212021436,장림초등학교,1.088675,71,494,565,554.0,24.0,30.0,25.0,-5.0,22.16,14.868421052631579,14.125,21.5929203539823,4.0,29.0,42.761589369615606,38,52,39.96567151959442,45.61721470020734,4.761589369615606,9.238410630384394
212021388,신촌초등학교,212021316,사하초등학교,1.11098,71,886,957,941.0,38.0,44.0,40.0,-4.0,23.525,17.089285714285715,18.403846153846153,20.489028213166144,3.0,43.0,61.348548297911734,56,70,58.55263044789055,64.20417362850347,5.348548297911734,8.651451702088266
212021388,신촌초등학교,212021428,옥천초등학교,1.220623,71,434,505,494.0,20.0,26.0,22.0,-4.0,22.454545454545453,15.303030303030303,18.035714285714285,24.479207920792078,3.0,25.0,37.45102967581671,33,47,34.65511182579553,40.30665500640845,4.451029675816713,9.548970324183287
212021388,신촌초등학교,212021308,사동초등학교,1.457015,71,178,249,245.0,10.0,16.0,13.0,-3.0,18.846153846153847,13.833333333333334,9.96,67.07630522088354,3.0,16.0,25.502270364769206,18,32,22.706352514748023,28.357895695360945,7.502270364769206,6.497729635230794
212021388,신촌초등학교,212021265,보림초등학교,1.457482,71,601,672,648.0,29.0,35.0,29.0,-6.0,22.344827586206897,13.176470588235293,15.627906976744185,11.69047619047619,5.0,34.0,49.39978898686422,51,65,46.60387113684304,52.25541431745596,-1.6002110131357767,15.600211013135777
212021388,신촌초등학교,212021148,낙동초등학교,1.732318,71,816,887,872.0,36.0,42.0,37.0,-5.0,23.56756756756757,15.033898305084746,21.11904761904762,13.616685456595265,4.0,41.0,58.69326845101229,59,73,55.8973506009911,61.54889378160402,-0.30673154898771315,14.306731548987713
212021388,신촌초등학교,212021564,효림초등학교,1.873405,71,510,581,564.0,25.0,31.0,25.0,-6.0,22.56,12.104166666666666,17.606060606060606,24.142857142857142,4.0,29.0,42.761589369615606,48,62,39.96567151959442,45.61721470020734,-5.238410630384394,19.238410630384394
212021388,신촌초등학교,212021376,신남초등학교,1.903726,71,417,488,480.0,20.0,26.0,23.0,-3.0,20.869565217391305,15.741935483870968,18.074074074074073,37.66803278688525,4.0,27.0,40.10630952271616,31,45,37.310391672694976,42.961934853307895,9.10630952271616,4.89369047728384
212021388,신촌초등학교,212021540,하남초등학교,2.085251,71,577,648,638.0,26.0,32.0,28.0,-4.0,22.785714285714285,17.513513513513512,15.069767441860465,13.276234567901234,4.0,32.0,46.74450913996478,37,51,43.94859128994359,49.60013447055651,9.744509139964777,4.2554908600352235
212021388,신촌초등학교,212021548,하단초등학교,2.126059,71,272,343,331.0,14.0,20.0,17.0,-3.0,19.470588235294116,14.291666666666666,8.575,35.09037900874635,4.0,21.0,32.14046998201782,24,38,29.344552131996636,34.996095312609555,8.14046998201782,5.8595300179821805
212021388,신촌초등학교,212021332,서천초등학교,2.135294,71,129,200,185.0,8.0,14.0,11.0,-3.0,16.818181818181817,11.11111111111111,11.11111111111111,24.75,3.0,14.0,22.84699051786976,18,32,20.051072667848576,25.702615848461498,4.846990517869759,9.15300948213024
212021388,신촌초등학교,212021124,괴정초등학교,2.219116,71,523,594,585.0,24.0,30.0,26.0,-4.0,22.5,15.23076923076923,18.0,11.905723905723907,4.0,30.0,44.08922929306533,39,53,41.293311443044146,46.944854623657065,5.08922929306533,8.91077070693467
212021388,신촌초등학교,212021372,승학초등학교,2.384955,71,205,276,266.0,11.0,17.0,14.0,-3.0,19.0,13.142857142857142,9.857142857142858,35.18840579710145,3.0,17.0,26.82991028821893,21,35,24.033992438197746,29.68553561881067,5.8299102882189295,8.17008971178107
212021388,신촌초등학교,212021192,다송초등학교,2.448235,71,121,192,179.0,9.0,15.0,10.0,-5.0,17.9,10.666666666666666,8.727272727272727,108.921875,3.0,13.0,21.519350594420036,18,32,18.723432744398853,24.374975925011775,3.519350594420036,10.480649405579964
212021388,신촌초등학교,212021116,감천초등학교,2.609953,71,99,170,160.0,7.0,13.0,9.0,-4.0,17.77777777777778,11.333333333333334,7.391304347826087,66.2,3.0,12.0,20.191710670970313,15,29,17.39579282094913,23.04733600156205,5.191710670970313,8.808289329029687
212021432,응봉초등학교,212021480,중현초등학교,0.229782,120,315,435,429.0,16.0,24.0,20.0,-4.0,21.45,16.11111111111111,10.875,27.74712643678161,2.0,22.0,33.46810990546754,27,42,30.67219205544636,36.32373523605928,6.468109905467543,8.531890094532457
212021432,응봉초등학교,212021303,몰운대초등학교,0.30197,120,755,875,878.0,33.0,41.0,39.0,-2.0,22.512820512820515,17.5,19.02173913043478,11.428571428571429,3.0,42.0,60.02090837446201,50,65,57.22499052444083,62.876533705053745,10.02090837446201,4.97909162553799
212021432,응봉초등학교,212021180,다대초등학교,1.23607,120,635,755,750.0,29.0,37.0,34.0,-3.0,22.058823529411764,17.15909090909091,16.41304347826087,28.5841059602649,3.0,37.0,53.38270875721339,44,59,50.58679090719221,56.23833408780513,9.382708757213393,5.617291242786607
212021432,응봉초등학교,212021188,다선초등학교,2.190469,120,505,625,611.0,23.0,31.0,27.0,-4.0,22.62962962962963,17.857142857142858,14.534883720930232,25.2688,3.0,30.0,44.08922929306533,35,50,41.293311443044146,46.944854623657065,9.08922929306533,5.91077070693467
212021432,응봉초등학교,212021192,다송초등학교,2.269845,120,121,241,229.0,9.0,17.0,13.0,-4.0,17.615384615384617,13.38888888888889,10.954545454545455,86.7759336099585,2.0,15.0,24.174630441319483,18,33,21.3787125912983,27.03025577191122,6.174630441319483,8.825369558680517
212021432,응봉초등학교,212021564,효림초등학교,2.631504,120,510,630,614.0,25.0,33.0,26.0,-7.0,23.615384615384617,13.125,19.09090909090909,22.265079365079366,3.0,29.0,42.761589369615606,48,63,39.96567151959442,45.61721470020734,-5.238410630384394,20.238410630384394
212021156,남부민초등학교,212021484,천마초등학교,0.978975,90,84,174,167.0,7.0,13.0,10.0,-3.0,16.7,12.428571428571429,10.235294117647058,60.62068965517241,2.0,12.0,20.191710670970313,14,29,17.39579282094913,23.04733600156205,6.191710670970313,8.808289329029687
212021156,남부민초등학교,212021532,토성초등학교,1.106336,90,401,491,482.0,19.0,25.0,22.0,-3.0,21.90909090909091,14.878787878787879,14.441176470588236,28.90224032586558,3.0,25.0,37.45102967581671,33,48,34.65511182579553,40.30665500640845,4.451029675816713,10.548970324183287
212021156,남부민초등학교,212021404,아미초등학교,1.256257,90,31,121,118.0,6.0,12.0,7.0,-5.0,16.857142857142858,8.066666666666666,11.0,90.81818181818181,2.0,9.0,16.208790900621146,15,30,13.412873050599963,19.064416231212885,1.2087909006211461,13.791209099378854
212021156,남부민초등학교,212021348,송도초등학교,1.396494,90,501,591,584.0,25.0,31.0,27.0,-4.0,21.62962962962963,15.552631578947368,17.90909090909091,16.769881556683586,3.0,30.0,44.08922929306533,38,53,41.293311443044146,46.944854623657065,6.08922929306533,8.91077070693467
212021156,남부민초등학교,212021220,대평초등학교,1.433894,90,209,299,289.0,10.0,16.0,16.0,0.0,18.0625,15.736842105263158,13.590909090909092,45.30434782608695,2.0,18.0,28.157550211668653,19,34,25.36163236164747,31.01317554226039,9.157550211668653,5.842449788331347
212021156,남부민초등학교,212021116,감천초등학교,1.656806,90,99,189,184.0,7.0,13.0,11.0,-2.0,16.727272727272727,12.6,8.217391304347826,59.544973544973544,2.0,13.0,21.519350594420036,15,30,18.723432744398853,24.374975925011775,6.519350594420036,8.480649405579964
212021156,남부민초등학교,212021287,광일초등학교,1.724373,90,203,293,293.0,11.0,17.0,16.0,-1.0,18.3125,13.318181818181818,11.26923076923077,35.57679180887372,2.0,18.0,28.157550211668653,22,37,25.36163236164747,31.01317554226039,6.157550211668653,8.842449788331347
212021156,남부민초등학교,212021332,서천초등학교,1.778936,90,129,219,209.0,8.0,14.0,12.0,-2.0,17.416666666666668,12.166666666666666,12.166666666666666,22.602739726027398,2.0,14.0,22.84699051786976,18,33,20.051072667848576,25.702615848461498,4.846990517869759,10.15300948213024
212021156,남부민초등학교,212021286,보수초등학교,1.850131,90,154,244,241.0,11.0,17.0,13.0,-4.0,18.53846153846154,12.842105263157896,15.25,21.62704918032787,2.0,15.0,24.174630441319483,19,34,21.3787125912983,27.03025577191122,5.174630441319483,9.825369558680517
212021156,남부민초등학교,212021292,부민초등학교,1.863202,90,574,664,653.0,26.0,32.0,29.0,-3.0,22.517241379310345,15.44186046511628,17.945945945945947,16.783132530120483,3.0,32.0,46.74450913996478,43,58,43.94859128994359,49.60013447055651,3.7445091399647765,11.255490860035223
212021156,남부민초등학교,212021111,남항초등학교,1.914414,90,158,248,244.0,10.0,16.0,13.0,-3.0,18.76923076923077,11.272727272727273,6.888888888888889,71.22177419354838,2.0,15.0,24.174630441319483,22,37,21.3787125912983,27.03025577191122,2.174630441319483,12.825369558680517
212021156,남부민초등학교,212021412,영도초등학교,2.088815,90,224,314,307.0,12.0,18.0,14.0,-4.0,21.928571428571427,12.56,9.8125,73.01592356687898,3.0,17.0,26.82991028821893,25,40,24.033992438197746,29.68553561881067,1.8299102882189295,13.17008971178107
212021156,남부민초등학교,212021556,화랑초등학교,2.105072,90,171,261,255.0,11.0,17.0,13.0,-4.0,19.615384615384617,12.428571428571429,14.5,47.666666666666664,2.0,15.0,24.174630441319483,21,36,21.3787125912983,27.03025577191122,3.174630441319483,11.825369558680517
212021156,남부민초등학교,212021204,대교초등학교,2.127316,90,366,456,453.0,18.0,24.0,21.0,-3.0,21.571428571428573,14.709677419354838,24.0,12.903508771929825,2.0,23.0,34.795749828917266,31,46,31.999831978896083,37.651375159509,3.795749828917266,11.204250171082734
212021156,남부민초등학교,212021372,승학초등학교,2.310448,90,205,295,290.0,11.0,17.0,15.0,-2.0,19.333333333333332,14.047619047619047,10.535714285714286,32.92203389830509,2.0,17.0,26.82991028821893,21,36,24.033992438197746,29.68553561881067,5.8299102882189295,9.17008971178107
212021156,남부민초등학교,212021124,괴정초등학교,2.675706,90,523,613,609.0,24.0,30.0,27.0,-3.0,22.555555555555557,15.717948717948717,18.575757575757574,11.536704730831975,3.0,30.0,44.08922929306533,39,54,41.293311443044146,46.944854623657065,5.08922929306533,9.91077070693467
212021156,남부민초등학교,212021288,봉래초등학교,2.682312,90,171,261,254.0,11.0,17.0,13.0,-4.0,19.53846153846154,11.347826086956522,15.352941176470589,36.27969348659004,2.0,15.0,24.174630441319483,23,38,21.3787125912983,27.03025577191122,1.1746304413194828,13.825369558680517
212021156,남부민초등학교,212021428,옥천초등학교,2.74919,90,434,524,518.0,20.0,26.0,24.0,-2.0,21.583333333333332,15.878787878787879,18.714285714285715,23.591603053435115,2.0,26.0,38.778669599266436,33,48,35.98275174924525,41.63429492985817,5.778669599266436,9.221330400733564
212021156,남부민초등학교,212021244,동신초등학교,2.762878,90,288,378,374.0,14.0,20.0,18.0,-2.0,20.77777777777778,15.12,9.45,39.99470899470899,2.0,20.0,30.8128300585681,25,40,28.016912208546916,33.66845538915984,5.8128300585681,9.1871699414319
212021156,남부민초등학교,212021284,봉학초등학교,2.968843,90,143,233,232.0,9.0,15.0,12.0,-3.0,19.333333333333332,12.263157894736842,10.130434782608695,42.90128755364807,2.0,14.0,22.84699051786976,19,34,20.051072667848576,25.702615848461498,3.8469905178697594,11.15300948213024
212021404,아미초등학교,212021532,토성초등학교,0.522323,31,401,432,424.0,19.0,25.0,20.0,-5.0,21.2,13.090909090909092,12.705882352941176,32.84953703703704,3.0,23.0,34.795749828917266,33,48,31.999831978896083,37.651375159509,1.7957498289172662,13.204250171082734
212021404,아미초등학교,212021292,부민초등학교,0.891149,31,574,605,595.0,26.0,32.0,27.0,-5.0,22.037037037037038,14.069767441860465,16.35135135135135,18.419834710743803,3.0,30.0,44.08922929306533,43,58,41.293311443044146,46.944854623657065,1.0892292930653298,13.91077070693467
212021404,아미초등학교,212021286,보수초등학교,1.129709,31,154,185,183.0,11.0,17.0,11.0,-6.0,16.636363636363637,9.736842105263158,11.5625,28.524324324324326,2.0,13.0,21.519350594420036,19,34,18.723432744398853,24.374975925011775,2.519350594420036,12.480649405579964
212021404,아미초등학교,212021556,화랑초등학교,1.142535,31,171,202,197.0,11.0,17.0,11.0,-6.0,17.90909090909091,9.619047619047619,11.222222222222221,61.58910891089109,2.0,13.0,21.519350594420036,21,36,18.723432744398853,24.374975925011775,0.5193505944200361,14.480649405579964
212021404,아미초등학교,212021372,승학초등학교,1.182215,31,205,236,232.0,11.0,17.0,11.0,-6.0,21.09090909090909,11.238095238095237,8.428571428571429,41.152542372881356,2.0,13.0,21.519350594420036,21,36,18.723432744398853,24.374975925011775,0.5193505944200361,14.480649405579964
212021404,아미초등학교,212021156,남부민초등학교,1.256257,31,90,121,118.0,6.0,12.0,7.0,-5.0,16.857142857142858,8.066666666666666,5.041666666666667,123.75206611570248,2.0,9.0,16.208790900621146,15,30,13.412873050599963,19.064416231212885,1.2087909006211461,13.791209099378854
212021404,아미초등학교,212021287,광일초등학교,1.424396,31,203,234,235.0,11.0,17.0,13.0,-4.0,18.076923076923077,10.636363636363637,9.0,44.547008547008545,2.0,15.0,24.174630441319483,22,37,21.3787125912983,27.03025577191122,2.174630441319483,12.825369558680517
212021404,아미초등학교,212021332,서천초등학교,1.544646,31,129,160,151.0,8.0,14.0,8.0,-6.0,18.875,8.88888888888889,8.88888888888889,30.9375,2.0,10.0,17.53643082407087,18,33,14.740512974049686,20.39205615466261,-0.4635691759291305,15.46356917592913
212021404,아미초등학교,212021124,괴정초등학교,1.546047,31,523,554,551.0,24.0,30.0,26.0,-4.0,21.192307692307693,14.205128205128204,16.78787878787879,12.765342960288809,3.0,29.0,42.761589369615606,39,54,39.96567151959442,45.61721470020734,3.7615893696156064,11.238410630384394
212021404,아미초등학교,212021244,동신초등학교,1.684234,31,288,319,316.0,14.0,20.0,16.0,-4.0,19.75,12.76,7.975,47.391849529780565,2.0,18.0,28.157550211668653,25,40,25.36163236164747,31.01317554226039,3.157550211668653,11.842449788331347
212021404,아미초등학교,212021484,천마초등학교,1.914752,31,84,115,109.0,7.0,13.0,6.0,-7.0,18.166666666666668,8.214285714285714,6.764705882352941,91.72173913043478,2.0,8.0,14.881150977171421,14,29,12.085233127150238,17.736776307763158,0.881150977171421,14.118849022828579
212021404,아미초등학교,212021116,감천초등학교,1.954283,31,99,130,126.0,7.0,13.0,7.0,-6.0,18.0,8.666666666666666,5.6521739130434785,86.56923076923077,2.0,9.0,16.208790900621146,15,30,13.412873050599963,19.064416231212885,1.2087909006211461,13.791209099378854
212021404,아미초등학교,212021212,대신초등학교,1.962702,31,732,763,759.0,30.0,36.0,34.0,-2.0,22.323529411764707,18.609756097560975,16.58695652173913,14.947575360419398,2.0,36.0,52.05506883376367,41,56,49.25915098374249,54.910694164355405,11.05506883376367,3.94493116623633
212021404,아미초등학교,212021428,옥천초등학교,2.069478,31,434,465,460.0,20.0,26.0,22.0,-4.0,20.90909090909091,14.090909090909092,16.607142857142858,26.58494623655914,2.0,24.0,36.12338975236699,33,48,33.327471902345806,38.979015082958725,3.1233897523669896,11.87661024763301
212021404,아미초등학교,212021348,송도초등학교,2.266888,31,501,532,526.0,25.0,31.0,24.0,-7.0,21.916666666666668,14.0,16.12121212121212,18.6296992481203,3.0,27.0,40.10630952271616,38,53,37.310391672694976,42.961934853307895,2.1063095227161597,12.89369047728384
212021404,아미초등학교,212021288,봉래초등학교,2.298646,31,171,202,196.0,11.0,17.0,11.0,-6.0,17.818181818181817,8.782608695652174,11.882352941176471,46.87623762376238,2.0,13.0,21.519350594420036,23,38,18.723432744398853,24.374975925011775,-1.480649405579964,16.480649405579964
212021404,아미초등학교,212021132,구덕초등학교,2.417853,31,422,453,448.0,20.0,26.0,21.0,-5.0,21.333333333333332,13.727272727272727,17.423076923076923,21.187637969094922,2.0,23.0,34.795749828917266,33,48,31.999831978896083,37.651375159509,1.7957498289172662,13.204250171082734
212021404,아미초등학교,212021220,대평초등학교,2.464449,31,209,240,231.0,10.0,16.0,11.0,-5.0,21.0,12.631578947368421,10.909090909090908,56.44166666666667,2.0,13.0,21.519350594420036,19,34,18.723432744398853,24.374975925011775,2.519350594420036,12.480649405579964
212021404,아미초등학교,212021316,사하초등학교,2.619917,31,886,917,907.0,38.0,44.0,39.0,-5.0,23.256410256410255,16.375,17.634615384615383,21.382769901853873,2.0,41.0,58.69326845101229,56,71,55.8973506009911,61.54889378160402,2.693268451012287,12.306731548987713
212021404,아미초등학교,213021058,초량초등학교,2.667404,31,185,216,215.0,12.0,18.0,12.0,-6.0,17.916666666666668,10.285714285714286,7.2,57.9212962962963,2.0,14.0,22.84699051786976,21,36,20.051072667848576,25.702615848461498,1.8469905178697594,13.15300948213024
212021404,아미초등학교,212021140,구평초등학교,2.773153,31,652,683,699.0,29.0,35.0,31.0,-4.0,22.548387096774192,17.075,18.97222222222222,21.88433382137628,2.0,33.0,48.0721490634145,40,55,45.27623121339332,50.927774394006235,8.0721490634145,6.9278509365855
212021404,아미초등학교,212021204,대교초등학교,2.788904,31,366,397,395.0,18.0,24.0,18.0,-6.0,21.944444444444443,12.806451612903226,20.894736842105264,14.821158690176322,2.0,20.0,30.8128300585681,31,46,28.016912208546916,33.66845538915984,-0.18716994143190036,15.1871699414319
212021404,아미초등학교,212021412,영도초등학교,2.954407,31,224,255,249.0,12.0,18.0,13.0,-5.0,19.153846153846153,10.2,7.96875,89.90980392156862,3.0,16.0,25.502270364769206,25,40,22.706352514748023,28.357895695360945,0.5022703647692062,14.497729635230794
212021404,아미초등학교,212021300,사남초등학교,2.982641,31,374,405,394.0,17.0,23.0,18.0,-5.0,21.88888888888889,13.96551724137931,17.608695652173914,32.8962962962963,2.0,20.0,30.8128300585681,29,44,28.016912208546916,33.66845538915984,1.8128300585680996,13.1871699414319
212021484,천마초등학교,212021348,송도초등학교,0.417519,84,501,585,575.0,25.0,32.0,26.0,-6.0,22.115384615384617,15.394736842105264,17.727272727272727,16.941880341880342,3.0,29.0,42.761589369615606,38,52,39.96567151959442,45.61721470020734,4.761589369615606,9.238410630384394
212021484,천마초등학교,212021156,남부민초등학교,0.978975,84,90,174,167.0,6.0,13.0,10.0,-3.0,16.7,11.6,7.25,86.05747126436782,2.0,12.0,20.191710670970313,15,29,17.39579282094913,23.04733600156205,5.191710670970313,8.808289329029687
212021484,천마초등학교,212021116,감천초등학교,1.011638,84,99,183,175.0,7.0,14.0,9.0,-5.0,19.444444444444443,12.2,7.956521739130435,61.49726775956284,2.0,11.0,18.864070747520593,15,29,16.06815289749941,21.71969607811233,3.864070747520593,10.135929252479407
212021484,천마초등학교,212021332,서천초등학교,1.528951,84,129,213,200.0,8.0,15.0,11.0,-4.0,18.181818181818183,11.833333333333334,11.833333333333334,23.239436619718308,2.0,13.0,21.519350594420036,18,32,18.723432744398853,24.374975925011775,3.519350594420036,10.480649405579964
212021484,천마초등학교,212021404,아미초등학교,1.914752,84,31,115,109.0,6.0,13.0,6.0,-7.0,18.166666666666668,7.666666666666667,10.454545454545455,95.55652173913043,2.0,8.0,14.881150977171421,15,29,12.085233127150238,17.736776307763158,-0.11884902282857901,14.118849022828579
212021484,천마초등학교,212021532,토성초등학교,1.971216,84,401,485,473.0,19.0,26.0,22.0,-4.0,21.5,14.696969696969697,14.264705882352942,29.25979381443299,3.0,25.0,37.45102967581671,33,47,34.65511182579553,40.30665500640845,4.451029675816713,9.548970324183287
212021484,천마초등학교,212021220,대평초등학교,1.994161,84,209,293,280.0,10.0,17.0,16.0,-1.0,17.5,15.421052631578947,13.318181818181818,46.232081911262796,2.0,18.0,28.157550211668653,19,33,25.36163236164747,31.01317554226039,9.157550211668653,4.842449788331347
212021484,천마초등학교,212021111,남항초등학교,2.28187,84,158,242,235.0,10.0,17.0,13.0,-4.0,18.076923076923077,11.0,6.722222222222222,72.98760330578513,2.0,15.0,24.174630441319483,22,36,21.3787125912983,27.03025577191122,2.174630441319483,11.825369558680517
212021484,천마초등학교,212021428,옥천초등학교,2.617516,84,434,518,509.0,20.0,27.0,22.0,-5.0,23.136363636363637,15.696969696969697,18.5,23.864864864864863,2.0,24.0,36.12338975236699,33,47,33.327471902345806,38.979015082958725,3.1233897523669896,10.87661024763301
212021484,천마초등학교,212021372,승학초등학교,2.65054,84,205,289,281.0,11.0,18.0,14.0,-4.0,20.071428571428573,13.761904761904763,10.321428571428571,33.60553633217993,2.0,16.0,25.502270364769206,21,35,22.706352514748023,28.357895695360945,4.502270364769206,9.497729635230794
212021484,천마초등학교,212021287,광일초등학교,2.696846,84,203,287,284.0,11.0,18.0,14.0,-4.0,20.285714285714285,13.045454545454545,11.038461538461538,36.3205574912892,2.0,16.0,25.502270364769206,22,36,22.706352514748023,28.357895695360945,3.502270364769206,10.497729635230794
212021484,천마초등학교,212021292,부민초등학교,2.702464,84,574,658,644.0,26.0,33.0,30.0,-3.0,21.466666666666665,15.30232558139535,17.783783783783782,16.93617021276596,3.0,33.0,48.0721490634145,43,57,45.27623121339332,50.927774394006235,5.0721490634145,8.9278509365855
212021484,천마초등학교,212021140,구평초등학교,2.720371,84,652,736,748.0,29.0,36.0,33.0,-3.0,22.666666666666668,18.4,20.444444444444443,20.308423913043477,2.0,35.0,50.72742891031395,40,54,47.93151106029276,53.58305424090568,10.727428910313947,3.2725710896860534
212021484,천마초등학교,212021412,영도초등학교,2.720702,84,224,308,298.0,12.0,19.0,16.0,-3.0,18.625,12.32,9.625,74.43831168831169,3.0,19.0,29.485190135118376,25,39,26.689272285097193,32.340815465710115,4.485190135118376,9.514809864881624
212021484,천마초등학교,212021286,보수초등학교,2.763977,84,154,238,232.0,11.0,18.0,12.0,-6.0,19.333333333333332,12.526315789473685,14.875,22.172268907563026,2.0,14.0,22.84699051786976,19,33,20.051072667848576,25.702615848461498,3.8469905178697594,10.15300948213024
212021484,천마초등학교,212021204,대교초등학교,2.897975,84,366,450,444.0,18.0,25.0,20.0,-5.0,22.2,14.516129032258064,23.68421052631579,13.075555555555555,2.0,22.0,33.46810990546754,31,45,30.67219205544636,36.32373523605928,2.468109905467543,11.531890094532457
212021484,천마초등학교,212021556,화랑초등학교,2.957521,84,171,255,246.0,11.0,18.0,13.0,-5.0,18.923076923076923,12.142857142857142,14.166666666666666,48.78823529411765,2.0,15.0,24.174630441319483,21,35,21.3787125912983,27.03025577191122,3.174630441319483,10.825369558680517
212021484,천마초등학교,212021124,괴정초등학교,2.975937,84,523,607,600.0,24.0,31.0,27.0,-4.0,22.22222222222222,15.564102564102564,18.393939393939394,11.650741350906095,3.0,30.0,44.08922929306533,39,53,41.293311443044146,46.944854623657065,5.08922929306533,8.91077070693467
212021556,화랑초등학교,212021292,부민초등학교,0.257723,171,574,745,732.0,26.0,37.0,33.0,-4.0,22.181818181818183,17.325581395348838,20.135135135135137,14.958389261744966,3.0,36.0,52.05506883376367,43,64,49.25915098374249,54.910694164355405,9.05506883376367,11.94493116623633
212021556,화랑초등학교,212021286,보수초등학교,0.41568,171,154,325,320.0,11.0,22.0,17.0,-5.0,18.823529411764707,17.105263157894736,20.3125,16.236923076923077,2.0,19.0,29.485190135118376,19,40,26.689272285097193,32.340815465710115,10.485190135118376,10.514809864881624
212021556,화랑초등학교,212021244,동신초등학교,0.677848,171,288,459,453.0,14.0,25.0,21.0,-4.0,21.571428571428573,18.36,11.475,32.93681917211329,2.0,23.0,34.795749828917266,25,46,31.999831978896083,37.651375159509,9.795749828917266,11.204250171082734
212021556,화랑초등학교,212021287,광일초등학교,0.973179,171,203,374,372.0,11.0,22.0,18.0,-4.0,20.666666666666668,17.0,14.384615384615385,27.871657754010695,2.0,20.0,30.8128300585681,22,43,28.016912208546916,33.66845538915984,8.8128300585681,12.1871699414319
212021556,화랑초등학교,212021532,토성초등학교,1.001315,171,401,572,561.0,19.0,30.0,26.0,-4.0,21.576923076923077,17.333333333333332,16.823529411764707,24.80944055944056,3.0,29.0,42.761589369615606,33,54,39.96567151959442,45.61721470020734,9.761589369615606,11.238410630384394
212021556,화랑초등학교,212021404,아미초등학교,1.142535,171,31,202,197.0,6.0,17.0,11.0,-6.0,17.90909090909091,13.466666666666667,18.363636363636363,54.4009900990099,2.0,13.0,21.519350594420036,15,36,18.723432744398853,24.374975925011775,6.519350594420036,14.480649405579964
212021556,화랑초등학교,212021212,대신초등학교,1.187158,171,732,903,896.0,30.0,41.0,39.0,-2.0,22.974358974358974,22.024390243902438,19.630434782608695,12.630121816168328,2.0,41.0,58.69326845101229,41,62,55.8973506009911,61.54889378160402,17.693268451012287,3.306731548987713
212021556,화랑초등학교,212021288,봉래초등학교,1.417604,171,171,342,333.0,11.0,22.0,17.0,-5.0,19.58823529411765,14.869565217391305,20.11764705882353,27.68713450292398,2.0,19.0,29.485190135118376,23,44,26.689272285097193,32.340815465710115,6.485190135118376,14.514809864881624
212021556,화랑초등학교,212021132,구덕초등학교,1.533999,171,422,593,585.0,20.0,31.0,26.0,-5.0,22.5,17.96969696969697,22.807692307692307,16.18549747048904,2.0,28.0,41.43394944616588,33,54,38.6380315961447,44.28957477675762,8.433949446165883,12.566050553834117
212021556,화랑초등학교,213021058,초량초등학교,1.66472,171,185,356,352.0,12.0,23.0,18.0,-5.0,19.555555555555557,16.952380952380953,11.866666666666667,35.14325842696629,2.0,20.0,30.8128300585681,21,42,28.016912208546916,33.66845538915984,9.8128300585681,11.1871699414319
212021556,화랑초등학교,212021372,승학초등학교,1.709909,171,205,376,369.0,11.0,22.0,18.0,-4.0,20.5,17.904761904761905,13.428571428571429,25.829787234042552,2.0,20.0,30.8128300585681,21,42,28.016912208546916,33.66845538915984,9.8128300585681,11.1871699414319
212021556,화랑초등학교,212021124,괴정초등학교,1.956434,171,523,694,688.0,24.0,35.0,30.0,-5.0,22.933333333333334,17.794871794871796,21.03030303030303,10.190201729106628,3.0,33.0,48.0721490634145,39,60,45.27623121339332,50.927774394006235,9.0721490634145,11.9278509365855
212021556,화랑초등학교,212021156,남부민초등학교,2.105072,171,90,261,255.0,6.0,17.0,13.0,-4.0,19.615384615384617,17.4,10.875,57.371647509578544,2.0,15.0,24.174630441319483,15,36,21.3787125912983,27.03025577191122,9.174630441319483,11.825369558680517
212021556,화랑초등학교,213021175,동일중앙초등학교,2.337227,171,898,1069,1051.0,38.0,49.0,46.0,-3.0,22.847826086956523,19.796296296296298,21.38,12.683816651075771,3.0,49.0,69.31438783861006,54,75,66.51846998858888,72.1700131692018,15.31438783861006,5.68561216138994
212021556,화랑초등학교,212021332,서천초등학교,2.644285,171,129,300,288.0,8.0,19.0,15.0,-4.0,19.2,16.666666666666668,16.666666666666668,16.5,2.0,17.0,26.82991028821893,18,39,24.033992438197746,29.68553561881067,8.82991028821893,12.17008971178107
212021556,화랑초등학교,212021204,대교초등학교,2.750316,171,366,537,532.0,18.0,29.0,25.0,-4.0,21.28,17.322580645161292,28.263157894736842,10.957169459962756,2.0,27.0,40.10630952271616,31,52,37.310391672694976,42.961934853307895,9.10630952271616,11.89369047728384
212021556,화랑초등학교,212021220,대평초등학교,2.844646,171,209,380,368.0,10.0,21.0,18.0,-3.0,20.444444444444443,20.0,17.272727272727273,35.64736842105263,2.0,20.0,30.8128300585681,19,40,28.016912208546916,33.66845538915984,11.8128300585681,9.1871699414319
212021556,화랑초등학교,212021428,옥천초등학교,2.918985,171,434,605,597.0,20.0,31.0,27.0,-4.0,22.11111111111111,18.333333333333332,21.607142857142858,20.43305785123967,2.0,29.0,42.761589369615606,33,54,39.96567151959442,45.61721470020734,9.761589369615606,11.238410630384394
212021556,화랑초등학교,212021484,천마초등학교,2.957521,171,84,255,246.0,7.0,18.0,13.0,-5.0,18.923076923076923,18.214285714285715,15.0,41.36470588235294,2.0,15.0,24.174630441319483,14,35,21.3787125912983,27.03025577191122,10.174630441319483,10.825369558680517
214021264,동명초등학교,214021468,연산초등학교,0.614529,155,787,942,938.0,37.0,48.0,40.0,-8.0,23.45,17.12727272727273,20.04255319148936,17.60403397027601,4.0,44.0,62.67618822136146,55,76,59.88027037134027,65.53181355195319,7.676188221361457,13.323811778638543
214021264,동명초등학교,214021462,연동초등학교,0.67572,155,542,697,691.0,26.0,37.0,30.0,-7.0,23.033333333333335,17.871794871794872,17.425,24.667144906743186,3.0,33.0,48.0721490634145,39,60,45.27623121339332,50.927774394006235,9.0721490634145,11.9278509365855
214021264,동명초등학교,214021474,연일초등학교,0.800651,155,94,249,238.0,6.0,17.0,12.0,-5.0,19.833333333333332,20.75,17.785714285714285,51.024096385542165,3.0,15.0,24.174630441319483,12,33,21.3787125912983,27.03025577191122,12.174630441319483,8.825369558680517
214021264,동명초등학교,214021464,연미초등학교,0.836352,155,298,453,444.0,17.0,28.0,21.0,-7.0,21.142857142857142,16.77777777777778,18.875,25.520971302428258,3.0,24.0,36.12338975236699,27,48,33.327471902345806,38.979015082958725,9.12338975236699,11.87661024763301
214021264,동명초등학교,216021268,배산초등학교,1.015547,155,512,667,657.0,23.0,34.0,29.0,-5.0,22.655172413793103,18.52777777777778,20.21212121212121,24.91454272863568,4.0,33.0,48.0721490634145,36,57,45.27623121339332,50.927774394006235,12.0721490634145,8.9278509365855
214021264,동명초등학교,213021448,양동초등학교,1.159843,155,974,1129,1116.0,39.0,50.0,47.0,-3.0,23.74468085106383,18.816666666666666,35.28125,13.655447298494243,4.0,51.0,71.9696676855095,60,81,69.17374983548832,74.82529301610124,11.969667685509506,9.030332314490494
214021264,동명초등학교,214021481,연천초등학교,1.252411,155,583,738,716.0,26.0,37.0,32.0,-5.0,22.375,18.0,16.4,16.440379403794037,3.0,35.0,50.72742891031395,41,62,47.93151106029276,53.58305424090568,9.727428910313947,11.272571089686053
214021264,동명초등학교,214021476,연제초등학교,1.351669,155,435,590,581.0,21.0,32.0,26.0,-6.0,22.346153846153847,17.87878787878788,16.38888888888889,15.31864406779661,3.0,29.0,42.761589369615606,33,54,39.96567151959442,45.61721470020734,9.761589369615606,11.238410630384394
214021264,동명초등학교,214021470,연서초등학교,1.470928,155,591,746,742.0,29.0,40.0,33.0,-7.0,22.484848484848484,16.954545454545453,20.16216216216216,15.577747989276139,3.0,36.0,52.05506883376367,44,65,49.25915098374249,54.910694164355405,8.05506883376367,12.94493116623633
214021264,동명초등학교,216021304,수미초등학교,1.568136,155,399,554,547.0,19.0,30.0,25.0,-5.0,21.88,15.82857142857143,14.578947368421053,27.76173285198556,4.0,29.0,42.761589369615606,35,56,39.96567151959442,45.61721470020734,7.761589369615606,13.238410630384394
214021264,동명초등학교,214021471,연신초등학교,1.602294,155,578,733,738.0,27.0,38.0,31.0,-7.0,23.806451612903224,18.325,21.558823529411764,15.877216916780355,3.0,34.0,49.39978898686422,40,61,46.60387113684304,52.25541431745596,9.399788986864223,11.600211013135777
214021264,동명초등학교,214021384,안민초등학교,1.780352,155,615,770,760.0,27.0,38.0,33.0,-5.0,23.03030303030303,20.263157894736842,16.382978723404257,16.73896103896104,3.0,36.0,52.05506883376367,38,59,49.25915098374249,54.910694164355405,14.05506883376367,6.94493116623633
214021264,동명초등학교,213021460,양정초등학교,1.895397,155,776,931,883.0,39.0,50.0,40.0,-10.0,22.075,16.051724137931036,16.051724137931036,16.114930182599355,4.0,44.0,62.67618822136146,58,79,59.88027037134027,65.53181355195319,4.676188221361457,16.323811778638543
214021264,동명초등학교,214021529,토현초등학교,1.936323,155,242,397,385.0,13.0,24.0,19.0,-5.0,20.263157894736842,16.541666666666668,15.88,21.93198992443325,3.0,22.0,33.46810990546754,24,45,30.67219205544636,36.32373523605928,9.468109905467543,11.531890094532457
214021264,동명초등학교,214021542,안진초등학교,1.990374,155,394,549,540.0,17.0,28.0,24.0,-4.0,22.5,21.115384615384617,18.3,20.453551912568305,3.0,27.0,40.10630952271616,26,47,37.310391672694976,42.961934853307895,14.10630952271616,6.89369047728384
214021264,동명초등학교,214021159,과정초등학교,2.014221,155,425,580,568.0,20.0,31.0,26.0,-5.0,21.846153846153847,18.70967741935484,13.80952380952381,24.73793103448276,3.0,29.0,42.761589369615606,31,52,39.96567151959442,45.61721470020734,11.761589369615606,9.238410630384394
214021264,동명초등학교,214021156,거제초등학교,2.122376,155,803,958,940.0,34.0,45.0,40.0,-5.0,23.5,19.551020408163264,24.564102564102566,11.181628392484342,3.0,43.0,61.348548297911734,49,70,58.55263044789055,64.20417362850347,12.348548297911734,8.651451702088266
214021264,동명초등학교,214021370,안남초등학교,2.149484,155,732,887,874.0,31.0,42.0,37.0,-5.0,23.62162162162162,20.15909090909091,22.743589743589745,10.370913190529876,3.0,40.0,57.36562852756256,44,65,54.56971067754138,60.2212538581543,13.365628527562563,7.6343714724374365
214021264,동명초등학교,216021196,망미초등학교,2.17461,155,386,541,532.0,20.0,31.0,24.0,-7.0,22.166666666666668,18.655172413793103,18.655172413793103,26.247689463955638,3.0,27.0,40.10630952271616,29,50,37.310391672694976,42.961934853307895,11.10630952271616,9.89369047728384
214021264,동명초등학교,214021199,낙민초등학교,2.370354,155,589,744,741.0,27.0,38.0,32.0,-6.0,23.15625,19.076923076923077,20.666666666666668,19.518817204301076,3.0,35.0,50.72742891031395,39,60,47.93151106029276,53.58305424090568,11.727428910313947,9.272571089686053
214021264,동명초등학교,216021316,수영초등학교,2.396871,155,680,835,811.0,29.0,40.0,36.0,-4.0,22.52777777777778,18.977272727272727,16.372549019607842,16.069461077844313,4.0,40.0,57.36562852756256,44,65,54.56971067754138,60.2212538581543,13.365628527562563,7.6343714724374365
214021264,동명초등학교,213021454,양성초등학교,2.418043,155,299,454,450.0,16.0,27.0,20.0,-7.0,22.5,14.64516129032258,16.814814814814813,26.577092511013216,4.0,24.0,36.12338975236699,31,52,33.327471902345806,38.979015082958725,5.12338975236699,15.87661024763301
214021264,동명초등학교,214021158,거학초등학교,2.494657,155,543,698,690.0,24.0,35.0,30.0,-5.0,23.0,18.36842105263158,17.45,13.464183381088825,3.0,33.0,48.0721490634145,38,59,45.27623121339332,50.927774394006235,10.0721490634145,10.9278509365855
214021264,동명초등학교,216021568,호암초등학교,2.632497,155,471,626,613.0,22.0,33.0,27.0,-6.0,22.703703703703702,18.96969696969697,19.5625,17.48083067092652,3.0,30.0,44.08922929306533,33,54,41.293311443044146,46.944854623657065,11.08922929306533,9.91077070693467
214021264,동명초등학교,214021183,남문초등학교,2.634059,155,1061,1216,1182.0,41.0,52.0,51.0,-1.0,23.176470588235293,19.612903225806452,24.816326530612244,6.892269736842105,3.0,54.0,75.95258745585869,62,83,73.15666960583751,78.80821278645043,13.95258745585869,7.047412544141309
214021264,동명초등학교,214021361,수안초등학교,2.652472,155,166,321,310.0,11.0,22.0,15.0,-7.0,20.666666666666668,20.0625,18.88235294117647,13.866043613707165,3.0,18.0,28.157550211668653,16,37,25.36163236164747,31.01317554226039,12.157550211668653,8.842449788331347
214021264,동명초등학교,213021412,성전초등학교,2.731923,155,442,597,581.0,20.0,31.0,25.0,-6.0,23.24,20.586206896551722,22.96153846153846,12.214405360134004,3.0,28.0,41.43394944616588,29,50,38.6380315961447,44.28957477675762,12.433949446165883,8.566050553834117
214021264,동명초등학교,214021517,창신초등학교,2.799037,155,1621,1776,1764.0,60.0,71.0,73.0,2.0,24.164383561643834,22.481012658227847,25.014084507042252,8.734234234234235,4.0,77.0,106.48830569520231,79,100,103.69238784518113,109.34393102579405,27.488305695202314,-6.488305695202314
214021264,동명초등학교,216021571,센텀초등학교,2.851276,155,1472,1627,1599.0,55.0,66.0,67.0,1.0,23.865671641791046,20.59493670886076,23.242857142857144,6.754148740012292,3.0,70.0,97.19482623105426,79,100,94.39890838103308,100.050451561646,18.194826231054265,2.8051737689457354
214021264,동명초등학교,214021379,안락초등학교,2.878601,155,187,342,328.0,11.0,22.0,16.0,-6.0,20.5,16.285714285714285,14.25,28.935672514619885,3.0,19.0,29.485190135118376,21,42,26.689272285097193,32.340815465710115,8.485190135118376,12.514809864881624
214021264,동명초등학교,216021570,송수초등학교,2.896036,155,850,1005,1007.0,36.0,47.0,43.0,-4.0,23.41860465116279,17.946428571428573,20.1,11.107462686567164,4.0,47.0,66.65910799171063,56,77,63.863190141689444,69.51473332230236,10.659107991710627,10.340892008289373
214021264,동명초등학교,214021226,내성초등학교,2.936906,155,107,262,249.0,7.0,18.0,13.0,-5.0,19.153846153846153,15.411764705882353,4.943396226415095,58.29389312977099,4.0,17.0,26.82991028821893,17,38,24.033992438197746,29.68553561881067,9.82991028821893,11.17008971178107
214021264,동명초등학교,214021388,여고초등학교,2.962787,155,1038,1193,1147.0,36.0,47.0,48.0,1.0,23.895833333333332,22.50943396226415,29.097560975609756,4.651299245599329,3.0,51.0,71.9696676855095,53,74,69.17374983548832,74.82529301610124,18.969667685509506,2.0303323144904937
214021474,연일초등학교,214021481,연천초등학교,0.505227,94,583,677,656.0,26.0,32.0,28.0,-4.0,23.428571428571427,16.51219512195122,15.044444444444444,17.921713441654358,2.0,30.0,44.08922929306533,41,53,41.293311443044146,46.944854623657065,3.08922929306533,8.91077070693467
214021474,연일초등학교,214021462,연동초등학교,0.638023,94,542,636,631.0,26.0,32.0,28.0,-4.0,22.535714285714285,16.307692307692307,15.9,27.03301886792453,2.0,30.0,44.08922929306533,39,51,41.293311443044146,46.944854623657065,5.08922929306533,6.91077070693467
214021474,연일초등학교,214021264,동명초등학교,0.800651,94,155,249,238.0,11.0,17.0,12.0,-5.0,19.833333333333332,11.857142857142858,9.576923076923077,54.34538152610442,3.0,15.0,24.174630441319483,21,33,21.3787125912983,27.03025577191122,3.174630441319483,8.825369558680517
214021474,연일초등학교,214021471,연신초등학교,0.9298,94,578,672,678.0,27.0,33.0,29.0,-4.0,23.379310344827587,16.8,19.764705882352942,17.31845238095238,2.0,31.0,45.41686921651505,40,52,42.62095136649387,48.27249454710679,5.416869216515053,6.583130783484947
214021474,연일초등학교,216021268,배산초등학교,0.990117,94,512,606,597.0,23.0,29.0,27.0,-2.0,22.11111111111111,16.833333333333332,18.363636363636363,27.422442244224424,3.0,30.0,44.08922929306533,36,48,41.293311443044146,46.944854623657065,8.08922929306533,3.91077070693467
214021474,연일초등학교,214021384,안민초등학교,1.088294,94,615,709,700.0,27.0,33.0,30.0,-3.0,23.333333333333332,18.657894736842106,15.085106382978724,18.179125528913964,2.0,32.0,46.74450913996478,38,50,43.94859128994359,49.60013447055651,8.744509139964777,3.2554908600352235
214021474,연일초등학교,214021470,연서초등학교,1.092061,94,591,685,682.0,29.0,35.0,29.0,-6.0,23.517241379310345,15.568181818181818,18.513513513513512,16.964963503649635,2.0,31.0,45.41686921651505,44,56,42.62095136649387,48.27249454710679,1.4168692165150532,10.583130783484947
214021474,연일초등학교,214021542,안진초등학교,1.206445,94,394,488,480.0,17.0,23.0,22.0,-1.0,21.818181818181817,18.76923076923077,16.266666666666666,23.010245901639344,2.0,24.0,36.12338975236699,26,38,33.327471902345806,38.979015082958725,10.12338975236699,1.8766102476330104
214021474,연일초등학교,214021468,연산초등학교,1.232555,94,787,881,878.0,37.0,43.0,37.0,-6.0,23.72972972972973,16.01818181818182,18.74468085106383,18.822928490351874,3.0,40.0,57.36562852756256,55,67,54.56971067754138,60.2212538581543,2.3656285275625635,9.634371472437437
214021474,연일초등학교,214021159,과정초등학교,1.383543,94,425,519,508.0,20.0,26.0,24.0,-2.0,21.166666666666668,16.741935483870968,12.357142857142858,27.64547206165703,2.0,26.0,38.778669599266436,31,43,35.98275174924525,41.63429492985817,7.778669599266436,4.221330400733564
214021474,연일초등학교,214021370,안남초등학교,1.386993,94,732,826,814.0,31.0,37.0,36.0,-1.0,22.61111111111111,18.772727272727273,21.17948717948718,11.13680387409201,2.0,38.0,54.71034868066312,44,56,51.91443083064193,57.56597401125485,10.710348680663117,1.2896513193368833
214021474,연일초등학교,214021529,토현초등학교,1.524003,94,242,336,325.0,13.0,19.0,16.0,-3.0,20.3125,14.0,13.44,25.913690476190474,2.0,18.0,28.157550211668653,24,36,25.36163236164747,31.01317554226039,4.157550211668653,7.842449788331347
214021474,연일초등학교,214021464,연미초등학교,1.541471,94,298,392,384.0,17.0,23.0,18.0,-5.0,21.333333333333332,14.518518518518519,16.333333333333332,29.492346938775512,2.0,20.0,30.8128300585681,27,39,28.016912208546916,33.66845538915984,3.8128300585680996,8.1871699414319
214021474,연일초등학교,214021476,연제초등학교,1.60218,94,435,529,521.0,21.0,27.0,24.0,-3.0,21.708333333333332,16.03030303030303,14.694444444444445,17.08506616257089,2.0,26.0,38.778669599266436,33,45,35.98275174924525,41.63429492985817,5.778669599266436,6.221330400733564
214021474,연일초등학교,214021199,낙민초등학교,1.797501,94,589,683,681.0,27.0,33.0,30.0,-3.0,22.7,17.512820512820515,18.97222222222222,21.26207906295754,2.0,32.0,46.74450913996478,39,51,43.94859128994359,49.60013447055651,7.7445091399647765,4.2554908600352235
214021474,연일초등학교,216021304,수미초등학교,1.881596,94,399,493,487.0,19.0,25.0,22.0,-3.0,22.136363636363637,14.085714285714285,12.973684210526315,31.196754563894523,3.0,25.0,37.45102967581671,35,47,34.65511182579553,40.30665500640845,2.451029675816713,9.548970324183287
214021474,연일초등학교,213021448,양동초등학교,1.93461,94,974,1068,1056.0,39.0,45.0,45.0,0.0,23.466666666666665,17.8,33.375,14.435393258426966,3.0,48.0,67.98674791516035,60,72,65.19083006513917,70.84237324575209,7.98674791516035,4.01325208483965
214021474,연일초등학교,216021196,망미초등학교,2.016852,94,386,480,472.0,20.0,26.0,21.0,-5.0,22.476190476190474,16.551724137931036,16.551724137931036,29.583333333333332,2.0,23.0,34.795749828917266,29,41,31.999831978896083,37.651375159509,5.795749828917266,6.204250171082734
214021474,연일초등학교,214021379,안락초등학교,2.090864,94,187,281,268.0,11.0,17.0,14.0,-3.0,19.142857142857142,13.380952380952381,11.708333333333334,35.21708185053381,2.0,16.0,25.502270364769206,21,33,22.706352514748023,28.357895695360945,4.502270364769206,7.497729635230794
214021474,연일초등학교,214021158,거학초등학교,2.237727,94,543,637,630.0,24.0,30.0,28.0,-2.0,22.5,16.763157894736842,15.925,14.75353218210361,2.0,30.0,44.08922929306533,38,50,41.293311443044146,46.944854623657065,6.08922929306533,5.91077070693467
214021474,연일초등학교,216021570,송수초등학교,2.255394,94,850,944,947.0,36.0,42.0,41.0,-1.0,23.097560975609756,16.857142857142858,18.88,11.82521186440678,3.0,44.0,62.67618822136146,56,68,59.88027037134027,65.53181355195319,6.676188221361457,5.323811778638543
214021474,연일초등학교,214021361,수안초등학교,2.256592,94,166,260,250.0,11.0,17.0,13.0,-4.0,19.23076923076923,16.25,15.294117647058824,17.119230769230768,2.0,15.0,24.174630441319483,16,28,21.3787125912983,27.03025577191122,8.174630441319483,3.825369558680517
214021474,연일초등학교,214021226,내성초등학교,2.311061,94,107,201,189.0,7.0,13.0,10.0,-3.0,18.9,11.823529411764707,3.792452830188679,75.98507462686567,3.0,13.0,21.519350594420036,17,29,18.723432744398853,24.374975925011775,4.519350594420036,7.480649405579964
214021474,연일초등학교,214021514,충렬초등학교,2.320376,94,94,188,186.0,6.0,12.0,10.0,-2.0,18.6,14.461538461538462,11.058823529411764,54.08510638297872,2.0,12.0,20.191710670970313,13,25,17.39579282094913,23.04733600156205,7.191710670970313,4.808289329029687
214021474,연일초등학교,216021571,센텀초등학교,2.43918,94,1472,1566,1539.0,55.0,61.0,65.0,4.0,23.676923076923078,19.82278481012658,22.37142857142857,7.017241379310345,2.0,67.0,93.21190646070508,79,91,90.4159886106839,96.06753179129682,14.21190646070508,-2.2119064607050802
214021474,연일초등학교,213021460,양정초등학교,2.506254,94,776,870,823.0,39.0,45.0,35.0,-10.0,23.514285714285716,15.0,15.0,17.244827586206895,3.0,38.0,54.71034868066312,58,70,51.91443083064193,57.56597401125485,-3.2896513193368833,15.289651319336883
214021474,연일초등학교,216021316,수영초등학교,2.576279,94,680,774,751.0,29.0,35.0,33.0,-2.0,22.757575757575758,17.59090909090909,15.176470588235293,17.335917312661497,3.0,36.0,52.05506883376367,44,56,49.25915098374249,54.910694164355405,8.05506883376367,3.94493116623633
214021474,연일초등학교,214021183,남문초등학교,2.602595,94,1061,1155,1122.0,41.0,47.0,47.0,0.0,23.872340425531913,18.629032258064516,23.571428571428573,7.256277056277057,2.0,49.0,69.31438783861006,62,74,66.51846998858888,72.1700131692018,7.31438783861006,4.68561216138994
214021474,연일초등학교,216021328,신재초등학교,2.62319,94,303,397,398.0,16.0,22.0,19.0,-3.0,20.94736842105263,15.26923076923077,13.689655172413794,34.91939546599496,2.0,21.0,32.14046998201782,26,38,29.344552131996636,34.996095312609555,6.1404699820178195,5.8595300179821805
214021474,연일초등학교,216021021,반안초등학교,2.62523,94,516,610,599.0,24.0,30.0,27.0,-3.0,22.185185185185187,16.05263157894737,16.05263157894737,14.721311475409836,2.0,29.0,42.761589369615606,38,50,39.96567151959442,45.61721470020734,4.761589369615606,7.238410630384394
214021474,연일초등학교,214021156,거제초등학교,2.633673,94,803,897,880.0,34.0,40.0,39.0,-1.0,22.564102564102566,18.306122448979593,23.0,11.942028985507246,2.0,41.0,58.69326845101229,49,61,55.8973506009911,61.54889378160402,9.693268451012287,2.306731548987713
214021474,연일초등학교,214021298,명장초등학교,2.651399,94,339,433,432.0,17.0,23.0,20.0,-3.0,21.6,14.931034482758621,16.037037037037038,34.903002309468825,2.0,22.0,33.46810990546754,29,41,30.67219205544636,36.32373523605928,4.468109905467543,7.531890094532457
214021474,연일초등학교,214021271,명동초등학교,2.763142,94,454,548,554.0,22.0,28.0,24.0,-4.0,23.083333333333332,16.11764705882353,16.11764705882353,22.043795620437955,2.0,26.0,38.778669599266436,34,46,35.98275174924525,41.63429492985817,4.778669599266436,7.221330400733564
214021474,연일초등학교,216021412,장산초등학교,2.812041,94,701,795,773.0,30.0,36.0,35.0,-1.0,22.085714285714285,16.914893617021278,18.068181818181817,13.846540880503145,2.0,37.0,53.38270875721339,47,59,50.58679090719221,56.23833408780513,6.382708757213393,5.617291242786607
214021474,연일초등학교,214021388,여고초등학교,2.845921,94,1038,1132,1087.0,36.0,42.0,47.0,5.0,23.127659574468087,21.358490566037737,27.609756097560975,4.901943462897527,2.0,49.0,69.31438783861006,53,65,66.51846998858888,72.1700131692018,16.31438783861006,-4.31438783861006
214021474,연일초등학교,214021280,명륜초등학교,2.856685,94,1110,1204,1178.0,43.0,49.0,50.0,1.0,23.56,20.406779661016948,22.71698113207547,10.700166112956811,2.0,52.0,73.29730760895924,59,71,70.50138975893806,76.15293293955098,14.297307608959244,-2.297307608959244
214021474,연일초등학교,214021517,창신초등학교,2.85726,94,1621,1715,1704.0,60.0,66.0,70.0,4.0,24.34285714285714,21.70886075949367,24.154929577464788,9.044897959183674,3.0,73.0,101.17774600140342,79,91,98.38182815138224,104.03337133199516,22.17774600140342,-10.17774600140342
214021474,연일초등학교,216021436,재송초등학교,2.953737,94,336,430,420.0,17.0,23.0,19.0,-4.0,22.105263157894736,13.870967741935484,12.285714285714286,33.37906976744186,3.0,22.0,33.46810990546754,31,43,30.67219205544636,36.32373523605928,2.468109905467543,9.531890094532457
214021474,연일초등학교,214021214,미남초등학교,2.977356,94,266,360,349.0,13.0,19.0,16.0,-3.0,21.8125,15.0,13.846153846153847,17.375,3.0,19.0,29.485190135118376,24,36,26.689272285097193,32.340815465710115,5.485190135118376,6.514809864881624
212021111,남항초등학교,212021220,대평초등학교,0.577382,158,209,367,357.0,10.0,20.0,16.0,-4.0,22.3125,19.31578947368421,16.681818181818183,36.91008174386921,2.0,18.0,28.157550211668653,19,41,25.36163236164747,31.01317554226039,9.157550211668653,12.842449788331347
212021111,남항초등학교,212021412,영도초등학교,0.770248,158,224,382,375.0,12.0,22.0,18.0,-4.0,20.833333333333332,15.28,11.9375,60.018324607329845,3.0,21.0,32.14046998201782,25,47,29.344552131996636,34.996095312609555,7.1404699820178195,14.85953001798218
212021111,남항초등학교,212021204,대교초등학교,1.246994,158,366,524,521.0,18.0,28.0,24.0,-4.0,21.708333333333332,16.903225806451612,27.57894736842105,11.229007633587786,2.0,26.0,38.778669599266436,31,53,35.98275174924525,41.63429492985817,7.778669599266436,14.221330400733564
212021111,남항초등학교,212021284,봉학초등학교,1.706591,158,143,301,300.0,9.0,19.0,16.0,-3.0,18.75,15.842105263157896,13.08695652173913,33.2093023255814,2.0,18.0,28.157550211668653,19,41,25.36163236164747,31.01317554226039,9.157550211668653,12.842449788331347
212021111,남항초등학교,212021500,청학초등학교,1.831452,158,151,309,305.0,10.0,20.0,15.0,-5.0,20.333333333333332,14.714285714285714,7.357142857142857,37.74757281553398,2.0,17.0,26.82991028821893,21,43,24.033992438197746,29.68553561881067,5.8299102882189295,16.17008971178107
212021111,남항초등학교,212021156,남부민초등학교,1.914414,158,90,248,244.0,6.0,16.0,13.0,-3.0,18.76923076923077,16.533333333333335,10.333333333333334,60.37903225806452,2.0,15.0,24.174630441319483,15,37,21.3787125912983,27.03025577191122,9.174630441319483,12.825369558680517
212021111,남항초등학교,212021280,봉삼초등학교,2.114442,158,30,188,183.0,6.0,16.0,9.0,-7.0,20.333333333333332,12.533333333333333,15.666666666666666,79.26595744680851,2.0,11.0,18.864070747520593,15,37,16.06815289749941,21.71969607811233,3.864070747520593,18.135929252479407
212021111,남항초등학교,212021456,절영초등학교,2.176587,158,59,217,211.0,6.0,16.0,12.0,-4.0,17.583333333333332,13.5625,12.764705882352942,37.99078341013825,2.0,14.0,22.84699051786976,16,38,20.051072667848576,25.702615848461498,6.846990517869759,15.15300948213024
212021111,남항초등학교,212021324,상리초등학교,2.186342,158,106,264,261.0,6.0,16.0,14.0,-2.0,18.642857142857142,20.307692307692307,14.666666666666666,48.48106060606061,2.0,16.0,25.502270364769206,13,35,22.706352514748023,28.357895695360945,12.502270364769206,9.497729635230794
212021111,남항초등학교,212021492,청동초등학교,2.265736,158,407,565,560.0,19.0,29.0,26.0,-3.0,21.53846153846154,18.833333333333332,14.125,29.543362831858406,3.0,29.0,42.761589369615606,30,52,39.96567151959442,45.61721470020734,12.761589369615606,9.238410630384394
212021111,남항초등학교,212021484,천마초등학교,2.28187,158,84,242,235.0,7.0,17.0,13.0,-4.0,18.076923076923077,17.285714285714285,14.235294117647058,43.586776859504134,2.0,15.0,24.174630441319483,14,36,21.3787125912983,27.03025577191122,10.174630441319483,11.825369558680517
212021111,남항초등학교,212021348,송도초등학교,2.53958,158,501,659,652.0,25.0,35.0,29.0,-6.0,22.482758620689655,17.342105263157894,19.96969696969697,15.039453717754173,3.0,32.0,46.74450913996478,38,60,43.94859128994359,49.60013447055651,8.744509139964777,13.255490860035223
212021111,남항초등학교,212021287,광일초등학교,2.561123,158,203,361,361.0,11.0,21.0,16.0,-5.0,22.5625,16.40909090909091,13.884615384615385,28.87534626038781,2.0,18.0,28.157550211668653,22,44,25.36163236164747,31.01317554226039,6.157550211668653,15.842449788331347
212021111,남항초등학교,212021532,토성초등학교,2.637322,158,401,559,550.0,19.0,29.0,26.0,-3.0,21.153846153846153,16.939393939393938,16.441176470588236,25.386404293381037,3.0,29.0,42.761589369615606,33,55,39.96567151959442,45.61721470020734,9.761589369615606,12.238410630384394
212021111,남항초등학교,212021460,중리초등학교,2.684585,158,486,644,640.0,23.0,33.0,28.0,-5.0,22.857142857142858,17.88888888888889,19.515151515151516,22.6972049689441,2.0,30.0,44.08922929306533,36,58,41.293311443044146,46.944854623657065,8.08922929306533,13.91077070693467
212021111,남항초등학교,212021236,동삼초등학교,2.801692,158,421,579,574.0,18.0,28.0,26.0,-2.0,22.076923076923077,20.678571428571427,25.17391304347826,16.29015544041451,2.0,28.0,41.43394944616588,28,50,38.6380315961447,44.28957477675762,13.433949446165883,8.566050553834117
212021220,대평초등학교,212021111,남항초등학교,0.577382,209,158,367,357.0,10.0,20.0,16.0,-4.0,22.3125,16.681818181818183,10.194444444444445,48.12806539509537,2.0,18.0,28.157550211668653,22,41,25.36163236164747,31.01317554226039,6.157550211668653,12.842449788331347
212021220,대평초등학교,212021412,영도초등학교,0.727965,209,224,433,420.0,12.0,22.0,20.0,-2.0,21.0,17.32,13.53125,52.94919168591224,3.0,23.0,34.795749828917266,25,44,31.999831978896083,37.651375159509,9.795749828917266,9.204250171082734
212021220,대평초등학교,212021204,대교초등학교,1.011904,209,366,575,566.0,18.0,28.0,26.0,-2.0,21.76923076923077,18.548387096774192,30.263157894736842,10.23304347826087,2.0,28.0,41.43394944616588,31,50,38.6380315961447,44.28957477675762,10.433949446165883,8.566050553834117
212021220,대평초등학교,212021156,남부민초등학교,1.433894,209,90,299,289.0,6.0,16.0,16.0,0.0,18.0625,19.933333333333334,12.458333333333334,50.080267558528426,2.0,18.0,28.157550211668653,15,34,25.36163236164747,31.01317554226039,13.157550211668653,5.842449788331347
212021220,대평초등학교,212021284,봉학초등학교,1.718769,209,143,352,345.0,9.0,19.0,17.0,-2.0,20.294117647058822,18.526315789473685,15.304347826086957,28.397727272727273,2.0,19.0,29.485190135118376,19,38,26.689272285097193,32.340815465710115,10.485190135118376,8.514809864881624
212021220,대평초등학교,212021500,청학초등학교,1.983578,209,151,360,350.0,10.0,20.0,17.0,-3.0,20.58823529411765,17.142857142857142,8.571428571428571,32.4,2.0,19.0,29.485190135118376,21,40,26.689272285097193,32.340815465710115,8.485190135118376,10.514809864881624
212021220,대평초등학교,212021484,천마초등학교,1.994161,209,84,293,280.0,7.0,17.0,16.0,-1.0,17.5,20.928571428571427,17.235294117647058,36.0,2.0,18.0,28.157550211668653,14,33,25.36163236164747,31.01317554226039,14.157550211668653,4.842449788331347
212021220,대평초등학교,212021287,광일초등학교,2.005114,209,203,412,406.0,11.0,21.0,19.0,-2.0,21.36842105263158,18.727272727272727,15.846153846153847,25.300970873786408,2.0,21.0,32.14046998201782,22,41,29.344552131996636,34.996095312609555,10.14046998201782,8.85953001798218
212021220,대평초등학교,212021532,토성초등학교,2.065516,209,401,610,595.0,19.0,29.0,27.0,-2.0,22.037037037037038,18.484848484848484,17.941176470588236,23.263934426229508,3.0,30.0,44.08922929306533,33,52,41.293311443044146,46.944854623657065,11.08922929306533,7.91077070693467
212021220,대평초등학교,212021348,송도초등학교,2.319521,209,501,710,697.0,25.0,35.0,30.0,-5.0,23.233333333333334,18.68421052631579,21.515151515151516,13.959154929577466,3.0,33.0,48.0721490634145,38,57,45.27623121339332,50.927774394006235,10.0721490634145,8.9278509365855
212021220,대평초등학교,212021286,보수초등학교,2.453939,209,154,363,354.0,11.0,21.0,16.0,-5.0,22.125,19.105263157894736,22.6875,14.537190082644628,2.0,18.0,28.157550211668653,19,38,25.36163236164747,31.01317554226039,9.157550211668653,9.842449788331347
212021220,대평초등학교,212021404,아미초등학교,2.464449,209,31,240,231.0,6.0,16.0,11.0,-5.0,21.0,16.0,21.818181818181817,45.7875,2.0,13.0,21.519350594420036,15,34,18.723432744398853,24.374975925011775,6.519350594420036,12.480649405579964
212021220,대평초등학교,212021492,청동초등학교,2.59835,209,407,616,605.0,19.0,29.0,27.0,-2.0,22.40740740740741,20.533333333333335,15.4,27.0974025974026,3.0,30.0,44.08922929306533,30,49,41.293311443044146,46.944854623657065,14.08922929306533,4.91077070693467
212021220,대평초등학교,212021324,상리초등학교,2.602144,209,106,315,306.0,6.0,16.0,16.0,0.0,19.125,24.23076923076923,17.5,40.63174603174603,2.0,18.0,28.157550211668653,13,32,25.36163236164747,31.01317554226039,15.157550211668653,3.842449788331347
212021220,대평초등학교,212021280,봉삼초등학교,2.663744,209,30,239,228.0,6.0,16.0,11.0,-5.0,20.727272727272727,15.933333333333334,19.916666666666668,62.35146443514645,2.0,13.0,21.519350594420036,15,34,18.723432744398853,24.374975925011775,6.519350594420036,12.480649405579964
212021220,대평초등학교,212021288,봉래초등학교,2.665375,209,171,380,367.0,11.0,21.0,16.0,-5.0,22.9375,16.52173913043478,22.352941176470587,24.91842105263158,2.0,18.0,28.157550211668653,23,42,25.36163236164747,31.01317554226039,5.157550211668653,13.842449788331347
212021220,대평초등학교,212021292,부민초등학교,2.679145,209,574,783,766.0,26.0,36.0,32.0,-4.0,23.9375,18.209302325581394,21.16216216216216,14.232439335887612,3.0,35.0,50.72742891031395,43,62,47.93151106029276,53.58305424090568,7.727428910313947,11.272571089686053
212021220,대평초등학교,212021456,절영초등학교,2.739079,209,59,268,256.0,6.0,16.0,14.0,-2.0,18.285714285714285,16.75,15.764705882352942,30.761194029850746,2.0,16.0,25.502270364769206,16,35,22.706352514748023,28.357895695360945,9.502270364769206,9.497729635230794
212021220,대평초등학교,212021556,화랑초등학교,2.844646,209,171,380,368.0,11.0,21.0,18.0,-3.0,20.444444444444443,18.095238095238095,21.11111111111111,32.73947368421052,2.0,20.0,30.8128300585681,21,40,28.016912208546916,33.66845538915984,9.8128300585681,9.1871699414319
212021220,대평초등학교,212021116,감천초등학교,2.943029,209,99,308,297.0,7.0,17.0,15.0,-2.0,19.8,20.533333333333335,13.391304347826088,36.53896103896104,2.0,17.0,26.82991028821893,15,34,24.033992438197746,29.68553561881067,11.82991028821893,7.1700897117810705
212021280,봉삼초등학교,212021456,절영초등학교,0.217089,30,59,89,82.0,6.0,12.0,6.0,-6.0,13.666666666666666,5.5625,5.235294117647059,92.62921348314607,2.0,8.0,14.881150977171421,16,31,12.085233127150238,17.736776307763158,-1.118849022828579,16.118849022828577
212021280,봉삼초등학교,212021460,중리초등학교,0.603392,30,486,516,511.0,23.0,29.0,24.0,-5.0,21.291666666666668,14.333333333333334,15.636363636363637,28.32751937984496,2.0,26.0,38.778669599266436,36,51,35.98275174924525,41.63429492985817,2.7786695992664363,12.221330400733564
212021280,봉삼초등학교,212021236,동삼초등학교,1.058348,30,421,451,445.0,18.0,24.0,20.0,-4.0,22.25,16.107142857142858,19.608695652173914,20.913525498891353,2.0,22.0,33.46810990546754,28,43,30.67219205544636,36.32373523605928,5.468109905467543,9.531890094532457
212021280,봉삼초등학교,212021324,상리초등학교,1.069858,30,106,136,132.0,6.0,12.0,8.0,-4.0,16.5,10.461538461538462,7.555555555555555,94.11029411764706,2.0,10.0,17.53643082407087,13,28,14.740512974049686,20.39205615466261,4.5364308240708695,10.46356917592913
212021280,봉삼초등학교,212021492,청동초등학교,1.518526,30,407,437,431.0,19.0,25.0,21.0,-4.0,20.523809523809526,14.566666666666666,10.925,38.19679633867277,3.0,24.0,36.12338975236699,30,45,33.327471902345806,38.979015082958725,6.12338975236699,8.87661024763301
212021280,봉삼초등학교,212021524,태종대초등학교,1.89841,30,105,135,128.0,6.0,12.0,8.0,-4.0,16.0,10.384615384615385,9.0,56.1037037037037,2.0,10.0,17.53643082407087,13,28,14.740512974049686,20.39205615466261,4.5364308240708695,10.46356917592913
212021280,봉삼초등학교,212021500,청학초등학교,2.078089,30,151,181,176.0,10.0,16.0,10.0,-6.0,17.6,8.619047619047619,4.309523809523809,64.44198895027624,2.0,12.0,20.191710670970313,21,36,17.39579282094913,23.04733600156205,-0.8082893290296873,15.808289329029687
212021280,봉삼초등학교,212021111,남항초등학교,2.114442,30,158,188,183.0,10.0,16.0,9.0,-7.0,20.333333333333332,8.545454545454545,5.222222222222222,93.95212765957447,2.0,11.0,18.864070747520593,22,37,16.06815289749941,21.71969607811233,-3.135929252479407,18.135929252479407
212021280,봉삼초등학교,212021412,영도초등학교,2.328125,30,224,254,246.0,12.0,18.0,13.0,-5.0,18.923076923076923,10.16,7.9375,90.26377952755905,3.0,16.0,25.502270364769206,25,40,22.706352514748023,28.357895695360945,0.5022703647692062,14.497729635230794
212021280,봉삼초등학교,212021284,봉학초등학교,2.432979,30,143,173,171.0,9.0,15.0,10.0,-5.0,17.1,9.105263157894736,7.521739130434782,57.78034682080925,2.0,12.0,20.191710670970313,19,34,17.39579282094913,23.04733600156205,1.1917106709703127,13.808289329029687
212021280,봉삼초등학교,212021220,대평초등학교,2.663744,30,209,239,228.0,10.0,16.0,11.0,-5.0,20.727272727272727,12.578947368421053,10.863636363636363,56.67782426778243,2.0,13.0,21.519350594420036,19,34,18.723432744398853,24.374975925011775,2.519350594420036,12.480649405579964
212021280,봉삼초등학교,212021204,대교초등학교,2.745758,30,366,396,392.0,18.0,24.0,19.0,-5.0,20.63157894736842,12.774193548387096,20.842105263157894,14.858585858585858,2.0,21.0,32.14046998201782,31,46,29.344552131996636,34.996095312609555,1.1404699820178195,13.85953001798218
212021284,봉학초등학교,212021500,청학초등학교,0.484537,143,151,294,293.0,10.0,19.0,14.0,-5.0,20.928571428571427,14.0,7.0,39.673469387755105,2.0,16.0,25.502270364769206,21,40,22.706352514748023,28.357895695360945,4.502270364769206,14.497729635230794
212021284,봉학초등학교,212021204,대교초등학교,0.850161,143,366,509,509.0,18.0,27.0,23.0,-4.0,22.130434782608695,16.419354838709676,26.789473684210527,11.55992141453831,2.0,25.0,37.45102967581671,31,50,34.65511182579553,40.30665500640845,6.451029675816713,12.548970324183287
212021284,봉학초등학교,212021412,영도초등학교,1.002548,143,224,367,363.0,12.0,21.0,18.0,-3.0,20.166666666666668,14.68,11.46875,62.47138964577657,3.0,21.0,32.14046998201782,25,44,29.344552131996636,34.996095312609555,7.1404699820178195,11.85953001798218
212021284,봉학초등학교,212021492,청동초등학교,1.394571,143,407,550,548.0,19.0,28.0,24.0,-4.0,22.833333333333332,18.333333333333332,13.75,30.349090909090908,3.0,27.0,40.10630952271616,30,49,37.310391672694976,42.961934853307895,10.10630952271616,8.89369047728384
212021284,봉학초등학교,212021324,상리초등학교,1.688536,143,106,249,249.0,6.0,15.0,13.0,-2.0,19.153846153846153,19.153846153846153,13.833333333333334,51.40160642570281,2.0,15.0,24.174630441319483,13,32,21.3787125912983,27.03025577191122,11.174630441319483,7.825369558680517
212021284,봉학초등학교,212021111,남항초등학교,1.706591,143,158,301,300.0,10.0,19.0,16.0,-3.0,18.75,13.681818181818182,8.36111111111111,58.68106312292359,2.0,18.0,28.157550211668653,22,41,25.36163236164747,31.01317554226039,6.157550211668653,12.842449788331347
212021284,봉학초등학교,212021220,대평초등학교,1.718769,143,209,352,345.0,10.0,19.0,17.0,-2.0,20.294117647058822,18.526315789473685,16.0,38.48295454545455,2.0,19.0,29.485190135118376,19,38,26.689272285097193,32.340815465710115,10.485190135118376,8.514809864881624
212021284,봉학초등학교,212021236,동삼초등학교,2.423717,143,421,564,562.0,18.0,27.0,25.0,-2.0,22.48,20.142857142857142,24.52173913043478,16.72340425531915,2.0,27.0,40.10630952271616,28,47,37.310391672694976,42.961934853307895,12.10630952271616,6.89369047728384
212021284,봉학초등학교,212021280,봉삼초등학교,2.432979,143,30,173,171.0,6.0,15.0,10.0,-5.0,17.1,11.533333333333333,14.416666666666666,86.13872832369943,2.0,12.0,20.191710670970313,15,34,17.39579282094913,23.04733600156205,5.191710670970313,13.808289329029687
212021284,봉학초등학교,212021287,광일초등학교,2.480843,143,203,346,349.0,11.0,20.0,18.0,-2.0,19.38888888888889,15.727272727272727,13.307692307692308,30.127167630057805,2.0,20.0,30.8128300585681,22,41,28.016912208546916,33.66845538915984,8.8128300585681,10.1871699414319
212021284,봉학초등학교,212021288,봉래초등학교,2.499086,143,171,314,310.0,11.0,20.0,16.0,-4.0,19.375,13.652173913043478,18.470588235294116,30.156050955414013,2.0,18.0,28.157550211668653,23,42,25.36163236164747,31.01317554226039,5.157550211668653,13.842449788331347
212021284,봉학초등학교,212021456,절영초등학교,2.618133,143,59,202,199.0,6.0,15.0,11.0,-4.0,18.09090909090909,12.625,11.882352941176471,40.81188118811881,2.0,13.0,21.519350594420036,16,35,18.723432744398853,24.374975925011775,5.519350594420036,13.480649405579964
212021284,봉학초등학교,212021460,중리초등학교,2.742973,143,486,629,628.0,23.0,32.0,28.0,-4.0,22.428571428571427,17.47222222222222,19.060606060606062,23.238473767885534,2.0,30.0,44.08922929306533,36,55,41.293311443044146,46.944854623657065,8.08922929306533,10.91077070693467
212021284,봉학초등학교,213021058,초량초등학교,2.814049,143,185,328,329.0,12.0,21.0,17.0,-4.0,19.352941176470587,15.619047619047619,10.933333333333334,38.14329268292683,2.0,19.0,29.485190135118376,21,40,26.689272285097193,32.340815465710115,8.485190135118376,10.514809864881624
212021284,봉학초등학교,212021156,남부민초등학교,2.968843,143,90,233,232.0,6.0,15.0,12.0,-3.0,19.333333333333332,15.533333333333333,9.708333333333334,64.26609442060087,2.0,14.0,22.84699051786976,15,34,20.051072667848576,25.702615848461498,7.846990517869759,11.15300948213024
212021324,상리초등학교,212021492,청동초등학교,0.458225,106,407,513,509.0,19.0,25.0,22.0,-3.0,23.136363636363637,17.1,12.825,32.538011695906434,3.0,25.0,37.45102967581671,30,43,34.65511182579553,40.30665500640845,7.451029675816713,5.548970324183287
212021324,상리초등학교,212021236,동삼초등학교,0.744463,106,421,527,523.0,18.0,24.0,25.0,1.0,20.92,18.821428571428573,22.91304347826087,17.89753320683112,2.0,27.0,40.10630952271616,28,41,37.310391672694976,42.961934853307895,12.10630952271616,0.8936904772838403
212021324,상리초등학교,212021280,봉삼초등학교,1.069858,106,30,136,132.0,6.0,12.0,8.0,-4.0,16.5,9.066666666666666,11.333333333333334,109.57352941176471,2.0,10.0,17.53643082407087,15,28,14.740512974049686,20.39205615466261,2.5364308240708695,10.46356917592913
212021324,상리초등학교,212021460,중리초등학교,1.123665,106,486,592,589.0,23.0,29.0,26.0,-3.0,22.653846153846153,16.444444444444443,17.939393939393938,24.69087837837838,2.0,28.0,41.43394944616588,36,49,38.6380315961447,44.28957477675762,5.433949446165883,7.566050553834117
212021324,상리초등학교,212021500,청학초등학교,1.233387,106,151,257,254.0,10.0,16.0,13.0,-3.0,19.53846153846154,12.238095238095237,6.119047619047619,45.3852140077821,2.0,15.0,24.174630441319483,21,34,21.3787125912983,27.03025577191122,3.174630441319483,9.825369558680517
212021324,상리초등학교,212021456,절영초등학교,1.286667,106,59,165,160.0,6.0,12.0,9.0,-3.0,17.77777777777778,10.3125,9.705882352941176,49.96363636363636,2.0,11.0,18.864070747520593,16,29,16.06815289749941,21.71969607811233,2.864070747520593,10.135929252479407
212021324,상리초등학교,212021284,봉학초등학교,1.688536,106,143,249,249.0,9.0,15.0,13.0,-2.0,19.153846153846153,13.105263157894736,10.826086956521738,40.144578313253014,2.0,15.0,24.174630441319483,19,32,21.3787125912983,27.03025577191122,5.174630441319483,7.825369558680517
212021324,상리초등학교,212021412,영도초등학교,2.0214,106,224,330,324.0,12.0,18.0,15.0,-3.0,21.6,13.2,10.3125,69.47575757575757,3.0,18.0,28.157550211668653,25,38,25.36163236164747,31.01317554226039,3.157550211668653,9.842449788331347
212021324,상리초등학교,212021111,남항초등학교,2.186342,106,158,264,261.0,10.0,16.0,14.0,-2.0,18.642857142857142,12.0,7.333333333333333,66.90530303030303,2.0,16.0,25.502270364769206,22,35,22.706352514748023,28.357895695360945,3.502270364769206,9.497729635230794
212021324,상리초등학교,212021204,대교초등학교,2.279253,106,366,472,470.0,18.0,24.0,22.0,-2.0,21.363636363636363,15.225806451612904,24.842105263157894,12.466101694915254,2.0,24.0,36.12338975236699,31,44,33.327471902345806,38.979015082958725,5.12338975236699,7.87661024763301
212021324,상리초등학교,212021524,태종대초등학교,2.451971,106,105,211,206.0,6.0,12.0,11.0,-1.0,18.727272727272727,16.23076923076923,14.066666666666666,35.8957345971564,2.0,13.0,21.519350594420036,13,26,18.723432744398853,24.374975925011775,8.519350594420036,4.480649405579964
212021324,상리초등학교,212021220,대평초등학교,2.602144,106,209,315,306.0,10.0,16.0,16.0,0.0,19.125,16.57894736842105,14.318181818181818,43.00317460317461,2.0,18.0,28.157550211668653,19,32,25.36163236164747,31.01317554226039,9.157550211668653,3.842449788331347
212021412,영도초등학교,212021204,대교초등학교,0.508781,224,366,590,584.0,18.0,30.0,27.0,-3.0,21.62962962962963,19.032258064516128,31.05263157894737,9.972881355932204,3.0,30.0,44.08922929306533,31,56,41.293311443044146,46.944854623657065,13.08922929306533,11.91077070693467
212021412,영도초등학교,212021220,대평초등학교,0.727965,224,209,433,420.0,10.0,22.0,20.0,-2.0,21.0,22.789473684210527,19.681818181818183,31.28406466512702,3.0,23.0,34.795749828917266,19,44,31.999831978896083,37.651375159509,15.795749828917266,9.204250171082734
212021412,영도초등학교,212021111,남항초등학교,0.770248,224,158,382,375.0,10.0,22.0,18.0,-4.0,20.833333333333332,17.363636363636363,10.61111111111111,46.238219895287955,3.0,21.0,32.14046998201782,22,47,29.344552131996636,34.996095312609555,10.14046998201782,14.85953001798218
212021412,영도초등학교,212021284,봉학초등학교,1.002548,224,143,367,363.0,9.0,21.0,18.0,-3.0,20.166666666666668,19.31578947368421,15.956521739130435,27.237057220708447,3.0,21.0,32.14046998201782,19,44,29.344552131996636,34.996095312609555,13.14046998201782,11.85953001798218
212021412,영도초등학교,212021500,청학초등학교,1.259597,224,151,375,368.0,10.0,22.0,18.0,-4.0,20.444444444444443,17.857142857142858,8.928571428571429,31.104,3.0,21.0,32.14046998201782,21,46,29.344552131996636,34.996095312609555,11.14046998201782,13.85953001798218
212021412,영도초등학교,212021492,청동초등학교,1.941541,224,407,631,623.0,19.0,31.0,28.0,-3.0,22.25,21.033333333333335,15.775,26.45324881141046,4.0,32.0,46.74450913996478,30,55,43.94859128994359,49.60013447055651,16.744509139964777,8.255490860035223
212021412,영도초등학교,212021324,상리초등학교,2.0214,224,106,330,324.0,6.0,18.0,15.0,-3.0,21.6,25.384615384615383,18.333333333333332,38.78484848484848,3.0,18.0,28.157550211668653,13,38,25.36163236164747,31.01317554226039,15.157550211668653,9.842449788331347
212021412,영도초등학교,212021156,남부민초등학교,2.088815,224,90,314,307.0,6.0,18.0,14.0,-4.0,21.928571428571427,20.933333333333334,13.083333333333334,47.68789808917197,3.0,17.0,26.82991028821893,15,40,24.033992438197746,29.68553561881067,11.82991028821893,13.17008971178107
212021412,영도초등학교,212021287,광일초등학교,2.145196,224,203,427,424.0,11.0,23.0,19.0,-4.0,22.31578947368421,19.40909090909091,16.423076923076923,24.412177985948478,3.0,22.0,33.46810990546754,22,47,30.67219205544636,36.32373523605928,11.468109905467543,13.531890094532457
212021412,영도초등학교,212021280,봉삼초등학교,2.328125,224,30,254,246.0,6.0,18.0,13.0,-5.0,18.923076923076923,16.933333333333334,21.166666666666668,58.669291338582674,3.0,16.0,25.502270364769206,15,40,22.706352514748023,28.357895695360945,10.502270364769206,14.497729635230794
212021412,영도초등학교,212021456,절영초등학교,2.453232,224,59,283,274.0,6.0,18.0,13.0,-5.0,21.076923076923077,17.6875,16.647058823529413,29.130742049469966,3.0,16.0,25.502270364769206,16,41,22.706352514748023,28.357895695360945,9.502270364769206,15.497729635230794
212021412,영도초등학교,212021532,토성초등학교,2.489258,224,401,625,613.0,19.0,31.0,27.0,-4.0,22.703703703703702,18.939393939393938,18.38235294117647,22.7056,4.0,31.0,45.41686921651505,33,58,42.62095136649387,48.27249454710679,12.416869216515053,12.583130783484947
212021412,영도초등학교,212021288,봉래초등학교,2.552613,224,171,395,385.0,11.0,23.0,18.0,-5.0,21.38888888888889,17.17391304347826,23.235294117647058,23.97215189873418,3.0,21.0,32.14046998201782,23,48,29.344552131996636,34.996095312609555,9.14046998201782,15.85953001798218
212021412,영도초등학교,212021286,보수초등학교,2.675348,224,154,378,372.0,11.0,23.0,19.0,-4.0,19.57894736842105,19.894736842105264,23.625,13.96031746031746,3.0,22.0,33.46810990546754,19,44,30.67219205544636,36.32373523605928,14.468109905467543,10.531890094532457
212021412,영도초등학교,212021484,천마초등학교,2.720702,224,84,308,298.0,7.0,19.0,16.0,-3.0,18.625,22.0,18.11764705882353,34.246753246753244,3.0,19.0,29.485190135118376,14,39,26.689272285097193,32.340815465710115,15.485190135118376,9.514809864881624
212021412,영도초등학교,212021236,동삼초등학교,2.736707,224,421,645,637.0,18.0,30.0,29.0,-1.0,21.96551724137931,23.035714285714285,28.043478260869566,14.623255813953488,3.0,32.0,46.74450913996478,28,53,43.94859128994359,49.60013447055651,18.744509139964777,6.2554908600352235
212021412,영도초등학교,212021460,중리초등학교,2.812509,224,486,710,703.0,23.0,35.0,31.0,-4.0,22.677419354838708,19.72222222222222,21.515151515151516,20.58732394366197,3.0,34.0,49.39978898686422,36,61,46.60387113684304,52.25541431745596,13.399788986864223,11.600211013135777
212021412,영도초등학교,212021404,아미초등학교,2.954407,224,31,255,249.0,6.0,18.0,13.0,-5.0,19.153846153846153,17.0,23.181818181818183,43.09411764705882,3.0,16.0,25.502270364769206,15,40,22.706352514748023,28.357895695360945,10.502270364769206,14.497729635230794
212021412,영도초등학교,212021292,부민초등학교,2.973936,224,574,798,784.0,26.0,38.0,33.0,-5.0,23.757575757575758,18.558139534883722,21.56756756756757,13.964912280701755,4.0,37.0,53.38270875721339,43,68,50.58679090719221,56.23833408780513,10.382708757213393,14.617291242786607
212021412,영도초등학교,213021058,초량초등학교,2.979414,224,185,409,404.0,12.0,24.0,19.0,-5.0,21.263157894736842,19.476190476190474,13.633333333333333,30.589242053789732,3.0,22.0,33.46810990546754,21,46,30.67219205544636,36.32373523605928,12.468109905467543,12.531890094532457
212021456,절영초등학교,212021280,봉삼초등학교,0.217089,59,30,89,82.0,6.0,12.0,6.0,-6.0,13.666666666666666,5.933333333333334,7.416666666666667,167.43820224719101,2.0,8.0,14.881150977171421,15,31,12.085233127150238,17.736776307763158,-0.11884902282857901,16.118849022828577
212021456,절영초등학교,212021460,중리초등학교,0.668375,59,486,545,539.0,23.0,29.0,25.0,-4.0,21.56,15.13888888888889,16.515151515151516,26.82018348623853,2.0,27.0,40.10630952271616,36,52,37.310391672694976,42.961934853307895,4.10630952271616,11.89369047728384
212021456,절영초등학교,212021236,동삼초등학교,1.223512,59,421,480,473.0,18.0,24.0,22.0,-2.0,21.5,17.142857142857142,20.869565217391305,19.65,2.0,24.0,36.12338975236699,28,44,33.327471902345806,38.979015082958725,8.12338975236699,7.87661024763301
212021456,절영초등학교,212021324,상리초등학교,1.286667,59,106,165,160.0,6.0,12.0,9.0,-3.0,17.77777777777778,12.692307692307692,9.166666666666666,77.56969696969696,2.0,11.0,18.864070747520593,13,29,16.06815289749941,21.71969607811233,5.864070747520593,10.135929252479407
212021456,절영초등학교,212021492,청동초등학교,1.735586,59,407,466,459.0,19.0,25.0,21.0,-4.0,21.857142857142858,15.533333333333333,11.65,35.81974248927039,3.0,24.0,36.12338975236699,30,46,33.327471902345806,38.979015082958725,6.12338975236699,9.87661024763301
212021456,절영초등학교,212021524,태종대초등학교,1.830689,59,105,164,156.0,6.0,12.0,10.0,-2.0,15.6,12.615384615384615,10.933333333333334,46.18292682926829,2.0,12.0,20.191710670970313,13,29,17.39579282094913,23.04733600156205,7.191710670970313,8.808289329029687
212021456,절영초등학교,212021111,남항초등학교,2.176587,59,158,217,211.0,10.0,16.0,12.0,-4.0,17.583333333333332,9.863636363636363,6.027777777777778,81.3963133640553,2.0,14.0,22.84699051786976,22,38,20.051072667848576,25.702615848461498,0.8469905178697594,15.15300948213024
212021456,절영초등학교,212021500,청학초등학교,2.2776,59,151,210,204.0,10.0,16.0,10.0,-6.0,20.4,10.0,5.0,55.542857142857144,2.0,12.0,20.191710670970313,21,37,17.39579282094913,23.04733600156205,-0.8082893290296873,16.808289329029687
212021456,절영초등학교,212021412,영도초등학교,2.453232,59,224,283,274.0,12.0,18.0,13.0,-5.0,21.076923076923077,11.32,8.84375,81.01413427561837,3.0,16.0,25.502270364769206,25,41,22.706352514748023,28.357895695360945,0.5022703647692062,15.497729635230794
212021456,절영초등학교,212021284,봉학초등학교,2.618133,59,143,202,199.0,9.0,15.0,11.0,-4.0,18.09090909090909,10.631578947368421,8.782608695652174,49.48514851485149,2.0,13.0,21.519350594420036,19,35,18.723432744398853,24.374975925011775,2.519350594420036,13.480649405579964
212021456,절영초등학교,212021220,대평초등학교,2.739079,59,209,268,256.0,10.0,16.0,14.0,-2.0,18.285714285714285,14.105263157894736,12.181818181818182,50.54477611940298,2.0,16.0,25.502270364769206,19,35,22.706352514748023,28.357895695360945,6.502270364769206,9.497729635230794
212021456,절영초등학교,212021204,대교초등학교,2.889049,59,366,425,420.0,18.0,24.0,20.0,-4.0,21.0,13.709677419354838,22.36842105263158,13.84470588235294,2.0,22.0,33.46810990546754,31,47,30.67219205544636,36.32373523605928,2.468109905467543,13.531890094532457
212021500,청학초등학교,212021284,봉학초등학교,0.484537,151,143,294,293.0,9.0,19.0,14.0,-5.0,20.928571428571427,15.473684210526315,12.782608695652174,34.0,2.0,16.0,25.502270364769206,19,40,22.706352514748023,28.357895695360945,6.502270364769206,14.497729635230794
212021500,청학초등학교,212021492,청동초등학교,0.911719,151,407,558,553.0,19.0,29.0,24.0,-5.0,23.041666666666668,18.6,13.95,29.913978494623656,3.0,27.0,40.10630952271616,30,51,37.310391672694976,42.961934853307895,10.10630952271616,10.89369047728384
212021500,청학초등학교,212021324,상리초등학교,1.233387,151,106,257,254.0,6.0,16.0,13.0,-3.0,19.53846153846154,19.76923076923077,14.277777777777779,49.80155642023346,2.0,15.0,24.174630441319483,13,34,21.3787125912983,27.03025577191122,11.174630441319483,9.825369558680517
212021500,청학초등학교,212021412,영도초등학교,1.259597,151,224,375,368.0,12.0,22.0,18.0,-4.0,20.444444444444443,15.0,11.71875,61.138666666666666,3.0,21.0,32.14046998201782,25,46,29.344552131996636,34.996095312609555,7.1404699820178195,13.85953001798218
212021500,청학초등학교,212021204,대교초등학교,1.265443,151,366,517,514.0,18.0,28.0,23.0,-5.0,22.347826086956523,16.677419354838708,27.210526315789473,11.381044487427467,2.0,25.0,37.45102967581671,31,52,34.65511182579553,40.30665500640845,6.451029675816713,14.548970324183287
212021500,청학초등학교,212021111,남항초등학교,1.831452,151,158,309,305.0,10.0,20.0,15.0,-5.0,20.333333333333332,14.045454545454545,8.583333333333334,57.16181229773463,2.0,17.0,26.82991028821893,22,43,24.033992438197746,29.68553561881067,4.8299102882189295,16.17008971178107
212021500,청학초등학교,212021236,동삼초등학교,1.956325,151,421,572,567.0,18.0,28.0,26.0,-2.0,21.807692307692307,20.428571428571427,24.869565217391305,16.48951048951049,2.0,28.0,41.43394944616588,28,49,38.6380315961447,44.28957477675762,13.433949446165883,7.566050553834117
212021500,청학초등학교,212021220,대평초등학교,1.983578,151,209,360,350.0,10.0,20.0,17.0,-3.0,20.58823529411765,18.94736842105263,16.363636363636363,37.62777777777778,2.0,19.0,29.485190135118376,19,40,26.689272285097193,32.340815465710115,10.485190135118376,10.514809864881624
212021500,청학초등학교,212021280,봉삼초등학교,2.078089,151,30,181,176.0,6.0,16.0,10.0,-6.0,17.6,12.066666666666666,15.083333333333334,82.33149171270718,2.0,12.0,20.191710670970313,15,36,17.39579282094913,23.04733600156205,5.191710670970313,15.808289329029687
212021500,청학초등학교,212021456,절영초등학교,2.2776,151,59,210,204.0,6.0,16.0,10.0,-6.0,20.4,13.125,12.352941176470589,39.25714285714286,2.0,12.0,20.191710670970313,16,37,17.39579282094913,23.04733600156205,4.191710670970313,16.808289329029687
212021500,청학초등학교,212021460,중리초등학교,2.32337,151,486,637,633.0,23.0,33.0,27.0,-6.0,23.444444444444443,17.694444444444443,19.303030303030305,22.946624803767662,2.0,29.0,42.761589369615606,36,57,39.96567151959442,45.61721470020734,6.761589369615606,14.238410630384394
212021500,청학초등학교,212021287,광일초등학교,2.95917,151,203,354,354.0,11.0,21.0,17.0,-4.0,20.823529411764707,16.09090909090909,13.615384615384615,29.44632768361582,2.0,19.0,29.485190135118376,22,43,26.689272285097193,32.340815465710115,7.485190135118376,13.514809864881624
212021500,청학초등학교,212021288,봉래초등학교,2.974023,151,171,322,315.0,11.0,21.0,16.0,-5.0,19.6875,14.0,18.941176470588236,29.406832298136646,2.0,18.0,28.157550211668653,23,44,25.36163236164747,31.01317554226039,5.157550211668653,15.842449788331347
212021524,태종대초등학교,212021460,중리초등학교,1.402307,105,486,591,585.0,23.0,29.0,26.0,-3.0,22.5,16.416666666666668,17.90909090909091,24.732656514382402,2.0,28.0,41.43394944616588,36,49,38.6380315961447,44.28957477675762,5.433949446165883,7.566050553834117
212021524,태종대초등학교,212021236,동삼초등학교,1.779164,105,421,526,519.0,18.0,24.0,24.0,0.0,21.625,18.785714285714285,22.869565217391305,17.931558935361217,2.0,26.0,38.778669599266436,28,41,35.98275174924525,41.63429492985817,10.778669599266436,2.2213304007335637
212021524,태종대초등학교,212021456,절영초등학교,1.830689,105,59,164,156.0,6.0,12.0,10.0,-2.0,15.6,10.25,9.647058823529411,50.26829268292683,2.0,12.0,20.191710670970313,16,29,17.39579282094913,23.04733600156205,4.191710670970313,8.808289329029687
212021524,태종대초등학교,212021280,봉삼초등학교,1.89841,105,30,135,128.0,6.0,12.0,8.0,-4.0,16.0,9.0,11.25,110.38518518518518,2.0,10.0,17.53643082407087,15,28,14.740512974049686,20.39205615466261,2.5364308240708695,10.46356917592913
212021524,태종대초등학교,212021324,상리초등학교,2.451971,105,106,211,206.0,6.0,12.0,11.0,-1.0,18.727272727272727,16.23076923076923,11.722222222222221,60.65876777251185,2.0,13.0,21.519350594420036,13,26,18.723432744398853,24.374975925011775,8.519350594420036,4.480649405579964
212021524,태종대초등학교,212021492,청동초등학교,2.845803,105,407,512,505.0,19.0,25.0,24.0,-1.0,21.041666666666668,17.066666666666666,12.8,32.6015625,3.0,27.0,40.10630952271616,30,43,37.310391672694976,42.961934853307895,10.10630952271616,2.8936904772838403
212021287,광일초등학교,212021286,보수초등학교,0.562151,203,154,357,358.0,11.0,22.0,18.0,-4.0,19.88888888888889,18.789473684210527,22.3125,14.781512605042018,2.0,20.0,30.8128300585681,19,41,28.016912208546916,33.66845538915984,11.8128300585681,10.1871699414319
212021287,광일초등학교,212021292,부민초등학교,0.93109,203,574,777,770.0,26.0,37.0,33.0,-4.0,23.333333333333332,18.069767441860463,21.0,14.342342342342342,3.0,36.0,52.05506883376367,43,65,49.25915098374249,54.910694164355405,9.05506883376367,12.94493116623633
212021287,광일초등학교,212021532,토성초등학교,0.94305,203,401,604,599.0,19.0,30.0,28.0,-2.0,21.392857142857142,18.303030303030305,17.764705882352942,23.49503311258278,3.0,31.0,45.41686921651505,33,55,42.62095136649387,48.27249454710679,12.416869216515053,9.583130783484947
212021287,광일초등학교,212021288,봉래초등학교,0.972261,203,171,374,371.0,11.0,22.0,18.0,-4.0,20.61111111111111,16.26086956521739,22.0,25.318181818181817,2.0,20.0,30.8128300585681,23,45,28.016912208546916,33.66845538915984,7.8128300585681,14.1871699414319
212021287,광일초등학교,212021556,화랑초등학교,0.973179,203,171,374,372.0,11.0,22.0,18.0,-4.0,20.666666666666668,17.80952380952381,20.77777777777778,33.26470588235294,2.0,20.0,30.8128300585681,21,43,28.016912208546916,33.66845538915984,9.8128300585681,12.1871699414319
212021287,광일초등학교,212021404,아미초등학교,1.424396,203,31,234,235.0,6.0,17.0,13.0,-4.0,18.076923076923077,15.6,21.272727272727273,46.96153846153846,2.0,15.0,24.174630441319483,15,37,21.3787125912983,27.03025577191122,9.174630441319483,12.825369558680517
212021287,광일초등학교,213021058,초량초등학교,1.427885,203,185,388,390.0,12.0,23.0,18.0,-5.0,21.666666666666668,18.476190476190474,12.933333333333334,32.24484536082474,2.0,20.0,30.8128300585681,21,43,28.016912208546916,33.66845538915984,9.8128300585681,12.1871699414319
212021287,광일초등학교,212021244,동신초등학교,1.563968,203,288,491,491.0,14.0,25.0,22.0,-3.0,22.318181818181817,19.64,12.275,30.790224032586558,2.0,24.0,36.12338975236699,25,47,33.327471902345806,38.979015082958725,11.12338975236699,10.87661024763301
212021287,광일초등학교,212021156,남부민초등학교,1.724373,203,90,293,293.0,6.0,17.0,16.0,-1.0,18.3125,19.533333333333335,12.208333333333334,51.10580204778157,2.0,18.0,28.157550211668653,15,37,25.36163236164747,31.01317554226039,13.157550211668653,8.842449788331347
212021287,광일초등학교,212021204,대교초등학교,1.78124,203,366,569,570.0,18.0,29.0,27.0,-2.0,21.11111111111111,18.35483870967742,29.94736842105263,10.340949033391915,2.0,29.0,42.761589369615606,31,53,39.96567151959442,45.61721470020734,11.761589369615606,10.238410630384394
212021287,광일초등학교,212021220,대평초등학교,2.005114,203,209,412,406.0,10.0,21.0,19.0,-2.0,21.36842105263158,21.68421052631579,18.727272727272727,32.87864077669903,2.0,21.0,32.14046998201782,19,41,29.344552131996636,34.996095312609555,13.14046998201782,8.85953001798218
212021287,광일초등학교,212021212,대신초등학교,2.130938,203,732,935,934.0,30.0,41.0,40.0,-1.0,23.35,22.804878048780488,20.32608695652174,12.197860962566844,2.0,42.0,60.02090837446201,41,63,57.22499052444083,62.876533705053745,19.02090837446201,2.97909162553799
212021287,광일초등학교,212021412,영도초등학교,2.145196,203,224,427,424.0,12.0,23.0,19.0,-4.0,22.31578947368421,17.08,13.34375,53.69320843091335,3.0,22.0,33.46810990546754,25,47,30.67219205544636,36.32373523605928,8.468109905467543,13.531890094532457
212021287,광일초등학교,213021175,동일중앙초등학교,2.362448,203,898,1101,1089.0,38.0,49.0,46.0,-3.0,23.67391304347826,20.38888888888889,22.02,12.315168029064488,3.0,49.0,69.31438783861006,54,76,66.51846998858888,72.1700131692018,15.31438783861006,6.68561216138994
212021287,광일초등학교,212021132,구덕초등학교,2.410128,203,422,625,623.0,20.0,31.0,28.0,-3.0,22.25,18.939393939393938,24.03846153846154,15.3568,2.0,30.0,44.08922929306533,33,55,41.293311443044146,46.944854623657065,11.08922929306533,10.91077070693467
212021287,광일초등학교,212021372,승학초등학교,2.43107,203,205,408,407.0,11.0,22.0,20.0,-2.0,20.35,19.428571428571427,14.571428571428571,23.80392156862745,2.0,22.0,33.46810990546754,21,43,30.67219205544636,36.32373523605928,12.468109905467543,9.531890094532457
212021287,광일초등학교,212021284,봉학초등학교,2.480843,203,143,346,349.0,9.0,20.0,18.0,-2.0,19.38888888888889,18.210526315789473,15.043478260869565,28.890173410404625,2.0,20.0,30.8128300585681,19,41,28.016912208546916,33.66845538915984,11.8128300585681,10.1871699414319
212021287,광일초등학교,212021111,남항초등학교,2.561123,203,158,361,361.0,10.0,21.0,16.0,-5.0,22.5625,16.40909090909091,10.027777777777779,48.92797783933518,2.0,18.0,28.157550211668653,22,44,25.36163236164747,31.01317554226039,6.157550211668653,15.842449788331347
212021287,광일초등학교,212021484,천마초등학교,2.696846,203,84,287,284.0,7.0,18.0,14.0,-4.0,20.285714285714285,20.5,16.88235294117647,36.75261324041812,2.0,16.0,25.502270364769206,14,36,22.706352514748023,28.357895695360945,11.502270364769206,10.497729635230794
212021287,광일초등학교,212021124,괴정초등학교,2.74439,203,523,726,726.0,24.0,35.0,33.0,-2.0,22.0,18.615384615384617,22.0,9.741046831955924,3.0,36.0,52.05506883376367,39,61,49.25915098374249,54.910694164355405,13.05506883376367,8.94493116623633
212021287,광일초등학교,212021332,서천초등학교,2.914156,203,129,332,326.0,8.0,19.0,16.0,-3.0,20.375,18.444444444444443,18.444444444444443,14.909638554216867,2.0,18.0,28.157550211668653,18,40,25.36163236164747,31.01317554226039,10.157550211668653,11.842449788331347
212021287,광일초등학교,212021500,청학초등학교,2.95917,203,151,354,354.0,10.0,21.0,17.0,-4.0,20.823529411764707,16.857142857142858,8.428571428571429,32.94915254237288,2.0,19.0,29.485190135118376,21,43,26.689272285097193,32.340815465710115,8.485190135118376,13.514809864881624
212021286,보수초등학교,212021292,부민초등학교,0.392168,154,574,728,718.0,26.0,37.0,32.0,-5.0,22.4375,16.930232558139537,19.675675675675677,15.307692307692308,3.0,35.0,50.72742891031395,43,62,47.93151106029276,53.58305424090568,7.727428910313947,11.272571089686053
212021286,보수초등학교,212021556,화랑초등학교,0.41568,154,171,325,320.0,11.0,22.0,17.0,-5.0,18.823529411764707,15.476190476190476,18.055555555555557,38.28,2.0,19.0,29.485190135118376,21,40,26.689272285097193,32.340815465710115,8.485190135118376,10.514809864881624
212021286,보수초등학교,212021287,광일초등학교,0.562151,154,203,357,358.0,11.0,22.0,18.0,-4.0,19.88888888888889,16.227272727272727,13.73076923076923,29.198879551820728,2.0,20.0,30.8128300585681,22,41,28.016912208546916,33.66845538915984,8.8128300585681,10.1871699414319
212021286,보수초등학교,212021532,토성초등학교,0.803924,154,401,555,547.0,19.0,30.0,25.0,-5.0,21.88,16.818181818181817,16.323529411764707,25.56936936936937,3.0,28.0,41.43394944616588,33,52,38.6380315961447,44.28957477675762,8.433949446165883,10.566050553834117
212021286,보수초등학교,212021244,동신초등학교,1.05485,154,288,442,439.0,14.0,25.0,21.0,-4.0,20.904761904761905,17.68,11.05,34.203619909502265,2.0,23.0,34.795749828917266,25,44,31.999831978896083,37.651375159509,9.795749828917266,9.204250171082734
212021286,보수초등학교,212021404,아미초등학교,1.129709,154,31,185,183.0,6.0,17.0,11.0,-6.0,16.636363636363637,12.333333333333334,16.818181818181817,59.4,2.0,13.0,21.519350594420036,15,34,18.723432744398853,24.374975925011775,6.519350594420036,12.480649405579964
212021286,보수초등학교,212021288,봉래초등학교,1.191711,154,171,325,319.0,11.0,22.0,17.0,-5.0,18.764705882352942,14.130434782608695,19.11764705882353,29.135384615384616,2.0,19.0,29.485190135118376,23,42,26.689272285097193,32.340815465710115,6.485190135118376,12.514809864881624
212021286,보수초등학교,213021058,초량초등학교,1.537984,154,185,339,338.0,12.0,23.0,16.0,-7.0,21.125,16.142857142857142,11.3,36.905604719764014,2.0,18.0,28.157550211668653,21,40,25.36163236164747,31.01317554226039,7.157550211668653,11.842449788331347
212021286,보수초등학교,212021212,대신초등학교,1.595504,154,732,886,882.0,30.0,41.0,37.0,-4.0,23.83783783783784,21.609756097560975,19.26086956521739,12.872460496613995,2.0,39.0,56.03798860411284,41,60,53.24207075409166,58.893613934704575,15.03798860411284,3.96201139588716
212021286,보수초등학교,212021156,남부민초등학교,1.850131,154,90,244,241.0,6.0,17.0,13.0,-4.0,18.53846153846154,16.266666666666666,10.166666666666666,61.368852459016395,2.0,15.0,24.174630441319483,15,34,21.3787125912983,27.03025577191122,9.174630441319483,9.825369558680517
212021286,보수초등학교,212021132,구덕초등학교,1.915427,154,422,576,571.0,20.0,31.0,26.0,-5.0,21.96153846153846,17.454545454545453,22.153846153846153,16.663194444444443,2.0,28.0,41.43394944616588,33,52,38.6380315961447,44.28957477675762,8.433949446165883,10.566050553834117
212021286,보수초등학교,212021372,승학초등학교,1.958248,154,205,359,355.0,11.0,22.0,17.0,-5.0,20.88235294117647,17.095238095238095,12.821428571428571,27.05292479108635,2.0,19.0,29.485190135118376,21,40,26.689272285097193,32.340815465710115,8.485190135118376,10.514809864881624
212021286,보수초등학교,212021124,괴정초등학교,2.24574,154,523,677,674.0,24.0,35.0,30.0,-5.0,22.466666666666665,17.358974358974358,20.515151515151516,10.446085672082718,3.0,33.0,48.0721490634145,39,58,45.27623121339332,50.927774394006235,9.0721490634145,9.9278509365855
212021286,보수초등학교,212021204,대교초등학교,2.33502,154,366,520,518.0,18.0,29.0,24.0,-5.0,21.583333333333332,16.774193548387096,27.36842105263158,11.315384615384616,2.0,26.0,38.778669599266436,31,50,35.98275174924525,41.63429492985817,7.778669599266436,11.221330400733564
212021286,보수초등학교,213021175,동일중앙초등학교,2.345257,154,898,1052,1037.0,38.0,49.0,44.0,-5.0,23.568181818181817,19.48148148148148,21.04,12.888783269961976,3.0,47.0,66.65910799171063,54,73,63.863190141689444,69.51473332230236,12.659107991710627,6.340892008289373
212021286,보수초등학교,212021220,대평초등학교,2.453939,154,209,363,354.0,10.0,21.0,16.0,-5.0,22.125,19.105263157894736,16.5,37.3168044077135,2.0,18.0,28.157550211668653,19,38,25.36163236164747,31.01317554226039,9.157550211668653,9.842449788331347
212021286,보수초등학교,212021332,서천초등학교,2.674345,154,129,283,274.0,8.0,19.0,13.0,-6.0,21.076923076923077,15.722222222222221,15.722222222222221,17.491166077738516,2.0,15.0,24.174630441319483,18,37,21.3787125912983,27.03025577191122,6.174630441319483,12.825369558680517
212021286,보수초등학교,212021412,영도초등학교,2.675348,154,224,378,372.0,12.0,23.0,19.0,-4.0,19.57894736842105,15.12,11.8125,60.65343915343915,3.0,22.0,33.46810990546754,25,44,30.67219205544636,36.32373523605928,8.468109905467543,10.531890094532457
212021286,보수초등학교,212021484,천마초등학교,2.763977,154,84,238,232.0,7.0,18.0,12.0,-6.0,19.333333333333332,17.0,14.0,44.319327731092436,2.0,14.0,22.84699051786976,14,33,20.051072667848576,25.702615848461498,8.84699051786976,10.15300948213024
212021288,봉래초등학교,213021058,초량초등학교,0.484238,171,185,356,351.0,12.0,23.0,18.0,-5.0,19.5,16.952380952380953,11.866666666666667,35.14325842696629,2.0,20.0,30.8128300585681,21,44,28.016912208546916,33.66845538915984,9.8128300585681,13.1871699414319
212021288,봉래초등학교,212021287,광일초등학교,0.972261,171,203,374,371.0,11.0,22.0,18.0,-4.0,20.61111111111111,17.0,14.384615384615385,27.871657754010695,2.0,20.0,30.8128300585681,22,45,28.016912208546916,33.66845538915984,8.8128300585681,14.1871699414319
212021288,봉래초등학교,212021286,보수초등학교,1.191711,171,154,325,319.0,11.0,22.0,17.0,-5.0,18.764705882352942,17.105263157894736,20.3125,16.236923076923077,2.0,19.0,29.485190135118376,19,42,26.689272285097193,32.340815465710115,10.485190135118376,12.514809864881624
212021288,봉래초등학교,212021556,화랑초등학교,1.417604,171,171,342,333.0,11.0,22.0,17.0,-5.0,19.58823529411765,16.285714285714285,19.0,36.37719298245614,2.0,19.0,29.485190135118376,21,44,26.689272285097193,32.340815465710115,8.485190135118376,14.514809864881624
212021288,봉래초등학교,213021175,동일중앙초등학교,1.460211,171,898,1069,1050.0,38.0,49.0,44.0,-5.0,23.863636363636363,19.796296296296298,21.38,12.683816651075771,3.0,47.0,66.65910799171063,54,77,63.863190141689444,69.51473332230236,12.659107991710627,10.340892008289373
212021288,봉래초등학교,212021292,부민초등학교,1.548786,171,574,745,731.0,26.0,37.0,32.0,-5.0,22.84375,17.325581395348838,20.135135135135137,14.958389261744966,3.0,35.0,50.72742891031395,43,66,47.93151106029276,53.58305424090568,7.727428910313947,15.272571089686053
212021288,봉래초등학교,212021244,동신초등학교,1.66212,171,288,459,452.0,14.0,25.0,21.0,-4.0,21.523809523809526,18.36,11.475,32.93681917211329,2.0,23.0,34.795749828917266,25,48,31.999831978896083,37.651375159509,9.795749828917266,13.204250171082734
212021288,봉래초등학교,212021532,토성초등학교,1.875304,171,401,572,560.0,19.0,30.0,26.0,-4.0,21.53846153846154,17.333333333333332,16.823529411764707,24.80944055944056,3.0,29.0,42.761589369615606,33,56,39.96567151959442,45.61721470020734,9.761589369615606,13.238410630384394
212021288,봉래초등학교,212021204,대교초등학교,2.07339,171,366,537,531.0,18.0,29.0,24.0,-5.0,22.125,17.322580645161292,28.263157894736842,10.957169459962756,2.0,26.0,38.778669599266436,31,54,35.98275174924525,41.63429492985817,7.778669599266436,15.221330400733564
212021288,봉래초등학교,212021212,대신초등학교,2.233316,171,732,903,895.0,30.0,41.0,39.0,-2.0,22.94871794871795,22.024390243902438,19.630434782608695,12.630121816168328,2.0,41.0,58.69326845101229,41,64,55.8973506009911,61.54889378160402,17.693268451012287,5.306731548987713
212021288,봉래초등학교,212021404,아미초등학교,2.298646,171,31,202,196.0,6.0,17.0,11.0,-6.0,17.818181818181817,13.466666666666667,18.363636363636363,54.4009900990099,2.0,13.0,21.519350594420036,15,38,18.723432744398853,24.374975925011775,6.519350594420036,16.480649405579964
212021288,봉래초등학교,212021132,구덕초등학교,2.326343,171,422,593,584.0,20.0,31.0,26.0,-5.0,22.46153846153846,17.96969696969697,22.807692307692307,16.18549747048904,2.0,28.0,41.43394944616588,33,56,38.6380315961447,44.28957477675762,8.433949446165883,14.566050553834117
212021288,봉래초등학교,213021345,수정초등학교,2.428812,171,335,506,496.0,16.0,27.0,22.0,-5.0,22.545454545454547,21.083333333333332,18.74074074074074,21.1600790513834,3.0,25.0,37.45102967581671,24,47,34.65511182579553,40.30665500640845,13.451029675816713,9.548970324183287
212021288,봉래초등학교,212021284,봉학초등학교,2.499086,171,143,314,310.0,9.0,20.0,16.0,-4.0,19.375,16.526315789473685,13.652173913043478,31.8343949044586,2.0,18.0,28.157550211668653,19,42,25.36163236164747,31.01317554226039,9.157550211668653,13.842449788331347
212021288,봉래초등학교,212021412,영도초등학교,2.552613,171,224,395,385.0,12.0,23.0,18.0,-5.0,21.38888888888889,15.8,12.34375,58.04303797468354,3.0,21.0,32.14046998201782,25,48,29.344552131996636,34.996095312609555,7.1404699820178195,15.85953001798218
212021288,봉래초등학교,213021335,수성초등학교,2.648651,171,124,295,288.0,8.0,19.0,14.0,-5.0,20.571428571428573,19.666666666666668,6.8604651162790695,28.03728813559322,2.0,16.0,25.502270364769206,15,38,22.706352514748023,28.357895695360945,10.502270364769206,12.497729635230794
212021288,봉래초등학교,212021220,대평초등학교,2.665375,171,209,380,367.0,10.0,21.0,16.0,-5.0,22.9375,20.0,17.272727272727273,35.64736842105263,2.0,18.0,28.157550211668653,19,42,25.36163236164747,31.01317554226039,9.157550211668653,13.842449788331347
212021288,봉래초등학교,212021156,남부민초등학교,2.682312,171,90,261,254.0,6.0,17.0,13.0,-4.0,19.53846153846154,17.4,10.875,57.371647509578544,2.0,15.0,24.174630441319483,15,38,21.3787125912983,27.03025577191122,9.174630441319483,13.825369558680517
212021288,봉래초등학교,212021500,청학초등학교,2.974023,171,151,322,315.0,10.0,21.0,16.0,-5.0,19.6875,15.333333333333334,7.666666666666667,36.22360248447205,2.0,18.0,28.157550211668653,21,44,25.36163236164747,31.01317554226039,7.157550211668653,15.842449788331347
216021238,반석초등학교,216021569,삼어초등학교,0.884004,62,272,334,330.0,15.0,21.0,16.0,-5.0,20.625,15.181818181818182,7.9523809523809526,32.287425149700596,2.0,18.0,28.157550211668653,22,36,25.36163236164747,31.01317554226039,6.157550211668653,7.842449788331347
216021238,반석초등학교,216021396,인지초등학교,0.946028,62,502,564,557.0,23.0,29.0,25.0,-4.0,22.28,14.842105263157896,10.846153846153847,23.090425531914892,2.0,27.0,40.10630952271616,38,52,37.310391672694976,42.961934853307895,2.1063095227161597,11.89369047728384
216021238,반석초등학교,216021256,반여초등학교,1.045979,62,161,223,214.0,11.0,17.0,12.0,-5.0,17.833333333333332,10.136363636363637,6.757575757575758,131.42152466367713,3.0,15.0,24.174630441319483,22,36,21.3787125912983,27.03025577191122,2.174630441319483,11.825369558680517
216021238,반석초등학교,216021412,장산초등학교,1.351207,62,701,763,742.0,30.0,36.0,32.0,-4.0,23.1875,16.23404255319149,17.34090909090909,14.427260812581913,2.0,34.0,49.39978898686422,47,61,46.60387113684304,52.25541431745596,2.3997889868642233,11.600211013135777
216021238,반석초등학교,216021021,반안초등학교,1.424767,62,516,578,568.0,24.0,30.0,25.0,-5.0,22.72,15.210526315789474,15.210526315789474,15.536332179930795,2.0,27.0,40.10630952271616,38,52,37.310391672694976,42.961934853307895,2.1063095227161597,11.89369047728384
216021238,반석초등학교,216021200,무정초등학교,1.474374,62,504,566,559.0,23.0,29.0,26.0,-3.0,21.5,18.258064516129032,15.722222222222221,18.19611307420495,2.0,28.0,41.43394944616588,31,45,38.6380315961447,44.28957477675762,10.433949446165883,3.566050553834117
216021238,반석초등학교,214021172,금사초등학교,1.634601,62,268,330,326.0,14.0,20.0,15.0,-5.0,21.733333333333334,15.714285714285714,12.222222222222221,32.8969696969697,3.0,18.0,28.157550211668653,21,35,25.36163236164747,31.01317554226039,7.157550211668653,6.842449788331347
216021238,반석초등학교,214021253,동상초등학교,1.6426,62,100,162,155.0,6.0,12.0,10.0,-2.0,15.5,13.5,5.785714285714286,76.57407407407408,2.0,12.0,20.191710670970313,12,26,17.39579282094913,23.04733600156205,8.191710670970313,5.808289329029687
216021238,반석초등학교,214021514,충렬초등학교,1.717745,62,94,156,155.0,6.0,12.0,10.0,-2.0,15.5,12.0,9.176470588235293,65.17948717948718,2.0,12.0,20.191710670970313,13,27,17.39579282094913,23.04733600156205,7.191710670970313,6.808289329029687
216021238,반석초등학교,214021271,명동초등학교,1.760415,62,454,516,523.0,22.0,28.0,24.0,-4.0,21.791666666666668,15.176470588235293,15.176470588235293,23.410852713178294,2.0,26.0,38.778669599266436,34,48,35.98275174924525,41.63429492985817,4.778669599266436,9.221330400733564
216021238,반석초등학교,216021232,반산초등학교,2.038165,62,291,353,336.0,17.0,23.0,17.0,-6.0,19.764705882352942,12.172413793103448,10.696969696969697,23.107648725212464,3.0,20.0,30.8128300585681,29,43,28.016912208546916,33.66845538915984,1.8128300585680996,12.1871699414319
216021238,반석초등학교,216021328,신재초등학교,2.188446,62,303,365,367.0,16.0,22.0,18.0,-4.0,20.38888888888889,14.038461538461538,12.586206896551724,37.98082191780822,2.0,20.0,30.8128300585681,26,40,28.016912208546916,33.66845538915984,4.8128300585681,9.1871699414319
216021238,반석초등학교,214021289,명서초등학교,2.197064,62,94,156,147.0,6.0,12.0,8.0,-4.0,18.375,12.0,9.75,47.583333333333336,2.0,10.0,17.53643082407087,13,27,14.740512974049686,20.39205615466261,4.5364308240708695,9.46356917592913
216021238,반석초등학교,214021379,안락초등학교,2.247365,62,187,249,237.0,11.0,17.0,12.0,-5.0,19.75,11.857142857142858,10.375,39.7429718875502,2.0,14.0,22.84699051786976,21,35,20.051072667848576,25.702615848461498,1.8469905178697594,12.15300948213024
216021238,반석초등학교,216021570,송수초등학교,2.444753,62,850,912,916.0,36.0,42.0,40.0,-2.0,22.9,16.285714285714285,18.24,12.240131578947368,3.0,43.0,61.348548297911734,56,70,58.55263044789055,64.20417362850347,5.348548297911734,8.651451702088266
216021238,반석초등학교,216021244,반송초등학교,2.458287,62,104,166,154.0,9.0,15.0,9.0,-6.0,17.11111111111111,9.764705882352942,5.354838709677419,87.39156626506023,2.0,11.0,18.864070747520593,17,31,16.06815289749941,21.71969607811233,1.8640707475205929,12.135929252479407
216021238,반석초등학교,214021298,명장초등학교,2.61367,62,339,401,401.0,17.0,23.0,19.0,-4.0,21.105263157894736,13.827586206896552,14.851851851851851,37.68827930174564,2.0,21.0,32.14046998201782,29,43,29.344552131996636,34.996095312609555,3.1404699820178195,10.85953001798218
216021238,반석초등학교,214021370,안남초등학교,2.692657,62,732,794,783.0,31.0,37.0,34.0,-3.0,23.029411764705884,18.045454545454547,20.358974358974358,11.585642317380353,2.0,36.0,52.05506883376367,44,58,49.25915098374249,54.910694164355405,8.05506883376367,5.94493116623633
216021238,반석초등학교,214021024,서동초등학교,2.699035,62,62,124,120.0,6.0,12.0,7.0,-5.0,17.142857142857142,8.857142857142858,5.391304347826087,172.11290322580646,2.0,9.0,16.208790900621146,14,28,13.412873050599963,19.064416231212885,2.208790900621146,11.791209099378854
216021238,반석초등학교,216021364,운송초등학교,2.711963,62,75,137,131.0,6.0,12.0,7.0,-5.0,18.714285714285715,11.416666666666666,6.85,111.62043795620438,2.0,9.0,16.208790900621146,12,26,13.412873050599963,19.064416231212885,4.208790900621146,9.791209099378854
216021238,반석초등학교,216021436,재송초등학교,2.782607,62,336,398,389.0,17.0,23.0,18.0,-5.0,21.61111111111111,12.838709677419354,11.371428571428572,36.062814070351756,3.0,21.0,32.14046998201782,31,45,29.344552131996636,34.996095312609555,1.1404699820178195,12.85953001798218
216021238,반석초등학교,214021352,서명초등학교,2.79586,62,36,98,89.0,6.0,12.0,6.0,-6.0,14.833333333333334,7.0,5.157894736842105,121.60204081632654,2.0,8.0,14.881150977171421,14,28,12.085233127150238,17.736776307763158,0.881150977171421,13.118849022828579
216021238,반석초등학교,214021542,안진초등학교,2.989694,62,394,456,449.0,17.0,23.0,20.0,-3.0,22.45,17.53846153846154,15.2,24.625,2.0,22.0,33.46810990546754,26,40,30.67219205544636,36.32373523605928,7.468109905467543,6.531890094532457
216021244,반송초등학교,216021364,운송초등학교,0.576439,104,75,179,169.0,6.0,15.0,10.0,-5.0,16.9,14.916666666666666,8.95,85.43016759776536,2.0,12.0,20.191710670970313,12,29,17.39579282094913,23.04733600156205,8.191710670970313,8.808289329029687
216021244,반송초등학교,216021280,송운초등학교,1.058033,104,295,399,396.0,16.0,25.0,18.0,-7.0,22.0,15.346153846153847,9.068181818181818,34.70426065162907,2.0,20.0,30.8128300585681,26,43,28.016912208546916,33.66845538915984,4.8128300585681,12.1871699414319
216021244,반송초등학교,216021352,운봉초등학교,1.236149,104,106,210,200.0,8.0,17.0,11.0,-6.0,18.181818181818183,11.052631578947368,4.468085106382978,78.50952380952381,3.0,14.0,22.84699051786976,19,36,20.051072667848576,25.702615848461498,3.8469905178697594,13.15300948213024
216021244,반송초등학교,216021238,반석초등학교,2.458287,104,62,166,154.0,6.0,15.0,9.0,-6.0,17.11111111111111,11.857142857142858,6.384615384615385,46.86746987951807,2.0,11.0,18.864070747520593,14,31,16.06815289749941,21.71969607811233,4.864070747520593,12.135929252479407
216021244,반송초등학교,216021256,반여초등학교,2.839243,104,161,265,252.0,11.0,20.0,12.0,-8.0,21.0,12.045454545454545,8.030303030303031,110.59245283018868,3.0,15.0,24.174630441319483,22,39,21.3787125912983,27.03025577191122,2.174630441319483,14.825369558680517
216021244,반송초등학교,216021340,신진초등학교,2.907906,104,151,255,248.0,10.0,19.0,12.0,-7.0,20.666666666666668,14.166666666666666,10.2,53.54509803921569,2.0,14.0,22.84699051786976,18,35,20.051072667848576,25.702615848461498,4.846990517869759,12.15300948213024
216021256,반여초등학교,216021396,인지초등학교,0.396916,161,502,663,655.0,23.0,34.0,29.0,-5.0,22.586206896551722,17.44736842105263,12.75,19.642533936651585,3.0,32.0,46.74450913996478,38,60,43.94859128994359,49.60013447055651,8.744509139964777,13.255490860035223
216021256,반여초등학교,216021200,무정초등학교,0.725554,161,504,665,657.0,23.0,34.0,28.0,-6.0,23.464285714285715,21.451612903225808,18.47222222222222,15.487218045112781,3.0,31.0,45.41686921651505,31,53,42.62095136649387,48.27249454710679,14.416869216515053,7.583130783484947
216021256,반여초등학교,216021412,장산초등학교,0.942706,161,701,862,840.0,30.0,41.0,37.0,-4.0,22.7027027027027,18.340425531914892,19.59090909090909,12.77030162412993,3.0,40.0,57.36562852756256,47,69,54.56971067754138,60.2212538581543,10.365628527562563,11.634371472437437
216021256,반여초등학교,216021232,반산초등학교,1.03098,161,291,452,434.0,17.0,28.0,20.0,-8.0,21.7,15.586206896551724,13.696969696969697,18.04646017699115,4.0,24.0,36.12338975236699,29,51,33.327471902345806,38.979015082958725,7.12338975236699,14.87661024763301
216021256,반여초등학교,216021238,반석초등학교,1.045979,161,62,223,214.0,6.0,17.0,12.0,-5.0,17.833333333333332,15.928571428571429,8.576923076923077,34.88789237668161,3.0,15.0,24.174630441319483,14,36,21.3787125912983,27.03025577191122,10.174630441319483,11.825369558680517
216021256,반여초등학교,216021328,신재초등학교,1.360827,161,303,464,465.0,16.0,27.0,21.0,-6.0,22.142857142857142,17.846153846153847,16.0,29.877155172413794,3.0,24.0,36.12338975236699,26,48,33.327471902345806,38.979015082958725,10.12338975236699,11.87661024763301
216021256,반여초등학교,216021569,삼어초등학교,1.406105,161,272,433,428.0,15.0,26.0,20.0,-6.0,21.4,19.681818181818183,10.30952380952381,24.905311778290994,3.0,23.0,34.795749828917266,22,44,31.999831978896083,37.651375159509,12.795749828917266,9.204250171082734
216021256,반여초등학교,216021021,반안초등학교,1.479706,161,516,677,666.0,24.0,35.0,30.0,-5.0,22.2,17.81578947368421,17.81578947368421,13.264401772525849,3.0,33.0,48.0721490634145,38,60,45.27623121339332,50.927774394006235,10.0721490634145,11.9278509365855
216021256,반여초등학교,214021514,충렬초등학교,1.639025,161,94,255,253.0,6.0,17.0,12.0,-5.0,21.083333333333332,19.615384615384617,15.0,39.87450980392157,3.0,15.0,24.174630441319483,13,35,21.3787125912983,27.03025577191122,11.174630441319483,10.825369558680517
216021256,반여초등학교,216021570,송수초등학교,1.702421,161,850,1011,1014.0,36.0,47.0,44.0,-3.0,23.045454545454547,18.053571428571427,20.22,11.041543026706231,4.0,48.0,67.98674791516035,56,78,65.19083006513917,70.84237324575209,11.98674791516035,10.01325208483965
216021256,반여초등학교,216021436,재송초등학교,1.814917,161,336,497,487.0,17.0,28.0,22.0,-6.0,22.136363636363637,16.032258064516128,14.2,28.879275653923543,4.0,26.0,38.778669599266436,31,53,35.98275174924525,41.63429492985817,7.778669599266436,14.221330400733564
216021256,반여초등학교,214021271,명동초등학교,2.185444,161,454,615,621.0,22.0,33.0,28.0,-5.0,22.178571428571427,18.08823529411765,18.08823529411765,19.642276422764226,3.0,31.0,45.41686921651505,34,56,42.62095136649387,48.27249454710679,11.416869216515053,10.583130783484947
216021256,반여초등학교,214021253,동상초등학교,2.261371,161,100,261,253.0,6.0,17.0,12.0,-5.0,21.083333333333332,21.75,9.321428571428571,47.52873563218391,3.0,15.0,24.174630441319483,12,34,21.3787125912983,27.03025577191122,12.174630441319483,9.825369558680517
216021256,반여초등학교,214021370,안남초등학교,2.328012,161,732,893,881.0,31.0,42.0,38.0,-4.0,23.18421052631579,20.295454545454547,22.897435897435898,10.301231802911534,3.0,41.0,58.69326845101229,44,66,55.8973506009911,61.54889378160402,14.693268451012287,7.306731548987713
216021256,반여초등학교,214021379,안락초등학교,2.405358,161,187,348,335.0,11.0,22.0,16.0,-6.0,20.9375,16.571428571428573,14.5,28.436781609195403,3.0,19.0,29.485190135118376,21,43,26.689272285097193,32.340815465710115,8.485190135118376,13.514809864881624
216021256,반여초등학교,214021159,과정초등학교,2.487508,161,425,586,575.0,20.0,31.0,26.0,-5.0,22.115384615384617,18.903225806451612,13.952380952380953,24.484641638225256,3.0,29.0,42.761589369615606,31,53,39.96567151959442,45.61721470020734,11.761589369615606,10.238410630384394
216021256,반여초등학교,216021571,센텀초등학교,2.49252,161,1472,1633,1606.0,55.0,66.0,68.0,2.0,23.61764705882353,20.670886075949365,23.32857142857143,6.729332516840172,3.0,71.0,98.52246615450397,79,101,95.72654830448279,101.37809148509571,19.522466154503974,2.4775338454960263
216021256,반여초등학교,214021172,금사초등학교,2.553915,161,268,429,424.0,14.0,25.0,20.0,-5.0,21.2,20.428571428571427,15.88888888888889,25.305361305361306,4.0,24.0,36.12338975236699,21,43,33.327471902345806,38.979015082958725,15.12338975236699,6.87661024763301
216021256,반여초등학교,214021289,명서초등학교,2.803773,161,94,255,245.0,6.0,17.0,12.0,-5.0,20.416666666666668,19.615384615384617,15.9375,29.109803921568627,3.0,15.0,24.174630441319483,13,35,21.3787125912983,27.03025577191122,11.174630441319483,10.825369558680517
216021256,반여초등학교,216021244,반송초등학교,2.839243,161,104,265,252.0,9.0,20.0,12.0,-8.0,21.0,15.588235294117647,8.548387096774194,54.74339622641509,3.0,15.0,24.174630441319483,17,39,21.3787125912983,27.03025577191122,7.174630441319483,14.825369558680517
216021256,반여초등학교,214021529,토현초등학교,2.874692,161,242,403,392.0,13.0,24.0,19.0,-5.0,20.63157894736842,16.791666666666668,16.12,21.60545905707196,3.0,22.0,33.46810990546754,24,46,30.67219205544636,36.32373523605928,9.468109905467543,12.531890094532457
216021256,반여초등학교,214021542,안진초등학교,2.89734,161,394,555,547.0,17.0,28.0,24.0,-4.0,22.791666666666668,21.346153846153847,18.5,20.232432432432432,3.0,27.0,40.10630952271616,26,48,37.310391672694976,42.961934853307895,14.10630952271616,7.89369047728384
216021292,송정초등학교,216021241,내리초등학교,1.798172,220,124,344,340.0,9.0,21.0,16.0,-5.0,21.25,18.105263157894736,15.636363636363637,31.311046511627907,3.0,19.0,29.485190135118376,19,41,26.689272285097193,32.340815465710115,10.485190135118376,11.514809864881624
216021292,송정초등학교,216021272,상당초등학교,2.840748,220,739,959,931.0,30.0,42.0,38.0,-4.0,24.5,18.80392156862745,20.847826086956523,12.521376433785193,3.0,41.0,58.69326845101229,51,73,55.8973506009911,61.54889378160402,7.693268451012287,14.306731548987713
216021292,송정초등학교,216021262,부흥초등학교,2.869206,220,731,951,936.0,29.0,41.0,41.0,0.0,22.829268292682926,22.11627906976744,19.8125,11.195583596214512,3.0,44.0,62.67618822136146,43,65,59.88027037134027,65.53181355195319,19.676188221361457,2.323811778638543
216021292,송정초등학교,216021472,좌산초등학교,2.986465,220,460,680,662.0,20.0,32.0,29.0,-3.0,22.82758620689655,18.88888888888889,14.46808510638298,18.220588235294116,3.0,32.0,46.74450913996478,36,58,43.94859128994359,49.60013447055651,10.744509139964777,11.255490860035223
216021352,운봉초등학교,216021280,송운초등학교,0.179364,106,295,401,404.0,16.0,24.0,19.0,-5.0,21.263157894736842,15.423076923076923,9.113636363636363,34.53117206982544,3.0,22.0,33.46810990546754,26,45,30.67219205544636,36.32373523605928,7.468109905467543,11.531890094532457
216021352,운봉초등학교,216021364,운송초등학교,1.194865,106,75,181,177.0,6.0,14.0,10.0,-4.0,17.7,15.083333333333334,9.05,84.48618784530387,3.0,13.0,21.519350594420036,12,31,18.723432744398853,24.374975925011775,9.519350594420036,9.480649405579964
216021352,운봉초등학교,216021244,반송초등학교,1.236149,106,104,210,200.0,9.0,17.0,11.0,-6.0,18.181818181818183,12.352941176470589,6.774193548387097,69.08095238095238,3.0,14.0,22.84699051786976,17,36,20.051072667848576,25.702615848461498,5.846990517869759,13.15300948213024
216021352,운봉초등학교,216021340,신진초등학교,1.708353,106,151,257,256.0,10.0,18.0,13.0,-5.0,19.692307692307693,14.277777777777779,10.28,53.1284046692607,3.0,16.0,25.502270364769206,18,37,22.706352514748023,28.357895695360945,7.502270364769206,11.497729635230794
216021364,운송초등학교,216021244,반송초등학교,0.576439,75,104,179,169.0,9.0,15.0,10.0,-5.0,16.9,10.529411764705882,5.774193548387097,81.04469273743017,2.0,12.0,20.191710670970313,17,29,17.39579282094913,23.04733600156205,3.1917106709703127,8.808289329029687
216021364,운송초등학교,216021280,송운초등학교,1.02957,75,295,370,373.0,16.0,22.0,17.0,-5.0,21.941176470588236,14.23076923076923,8.409090909090908,37.424324324324324,2.0,19.0,29.485190135118376,26,38,26.689272285097193,32.340815465710115,3.4851901351183763,8.514809864881624
216021364,운송초등학교,216021352,운봉초등학교,1.194865,75,106,181,177.0,8.0,14.0,10.0,-4.0,17.7,9.526315789473685,3.851063829787234,91.08839779005525,3.0,13.0,21.519350594420036,19,31,18.723432744398853,24.374975925011775,2.519350594420036,9.480649405579964
216021364,운송초등학교,216021340,신진초등학교,2.682903,75,151,226,225.0,10.0,16.0,12.0,-4.0,18.75,12.555555555555555,9.04,60.415929203539825,2.0,14.0,22.84699051786976,18,30,20.051072667848576,25.702615848461498,4.846990517869759,7.153009482130241
216021364,운송초등학교,216021238,반석초등학교,2.711963,75,62,137,131.0,6.0,12.0,7.0,-5.0,18.714285714285715,9.785714285714286,5.269230769230769,56.78832116788321,2.0,9.0,16.208790900621146,14,26,13.412873050599963,19.064416231212885,2.208790900621146,9.791209099378854
