모델,row_id,실제교원,예측교원,학교코드(KEDI),학교명_20251001,행정구_20251001,주분석대상_소규모공립_정책2026,학급수_20251001,학생수_20251001,특수학급수_20250401_반합계,잔차_실제-예측,절대오차
비선형 Random Forest,0,19.0,13.310754568838027,215021109,가락초등학교,강서구,True,7,19,1.0,5.689245431161973,5.689245431161973
비선형 Random Forest,1,48.0,48.07953935280406,215021878,남명초등학교,강서구,False,33,745,1.0,-0.07953935280406199,0.07953935280406199
비선형 Random Forest,2,13.0,13.323089472129178,215021181,녹명초등학교,강서구,True,7,99,1.0,-0.32308947212917793,0.32308947212917793
비선형 Random Forest,3,70.0,71.30045049056982,215021131,녹산초등학교,강서구,False,50,1059,2.0,-1.3004504905698155,1.3004504905698155
비선형 Random Forest,4,13.0,14.057120388630546,215021199,대사초등학교,강서구,True,7,10,1.0,-1.0571203886305458,1.0571203886305458
비선형 Random Forest,5,13.0,13.572186571074266,215021208,대상초등학교,강서구,True,7,30,1.0,-0.5721865710742655,0.5721865710742655
비선형 Random Forest,6,47.0,55.59650797193003,215021828,대저중앙초등학교,강서구,False,37,842,1.0,-8.59650797193003,8.59650797193003
비선형 Random Forest,7,12.0,14.048810368226546,215021217,대저초등학교,강서구,True,6,29,1.0,-2.0488103682265457,2.0488103682265457
비선형 Random Forest,8,24.0,20.275248924931276,215021253,덕두초등학교,강서구,True,13,201,1.0,3.724751075068724,3.724751075068724
비선형 Random Forest,9,64.0,66.02077354351444,215021853,명문초등학교,강서구,False,47,1128,1.0,-2.020773543514437,2.020773543514437
비선형 Random Forest,10,84.0,77.36029211362468,215021369,명원초등학교,강서구,False,58,1324,2.0,6.639707886375319,6.639707886375319
비선형 Random Forest,11,58.0,57.78273974628312,215021215,명일초등학교,강서구,False,41,873,2.0,0.21726025371687996,0.21726025371687996
비선형 Random Forest,12,84.0,77.05926590357312,215021325,명지초등학교,강서구,False,57,1352,2.0,6.94073409642688,6.94073409642688
비선형 Random Forest,13,76.0,78.66816526757557,215021267,명호초등학교,강서구,False,56,1369,2.0,-2.6681652675755743,2.6681652675755743
비선형 Random Forest,14,13.0,14.062294592947902,215021370,배영초등학교,강서구,True,7,39,1.0,-1.062294592947902,1.062294592947902
비선형 Random Forest,15,49.0,47.577087775500644,215021167,송정초등학교,강서구,False,35,693,2.0,1.4229122244993562,1.4229122244993562
비선형 Random Forest,16,72.0,69.09180028924463,215021166,신명초등학교,강서구,False,49,1086,2.0,2.908199710755369,2.908199710755369
비선형 Random Forest,17,33.0,32.02293424165704,215021469,신호초등학교,강서구,False,21,410,1.0,0.9770657583429596,0.9770657583429596
비선형 Random Forest,18,65.0,65.51180568908217,215021114,오션초등학교,강서구,False,46,1010,2.0,-0.5118056890821663,0.5118056890821663
비선형 Random Forest,19,14.0,13.876650839592987,215021523,천가초등학교,강서구,True,7,60,1.0,0.12334916040701316,0.12334916040701316
비선형 Random Forest,20,15.0,13.903472785915065,214021127,공덕초등학교,금정구,True,7,42,1.0,1.0965272140849347,1.0965272140849347
비선형 Random Forest,21,37.0,34.510184253246756,214021401,구서초등학교,금정구,False,23,467,1.0,2.4898157467532442,2.4898157467532442
비선형 Random Forest,22,44.0,45.616038359149016,214021180,금빛초등학교,금정구,False,32,693,2.0,-1.616038359149016,1.616038359149016
비선형 Random Forest,23,21.0,24.13336640267412,214021172,금사초등학교,금정구,False,16,268,2.0,-3.1333664026741204,3.1333664026741204
비선형 Random Forest,24,19.0,19.035348362013803,214021185,금샘초등학교,금정구,True,11,151,2.0,-0.03534836201380287,0.03534836201380287
비선형 Random Forest,25,15.0,13.814957714344478,214021181,금성초등학교,금정구,True,7,43,1.0,1.1850422856555216,1.1850422856555216
비선형 Random Forest,26,45.0,46.291868245153545,214021195,금양초등학교,금정구,False,33,658,2.0,-1.2918682451535446,1.2918682451535446
비선형 Random Forest,27,71.0,70.76236695742983,214021190,금정초등학교,금정구,False,54,1298,2.0,0.2376330425701667,0.2376330425701667
비선형 Random Forest,28,28.0,27.529919440125155,214021208,남산초등학교,금정구,False,18,358,1.0,0.47008055987484454,0.47008055987484454
비선형 Random Forest,29,12.0,14.186858494854821,214021253,동상초등학교,금정구,True,7,100,1.0,-2.186858494854821,2.186858494854821
비선형 Random Forest,30,24.0,26.089074131428426,214021262,동현초등학교,금정구,False,16,289,1.0,-2.0890741314284256,2.0890741314284256
비선형 Random Forest,31,48.0,46.935720247685325,214021543,두실초등학교,금정구,False,32,759,1.0,1.0642797523146754,1.0642797523146754
비선형 Random Forest,32,31.0,32.96751810749235,214021316,부곡초등학교,금정구,False,21,445,1.0,-1.967518107492353,1.967518107492353
비선형 Random Forest,33,14.0,13.532805057277177,214021024,서동초등학교,금정구,True,7,62,1.0,0.46719494272282347,0.46719494272282347
비선형 Random Forest,34,14.0,14.037716248171762,214021352,서명초등학교,금정구,True,7,36,1.0,-0.03771624817176189,0.03771624817176189
비선형 Random Forest,35,39.0,40.01962698347405,214021478,장서초등학교,금정구,False,26,571,1.0,-1.0196269834740477,1.0196269834740477
비선형 Random Forest,36,33.0,33.17509800614762,214021487,장전초등학교,금정구,False,22,428,1.0,-0.17509800614762128,0.17509800614762128
비선형 Random Forest,37,35.0,30.728297194921094,214021505,청룡초등학교,금정구,False,21,389,2.0,4.271702805078906,4.271702805078906
비선형 Random Forest,38,13.0,13.477599981921674,214021532,현곡초등학교,금정구,True,7,86,1.0,-0.4775999819216743,0.4775999819216743
비선형 Random Forest,39,64.0,57.75076029048565,216021131,가동초등학교,기장군,False,41,918,2.0,6.249239709514349,6.249239709514349
비선형 Random Forest,40,44.0,40.739679961786585,216021216,교리초등학교,기장군,False,25,529,1.0,3.2603200382134148,3.2603200382134148
비선형 Random Forest,41,35.0,35.881447157948266,216021148,기장초등학교,기장군,False,23,460,1.0,-0.8814471579482657,0.8814471579482657
비선형 Random Forest,42,19.0,17.140511029285044,216021241,내리초등학교,기장군,False,10,124,1.0,1.8594889707149562,1.8594889707149562
비선형 Random Forest,43,44.0,40.05045237405568,216021718,달산초등학교,기장군,False,26,547,1.0,3.9495476259443194,3.9495476259443194
비선형 Random Forest,44,35.0,35.69010265309381,216021178,대청초등학교,기장군,False,23,472,1.0,-0.6901026530938097,0.6901026530938097
비선형 Random Forest,45,86.0,77.81127458362715,216021880,모전초등학교,기장군,False,60,1466,0.0,8.188725416372847,8.188725416372847
비선형 Random Forest,46,61.0,63.32646213272882,216021115,방곡초등학교,기장군,False,42,960,1.0,-2.326462132728821,2.326462132728821
비선형 Random Forest,47,41.0,45.12649426333472,216021242,신정초등학교,기장군,False,31,655,2.0,-4.12649426333472,4.12649426333472
비선형 Random Forest,48,18.0,19.344446207385236,216021340,신진초등학교,기장군,False,11,151,1.0,-1.3444462073852357,1.3444462073852357
비선형 Random Forest,49,14.0,13.636901101880147,216021172,용암초등학교,기장군,True,7,68,1.0,0.3630988981198531,0.3630988981198531
비선형 Random Forest,50,16.0,19.368274951751037,216021376,월내초등학교,기장군,False,11,150,1.0,-3.3682749517510366,3.3682749517510366
비선형 Random Forest,51,14.0,13.854678178434913,216021388,월평초등학교,기장군,True,7,53,1.0,0.1453218215650871,0.1453218215650871
비선형 Random Forest,52,68.0,63.126923424429904,216021367,일광초등학교,기장군,False,43,1023,1.0,4.873076575570096,4.873076575570096
비선형 Random Forest,53,14.0,13.75432466188997,216021424,장안초등학교,기장군,True,6,58,0.0,0.24567533811002917,0.24567533811002917
비선형 Random Forest,54,74.0,71.95069683890458,216021448,정관초등학교,기장군,False,50,1237,1.0,2.0493031610954233,2.0493031610954233
비선형 Random Forest,55,68.0,63.97323840326341,216021717,정원초등학교,기장군,False,44,1000,2.0,4.026761596736591,4.026761596736591
비선형 Random Forest,56,14.0,14.126413536218683,216021484,좌천초등학교,기장군,True,7,37,1.0,-0.12641353621868312,0.12641353621868312
비선형 Random Forest,57,12.0,13.89461410260491,216021496,죽성초등학교,기장군,True,7,71,1.0,-1.8946141026049101,1.8946141026049101
비선형 Random Forest,58,13.0,13.454560132432928,216021508,철마초등학교,기장군,True,6,83,0.0,-0.4545601324329276,0.4545601324329276
비선형 Random Forest,59,13.0,13.879627603605547,216021520,칠암초등학교,기장군,True,7,55,1.0,-0.879627603605547,0.879627603605547
비선형 Random Forest,60,62.0,63.427178067615216,216021310,해빛초등학교,기장군,False,43,1062,1.0,-1.4271780676152162,1.4271780676152162
비선형 Random Forest,61,22.0,25.65557283338007,213021238,대남초등학교,남구,False,16,295,1.0,-3.65557283338007,3.65557283338007
비선형 Random Forest,62,53.0,51.67921194671557,213021150,대연초등학교,남구,False,36,784,2.0,1.3207880532844314,1.3207880532844314
비선형 Random Forest,63,43.0,39.376709634027826,213021160,대천초등학교,남구,False,26,516,2.0,3.6232903659721742,3.6232903659721742
비선형 Random Forest,64,22.0,22.833589804979162,213021180,동천초등학교,남구,False,13,260,1.0,-0.8335898049791624,0.8335898049791624
비선형 Random Forest,65,16.0,16.823336527443146,213021190,동항초등학교,남구,True,9,127,1.0,-0.8233365274431463,0.8233365274431463
비선형 Random Forest,66,39.0,39.62502493274699,213021210,문현초등학교,남구,False,27,485,2.0,-0.6250249327469888,0.6250249327469888
비선형 Random Forest,67,19.0,19.01138910444131,213021089,백운초등학교,남구,True,11,152,2.0,-0.011389104441310138,0.011389104441310138
비선형 Random Forest,68,61.0,63.30807745735517,213021289,분포초등학교,남구,False,41,965,1.0,-2.308077457355168,2.308077457355168
비선형 Random Forest,69,45.0,43.538088992371584,213021290,석포초등학교,남구,False,32,651,2.0,1.4619110076284159,1.4619110076284159
비선형 Random Forest,70,51.0,49.90172674209175,213021300,성동초등학교,남구,False,35,753,2.0,1.0982732579082466,1.0982732579082466
비선형 Random Forest,71,19.0,16.742531994226958,213021213,성천초등학교,남구,True,10,122,1.0,2.257468005773042,2.257468005773042
비선형 Random Forest,72,72.0,76.88314113944406,213021370,연포초등학교,남구,False,52,1226,1.0,-4.883141139444064,4.883141139444064
비선형 Random Forest,73,32.0,34.776813074507196,213021360,오륙도초등학교,남구,False,22,467,0.0,-2.7768130745071957,2.7768130745071957
비선형 Random Forest,74,16.0,15.017129613401305,213021380,용당초등학교,남구,True,9,86,2.0,0.9828703865986945,0.9828703865986945
비선형 Random Forest,75,57.0,51.352463282183486,213021385,용문초등학교,남구,False,36,843,0.0,5.647536717816514,5.647536717816514
비선형 Random Forest,76,30.0,23.755812641484333,213021390,용산초등학교,남구,False,16,276,1.0,6.244187358515667,6.244187358515667
비선형 Random Forest,77,64.0,64.79584600894462,213021711,용소초등학교,남구,False,43,1103,1.0,-0.795846008944622,0.795846008944622
비선형 Random Forest,78,31.0,31.14560940685132,213021400,용호초등학교,남구,False,20,395,2.0,-0.14560940685132095,0.14560940685132095
비선형 Random Forest,79,24.0,23.16913249776969,213021410,우암초등학교,남구,False,15,267,1.0,0.8308675022303085,0.8308675022303085
비선형 Random Forest,80,33.0,34.070801458809505,213021430,운산초등학교,남구,False,23,454,1.0,-1.0708014588095054,1.0708014588095054
비선형 Random Forest,81,54.0,56.70636203539109,213021175,동일중앙초등학교,동구,False,40,898,2.0,-2.7063620353910878,2.7063620353910878
비선형 Random Forest,82,19.0,21.154513613469863,213021283,범일초등학교,동구,True,13,181,2.0,-2.154513613469863,2.154513613469863
비선형 Random Forest,83,44.0,41.6898532967033,213021295,성남초등학교,동구,False,28,567,1.0,2.3101467032967022,2.3101467032967022
비선형 Random Forest,84,15.0,16.8420704610491,213021335,수성초등학교,동구,True,9,124,1.0,-1.8420704610491008,1.8420704610491008
비선형 Random Forest,85,24.0,28.194313665862,213021345,수정초등학교,동구,False,18,335,2.0,-4.194313665862001,4.194313665862001
비선형 Random Forest,86,21.0,20.74480965277198,213021058,초량초등학교,동구,True,13,185,1.0,0.2551903472280195,0.2551903472280195
비선형 Random Forest,87,54.0,53.68092092866285,214021145,교동초등학교,동래구,False,37,862,1.0,0.31907907133714986,0.31907907133714986
비선형 Random Forest,88,49.0,50.58677742608699,214021163,금강초등학교,동래구,False,35,757,2.0,-1.5867774260869894,1.5867774260869894
비선형 Random Forest,89,39.0,41.28081632909574,214021199,낙민초등학교,동래구,False,28,589,1.0,-2.2808163290957424,2.2808163290957424
비선형 Random Forest,90,22.0,21.50649912032412,214021217,내산초등학교,동래구,True,13,215,2.0,0.4935008796758815,0.4935008796758815
비선형 Random Forest,91,17.0,16.533181524766086,214021226,내성초등학교,동래구,True,9,107,2.0,0.4668184752339144,0.4668184752339144
비선형 Random Forest,92,38.0,38.85135162325204,214021235,달북초등학교,동래구,False,25,513,1.0,-0.851351623252043,0.851351623252043
비선형 Random Forest,93,34.0,34.548533254164134,214021271,명동초등학교,동래구,False,23,454,1.0,-0.5485332541641341,0.5485332541641341
비선형 Random Forest,94,59.0,65.34578618966817,214021280,명륜초등학교,동래구,False,44,1110,1.0,-6.345786189668175,6.345786189668175
비선형 Random Forest,95,13.0,13.240744705341957,214021289,명서초등학교,동래구,True,7,94,1.0,-0.2407447053419567,0.2407447053419567
비선형 Random Forest,96,29.0,27.493661966237234,214021298,명장초등학교,동래구,False,18,339,1.0,1.5063380337627663,1.5063380337627663
비선형 Random Forest,97,24.0,23.325585794283974,214021214,미남초등학교,동래구,False,15,266,2.0,0.6744142057160261,0.6744142057160261
비선형 Random Forest,98,61.0,58.92371435493686,214021325,사직초등학교,동래구,False,40,951,1.0,2.0762856450631375,2.0762856450631375
비선형 Random Forest,99,16.0,20.373635505385142,214021361,수안초등학교,동래구,True,12,166,1.0,-4.373635505385142,4.373635505385142
비선형 Random Forest,100,44.0,46.29133985862994,214021370,안남초등학교,동래구,False,32,732,1.0,-2.2913398586299394,2.2913398586299394
비선형 Random Forest,101,21.0,20.24378163546764,214021379,안락초등학교,동래구,True,12,187,1.0,0.7562183645323586,0.7562183645323586
비선형 Random Forest,102,38.0,42.22946532466716,214021384,안민초등학교,동래구,False,28,615,1.0,-4.22946532466716,4.22946532466716
비선형 Random Forest,103,26.0,28.46315609192579,214021542,안진초등학교,동래구,False,18,394,1.0,-2.4631560919257893,2.4631560919257893
비선형 Random Forest,104,53.0,56.048644307489894,214021388,여고초등학교,동래구,False,37,1038,1.0,-3.0486443074898943,3.0486443074898943
비선형 Random Forest,105,49.0,51.47517413138331,214021249,예원초등학교,동래구,False,35,878,1.0,-2.475174131383312,2.475174131383312
비선형 Random Forest,106,80.0,78.0470345692706,214021619,온샘초등학교,동래구,False,57,1380,2.0,1.9529654307294066,1.9529654307294066
비선형 Random Forest,107,66.0,63.735278868557906,214021469,온천초등학교,동래구,False,46,1064,2.0,2.2647211314420943,2.2647211314420943
비선형 Random Forest,108,13.0,13.467948713704596,214021514,충렬초등학교,동래구,True,7,94,1.0,-0.4679487137045957,0.4679487137045957
비선형 Random Forest,109,13.0,13.796975056434363,213021106,가남초등학교,부산진구,True,7,53,1.0,-0.7969750564343627,0.7969750564343627
비선형 Random Forest,110,65.0,63.52975518274511,213021124,가야초등학교,부산진구,False,44,961,2.0,1.470244817254887,1.470244817254887
비선형 Random Forest,111,43.0,43.81232805797144,213021130,가평초등학교,부산진구,False,30,623,2.0,-0.8123280579714418,0.8123280579714418
비선형 Random Forest,112,37.0,40.76388058808022,213021142,개금초등학교,부산진구,False,26,554,1.0,-3.7638805880802195,3.7638805880802195
비선형 Random Forest,113,45.0,46.02337494303942,213021257,개림초등학교,부산진구,False,32,671,1.0,-1.0233749430394212,1.0233749430394212
비선형 Random Forest,114,38.0,34.8124766200711,213021623,개원초등학교,부산진구,False,24,457,1.0,3.187523379928898,3.187523379928898
비선형 Random Forest,115,23.0,22.611923906689714,213021148,개포초등학교,부산진구,True,14,222,1.0,0.3880760933102856,0.3880760933102856
비선형 Random Forest,116,16.0,19.290496951120346,213021154,개화초등학교,부산진구,True,10,165,1.0,-3.290496951120346,3.290496951120346
비선형 Random Forest,117,18.0,19.210739123632216,213021196,당감초등학교,부산진구,True,10,172,1.0,-1.2107391236322158,1.2107391236322158
비선형 Random Forest,118,24.0,22.233905610688332,213021202,당평초등학교,부산진구,True,13,223,2.0,1.766094389311668,1.766094389311668
비선형 Random Forest,119,20.0,20.30789059241412,213021551,동양초등학교,부산진구,True,12,189,1.0,-0.30789059241412176,0.30789059241412176
비선형 Random Forest,120,38.0,41.04201953283644,213021268,동원초등학교,부산진구,False,28,626,1.0,-3.0420195328364414,3.0420195328364414
비선형 Random Forest,121,33.0,36.940780211740865,213021264,동평초등학교,부산진구,False,24,513,1.0,-3.940780211740865,3.940780211740865
비선형 Random Forest,122,34.0,34.76028678097573,213021352,부산진초등학교,부산진구,False,24,437,2.0,-0.7602867809757328,0.7602867809757328
비선형 Random Forest,123,50.0,47.494302977653156,213021346,부암초등학교,부산진구,False,35,697,2.0,2.505697022346844,2.505697022346844
비선형 Random Forest,124,28.0,30.409231607118375,213021358,부전초등학교,부산진구,False,19,352,1.0,-2.4092316071183753,2.4092316071183753
비선형 Random Forest,125,17.0,17.46485815207539,213021394,선암초등학교,부산진구,True,10,121,1.0,-0.46485815207539005,0.46485815207539005
비선형 Random Forest,126,46.0,43.122968903890225,213021269,성북초등학교,부산진구,False,30,616,2.0,2.877031096109775,2.877031096109775
비선형 Random Forest,127,21.0,20.34171401596769,213021406,성서초등학교,부산진구,True,13,178,1.0,0.658285984032311,0.658285984032311
비선형 Random Forest,128,29.0,32.08279126007936,213021412,성전초등학교,부산진구,False,21,442,1.0,-3.082791260079361,3.082791260079361
비선형 Random Forest,129,41.0,37.50751069509696,213021418,성지초등학교,부산진구,False,25,458,2.0,3.4924893049030388,3.4924893049030388
비선형 Random Forest,130,60.0,59.364391708025366,213021448,양동초등학교,부산진구,False,41,974,2.0,0.6356082919746342,0.6356082919746342
비선형 Random Forest,131,31.0,26.874484494375594,213021454,양성초등학교,부산진구,False,18,299,2.0,4.125515505624406,4.125515505624406
비선형 Random Forest,132,58.0,56.83904652430688,213021460,양정초등학교,부산진구,False,41,776,2.0,1.1609534756931197,1.1609534756931197
비선형 Random Forest,133,84.0,77.1260105042747,213021478,연지초등학교,부산진구,False,56,1286,2.0,6.873989495725297,6.873989495725297
비선형 Random Forest,134,26.0,27.36437501004328,213021484,연학초등학교,부산진구,False,18,355,1.0,-1.364375010043279,1.364375010043279
비선형 Random Forest,135,30.0,30.415056879476737,213021490,전포초등학교,부산진구,False,21,348,2.0,-0.41505687947673664,0.41505687947673664
비선형 Random Forest,136,29.0,27.86485908657906,213021502,주례초등학교,부산진구,False,17,299,2.0,1.1351409134209405,1.1351409134209405
비선형 Random Forest,137,32.0,33.35057175989861,213021526,초읍초등학교,부산진구,False,22,425,1.0,-1.3505717598986067,1.3505717598986067
비선형 Random Forest,138,32.0,33.056573039582965,215021136,구남초등학교,북구,False,22,410,2.0,-1.0565730395829647,1.0565730395829647
비선형 Random Forest,139,43.0,43.41497853984251,215021145,구포초등학교,북구,False,31,545,3.0,-0.4149785398425081,0.4149785398425081
비선형 Random Forest,140,23.0,23.16949818184267,215021163,금곡초등학교,북구,False,14,271,1.0,-0.16949818184266974,0.16949818184266974
비선형 Random Forest,141,36.0,34.18389454063093,215021165,금명초등학교,북구,False,22,471,1.0,1.8161054593690693,1.8161054593690693
비선형 Random Forest,142,16.0,17.134868834351927,215021172,금창초등학교,북구,True,10,111,1.0,-1.134868834351927,1.134868834351927
비선형 Random Forest,143,18.0,21.15369520710842,215021235,대천리초등학교,북구,True,12,198,1.0,-3.15369520710842,3.15369520710842
비선형 Random Forest,144,30.0,29.559295398596493,215021271,덕성초등학교,북구,False,19,327,1.0,0.44070460140350676,0.44070460140350676
비선형 Random Forest,145,27.0,26.853605668514497,215021274,덕양초등학교,북구,False,17,328,1.0,0.14639433148550296,0.14639433148550296
비선형 Random Forest,146,13.0,14.989262351618967,215021280,덕천초등학교,북구,True,7,81,1.0,-1.989262351618967,1.989262351618967
비선형 Random Forest,147,36.0,30.287807246511658,215021307,만덕초등학교,북구,False,20,407,1.0,5.712192753488342,5.712192753488342
비선형 Random Forest,148,49.0,43.749886938674074,215021316,명덕초등학교,북구,False,30,642,1.0,5.250113061325926,5.250113061325926
비선형 Random Forest,149,40.0,40.10928835079609,215021326,명진초등학교,북구,False,26,559,1.0,-0.109288350796092,0.109288350796092
비선형 Random Forest,150,40.0,38.75241189512242,215021379,백산초등학교,북구,False,25,544,1.0,1.247588104877579,1.247588104877579
비선형 Random Forest,151,55.0,59.7976002207953,215021388,백양초등학교,북구,False,42,906,2.0,-4.797600220795303,4.797600220795303
비선형 Random Forest,152,21.0,23.109275300965372,215021428,상학초등학교,북구,False,14,263,1.0,-2.109275300965372,2.109275300965372
비선형 Random Forest,153,26.0,23.317927389234434,215021460,신금초등학교,북구,False,15,244,1.0,2.682072610765566,2.682072610765566
비선형 Random Forest,154,20.0,22.864004491382794,215021462,신덕초등학교,북구,True,14,215,2.0,-2.8640044913827936,2.8640044913827936
비선형 Random Forest,155,21.0,19.875253189648753,215021465,신천초등학교,북구,True,12,161,2.0,1.1247468103512475,1.1247468103512475
비선형 Random Forest,156,19.0,17.539060410641987,215021478,양덕초등학교,북구,True,10,140,1.0,1.4609395893580128,1.4609395893580128
비선형 Random Forest,157,15.0,15.593988031086562,215021487,양천초등학교,북구,True,9,100,2.0,-0.5939880310865622,0.5939880310865622
비선형 Random Forest,158,36.0,38.76490191628547,215021005,와석초등학교,북구,False,25,479,1.0,-2.764901916285467,2.764901916285467
비선형 Random Forest,159,50.0,49.0799340785032,215021502,용수초등학교,북구,False,35,737,2.0,0.9200659214967999,0.9200659214967999
비선형 Random Forest,160,29.0,31.980820456575156,215021532,포천초등학교,북구,False,21,399,2.0,-2.980820456575156,2.980820456575156
비선형 Random Forest,161,29.0,31.566796108058604,215021538,학사초등학교,북구,False,21,415,1.0,-2.566796108058604,2.566796108058604
비선형 Random Forest,162,41.0,39.11020213263045,215021559,화명초등학교,북구,False,27,511,2.0,1.889797867369552,1.889797867369552
비선형 Random Forest,163,30.0,29.818996561730756,215021565,화잠초등학교,북구,False,19,399,1.0,0.1810034382692436,0.1810034382692436
비선형 Random Forest,164,44.0,45.738246088012865,215021879,화정초등학교,북구,False,32,699,1.0,-1.7382460880128647,1.7382460880128647
비선형 Random Forest,165,14.0,14.796815090018338,215021118,감전초등학교,사상구,True,8,116,1.0,-0.7968150900183382,0.7968150900183382
비선형 Random Forest,166,13.0,13.968757915695415,215021127,괘법초등학교,사상구,True,7,52,1.0,-0.9687579156954147,0.9687579156954147
비선형 Random Forest,167,30.0,31.44472214264494,215021154,구학초등학교,사상구,False,20,405,1.0,-1.4447221426449417,1.4447221426449417
비선형 Random Forest,168,29.0,29.434021307042627,215021262,덕상초등학교,사상구,False,19,371,1.0,-0.4340213070426273,0.4340213070426273
비선형 Random Forest,169,16.0,17.818143136112255,215021289,덕포초등학교,사상구,True,10,134,1.0,-1.8181431361122549,1.8181431361122549
비선형 Random Forest,170,42.0,37.944126720420094,215021292,동궁초등학교,사상구,False,25,474,2.0,4.055873279579906,4.055873279579906
비선형 Random Forest,171,34.0,32.289651336449495,215021298,동주초등학교,사상구,False,22,421,1.0,1.710348663550505,1.710348663550505
비선형 Random Forest,172,41.0,40.808138148697715,215021334,모덕초등학교,사상구,False,28,557,2.0,0.19186185130228495,0.19186185130228495
비선형 Random Forest,173,14.0,14.333848612906698,215021343,모동초등학교,사상구,True,7,46,1.0,-0.33384861290669754,0.33384861290669754
비선형 Random Forest,174,17.0,17.464574766418654,215021352,모라초등학교,사상구,True,10,121,2.0,-0.4645747664186537,0.4645747664186537
비선형 Random Forest,175,24.0,24.12617654417091,215021361,모산초등학교,사상구,False,14,282,1.0,-0.12617654417091018,0.12617654417091018
비선형 Random Forest,176,33.0,28.93156242421794,215021397,사상초등학교,사상구,False,19,333,2.0,4.06843757578206,4.06843757578206
비선형 Random Forest,177,14.0,14.41594762251852,215021415,삼덕초등학교,사상구,True,8,104,1.0,-0.41594762251851947,0.41594762251851947
비선형 Random Forest,178,16.0,15.640912620727658,215021433,서감초등학교,사상구,True,9,114,1.0,0.35908737927234213,0.35908737927234213
비선형 Random Forest,179,44.0,42.49256944440364,215021496,엄궁초등학교,사상구,False,29,568,2.0,1.5074305555963576,1.5074305555963576
비선형 Random Forest,180,41.0,41.703368800358135,215021505,주감초등학교,사상구,False,29,611,2.0,-0.7033688003581346,0.7033688003581346
비선형 Random Forest,181,28.0,25.548199822032537,215021501,주양초등학교,사상구,False,17,284,1.0,2.4518001779674634,2.4518001779674634
비선형 Random Forest,182,15.0,13.243092655136829,215021514,주학초등학교,사상구,True,7,42,1.0,1.756907344863171,1.756907344863171
비선형 Random Forest,183,30.0,30.864707542375932,215021519,창진초등학교,사상구,False,20,413,1.0,-0.8647075423759318,0.8647075423759318
비선형 Random Forest,184,19.0,20.853511109356326,215021541,학장초등학교,사상구,True,13,194,1.0,-1.853511109356326,1.853511109356326
비선형 Random Forest,185,37.0,32.58614614776563,215021550,학진초등학교,사상구,False,22,424,2.0,4.413853852234368,4.413853852234368
비선형 Random Forest,186,15.0,13.99235490285858,212021116,감천초등학교,사하구,True,8,99,1.0,1.0076450971414204,1.0076450971414204
비선형 Random Forest,187,39.0,39.86159772606349,212021124,괴정초등학교,사하구,False,26,523,2.0,-0.8615977260634935,0.8615977260634935
비선형 Random Forest,188,40.0,44.2896920452505,212021140,구평초등학교,사하구,False,30,652,1.0,-4.289692045250497,4.289692045250497
비선형 Random Forest,189,59.0,52.75986653975325,212021148,낙동초등학교,사하구,False,38,816,2.0,6.240133460246753,6.240133460246753
비선형 Random Forest,190,44.0,44.88332643879814,212021180,다대초등학교,사하구,False,31,635,2.0,-0.883326438798143,0.883326438798143
비선형 Random Forest,191,35.0,39.548796125260615,212021188,다선초등학교,사하구,False,25,505,2.0,-4.5487961252606155,4.5487961252606155
비선형 Random Forest,192,18.0,17.31224261118783,212021192,다송초등학교,사하구,True,10,121,1.0,0.6877573888121695,0.6877573888121695
비선형 Random Forest,193,16.0,16.61452619239421,212021196,당리초등학교,사하구,True,9,132,2.0,-0.6145261923942087,0.6145261923942087
비선형 Random Forest,194,50.0,49.43286810251798,212021303,몰운대초등학교,사하구,False,35,755,2.0,0.567131897482021,0.567131897482021
비선형 Random Forest,195,51.0,43.408849594237466,212021265,보림초등학교,사하구,False,32,601,3.0,7.591150405762534,7.591150405762534
비선형 Random Forest,196,29.0,27.81496915224223,212021300,사남초등학교,사하구,False,18,374,1.0,1.1850308477577691,1.1850308477577691
비선형 Random Forest,197,18.0,19.814236710022005,212021308,사동초등학교,사하구,True,11,178,1.0,-1.814236710022005,1.814236710022005
비선형 Random Forest,198,56.0,55.3097781784392,212021316,사하초등학교,사하구,False,39,886,1.0,0.6902218215607974,0.6902218215607974
비선형 Random Forest,199,18.0,15.980867633800239,212021332,서천초등학교,사하구,True,9,129,1.0,2.019132366199761,2.019132366199761
비선형 Random Forest,200,21.0,20.494253832246613,212021372,승학초등학교,사하구,True,12,205,1.0,0.5057461677533865,0.5057461677533865
비선형 Random Forest,201,31.0,33.05642302729306,212021376,신남초등학교,사하구,False,22,417,2.0,-2.0564230272930573,2.0564230272930573
비선형 Random Forest,202,14.0,14.295572387620547,212021388,신촌초등학교,사하구,True,8,71,2.0,-0.29557238762054716,0.29557238762054716
비선형 Random Forest,203,39.0,35.83367113421709,212021396,신평초등학교,사하구,False,24,507,1.0,3.1663288657829085,3.1663288657829085
비선형 Random Forest,204,33.0,32.5587490438075,212021428,옥천초등학교,사하구,False,21,434,1.0,0.44125095619249777,0.44125095619249777
비선형 Random Forest,205,38.0,40.084498550426176,212021430,을숙도초등학교,사하구,False,27,532,2.0,-2.0844985504261757,2.0844985504261757
비선형 Random Forest,206,15.0,16.55964349682181,212021432,응봉초등학교,사하구,True,9,120,1.0,-1.5596434968218098,1.5596434968218098
비선형 Random Forest,207,38.0,40.01710030916796,212021436,장림초등학교,사하구,False,26,494,2.0,-2.017100309167958,2.017100309167958
비선형 Random Forest,208,27.0,27.41926643654333,212021480,중현초등학교,사하구,False,17,315,1.0,-0.4192664365433316,0.4192664365433316
비선형 Random Forest,209,37.0,40.9890486934634,212021540,하남초등학교,사하구,False,28,577,2.0,-3.9890486934634026,3.9890486934634026
비선형 Random Forest,210,24.0,23.827842898523045,212021548,하단초등학교,사하구,False,16,272,2.0,0.17215710147695518,0.17215710147695518
비선형 Random Forest,211,48.0,38.79249953836368,212021564,효림초등학교,사하구,False,26,510,2.0,9.207500461636322,9.207500461636322
비선형 Random Forest,212,33.0,31.008298194615843,212021132,구덕초등학교,서구,False,21,422,1.0,1.9917018053841566,1.9917018053841566
비선형 Random Forest,213,15.0,13.012951859045668,212021156,남부민초등학교,서구,True,7,90,1.0,1.9870481409543324,1.9870481409543324
비선형 Random Forest,214,41.0,46.64848719556587,212021212,대신초등학교,서구,False,31,732,1.0,-5.64848719556587,5.64848719556587
비선형 Random Forest,215,25.0,25.260889604313384,212021244,동신초등학교,서구,False,15,288,1.0,-0.2608896043133839,0.2608896043133839
비선형 Random Forest,216,43.0,39.9689970614761,212021292,부민초등학교,서구,False,28,574,2.0,3.0310029385238977,3.0310029385238977
비선형 Random Forest,217,38.0,38.79063338556652,212021348,송도초등학교,서구,False,27,501,2.0,-0.7906333855665224,0.7906333855665224
비선형 Random Forest,218,15.0,13.63479139626713,212021404,아미초등학교,서구,True,7,31,1.0,1.3652086037328708,1.3652086037328708
비선형 Random Forest,219,14.0,14.277450046318062,212021484,천마초등학교,서구,True,8,84,1.0,-0.27745004631806225,0.27745004631806225
비선형 Random Forest,220,33.0,31.595844247786527,212021532,토성초등학교,서구,False,21,401,2.0,1.404155752213473,1.404155752213473
비선형 Random Forest,221,21.0,19.33663343611583,212021556,화랑초등학교,서구,True,12,171,1.0,1.6633665638841713,1.6633665638841713
비선형 Random Forest,222,43.0,42.7497032939283,216021124,광남초등학교,수영구,False,29,581,1.0,0.2502967060717012,0.2502967060717012
비선형 Random Forest,223,39.0,43.584313467170084,216021136,광안초등학교,수영구,False,29,657,2.0,-4.584313467170084,4.584313467170084
비선형 Random Forest,224,59.0,59.295326985920425,216021160,남천초등학교,수영구,False,41,929,2.0,-0.2953269859204255,0.2953269859204255
비선형 Random Forest,225,29.0,31.278681855603555,216021196,망미초등학교,수영구,False,21,386,1.0,-2.278681855603555,2.278681855603555
비선형 Random Forest,226,42.0,42.32456036145227,216021208,민락초등학교,수영구,False,29,587,1.0,-0.32456036145227074,0.32456036145227074
비선형 Random Forest,227,31.0,31.118021323855878,216021220,민안초등학교,수영구,False,21,393,2.0,-0.11802132385587782,0.11802132385587782
비선형 Random Forest,228,36.0,39.69522330025925,216021268,배산초등학교,수영구,False,25,512,2.0,-3.6952233002592507,3.6952233002592507
비선형 Random Forest,229,35.0,31.275509789924126,216021304,수미초등학교,수영구,False,21,399,2.0,3.7244902100758743,3.7244902100758743
비선형 Random Forest,230,44.0,45.28567491915764,216021316,수영초등학교,수영구,False,31,680,2.0,-1.2856749191576426,1.2856749191576426
비선형 Random Forest,231,33.0,34.90119912618771,216021568,호암초등학교,수영구,False,23,471,1.0,-1.9011991261877128,1.9011991261877128
비선형 Random Forest,232,49.0,50.400814088925344,214021156,거제초등학교,연제구,False,35,803,1.0,-1.400814088925344,1.400814088925344
비선형 Random Forest,233,38.0,38.626973523305466,214021158,거학초등학교,연제구,False,25,543,1.0,-0.6269735233054661,0.6269735233054661
비선형 Random Forest,234,31.0,33.02344319830497,214021159,과정초등학교,연제구,False,21,425,1.0,-2.0234431983049674,2.0234431983049674
비선형 Random Forest,235,62.0,61.061386052348496,214021183,남문초등학교,연제구,False,42,1061,1.0,0.9386139476515041,0.9386139476515041
비선형 Random Forest,236,21.0,20.24193887839027,214021264,동명초등학교,연제구,True,13,155,2.0,0.7580611216097317,0.7580611216097317
비선형 Random Forest,237,39.0,40.74947173662036,214021462,연동초등학교,연제구,False,27,542,1.0,-1.7494717366203574,1.7494717366203574
비선형 Random Forest,238,27.0,27.308898087292825,214021464,연미초등학교,연제구,False,18,298,1.0,-0.30889808729282464,0.30889808729282464
비선형 Random Forest,239,55.0,54.63952764759106,214021468,연산초등학교,연제구,False,39,787,2.0,0.3604723524089408,0.3604723524089408
비선형 Random Forest,240,44.0,43.00953104073214,214021470,연서초등학교,연제구,False,30,591,1.0,0.9904689592678579,0.9904689592678579
비선형 Random Forest,241,40.0,40.56000843506983,214021471,연신초등학교,연제구,False,28,578,1.0,-0.5600084350698324,0.5600084350698324
비선형 Random Forest,242,12.0,13.280289418463374,214021474,연일초등학교,연제구,True,7,94,1.0,-1.280289418463374,1.280289418463374
비선형 Random Forest,243,33.0,32.532032527317455,214021476,연제초등학교,연제구,False,22,435,1.0,0.46796747268254535,0.46796747268254535
비선형 Random Forest,244,41.0,41.88082259305237,214021481,연천초등학교,연제구,False,27,583,1.0,-0.8808225930523719,0.8808225930523719
비선형 Random Forest,245,79.0,78.48801490372372,214021517,창신초등학교,연제구,False,62,1621,2.0,0.5119850962762769,0.5119850962762769
비선형 Random Forest,246,24.0,22.684017156697358,214021529,토현초등학교,연제구,False,14,242,1.0,1.315982843302642,1.315982843302642
비선형 Random Forest,247,22.0,18.69107259104415,212021111,남항초등학교,영도구,True,11,158,1.0,3.3089274089558494,3.3089274089558494
비선형 Random Forest,248,31.0,28.989491317261173,212021204,대교초등학교,영도구,False,19,366,1.0,2.010508682738827,2.010508682738827
비선형 Random Forest,249,19.0,20.776800796077843,212021220,대평초등학교,영도구,True,11,209,1.0,-1.7768007960778434,1.7768007960778434
비선형 Random Forest,250,28.0,30.96171116322403,212021236,동삼초등학교,영도구,False,19,421,1.0,-2.961711163224031,2.961711163224031
비선형 Random Forest,251,15.0,13.536139629086511,212021280,봉삼초등학교,영도구,True,7,30,1.0,1.4638603709134888,1.4638603709134888
비선형 Random Forest,252,19.0,17.99300175237344,212021284,봉학초등학교,영도구,True,10,143,1.0,1.0069982476265587,1.0069982476265587
비선형 Random Forest,253,13.0,13.828686366003279,212021324,상리초등학교,영도구,True,7,106,1.0,-0.8286863660032786,0.8286863660032786
비선형 Random Forest,254,11.0,14.126900110302065,212021380,신선초등학교,영도구,True,4,21,0.0,-3.1269001103020653,3.1269001103020653
비선형 Random Forest,255,25.0,22.824900729905192,212021412,영도초등학교,영도구,True,14,224,2.0,2.175099270094808,2.175099270094808
비선형 Random Forest,256,16.0,13.435232795227645,212021456,절영초등학교,영도구,True,7,59,1.0,2.5647672047723553,2.5647672047723553
비선형 Random Forest,257,36.0,36.51147369117811,212021460,중리초등학교,영도구,False,24,486,1.0,-0.5114736911781108,0.5114736911781108
비선형 Random Forest,258,30.0,32.32411792484477,212021492,청동초등학교,영도구,False,21,407,2.0,-2.3241179248447708,2.3241179248447708
비선형 Random Forest,259,21.0,18.203922532900105,212021500,청학초등학교,영도구,True,11,151,1.0,2.796077467099895,2.796077467099895
비선형 Random Forest,260,13.0,14.195714616102851,212021524,태종대초등학교,영도구,True,7,105,1.0,-1.1957146161028511,1.1957146161028511
비선형 Random Forest,261,22.0,20.752132604527823,212021287,광일초등학교,중구,True,12,203,1.0,1.247867395472177,1.247867395472177
비선형 Random Forest,262,19.0,19.240375765533486,212021286,보수초등학교,중구,True,12,154,1.0,-0.24037576553348572,0.24037576553348572
비선형 Random Forest,263,23.0,19.54782995815459,212021288,봉래초등학교,중구,True,12,171,1.0,3.4521700418454095,3.4521700418454095
비선형 Random Forest,264,49.0,48.178013121836884,216021112,강동초등학교,해운대구,False,33,753,1.0,0.8219868781631163,0.8219868781631163
비선형 Random Forest,265,47.0,42.97291250571324,216021184,동백초등학교,해운대구,False,30,627,1.0,4.027087494286761,4.027087494286761
비선형 Random Forest,266,31.0,36.69397478648803,216021200,무정초등학교,해운대구,False,24,504,1.0,-5.6939747864880275,5.6939747864880275
비선형 Random Forest,267,29.0,29.03585062814937,216021232,반산초등학교,해운대구,False,19,291,2.0,-0.0358506281493689,0.0358506281493689
비선형 Random Forest,268,14.0,13.837247037398873,216021238,반석초등학교,해운대구,True,7,62,1.0,0.16275296260112704,0.16275296260112704
비선형 Random Forest,269,17.0,16.618100278194028,216021244,반송초등학교,해운대구,True,10,104,1.0,0.3818997218059721,0.3818997218059721
비선형 Random Forest,270,38.0,38.78714564671439,216021021,반안초등학교,해운대구,False,25,516,1.0,-0.7871456467143929,0.7871456467143929
비선형 Random Forest,271,22.0,20.399306040364863,216021256,반여초등학교,해운대구,True,13,161,2.0,1.6006939596351373,1.6006939596351373
비선형 Random Forest,272,43.0,44.3075555590243,216021262,부흥초등학교,해운대구,False,30,731,1.0,-1.3075555590243013,1.3075555590243013
비선형 Random Forest,273,22.0,23.73016523235751,216021569,삼어초등학교,해운대구,False,16,272,1.0,-1.7301652323575105,1.7301652323575105
비선형 Random Forest,274,51.0,45.2921075868984,216021272,상당초등학교,해운대구,False,31,739,1.0,5.707892413101597,5.707892413101597
비선형 Random Forest,275,79.0,78.50945740370742,216021571,센텀초등학교,해운대구,False,56,1472,1.0,0.4905425962925847,0.4905425962925847
비선형 Random Forest,276,56.0,54.62721770186943,216021570,송수초등학교,해운대구,False,38,850,2.0,1.3727822981305735,1.3727822981305735
비선형 Random Forest,277,26.0,27.192327831160064,216021280,송운초등학교,해운대구,False,17,295,1.0,-1.192327831160064,1.192327831160064
비선형 Random Forest,278,22.0,22.955077632917046,216021292,송정초등학교,해운대구,True,14,220,2.0,-0.9550776329170461,0.9550776329170461
비선형 Random Forest,279,37.0,35.50598368424876,216021322,신곡초등학교,해운대구,False,23,474,1.0,1.4940163157512387,1.4940163157512387
비선형 Random Forest,280,41.0,40.641876887506626,216021325,신도초등학교,해운대구,False,26,561,1.0,0.3581231124933737,0.3581231124933737
비선형 Random Forest,281,26.0,27.579182644030812,216021328,신재초등학교,해운대구,False,17,303,1.0,-1.579182644030812,1.579182644030812
비선형 Random Forest,282,27.0,28.192332931832095,216021346,양운초등학교,해운대구,False,18,345,1.0,-1.1923329318320945,1.1923329318320945
비선형 Random Forest,283,19.0,18.249080500463585,216021352,운봉초등학교,해운대구,True,10,106,2.0,0.7509194995364155,0.7509194995364155
비선형 Random Forest,284,12.0,13.841169317488067,216021364,운송초등학교,해운대구,True,7,75,1.0,-1.8411693174880668,1.8411693174880668
비선형 Random Forest,285,38.0,35.5006332314744,216021396,인지초등학교,해운대구,False,24,502,1.0,2.499366768525597,2.499366768525597
비선형 Random Forest,286,47.0,44.555647369950314,216021412,장산초등학교,해운대구,False,31,701,1.0,2.4443526300496856,2.4443526300496856
비선형 Random Forest,287,31.0,29.460836676273072,216021436,재송초등학교,해운대구,False,19,336,2.0,1.5391633237269282,1.5391633237269282
비선형 Random Forest,288,30.0,31.49248502816628,216021460,좌동초등학교,해운대구,False,20,396,1.0,-1.4924850281662785,1.4924850281662785
비선형 Random Forest,289,36.0,33.257500666449566,216021472,좌산초등학교,해운대구,False,21,460,1.0,2.742499333550434,2.742499333550434
비선형 Random Forest,290,46.0,48.424264371608366,216021532,해강초등학교,해운대구,False,33,748,1.0,-2.4242643716083663,2.4242643716083663
비선형 Random Forest,291,26.0,27.28698451598496,216021544,해동초등학교,해운대구,False,17,320,1.0,-1.2869845159849618,1.2869845159849618
비선형 Random Forest,292,52.0,58.26710731812907,216021547,해림초등학교,해운대구,False,39,927,1.0,-6.267107318129071,6.267107318129071
비선형 Random Forest,293,45.0,41.76698616706006,216021550,해송초등학교,해운대구,False,28,617,1.0,3.233013832939939,3.233013832939939
비선형 Random Forest,294,66.0,68.16380123027558,216021556,해운대초등학교,해운대구,False,49,1129,1.0,-2.163801230275581,2.163801230275581
비선형 Random Forest,295,62.0,63.22447006479932,216021185,해원초등학교,해운대구,False,44,1064,1.0,-1.2244700647993199,1.2244700647993199
평균 기준,0,19.0,34.2422280626475,215021109,가락초등학교,강서구,True,7,19,1.0,-15.242228062647499,15.242228062647499
평균 기준,1,48.0,33.798982693270396,215021878,남명초등학교,강서구,False,33,745,1.0,14.201017306729604,14.201017306729604
평균 기준,2,13.0,34.01413323321176,215021181,녹명초등학교,강서구,True,7,99,1.0,-21.01413323321176,21.01413323321176
평균 기준,3,70.0,34.0682954301652,215021131,녹산초등학교,강서구,False,50,1059,2.0,35.9317045698348,35.9317045698348
평균 기준,4,13.0,34.18270042194093,215021199,대사초등학교,강서구,True,7,10,1.0,-21.18270042194093,21.18270042194093
평균 기준,5,13.0,34.309790459844095,215021208,대상초등학교,강서구,True,7,30,1.0,-21.309790459844095,21.309790459844095
평균 기준,6,47.0,34.39934027032825,215021828,대저중앙초등학교,강서구,False,37,842,1.0,12.600659729671747,12.600659729671747
평균 기준,7,12.0,34.10724808696274,215021217,대저초등학교,강서구,True,6,29,1.0,-22.10724808696274,22.10724808696274
평균 기준,8,24.0,34.14576807552027,215021253,덕두초등학교,강서구,True,13,201,1.0,-10.145768075520273,10.145768075520273
평균 기준,9,64.0,34.27418830007867,215021853,명문초등학교,강서구,False,47,1128,1.0,29.72581169992133,29.72581169992133
평균 기준,10,84.0,33.91444432525209,215021369,명원초등학교,강서구,False,58,1324,2.0,50.08555567474791,50.08555567474791
평균 기준,11,58.0,34.15958664092112,215021215,명일초등학교,강서구,False,41,873,2.0,23.84041335907888,23.84041335907888
평균 기준,12,84.0,34.11546878352285,215021325,명지초등학교,강서구,False,57,1352,2.0,49.88453121647715,49.88453121647715
평균 기준,13,76.0,33.75369019523707,215021267,명호초등학교,강서구,False,56,1369,2.0,42.24630980476293,42.24630980476293
평균 기준,14,13.0,34.16090967603519,215021370,배영초등학교,강서구,True,7,39,1.0,-21.16090967603519,21.16090967603519
평균 기준,15,49.0,34.13322069656011,215021167,송정초등학교,강서구,False,35,693,2.0,14.866779303439891,14.866779303439891
평균 기준,16,72.0,34.02606200386183,215021166,신명초등학교,강서구,False,49,1086,2.0,37.97393799613817,37.97393799613817
평균 기준,17,33.0,34.17906565114782,215021469,신호초등학교,강서구,False,21,410,1.0,-1.1790656511478232,1.1790656511478232
평균 기준,18,65.0,34.26667381820782,215021114,오션초등학교,강서구,False,46,1010,2.0,30.73332618179218,30.73332618179218
평균 기준,19,14.0,34.225995852106124,215021523,천가초등학교,강서구,True,7,60,1.0,-20.225995852106124,20.225995852106124
평균 기준,20,15.0,34.26826503611528,214021127,공덕초등학교,금정구,True,7,42,1.0,-19.26826503611528,19.26826503611528
평균 기준,21,37.0,33.941260816706,214021401,구서초등학교,금정구,False,23,467,1.0,3.0587391832940014,3.0587391832940014
평균 기준,22,44.0,34.20163233926911,214021180,금빛초등학교,금정구,False,32,693,2.0,9.79836766073089,9.79836766073089
평균 기준,23,21.0,34.18169920617893,214021172,금사초등학교,금정구,False,16,268,2.0,-13.181699206178934,13.181699206178934
평균 기준,24,19.0,34.014136808982336,214021185,금샘초등학교,금정구,True,11,151,2.0,-15.014136808982336,15.014136808982336
평균 기준,25,15.0,34.24795287134377,214021181,금성초등학교,금정구,True,7,43,1.0,-19.24795287134377,19.24795287134377
평균 기준,26,45.0,34.053910105127656,214021195,금양초등학교,금정구,False,33,658,2.0,10.946089894872344,10.946089894872344
평균 기준,27,71.0,34.035750554244444,214021190,금정초등학교,금정구,False,54,1298,2.0,36.964249445755556,36.964249445755556
평균 기준,28,28.0,34.22904240863906,214021208,남산초등학교,금정구,False,18,358,1.0,-6.22904240863906,6.22904240863906
평균 기준,29,12.0,33.94821747836659,214021253,동상초등학교,금정구,True,7,100,1.0,-21.948217478366587,21.948217478366587
평균 기준,30,24.0,34.21244010584281,214021262,동현초등학교,금정구,False,16,289,1.0,-10.21244010584281,10.21244010584281
평균 기준,31,48.0,34.14514767932489,214021543,두실초등학교,금정구,False,32,759,1.0,13.854852320675107,13.854852320675107
평균 기준,32,31.0,34.16255274261603,214021316,부곡초등학교,금정구,False,21,445,1.0,-3.162552742616029,3.162552742616029
평균 기준,33,14.0,34.1592737609955,214021024,서동초등학교,금정구,True,7,62,1.0,-20.159273760995497,20.159273760995497
평균 기준,34,14.0,34.14567510548523,214021352,서명초등학교,금정구,True,7,36,1.0,-20.145675105485232,20.145675105485232
평균 기준,35,39.0,34.30352570979046,214021478,장서초등학교,금정구,False,26,571,1.0,4.696474290209537,4.696474290209537
평균 기준,36,33.0,34.16669169706072,214021487,장전초등학교,금정구,False,22,428,1.0,-1.1666916970607204,1.1666916970607204
평균 기준,37,35.0,34.20425516698849,214021505,청룡초등학교,금정구,False,21,389,2.0,0.7957448330115113,0.7957448330115113
평균 기준,38,13.0,34.2253164556962,214021532,현곡초등학교,금정구,True,7,86,1.0,-21.225316455696202,21.225316455696202
평균 기준,39,64.0,34.05367052849889,216021131,가동초등학교,기장군,False,41,918,2.0,29.94632947150111,29.94632947150111
평균 기준,40,44.0,33.96583708789244,216021216,교리초등학교,기장군,False,25,529,1.0,10.034162912107561,10.034162912107561
평균 기준,41,35.0,34.26060931130659,216021148,기장초등학교,기장군,False,23,460,1.0,0.7393906886934118,0.7393906886934118
평균 기준,42,19.0,34.42060180218837,216021241,내리초등학교,기장군,False,10,124,1.0,-15.420601802188372,15.420601802188372
평균 기준,43,44.0,34.24480082957878,216021718,달산초등학교,기장군,False,26,547,1.0,9.755199170421221,9.755199170421221
평균 기준,44,35.0,33.95180576414217,216021178,대청초등학교,기장군,False,23,472,1.0,1.048194235857828,1.048194235857828
평균 기준,45,86.0,34.126433884002,216021880,모전초등학교,기장군,False,60,1466,0.0,51.873566115998,51.873566115998
평균 기준,46,61.0,34.20660266037331,216021115,방곡초등학교,기장군,False,42,960,1.0,26.793397339626686,26.793397339626686
평균 기준,47,41.0,34.083533576485735,216021242,신정초등학교,기장군,False,31,655,2.0,6.916466423514265,6.916466423514265
평균 기준,48,18.0,34.2295358649789,216021340,신진초등학교,기장군,False,11,151,1.0,-16.2295358649789,16.2295358649789
평균 기준,49,14.0,34.252267038546805,216021172,용암초등학교,기장군,True,7,68,1.0,-20.252267038546805,20.252267038546805
평균 기준,50,16.0,34.17383966244726,216021376,월내초등학교,기장군,False,11,150,1.0,-18.173839662447257,18.173839662447257
평균 기준,51,14.0,34.29928484588429,216021388,월평초등학교,기장군,True,7,53,1.0,-20.299284845884287,20.299284845884287
평균 기준,52,68.0,33.968779947078595,216021367,일광초등학교,기장군,False,43,1023,1.0,34.031220052921405,34.031220052921405
평균 기준,53,14.0,34.21351283701638,216021424,장안초등학교,기장군,True,6,58,0.0,-20.21351283701638,20.21351283701638
평균 기준,54,74.0,34.00513838232139,216021448,정관초등학교,기장군,False,50,1237,1.0,39.99486161767861,39.99486161767861
평균 기준,55,68.0,34.154534077093615,216021717,정원초등학교,기장군,False,44,1000,2.0,33.845465922906385,33.845465922906385
평균 기준,56,14.0,34.244518343703064,216021484,좌천초등학교,기장군,True,7,37,1.0,-20.244518343703064,20.244518343703064
평균 기준,57,12.0,34.323898662661804,216021496,죽성초등학교,기장군,True,7,71,1.0,-22.323898662661804,22.323898662661804
평균 기준,58,13.0,33.83740256025173,216021508,철마초등학교,기장군,True,6,83,0.0,-20.837402560251732,20.837402560251732
평균 기준,59,13.0,34.436174283058,216021520,칠암초등학교,기장군,True,7,55,1.0,-21.436174283058,21.436174283058
평균 기준,60,62.0,34.37101122791962,216021310,해빛초등학교,기장군,False,43,1062,1.0,27.628988772080383,27.628988772080383
평균 기준,61,22.0,34.183792819852684,213021238,대남초등학교,남구,False,16,295,1.0,-12.183792819852684,12.183792819852684
평균 기준,62,53.0,34.09006829721805,213021150,대연초등학교,남구,False,36,784,2.0,18.909931702781947,18.909931702781947
평균 기준,63,43.0,34.04947078595437,213021160,대천초등학교,남구,False,26,516,2.0,8.95052921404563,8.95052921404563
평균 기준,64,22.0,33.95689944933133,213021180,동천초등학교,남구,False,13,260,1.0,-11.956899449331331,11.956899449331331
평균 기준,65,16.0,34.25545483801759,213021190,동항초등학교,남구,True,9,127,1.0,-18.25545483801759,18.25545483801759
평균 기준,66,39.0,34.2536866194665,213021210,문현초등학교,남구,False,27,485,2.0,4.7463133805335005,4.7463133805335005
평균 기준,67,19.0,34.3731817206608,213021089,백운초등학교,남구,True,11,152,2.0,-15.373181720660803,15.373181720660803
평균 기준,68,61.0,34.28270042194093,213021289,분포초등학교,남구,False,41,965,1.0,26.71729957805907,26.71729957805907
평균 기준,69,45.0,34.280696202531644,213021290,석포초등학교,남구,False,32,651,2.0,10.719303797468356,10.719303797468356
평균 기준,70,51.0,34.04911678466709,213021300,성동초등학교,남구,False,35,753,2.0,16.950883215332908,16.950883215332908
평균 기준,71,19.0,34.09640635056855,213021213,성천초등학교,남구,True,10,122,1.0,-15.09640635056855,15.09640635056855
평균 기준,72,72.0,33.9763015804906,213021370,연포초등학교,남구,False,52,1226,1.0,38.0236984195094,38.0236984195094
평균 기준,73,32.0,34.24922584566974,213021360,오륙도초등학교,남구,False,22,467,0.0,-2.2492258456697414,2.2492258456697414
평균 기준,74,16.0,33.97800543517128,213021380,용당초등학교,남구,True,9,86,2.0,-17.978005435171283,17.978005435171283
평균 기준,75,57.0,34.060691554029894,213021385,용문초등학교,남구,False,36,843,0.0,22.939308445970106,22.939308445970106
평균 기준,76,30.0,34.09422155474505,213021390,용산초등학교,남구,False,16,276,1.0,-4.094221554745047,4.094221554745047
평균 기준,77,64.0,34.07674855181291,213021711,용소초등학교,남구,False,43,1103,1.0,29.923251448187088,29.923251448187088
평균 기준,78,31.0,34.190363298290784,213021400,용호초등학교,남구,False,20,395,2.0,-3.1903632982907837,3.1903632982907837
평균 기준,79,24.0,34.45822784810126,213021410,우암초등학교,남구,False,15,267,1.0,-10.45822784810126,10.45822784810126
평균 기준,80,33.0,33.95308052635343,213021430,운산초등학교,남구,False,23,454,1.0,-0.9530805263534319,0.9530805263534319
평균 기준,81,54.0,34.09240506329114,213021175,동일중앙초등학교,동구,False,40,898,2.0,19.90759493670886,19.90759493670886
평균 기준,82,19.0,34.191849030966175,213021283,범일초등학교,동구,True,13,181,2.0,-15.191849030966175,15.191849030966175
평균 기준,83,44.0,34.221132804119286,213021295,성남초등학교,동구,False,28,567,1.0,9.778867195880714,9.778867195880714
평균 기준,84,15.0,34.15248158478152,213021335,수성초등학교,동구,True,9,124,1.0,-19.15248158478152,19.15248158478152
평균 기준,85,24.0,34.125391546878355,213021345,수정초등학교,동구,False,18,335,2.0,-10.125391546878355,10.125391546878355
평균 기준,86,21.0,34.1142762640349,213021058,초량초등학교,동구,True,13,185,1.0,-13.114276264034899,13.114276264034899
평균 기준,87,54.0,33.888026532217694,214021145,교동초등학교,동래구,False,37,862,1.0,20.111973467782306,20.111973467782306
평균 기준,88,49.0,34.116704212257744,214021163,금강초등학교,동래구,False,35,757,2.0,14.883295787742256,14.883295787742256
평균 기준,89,39.0,33.94687120074376,214021199,낙민초등학교,동래구,False,28,589,1.0,5.053128799256243,5.053128799256243
평균 기준,90,22.0,34.47857398269327,214021217,내산초등학교,동래구,True,13,215,2.0,-12.47857398269327,12.47857398269327
평균 기준,91,17.0,34.170889651719946,214021226,내성초등학교,동래구,True,9,107,2.0,-17.170889651719946,17.170889651719946
평균 기준,92,38.0,34.068068368733464,214021235,달북초등학교,동래구,False,25,513,1.0,3.9319316312665364,3.9319316312665364
평균 기준,93,34.0,34.354108560394764,214021271,명동초등학교,동래구,False,23,454,1.0,-0.35410856039476357,0.35410856039476357
평균 기준,94,59.0,34.15835657584209,214021280,명륜초등학교,동래구,False,44,1110,1.0,24.84164342415791,24.84164342415791
평균 기준,95,13.0,34.28674998212115,214021289,명서초등학교,동래구,True,7,94,1.0,-21.28674998212115,21.28674998212115
평균 기준,96,29.0,34.347350354001286,214021298,명장초등학교,동래구,False,18,339,1.0,-5.347350354001286,5.347350354001286
평균 기준,97,24.0,34.201449974969606,214021214,미남초등학교,동래구,False,15,266,2.0,-10.201449974969606,10.201449974969606
평균 기준,98,61.0,34.24777229492956,214021325,사직초등학교,동래구,False,40,951,1.0,26.75222770507044,26.75222770507044
평균 기준,99,16.0,34.04423585782736,214021361,수안초등학교,동래구,True,12,166,1.0,-18.04423585782736,18.04423585782736
평균 기준,100,44.0,34.40937567045698,214021370,안남초등학교,동래구,False,32,732,1.0,9.590624329543019,9.590624329543019
평균 기준,101,21.0,34.080769505828506,214021379,안락초등학교,동래구,True,12,187,1.0,-13.080769505828506,13.080769505828506
평균 기준,102,38.0,34.11636630193807,214021384,안민초등학교,동래구,False,28,615,1.0,3.883633698061928,3.883633698061928
평균 기준,103,26.0,34.05382965028964,214021542,안진초등학교,동래구,False,18,394,1.0,-8.053829650289643,8.053829650289643
평균 기준,104,53.0,34.086308374454696,214021388,여고초등학교,동래구,False,37,1038,1.0,18.913691625545304,18.913691625545304
평균 기준,105,49.0,34.068686977043555,214021249,예원초등학교,동래구,False,35,878,1.0,14.931313022956445,14.931313022956445
평균 기준,106,80.0,33.888448473145964,214021619,온샘초등학교,동래구,False,57,1380,2.0,46.111551526854036,46.111551526854036
평균 기준,107,66.0,34.37013337624258,214021469,온천초등학교,동래구,False,46,1064,2.0,31.629866623757422,31.629866623757422
평균 기준,108,13.0,34.21350210970464,214021514,충렬초등학교,동래구,True,7,94,1.0,-21.213502109704642,21.213502109704642
평균 기준,109,13.0,34.04737359651005,213021106,가남초등학교,부산진구,True,7,53,1.0,-21.04737359651005,21.04737359651005
평균 기준,110,65.0,33.85377422584567,213021124,가야초등학교,부산진구,False,44,961,2.0,31.14622577415433,31.14622577415433
평균 기준,111,43.0,34.12425266394908,213021130,가평초등학교,부산진구,False,30,623,2.0,8.875747336050921,8.875747336050921
평균 기준,112,37.0,34.147159050275334,213021142,개금초등학교,부산진구,False,26,554,1.0,2.8528409497246656,2.8528409497246656
평균 기준,113,45.0,34.17377529857684,213021257,개림초등학교,부산진구,False,32,671,1.0,10.826224701423158,10.826224701423158
평균 기준,114,38.0,34.28972502324251,213021623,개원초등학교,부산진구,False,24,457,1.0,3.710274976757489,3.710274976757489
평균 기준,115,23.0,34.38741686333405,213021148,개포초등학교,부산진구,True,14,222,1.0,-11.387416863334053,11.387416863334053
평균 기준,116,16.0,34.158302939283416,213021154,개화초등학교,부산진구,True,10,165,1.0,-18.158302939283416,18.158302939283416
평균 기준,117,18.0,34.351934491883,213021196,당감초등학교,부산진구,True,10,172,1.0,-16.351934491883,16.351934491883
평균 기준,118,24.0,34.26591217907459,213021202,당평초등학교,부산진구,True,13,223,2.0,-10.26591217907459,10.26591217907459
평균 기준,119,20.0,34.28761531860116,213021551,동양초등학교,부산진구,True,12,189,1.0,-14.287615318601162,14.287615318601162
평균 기준,120,38.0,34.46976149610241,213021268,동원초등학교,부산진구,False,28,626,1.0,3.5302385038975928,3.5302385038975928
평균 기준,121,33.0,34.24726095973682,213021264,동평초등학교,부산진구,False,24,513,1.0,-1.2472609597368205,1.2472609597368205
평균 기준,122,34.0,34.154430379746834,213021352,부산진초등학교,부산진구,False,24,437,2.0,-0.1544303797468345,0.1544303797468345
평균 기준,123,50.0,34.16737288135593,213021346,부암초등학교,부산진구,False,35,697,2.0,15.83262711864407,15.83262711864407
평균 기준,124,28.0,34.33464921690624,213021358,부전초등학교,부산진구,False,19,352,1.0,-6.334649216906243,6.334649216906243
평균 기준,125,17.0,34.29543374097118,213021394,선암초등학교,부산진구,True,10,121,1.0,-17.295433740971177,17.295433740971177
평균 기준,126,46.0,34.318640492026034,213021269,성북초등학교,부산진구,False,30,616,2.0,11.681359507973966,11.681359507973966
평균 기준,127,21.0,34.41721018379461,213021406,성서초등학교,부산진구,True,13,178,1.0,-13.417210183794609,13.417210183794609
평균 기준,128,29.0,34.139639204748626,213021412,성전초등학교,부산진구,False,21,442,1.0,-5.139639204748626,5.139639204748626
평균 기준,129,41.0,34.07619788314382,213021418,성지초등학교,부산진구,False,25,458,2.0,6.92380211685618,6.92380211685618
평균 기준,130,60.0,34.144310949009515,213021448,양동초등학교,부산진구,False,41,974,2.0,25.855689050990485,25.855689050990485
평균 기준,131,31.0,33.98049238360867,213021454,양성초등학교,부산진구,False,18,299,2.0,-2.98049238360867,2.98049238360867
평균 기준,132,58.0,33.894829435743404,213021460,양정초등학교,부산진구,False,41,776,2.0,24.105170564256596,24.105170564256596
평균 기준,133,84.0,34.01949152542373,213021478,연지초등학교,부산진구,False,56,1286,2.0,49.98050847457627,49.98050847457627
평균 기준,134,26.0,34.21756954873776,213021484,연학초등학교,부산진구,False,18,355,1.0,-8.217569548737757,8.217569548737757
평균 기준,135,30.0,34.17193914038475,213021490,전포초등학교,부산진구,False,21,348,2.0,-4.171939140384751,4.171939140384751
평균 기준,136,29.0,34.32616033755274,213021502,주례초등학교,부산진구,False,17,299,2.0,-5.326160337552743,5.326160337552743
평균 기준,137,32.0,33.92152435099764,213021526,초읍초등학교,부산진구,False,22,425,1.0,-1.9215243509976432,1.9215243509976432
평균 기준,138,32.0,33.914698204963166,215021136,구남초등학교,북구,False,22,410,2.0,-1.914698204963166,1.914698204963166
평균 기준,139,43.0,34.01402953586498,215021145,구포초등학교,북구,False,31,545,3.0,8.985970464135022,8.985970464135022
평균 기준,140,23.0,34.26279589501537,215021163,금곡초등학교,북구,False,14,271,1.0,-11.262795895015373,11.262795895015373
평균 기준,141,36.0,34.086167131516845,215021165,금명초등학교,북구,False,22,471,1.0,1.913832868483155,1.913832868483155
평균 기준,142,16.0,34.09029535864979,215021172,금창초등학교,북구,True,10,111,1.0,-18.09029535864979,18.09029535864979
평균 기준,143,18.0,34.176532217692916,215021235,대천리초등학교,북구,True,12,198,1.0,-16.176532217692916,16.176532217692916
평균 기준,144,30.0,34.24778838589716,215021271,덕성초등학교,북구,False,19,327,1.0,-4.2477883858971595,4.2477883858971595
평균 기준,145,27.0,34.14514767932489,215021274,덕양초등학교,북구,False,17,328,1.0,-7.145147679324893,7.145147679324893
평균 기준,146,13.0,34.298734177215195,215021280,덕천초등학교,북구,True,7,81,1.0,-21.298734177215195,21.298734177215195
평균 기준,147,36.0,34.143295430165196,215021307,만덕초등학교,북구,False,20,407,1.0,1.856704569834804,1.856704569834804
평균 기준,148,49.0,34.50744654222985,215021316,명덕초등학교,북구,False,30,642,1.0,14.49255345777015,14.49255345777015
평균 기준,149,40.0,34.29697847386112,215021326,명진초등학교,북구,False,26,559,1.0,5.703021526138883,5.703021526138883
평균 기준,150,40.0,34.0873417721519,215021379,백산초등학교,북구,False,25,544,1.0,5.912658227848098,5.912658227848098
평균 기준,151,55.0,34.26965601087034,215021388,백양초등학교,북구,False,42,906,2.0,20.730343989129658,20.730343989129658
평균 기준,152,21.0,34.09056354144318,215021428,상학초등학교,북구,False,14,263,1.0,-13.090563541443181,13.090563541443181
평균 기준,153,26.0,33.903797468354426,215021460,신금초등학교,북구,False,15,244,1.0,-7.903797468354426,7.903797468354426
평균 기준,154,20.0,34.25991024815848,215021462,신덕초등학교,북구,True,14,215,2.0,-14.259910248158477,14.259910248158477
평균 기준,155,21.0,34.31175892154759,215021465,신천초등학교,북구,True,12,161,2.0,-13.311758921547593,13.311758921547593
평균 기준,156,19.0,34.12451190731603,215021478,양덕초등학교,북구,True,10,140,1.0,-15.124511907316027,15.124511907316027
평균 기준,157,15.0,34.320269255524565,215021487,양천초등학교,북구,True,9,100,2.0,-19.320269255524565,19.320269255524565
평균 기준,158,36.0,34.31318565400844,215021005,와석초등학교,북구,False,25,479,1.0,1.6868143459915572,1.6868143459915572
평균 기준,159,50.0,34.30726596581563,215021502,용수초등학교,북구,False,35,737,2.0,15.692734034184369,15.692734034184369
평균 기준,160,29.0,33.9485982979332,215021532,포천초등학교,북구,False,21,399,2.0,-4.948598297933202,4.948598297933202
평균 기준,161,29.0,34.20935779160409,215021538,학사초등학교,북구,False,21,415,1.0,-5.209357791604091,5.209357791604091
평균 기준,162,41.0,34.102960738039044,215021559,화명초등학교,북구,False,27,511,2.0,6.8970392619609555,6.8970392619609555
평균 기준,163,30.0,34.15548880783809,215021565,화잠초등학교,북구,False,19,399,1.0,-4.15548880783809,4.15548880783809
평균 기준,164,44.0,34.25832260602159,215021879,화정초등학교,북구,False,32,699,1.0,9.741677393978406,9.741677393978406
평균 기준,165,14.0,34.13083386969892,215021118,감전초등학교,사상구,True,8,116,1.0,-20.130833869698918,20.130833869698918
평균 기준,166,13.0,34.180492383608666,215021127,괘법초등학교,사상구,True,7,52,1.0,-21.180492383608666,21.180492383608666
평균 기준,167,30.0,34.228836801830795,215021154,구학초등학교,사상구,False,20,405,1.0,-4.228836801830795,4.228836801830795
평균 기준,168,29.0,34.32090931845813,215021262,덕상초등학교,사상구,False,19,371,1.0,-5.320909318458128,5.320909318458128
평균 기준,169,16.0,34.29672995780591,215021289,덕포초등학교,사상구,True,10,134,1.0,-18.29672995780591,18.29672995780591
평균 기준,170,42.0,34.05921297289566,215021292,동궁초등학교,사상구,False,25,474,2.0,7.940787027104342,7.940787027104342
평균 기준,171,34.0,34.18533755274262,215021298,동주초등학교,사상구,False,22,421,1.0,-0.18533755274261665,0.18533755274261665
평균 기준,172,41.0,34.53248945147679,215021334,모덕초등학교,사상구,False,28,557,2.0,6.467510548523208,6.467510548523208
평균 기준,173,14.0,34.22982907816635,215021343,모동초등학교,사상구,True,7,46,1.0,-20.229829078166347,20.229829078166347
평균 기준,174,17.0,34.28691983122363,215021352,모라초등학교,사상구,True,10,121,2.0,-17.286919831223628,17.286919831223628
평균 기준,175,24.0,34.28607773725238,215021361,모산초등학교,사상구,False,14,282,1.0,-10.286077737252377,10.286077737252377
평균 기준,176,33.0,34.365452692555245,215021397,사상초등학교,사상구,False,19,333,2.0,-1.3654526925552446,1.3654526925552446
평균 기준,177,14.0,34.105594293070155,215021415,삼덕초등학교,사상구,True,8,104,1.0,-20.105594293070155,20.105594293070155
평균 기준,178,16.0,34.18165093327612,215021433,서감초등학교,사상구,True,9,114,1.0,-18.181650933276117,18.181650933276117
평균 기준,179,44.0,34.277638918686975,215021496,엄궁초등학교,사상구,False,29,568,2.0,9.722361081313025,9.722361081313025
평균 기준,180,41.0,34.14855896445684,215021505,주감초등학교,사상구,False,29,611,2.0,6.851441035543161,6.851441035543161
평균 기준,181,28.0,34.31621254380319,215021501,주양초등학교,사상구,False,17,284,1.0,-6.316212543803189,6.316212543803189
평균 기준,182,15.0,34.30712829864836,215021514,주학초등학교,사상구,True,7,42,1.0,-19.307128298648358,19.307128298648358
평균 기준,183,30.0,34.37155295716227,215021519,창진초등학교,사상구,False,20,413,1.0,-4.371552957162272,4.371552957162272
평균 기준,184,19.0,34.16940749481513,215021541,학장초등학교,사상구,True,13,194,1.0,-15.169407494815133,15.169407494815133
평균 기준,185,37.0,34.27088607594937,215021550,학진초등학교,사상구,False,22,424,2.0,2.7291139240506297,2.7291139240506297
평균 기준,186,15.0,34.23413251805764,212021116,감천초등학교,사하구,True,8,99,1.0,-19.234132518057642,19.234132518057642
평균 기준,187,39.0,33.983122362869196,212021124,괴정초등학교,사하구,False,26,523,2.0,5.016877637130804,5.016877637130804
평균 기준,188,40.0,34.08902953586498,212021140,구평초등학교,사하구,False,30,652,1.0,5.910970464135019,5.910970464135019
평균 기준,189,59.0,34.18350854609169,212021148,낙동초등학교,사하구,False,38,816,2.0,24.816491453908313,24.816491453908313
평균 기준,190,44.0,34.31152113280412,212021180,다대초등학교,사하구,False,31,635,2.0,9.688478867195883,9.688478867195883
평균 기준,191,35.0,34.01857791604091,212021188,다선초등학교,사하구,False,25,505,2.0,0.9814220839590888,0.9814220839590888
평균 기준,192,18.0,34.07452442251305,212021192,다송초등학교,사하구,True,10,121,1.0,-16.07452442251305,16.07452442251305
평균 기준,193,16.0,34.22366087391833,212021196,당리초등학교,사하구,True,9,132,2.0,-18.223660873918327,18.223660873918327
평균 기준,194,50.0,34.06238825716942,212021303,몰운대초등학교,사하구,False,35,755,2.0,15.937611742830583,15.937611742830583
평균 기준,195,51.0,34.065828148466,212021265,보림초등학교,사하구,False,32,601,3.0,16.934171851534003,16.934171851534003
평균 기준,196,29.0,34.149113208896516,212021300,사남초등학교,사하구,False,18,374,1.0,-5.149113208896516,5.149113208896516
평균 기준,197,18.0,34.1790030751627,212021308,사동초등학교,사하구,True,11,178,1.0,-16.179003075162697,16.179003075162697
평균 기준,198,56.0,33.92209111063434,212021316,사하초등학교,사하구,False,39,886,1.0,22.07790888936566,22.07790888936566
평균 기준,199,18.0,34.23714689265537,212021332,서천초등학교,사하구,True,9,129,1.0,-16.237146892655367,16.237146892655367
평균 기준,200,21.0,34.17634270185225,212021372,승학초등학교,사하구,True,12,205,1.0,-13.17634270185225,13.17634270185225
평균 기준,201,31.0,33.992421154258736,212021376,신남초등학교,사하구,False,22,417,2.0,-2.992421154258736,2.992421154258736
평균 기준,202,14.0,34.21054137166559,212021388,신촌초등학교,사하구,True,8,71,2.0,-20.21054137166559,20.21054137166559
평균 기준,203,39.0,34.22962883501394,212021396,신평초등학교,사하구,False,24,507,1.0,4.770371164986059,4.770371164986059
평균 기준,204,33.0,34.14569119645283,212021428,옥천초등학교,사하구,False,21,434,1.0,-1.1456911964528302,1.1456911964528302
평균 기준,205,38.0,34.02668776371308,212021430,을숙도초등학교,사하구,False,27,532,2.0,3.9733122362869224,3.9733122362869224
평균 기준,206,15.0,34.35214725023243,212021432,응봉초등학교,사하구,True,9,120,1.0,-19.352147250232427,19.352147250232427
평균 기준,207,38.0,33.78837338196381,212021436,장림초등학교,사하구,False,26,494,2.0,4.211626618036192,4.211626618036192
평균 기준,208,27.0,34.17257383966245,212021480,중현초등학교,사하구,False,17,315,1.0,-7.172573839662448,7.172573839662448
평균 기준,209,37.0,34.10498819995709,212021540,하남초등학교,사하구,False,28,577,2.0,2.8950118000429086,2.8950118000429086
평균 기준,210,24.0,34.318733462061076,212021548,하단초등학교,사하구,False,16,272,2.0,-10.318733462061076,10.318733462061076
평균 기준,211,48.0,34.18330651505399,212021564,효림초등학교,사하구,False,26,510,2.0,13.816693484946008,13.816693484946008
평균 기준,212,33.0,34.12931059143246,212021132,구덕초등학교,서구,False,21,422,1.0,-1.129310591432457,1.129310591432457
평균 기준,213,15.0,34.392519487949656,212021156,남부민초등학교,서구,True,7,90,1.0,-19.392519487949656,19.392519487949656
평균 기준,214,41.0,33.99546234713581,212021212,대신초등학교,서구,False,31,732,1.0,7.004537652864187,7.004537652864187
평균 기준,215,25.0,34.161887649288424,212021244,동신초등학교,서구,False,15,288,1.0,-9.161887649288424,9.161887649288424
평균 기준,216,43.0,34.15428198526782,212021292,부민초등학교,서구,False,28,574,2.0,8.845718014732178,8.845718014732178
평균 기준,217,38.0,34.25280340413359,212021348,송도초등학교,서구,False,27,501,2.0,3.747196595866413,3.747196595866413
평균 기준,218,15.0,34.38508367303154,212021404,아미초등학교,서구,True,7,31,1.0,-19.385083673031538,19.385083673031538
평균 기준,219,14.0,34.33116462847744,212021484,천마초등학교,서구,True,8,84,1.0,-20.33116462847744,20.33116462847744
평균 기준,220,33.0,34.266244725738396,212021532,토성초등학교,서구,False,21,401,2.0,-1.266244725738396,1.266244725738396
평균 기준,221,21.0,34.28337087892441,212021556,화랑초등학교,서구,True,12,171,1.0,-13.283370878924408,13.283370878924408
평균 기준,222,43.0,34.14069048129872,216021124,광남초등학교,수영구,False,29,581,1.0,8.85930951870128,8.85930951870128
평균 기준,223,39.0,34.22457269541586,216021136,광안초등학교,수영구,False,29,657,2.0,4.7754273045841416,4.7754273045841416
평균 기준,224,59.0,33.92762103983408,216021160,남천초등학교,수영구,False,41,929,2.0,25.07237896016592,25.07237896016592
평균 기준,225,29.0,34.12181220052921,216021196,망미초등학교,수영구,False,21,386,1.0,-5.121812200529213,5.121812200529213
평균 기준,226,42.0,34.40781484659944,216021208,민락초등학교,수영구,False,29,587,1.0,7.592185153400557,7.592185153400557
평균 기준,227,31.0,34.243881856540085,216021220,민안초등학교,수영구,False,21,393,2.0,-3.243881856540085,3.243881856540085
평균 기준,228,36.0,34.33393048701995,216021268,배산초등학교,수영구,False,25,512,2.0,1.6660695129800516,1.6660695129800516
평균 기준,229,35.0,34.358649789029535,216021304,수미초등학교,수영구,False,21,399,2.0,0.6413502109704652,0.6413502109704652
평균 기준,230,44.0,34.258973396266896,216021316,수영초등학교,수영구,False,31,680,2.0,9.741026603733104,9.741026603733104
평균 기준,231,33.0,34.33053886862619,216021568,호암초등학교,수영구,False,23,471,1.0,-1.330538868626192,1.330538868626192
평균 기준,232,49.0,34.25116033755275,214021156,거제초등학교,연제구,False,35,803,1.0,14.748839662447253,14.748839662447253
평균 기준,233,38.0,34.10716763212473,214021158,거학초등학교,연제구,False,25,543,1.0,3.892832367875272,3.892832367875272
평균 기준,234,31.0,34.04135557462634,214021159,과정초등학교,연제구,False,21,425,1.0,-3.041355574626337,3.041355574626337
평균 기준,235,62.0,34.097409354215834,214021183,남문초등학교,연제구,False,42,1061,1.0,27.902590645784166,27.902590645784166
평균 기준,236,21.0,34.31252234856611,214021264,동명초등학교,연제구,True,13,155,2.0,-13.312522348566112,13.312522348566112
평균 기준,237,39.0,34.26228634770793,214021462,연동초등학교,연제구,False,27,542,1.0,4.737713652292072,4.737713652292072
평균 기준,238,27.0,34.14490095115497,214021464,연미초등학교,연제구,False,18,298,1.0,-7.144900951154973,7.144900951154973
평균 기준,239,55.0,34.09900593577916,214021468,연산초등학교,연제구,False,39,787,2.0,20.90099406422084,20.90099406422084
평균 기준,240,44.0,33.99247479081742,214021470,연서초등학교,연제구,False,30,591,1.0,10.007525209182582,10.007525209182582
평균 기준,241,40.0,34.17768719158978,214021471,연신초등학교,연제구,False,28,578,1.0,5.822312808410217,5.822312808410217
평균 기준,242,12.0,34.09224057784452,214021474,연일초등학교,연제구,True,7,94,1.0,-22.09224057784452,22.09224057784452
평균 기준,243,33.0,33.770567832367874,214021476,연제초등학교,연제구,False,22,435,1.0,-0.770567832367874,0.770567832367874
평균 기준,244,41.0,34.2918937280984,214021481,연천초등학교,연제구,False,27,583,1.0,6.708106271901599,6.708106271901599
평균 기준,245,79.0,33.80039333476364,214021517,창신초등학교,연제구,False,62,1621,2.0,45.19960666523636,45.19960666523636
평균 기준,246,24.0,34.26708860759494,214021529,토현초등학교,연제구,False,14,242,1.0,-10.267088607594943,10.267088607594943
평균 기준,247,22.0,34.30590717299578,212021111,남항초등학교,영도구,True,11,158,1.0,-12.30590717299578,12.30590717299578
평균 기준,248,31.0,33.928888650504184,212021204,대교초등학교,영도구,False,19,366,1.0,-2.9288886505041845,2.9288886505041845
평균 기준,249,19.0,34.3877583494243,212021220,대평초등학교,영도구,True,11,209,1.0,-15.387758349424303,15.387758349424303
평균 기준,250,28.0,34.18011513981263,212021236,동삼초등학교,영도구,False,19,421,1.0,-6.180115139812628,6.180115139812628
평균 기준,251,15.0,34.382884574125725,212021280,봉삼초등학교,영도구,True,7,30,1.0,-19.382884574125725,19.382884574125725
평균 기준,252,19.0,34.29020596438532,212021284,봉학초등학교,영도구,True,10,143,1.0,-15.290205964385322,15.290205964385322
평균 기준,253,13.0,34.02994350282486,212021324,상리초등학교,영도구,True,7,106,1.0,-21.029943502824857,21.029943502824857
평균 기준,254,11.0,34.141269756132445,212021380,신선초등학교,영도구,True,4,21,0.0,-23.141269756132445,23.141269756132445
평균 기준,255,25.0,34.282414360294645,212021412,영도초등학교,영도구,True,14,224,2.0,-9.282414360294645,9.282414360294645
평균 기준,256,16.0,34.28809983551456,212021456,절영초등학교,영도구,True,7,59,1.0,-18.288099835514558,18.288099835514558
평균 기준,257,36.0,34.05907709361367,212021460,중리초등학교,영도구,False,24,486,1.0,1.9409229063863265,1.9409229063863265
평균 기준,258,30.0,34.31360580705142,212021492,청동초등학교,영도구,False,21,407,2.0,-4.313605807051417,4.313605807051417
평균 기준,259,21.0,34.10626653793893,212021500,청학초등학교,영도구,True,11,151,1.0,-13.106266537938929,13.106266537938929
평균 기준,260,13.0,34.24202960738039,212021524,태종대초등학교,영도구,True,7,105,1.0,-21.24202960738039,21.24202960738039
평균 기준,261,22.0,34.242045698347994,212021287,광일초등학교,중구,True,12,203,1.0,-12.242045698347994,12.242045698347994
평균 기준,262,19.0,34.125500607880994,212021286,보수초등학교,중구,True,12,154,1.0,-15.125500607880994,15.125500607880994
평균 기준,263,23.0,34.2356236143889,212021288,봉래초등학교,중구,True,12,171,1.0,-11.2356236143889,11.2356236143889
평균 기준,264,49.0,34.10759493670886,216021112,강동초등학교,해운대구,False,33,753,1.0,14.892405063291143,14.892405063291143
평균 기준,265,47.0,34.153586497890295,216021184,동백초등학교,해운대구,False,30,627,1.0,12.846413502109705,12.846413502109705
평균 기준,266,31.0,34.47805907172996,216021200,무정초등학교,해운대구,False,24,504,1.0,-3.478059071729959,3.478059071729959
평균 기준,267,29.0,34.41054852320675,216021232,반산초등학교,해운대구,False,19,291,2.0,-5.410548523206749,5.410548523206749
평균 기준,268,14.0,34.08902953586498,216021238,반석초등학교,해운대구,True,7,62,1.0,-20.08902953586498,20.08902953586498
평균 기준,269,17.0,34.2789190445541,216021244,반송초등학교,해운대구,True,10,104,1.0,-17.2789190445541,17.2789190445541
평균 기준,270,38.0,33.88956232568118,216021021,반안초등학교,해운대구,False,25,516,1.0,4.110437674318817,4.110437674318817
평균 기준,271,22.0,34.24911320889652,216021256,반여초등학교,해운대구,True,13,161,2.0,-12.249113208896517,12.249113208896517
평균 기준,272,43.0,34.312693985553885,216021262,부흥초등학교,해운대구,False,30,731,1.0,8.687306014446115,8.687306014446115
평균 기준,273,22.0,34.31113852535221,216021569,삼어초등학교,해운대구,False,16,272,1.0,-12.311138525352213,12.311138525352213
평균 기준,274,51.0,34.14749517270972,216021272,상당초등학교,해운대구,False,31,739,1.0,16.852504827290282,16.852504827290282
평균 기준,275,79.0,34.06190552814131,216021571,센텀초등학교,해운대구,False,56,1472,1.0,44.93809447185869,44.93809447185869
평균 기준,276,56.0,34.12521812200529,216021570,송수초등학교,해운대구,False,38,850,2.0,21.874781877994707,21.874781877994707
평균 기준,277,26.0,34.178194951011946,216021280,송운초등학교,해운대구,False,17,295,1.0,-8.178194951011946,8.178194951011946
평균 기준,278,22.0,34.353919044554104,216021292,송정초등학교,해운대구,True,14,220,2.0,-12.353919044554104,12.353919044554104
평균 기준,279,37.0,34.200103697346776,216021322,신곡초등학교,해운대구,False,23,474,1.0,2.7998963026532238,2.7998963026532238
평균 기준,280,41.0,34.143459915611814,216021325,신도초등학교,해운대구,False,26,561,1.0,6.856540084388186,6.856540084388186
평균 기준,281,26.0,34.255930415504544,216021328,신재초등학교,해운대구,False,17,303,1.0,-8.255930415504544,8.255930415504544
평균 기준,282,27.0,34.31513444897375,216021346,양운초등학교,해운대구,False,18,345,1.0,-7.315134448973751,7.315134448973751
평균 기준,283,19.0,34.13366587999714,216021352,운봉초등학교,해운대구,True,10,106,2.0,-15.133665879997139,15.133665879997139
평균 기준,284,12.0,34.021878352284915,216021364,운송초등학교,해운대구,True,7,75,1.0,-22.021878352284915,22.021878352284915
평균 기준,285,38.0,34.11234534792248,216021396,인지초등학교,해운대구,False,24,502,1.0,3.887654652077522,3.887654652077522
평균 기준,286,47.0,34.172777658585424,216021412,장산초등학교,해운대구,False,31,701,1.0,12.827222341414576,12.827222341414576
평균 기준,287,31.0,34.219681041264394,216021436,재송초등학교,해운대구,False,19,336,2.0,-3.219681041264394,3.219681041264394
평균 기준,288,30.0,34.27299578059072,216021460,좌동초등학교,해운대구,False,20,396,1.0,-4.272995780590719,4.272995780590719
평균 기준,289,36.0,34.323734177215194,216021472,좌산초등학교,해운대구,False,21,460,1.0,1.6762658227848064,1.6762658227848064
평균 기준,290,46.0,34.13086247586355,216021532,해강초등학교,해운대구,False,33,748,1.0,11.869137524136448,11.869137524136448
평균 기준,291,26.0,33.97703640134449,216021544,해동초등학교,해운대구,False,17,320,1.0,-7.977036401344492,7.977036401344492
평균 기준,292,52.0,33.98280411928771,216021547,해림초등학교,해운대구,False,39,927,1.0,18.017195880712293,18.017195880712293
평균 기준,293,45.0,34.38176714581992,216021550,해송초등학교,해운대구,False,28,617,1.0,10.618232854180079,10.618232854180079
평균 기준,294,66.0,33.81551348065508,216021556,해운대초등학교,해운대구,False,49,1129,1.0,32.18448651934492,32.18448651934492
평균 기준,295,62.0,33.8066884788672,216021185,해원초등학교,해운대구,False,44,1064,1.0,28.1933115211328,28.1933115211328
학급수 선형,0,19.0,13.493871111825902,215021109,가락초등학교,강서구,True,7,19,1.0,5.506128888174098,5.506128888174098
학급수 선형,1,48.0,48.09547731496923,215021878,남명초등학교,강서구,False,33,745,1.0,-0.09547731496923006,0.09547731496923006
학급수 선형,2,13.0,13.475295451667558,215021181,녹명초등학교,강서구,True,7,99,1.0,-0.4752954516675576,0.4752954516675576
학급수 선형,3,70.0,70.59270009582013,215021131,녹산초등학교,강서구,False,50,1059,2.0,-0.5927000958201347,0.5927000958201347
학급수 선형,4,13.0,13.537140855341804,215021199,대사초등학교,강서구,True,7,10,1.0,-0.5371408553418036,0.5371408553418036
학급수 선형,5,13.0,13.559367851191212,215021208,대상초등학교,강서구,True,7,30,1.0,-0.5593678511912117,0.5593678511912117
학급수 선형,6,47.0,53.45465281425753,215021828,대저중앙초등학교,강서구,False,37,842,1.0,-6.454652814257528,6.454652814257528
학급수 선형,7,12.0,12.216692829238141,215021217,대저초등학교,강서구,True,6,29,1.0,-0.21669282923814137,0.21669282923814137
학급수 선형,8,24.0,21.458355058738125,215021253,덕두초등학교,강서구,True,13,201,1.0,2.5416449412618753,2.5416449412618753
학급수 선형,9,64.0,66.78457713639992,215021853,명문초등학교,강서구,False,47,1128,1.0,-2.7845771363999177,2.7845771363999177
학급수 선형,10,84.0,81.06860557011272,215021369,명원초등학교,강서구,False,58,1324,2.0,2.931394429887277,2.931394429887277
학급수 선형,11,58.0,58.737707400256326,215021215,명일초등학교,강서구,False,41,873,2.0,-0.7377074002563262,0.7377074002563262
학급수 선형,12,84.0,79.76263515347287,215021325,명지초등학교,강서구,False,57,1352,2.0,4.237364846527129,4.237364846527129
학급수 선형,13,76.0,78.80725856364245,215021267,명호초등학교,강서구,False,56,1369,2.0,-2.807258563642449,2.807258563642449
학급수 선형,14,13.0,13.577640406288666,215021370,배영초등학교,강서구,True,7,39,1.0,-0.5776404062886655,0.5776404062886655
학급수 선형,15,49.0,50.77943851952761,215021167,송정초등학교,강서구,False,35,693,2.0,-1.7794385195276092,1.7794385195276092
학급수 선형,16,72.0,69.2569070749609,215021166,신명초등학교,강서구,False,49,1086,2.0,2.743092925039093,2.743092925039093
학급수 선형,17,33.0,32.13219003010194,215021469,신호초등학교,강서구,False,21,410,1.0,0.8678099698980617,0.8678099698980617
학급수 선형,18,65.0,65.28782342461682,215021114,오션초등학교,강서구,False,46,1010,2.0,-0.28782342461681765,0.28782342461681765
학급수 선형,19,14.0,13.533640147690473,215021523,천가초등학교,강서구,True,7,60,1.0,0.4663598523095267,0.4663598523095267
학급수 선형,20,15.0,13.512016292848212,214021127,공덕초등학교,금정구,True,7,42,1.0,1.4879837071517876,1.4879837071517876
학급수 선형,21,37.0,34.82938587107991,214021401,구서초등학교,금정구,False,23,467,1.0,2.170614128920093,2.170614128920093
학급수 선형,22,44.0,46.764797255536244,214021180,금빛초등학교,금정구,False,32,693,2.0,-2.7647972555362443,2.7647972555362443
학급수 선형,23,21.0,25.521980009941075,214021172,금사초등학교,금정구,False,16,268,2.0,-4.521980009941075,4.521980009941075
학급수 선형,24,19.0,18.820330049097556,214021185,금샘초등학교,금정구,True,11,151,2.0,0.17966995090244353,0.17966995090244353
학급수 선형,25,15.0,13.522097281666467,214021181,금성초등학교,금정구,True,7,43,1.0,1.4779027183335334,1.4779027183335334
학급수 선형,26,45.0,48.01105001401569,214021195,금양초등학교,금정구,False,33,658,2.0,-3.0110500140156873,3.0110500140156873
학급수 선형,27,71.0,76.20179608175881,214021190,금정초등학교,금정구,False,54,1298,2.0,-5.201796081758815,5.201796081758815
학급수 선형,28,28.0,28.127162548189553,214021208,남산초등학교,금정구,False,18,358,1.0,-0.12716254818955264,0.12716254818955264
학급수 선형,29,12.0,13.567440683826073,214021253,동상초등학교,금정구,True,7,100,1.0,-1.5674406838260726,1.5674406838260726
학급수 선형,30,24.0,25.53562002318106,214021262,동현초등학교,금정구,False,16,289,1.0,-1.5356200231810604,1.5356200231810604
학급수 선형,31,48.0,46.68704460678994,214021543,두실초등학교,금정구,False,32,759,1.0,1.3129553932100606,1.3129553932100606
학급수 선형,32,31.0,32.1683695024186,214021316,부곡초등학교,금정구,False,21,445,1.0,-1.1683695024185994,1.1683695024185994
학급수 선형,33,14.0,13.575722298900933,214021024,서동초등학교,금정구,True,7,62,1.0,0.4242777010990668,0.4242777010990668
학급수 선형,34,14.0,13.580211750921695,214021352,서명초등학교,금정구,True,7,36,1.0,0.41978824907830514,0.41978824907830514
학급수 선형,35,39.0,38.78495003741535,214021478,장서초등학교,금정구,False,26,571,1.0,0.2150499625846507,0.2150499625846507
학급수 선형,36,33.0,33.45965029125542,214021487,장전초등학교,금정구,False,22,428,1.0,-0.45965029125542145,0.45965029125542145
학급수 선형,37,35.0,32.14622370671146,214021505,청룡초등학교,금정구,False,21,389,2.0,2.85377629328854,2.85377629328854
학급수 선형,38,13.0,13.602872977874634,214021532,현곡초등학교,금정구,True,7,86,1.0,-0.6028729778746342,0.6028729778746342
학급수 선형,39,64.0,58.703629019495224,216021131,가동초등학교,기장군,False,41,918,2.0,5.296370980504776,5.296370980504776
학급수 선형,40,44.0,37.452977831012575,216021216,교리초등학교,기장군,False,25,529,1.0,6.547022168987425,6.547022168987425
학급수 선형,41,35.0,34.77250187677338,216021148,기장초등학교,기장군,False,23,460,1.0,0.2274981232266171,0.2274981232266171
학급수 선형,42,19.0,17.51476937953983,216021241,내리초등학교,기장군,False,10,124,1.0,1.4852306204601717,1.4852306204601717
학급수 선형,43,44.0,38.76651498595855,216021718,달산초등학교,기장군,False,26,547,1.0,5.233485014041449,5.233485014041449
학급수 선형,44,35.0,34.80812551358198,216021178,대청초등학교,기장군,False,23,472,1.0,0.19187448641802263,0.19187448641802263
학급수 선형,45,86.0,83.93585507681226,216021880,모전초등학교,기장군,False,60,1466,0.0,2.0641449231877402,2.0641449231877402
학급수 선형,46,61.0,60.02534154594739,216021115,방곡초등학교,기장군,False,42,960,1.0,0.9746584540526086,0.9746584540526086
학급수 선형,47,41.0,45.449888478207,216021242,신정초등학교,기장군,False,31,655,2.0,-4.449888478207001,4.449888478207001
학급수 선형,48,18.0,18.83221538043869,216021340,신진초등학교,기장군,False,11,151,1.0,-0.83221538043869,0.83221538043869
학급수 선형,49,14.0,13.580379282583275,216021172,용암초등학교,기장군,True,7,68,1.0,0.41962071741672524,0.41962071741672524
학급수 선형,50,16.0,18.905022186680778,216021376,월내초등학교,기장군,False,11,150,1.0,-2.905022186680778,2.905022186680778
학급수 선형,51,14.0,13.549376635239962,216021388,월평초등학교,기장군,True,7,53,1.0,0.4506233647600375,0.4506233647600375
학급수 선형,52,68.0,61.26239980610323,216021367,일광초등학교,기장군,False,43,1023,1.0,6.737600193896768,6.737600193896768
학급수 선형,53,14.0,12.210796646195556,216021424,장안초등학교,기장군,True,6,58,0.0,1.789203353804444,1.789203353804444
학급수 선형,54,74.0,70.5773908859156,216021448,정관초등학교,기장군,False,50,1237,1.0,3.422609114084395,3.422609114084395
학급수 선형,55,68.0,62.65317875391163,216021717,정원초등학교,기장군,False,44,1000,2.0,5.346821246088368,5.346821246088368
학급수 선형,56,14.0,13.563566602149825,216021484,좌천초등학교,기장군,True,7,37,1.0,0.4364333978501751,0.4364333978501751
학급수 선형,57,12.0,13.591393522503552,216021496,죽성초등학교,기장군,True,7,71,1.0,-1.5913935225035516,1.5913935225035516
학급수 선형,58,13.0,12.21581109579304,216021508,철마초등학교,기장군,True,6,83,0.0,0.7841889042069603,0.7841889042069603
학급수 선형,59,13.0,13.499329045867444,216021520,칠암초등학교,기장군,True,7,55,1.0,-0.4993290458674444,0.4993290458674444
학급수 선형,60,62.0,61.40913337823056,216021310,해빛초등학교,기장군,False,43,1062,1.0,0.5908666217694432,0.5908666217694432
학급수 선형,61,22.0,25.524992180544658,213021238,대남초등학교,남구,False,16,295,1.0,-3.5249921805446576,3.5249921805446576
학급수 선형,62,53.0,52.04206881780446,213021150,대연초등학교,남구,False,36,784,2.0,0.9579311821955372,0.9579311821955372
학급수 선형,63,43.0,38.734009050827986,213021160,대천초등학교,남구,False,26,516,2.0,4.265990949172014,4.265990949172014
학급수 선형,64,22.0,21.515712750212735,213021180,동천초등학교,남구,False,13,260,1.0,0.4842872497872648,0.4842872497872648
학급수 선형,65,16.0,16.27253419677375,213021190,동항초등학교,남구,True,9,127,1.0,-0.27253419677375135,0.27253419677375135
학급수 선형,66,39.0,40.069433770170896,213021210,문현초등학교,남구,False,27,485,2.0,-1.069433770170896,1.069433770170896
학급수 선형,67,19.0,18.890675339969352,213021089,백운초등학교,남구,True,11,152,2.0,0.10932466003064789,0.10932466003064789
학급수 선형,68,61.0,58.60558071712635,213021289,분포초등학교,남구,False,41,965,1.0,2.394419282873649,2.394419282873649
학급수 선형,69,45.0,46.6812253824224,213021290,석포초등학교,남구,False,32,651,2.0,-1.6812253824223973,1.6812253824223973
학급수 선형,70,51.0,50.76769094609256,213021300,성동초등학교,남구,False,35,753,2.0,0.23230905390744283,0.23230905390744283
학급수 선형,71,19.0,17.554834289284663,213021213,성천초등학교,남구,True,10,122,1.0,1.4451657107153366,1.4451657107153366
학급수 선형,72,72.0,73.21640187958744,213021370,연포초등학교,남구,False,52,1226,1.0,-1.216401879587437,1.216401879587437
학급수 선형,73,32.0,33.47134430190388,213021360,오륙도초등학교,남구,False,22,467,0.0,-1.4713443019038834,1.4713443019038834
학급수 선형,74,16.0,16.233763045920703,213021380,용당초등학교,남구,True,9,86,2.0,-0.2337630459207034,0.2337630459207034
학급수 선형,75,57.0,52.01793993031589,213021385,용문초등학교,남구,False,36,843,0.0,4.98206006968411,4.98206006968411
학급수 선형,76,30.0,25.461762655748505,213021390,용산초등학교,남구,False,16,276,1.0,4.538237344251495,4.538237344251495
학급수 선형,77,64.0,61.32101464770574,213021711,용소초등학교,남구,False,43,1103,1.0,2.678985352294262,2.678985352294262
학급수 선형,78,31.0,30.795643115799702,213021400,용호초등학교,남구,False,20,395,2.0,0.20435688420029763,0.20435688420029763
학급수 선형,79,24.0,24.1686795988115,213021410,우암초등학교,남구,False,15,267,1.0,-0.16867959881150085,0.16867959881150085
학급수 선형,80,33.0,34.79591763171739,213021430,운산초등학교,남구,False,23,454,1.0,-1.795917631717387,1.795917631717387
학급수 선형,81,54.0,57.454540668792276,213021175,동일중앙초등학교,동구,False,40,898,2.0,-3.4545406687922764,3.4545406687922764
학급수 선형,82,19.0,21.51665094801473,213021283,범일초등학교,동구,True,13,181,2.0,-2.5166509480147283,2.5166509480147283
학급수 선형,83,44.0,41.43285203624089,213021295,성남초등학교,동구,False,28,567,1.0,2.567147963759112,2.567147963759112
학급수 선형,84,15.0,16.25068628760335,213021335,수성초등학교,동구,True,9,124,1.0,-1.2506862876033509,1.2506862876033509
학급수 선형,85,24.0,28.180038922470573,213021345,수정초등학교,동구,False,18,335,2.0,-4.1800389224705725,4.1800389224705725
학급수 선형,86,21.0,21.533910038983173,213021058,초량초등학교,동구,True,13,185,1.0,-0.5339100389831728,0.5339100389831728
학급수 선형,87,54.0,53.38628047313896,214021145,교동초등학교,동래구,False,37,862,1.0,0.6137195268610398,0.6137195268610398
학급수 선형,88,49.0,50.73370911786653,214021163,금강초등학교,동래구,False,35,757,2.0,-1.7337091178665318,1.7337091178665318
학급수 선형,89,39.0,41.45215001608368,214021199,낙민초등학교,동래구,False,28,589,1.0,-2.452150016083678,2.452150016083678
학급수 선형,90,22.0,21.485329324408234,214021217,내산초등학교,동래구,True,13,215,2.0,0.5146706755917663,0.5146706755917663
학급수 선형,91,17.0,16.184068496377556,214021226,내성초등학교,동래구,True,9,107,2.0,0.8159315036224442,0.8159315036224442
학급수 선형,92,38.0,37.44661263675768,214021235,달북초등학교,동래구,False,25,513,1.0,0.5533873632423223,0.5533873632423223
학급수 선형,93,34.0,34.80283449613816,214021271,명동초등학교,동래구,False,23,454,1.0,-0.8028344961381606,0.8028344961381606
학급수 선형,94,59.0,62.672233149120004,214021280,명륜초등학교,동래구,False,44,1110,1.0,-3.6722331491200038,3.6722331491200038
학급수 선형,95,13.0,13.597446707637824,214021289,명서초등학교,동래구,True,7,94,1.0,-0.5974467076378236,0.5974467076378236
학급수 선형,96,29.0,28.14633261871017,214021298,명장초등학교,동래구,False,18,339,1.0,0.8536673812898314,0.8536673812898314
학급수 선형,97,24.0,24.176915165700873,214021214,미남초등학교,동래구,False,15,266,2.0,-0.17691516570087273,0.17691516570087273
학급수 선형,98,61.0,57.3680636305083,214021325,사직초등학교,동래구,False,40,951,1.0,3.6319363694916973,3.6319363694916973
학급수 선형,99,16.0,20.21872174350496,214021361,수안초등학교,동래구,True,12,166,1.0,-4.218721743504961,4.218721743504961
학급수 선형,100,44.0,46.775084720905944,214021370,안남초등학교,동래구,False,32,732,1.0,-2.7750847209059444,2.7750847209059444
학급수 선형,101,21.0,20.174059021805903,214021379,안락초등학교,동래구,True,12,187,1.0,0.8259409781940974,0.8259409781940974
학급수 선형,102,38.0,41.45942496393526,214021384,안민초등학교,동래구,False,28,615,1.0,-3.4594249639352626,3.4594249639352626
학급수 선형,103,26.0,28.19649223185163,214021542,안진초등학교,동래구,False,18,394,1.0,-2.1964922318516287,2.1964922318516287
학급수 선형,104,53.0,53.3744776626984,214021388,여고초등학교,동래구,False,37,1038,1.0,-0.37447766269840344,0.37447766269840344
학급수 선형,105,49.0,50.73540017576924,214021249,예원초등학교,동래구,False,35,878,1.0,-1.735400175769243,1.735400175769243
학급수 선형,106,80.0,79.891678902531,214021619,온샘초등학교,동래구,False,57,1380,2.0,0.10832109746900187,0.10832109746900187
학급수 선형,107,66.0,65.36001054987032,214021469,온천초등학교,동래구,False,46,1064,2.0,0.6399894501296757,0.6399894501296757
학급수 선형,108,13.0,13.558763183225434,214021514,충렬초등학교,동래구,True,7,94,1.0,-0.5587631832254338,0.5587631832254338
학급수 선형,109,13.0,13.577166370553929,213021106,가남초등학교,부산진구,True,7,53,1.0,-0.5771663705539289,0.5771663705539289
학급수 선형,110,65.0,62.64707867129117,213021124,가야초등학교,부산진구,False,44,961,2.0,2.352921328708831,2.352921328708831
학급수 선형,111,43.0,44.08566327346049,213021130,가평초등학교,부산진구,False,30,623,2.0,-1.08566327346049,1.08566327346049
학급수 선형,112,37.0,38.7997912915195,213021142,개금초등학교,부산진구,False,26,554,1.0,-1.7997912915194973,1.7997912915194973
학급수 선형,113,45.0,46.75002100073339,213021257,개림초등학교,부산진구,False,32,671,1.0,-1.7500210007333905,1.7500210007333905
학급수 선형,114,38.0,36.12504120924005,213021623,개원초등학교,부산진구,False,24,457,1.0,1.8749587907599476,1.8749587907599476
학급수 선형,115,23.0,22.858037277114057,213021148,개포초등학교,부산진구,True,14,222,1.0,0.14196272288594258,0.14196272288594258
학급수 선형,116,16.0,17.55499262700198,213021154,개화초등학교,부산진구,True,10,165,1.0,-1.5549926270019796,1.5549926270019796
학급수 선형,117,18.0,17.540150547523133,213021196,당감초등학교,부산진구,True,10,172,1.0,0.4598494524768668,0.4598494524768668
학급수 선형,118,24.0,21.493736320420645,213021202,당평초등학교,부산진구,True,13,223,2.0,2.506263679579355,2.506263679579355
학급수 선형,119,20.0,20.16272740123115,213021551,동양초등학교,부산진구,True,12,189,1.0,-0.1627274012311517,0.1627274012311517
학급수 선형,120,38.0,41.43752949566558,213021268,동원초등학교,부산진구,False,28,626,1.0,-3.4375294956655793,3.4375294956655793
학급수 선형,121,33.0,36.11461360441054,213021264,동평초등학교,부산진구,False,24,513,1.0,-3.1146136044105432,3.1146136044105432
학급수 선형,122,34.0,36.13064425057881,213021352,부산진초등학교,부산진구,False,24,437,2.0,-2.1306442505788112,2.1306442505788112
학급수 선형,123,50.0,50.733992379651205,213021346,부암초등학교,부산진구,False,35,697,2.0,-0.7339923796512053,0.7339923796512053
학급수 선형,124,28.0,29.46706148309505,213021358,부전초등학교,부산진구,False,19,352,1.0,-1.4670614830950512,1.4670614830950512
학급수 선형,125,17.0,17.598738159057042,213021394,선암초등학교,부산진구,True,10,121,1.0,-0.5987381590570422,0.5987381590570422
학급수 선형,126,46.0,44.0682014952132,213021269,성북초등학교,부산진구,False,30,616,2.0,1.9317985047867978,1.9317985047867978
학급수 선형,127,21.0,21.515148886687797,213021406,성서초등학교,부산진구,True,13,178,1.0,-0.5151488866877969,0.5151488866877969
학급수 선형,128,29.0,32.155067468980185,213021412,성전초등학교,부산진구,False,21,442,1.0,-3.155067468980185,3.155067468980185
학급수 선형,129,41.0,37.413645688233785,213021418,성지초등학교,부산진구,False,25,458,2.0,3.5863543117662147,3.5863543117662147
학급수 선형,130,60.0,58.646002652332825,213021448,양동초등학교,부산진구,False,41,974,2.0,1.3539973476671747,1.3539973476671747
학급수 선형,131,31.0,28.18203983974464,213021454,양성초등학교,부산진구,False,18,299,2.0,2.8179601602553603,2.8179601602553603
학급수 선형,132,58.0,58.74669395613436,213021460,양정초등학교,부산진구,False,41,776,2.0,-0.746693956134358,0.746693956134358
학급수 선형,133,84.0,78.39658918557137,213021478,연지초등학교,부산진구,False,56,1286,2.0,5.603410814428628,5.603410814428628
학급수 선형,134,26.0,28.195099436889524,213021484,연학초등학교,부산진구,False,18,355,1.0,-2.1950994368895245,2.1950994368895245
학급수 선형,135,30.0,32.15636480040577,213021490,전포초등학교,부산진구,False,21,348,2.0,-2.1563648004057683,2.1563648004057683
학급수 선형,136,29.0,26.824280406462254,213021502,주례초등학교,부산진구,False,17,299,2.0,2.175719593537746,2.175719593537746
학급수 선형,137,32.0,33.45292935285711,213021526,초읍초등학교,부산진구,False,22,425,1.0,-1.4529293528571117,1.4529293528571117
학급수 선형,138,32.0,33.49227737656603,215021136,구남초등학교,북구,False,22,410,2.0,-1.4922773765660295,1.4922773765660295
학급수 선형,139,43.0,45.4246923100839,215021145,구포초등학교,북구,False,31,545,3.0,-2.4246923100838984,2.4246923100838984
학급수 선형,140,23.0,22.833106624222914,215021163,금곡초등학교,북구,False,14,271,1.0,0.16689337577708585,0.16689337577708585
학급수 선형,141,36.0,33.463330256121004,215021165,금명초등학교,북구,False,22,471,1.0,2.5366697438789956,2.5366697438789956
학급수 선형,142,16.0,17.504900841423286,215021172,금창초등학교,북구,True,10,111,1.0,-1.5049008414232858,1.5049008414232858
학급수 선형,143,18.0,20.205079089771395,215021235,대천리초등학교,북구,True,12,198,1.0,-2.205079089771395,2.205079089771395
학급수 선형,144,30.0,29.46117601095665,215021271,덕성초등학교,북구,False,19,327,1.0,0.538823989043351,0.538823989043351
학급수 선형,145,27.0,26.84391186945618,215021274,덕양초등학교,북구,False,17,328,1.0,0.15608813054382153,0.15608813054382153
학급수 선형,146,13.0,13.541384040154133,215021280,덕천초등학교,북구,True,7,81,1.0,-0.5413840401541332,0.5413840401541332
학급수 선형,147,36.0,30.78067880293198,215021307,만덕초등학교,북구,False,20,407,1.0,5.21932119706802,5.21932119706802
학급수 선형,148,49.0,44.04471930302911,215021316,명덕초등학교,북구,False,30,642,1.0,4.955280696970888,4.955280696970888
학급수 선형,149,40.0,38.76514770105129,215021326,명진초등학교,북구,False,26,559,1.0,1.2348522989487094,1.2348522989487094
학급수 선형,150,40.0,37.46046506001094,215021379,백산초등학교,북구,False,25,544,1.0,2.5395349399890605,2.5395349399890605
학급수 선형,151,55.0,60.06079576471846,215021388,백양초등학교,북구,False,42,906,2.0,-5.060795764718463,5.060795764718463
학급수 선형,152,21.0,22.85611613750808,215021428,상학초등학교,북구,False,14,263,1.0,-1.8561161375080815,1.8561161375080815
학급수 선형,153,26.0,24.154352297675977,215021460,신금초등학교,북구,False,15,244,1.0,1.8456477023240225,1.8456477023240225
학급수 선형,154,20.0,22.867879085120666,215021462,신덕초등학교,북구,True,14,215,2.0,-2.8678790851206664,2.8678790851206664
학급수 선형,155,21.0,20.180126571431806,215021465,신천초등학교,북구,True,12,161,2.0,0.8198734285681937,0.8198734285681937
학급수 선형,156,19.0,17.49924764595784,215021478,양덕초등학교,북구,True,10,140,1.0,1.5007523540421595,1.5007523540421595
학급수 선형,157,15.0,16.225604230222324,215021487,양천초등학교,북구,True,9,100,2.0,-1.2256042302223236,1.2256042302223236
학급수 선형,158,36.0,37.459010456484926,215021005,와석초등학교,북구,False,25,479,1.0,-1.4590104564849256,1.4590104564849256
학급수 선형,159,50.0,50.64296427548015,215021502,용수초등학교,북구,False,35,737,2.0,-0.6429642754801534,0.6429642754801534
학급수 선형,160,29.0,32.14683084905802,215021532,포천초등학교,북구,False,21,399,2.0,-3.14683084905802,3.14683084905802
학급수 선형,161,29.0,32.13293439077925,215021538,학사초등학교,북구,False,21,415,1.0,-3.1329343907792477,3.1329343907792477
학급수 선형,162,41.0,40.0884472599606,215021559,화명초등학교,북구,False,27,511,2.0,0.9115527400393972,0.9115527400393972
학급수 선형,163,30.0,29.481762151429063,215021565,화잠초등학교,북구,False,19,399,1.0,0.5182378485709371,0.5182378485709371
학급수 선형,164,44.0,46.73965086996885,215021879,화정초등학교,북구,False,32,699,1.0,-2.739650869968848,2.739650869968848
학급수 선형,165,14.0,14.851186508111084,215021118,감전초등학교,사상구,True,8,116,1.0,-0.8511865081110841,0.8511865081110841
학급수 선형,166,13.0,13.610861260968644,215021127,괘법초등학교,사상구,True,7,52,1.0,-0.6108612609686439,0.6108612609686439
학급수 선형,167,30.0,30.790013284014396,215021154,구학초등학교,사상구,False,20,405,1.0,-0.7900132840143961,0.7900132840143961
학급수 선형,168,29.0,29.509803490794564,215021262,덕상초등학교,사상구,False,19,371,1.0,-0.5098034907945639,0.5098034907945639
학급수 선형,169,16.0,17.54447066519061,215021289,덕포초등학교,사상구,True,10,134,1.0,-1.5444706651906088,1.5444706651906088
학급수 선형,170,42.0,37.47842320562099,215021292,동궁초등학교,사상구,False,25,474,2.0,4.521576794379008,4.521576794379008
학급수 선형,171,34.0,33.46597683993381,215021298,동주초등학교,사상구,False,22,421,1.0,0.5340231600661909,0.5340231600661909
학급수 선형,172,41.0,41.406537680943394,215021334,모덕초등학교,사상구,False,28,557,2.0,-0.40653768094339426,0.40653768094339426
학급수 선형,173,14.0,13.538445192666472,215021343,모동초등학교,사상구,True,7,46,1.0,0.4615548073335276,0.4615548073335276
학급수 선형,174,17.0,17.568309035610177,215021352,모라초등학교,사상구,True,10,121,2.0,-0.5683090356101772,0.5683090356101772
학급수 선형,175,24.0,22.86482663808347,215021361,모산초등학교,사상구,False,14,282,1.0,1.1351733619165287,1.1351733619165287
학급수 선형,176,33.0,29.482441639852272,215021397,사상초등학교,사상구,False,19,333,2.0,3.517558360147728,3.517558360147728
학급수 선형,177,14.0,14.822050653830951,215021415,삼덕초등학교,사상구,True,8,104,1.0,-0.8220506538309511,0.8220506538309511
학급수 선형,178,16.0,16.26489594553066,215021433,서감초등학교,사상구,True,9,114,1.0,-0.264895945530661,0.264895945530661
학급수 선형,179,44.0,42.751109645101785,215021496,엄궁초등학교,사상구,False,29,568,2.0,1.248890354898215,1.248890354898215
학급수 선형,180,41.0,42.77505140163225,215021505,주감초등학교,사상구,False,29,611,2.0,-1.775051401632247,1.775051401632247
학급수 선형,181,28.0,26.84631054903421,215021501,주양초등학교,사상구,False,17,284,1.0,1.1536894509657891,1.1536894509657891
학급수 선형,182,15.0,13.526263478359004,215021514,주학초등학교,사상구,True,7,42,1.0,1.473736521640996,1.473736521640996
학급수 선형,183,30.0,30.802513737216895,215021519,창진초등학교,사상구,False,20,413,1.0,-0.8025137372168949,0.8025137372168949
학급수 선형,184,19.0,21.534996739222475,215021541,학장초등학교,사상구,True,13,194,1.0,-2.534996739222475,2.534996739222475
학급수 선형,185,37.0,33.44826419661934,215021550,학진초등학교,사상구,False,22,424,2.0,3.5517358033806588,3.5517358033806588
학급수 선형,186,15.0,14.90185190391912,212021116,감천초등학교,사하구,True,8,99,1.0,0.09814809608088026,0.09814809608088026
학급수 선형,187,39.0,38.8221980996811,212021124,괴정초등학교,사하구,False,26,523,2.0,0.1778019003188973,0.1778019003188973
학급수 선형,188,40.0,44.04402253017194,212021140,구평초등학교,사하구,False,30,652,1.0,-4.044022530171937,4.044022530171937
학급수 선형,189,59.0,54.66136806346027,212021148,낙동초등학교,사하구,False,38,816,2.0,4.338631936539727,4.338631936539727
학급수 선형,190,44.0,45.39330383619412,212021180,다대초등학교,사하구,False,31,635,2.0,-1.3933038361941215,1.3933038361941215
학급수 선형,191,35.0,37.493805571637814,212021188,다선초등학교,사하구,False,25,505,2.0,-2.4938055716378145,2.4938055716378145
학급수 선형,192,18.0,17.54046356528121,212021192,다송초등학교,사하구,True,10,121,1.0,0.4595364347187889,0.4595364347187889
학급수 선형,193,16.0,16.227373829660355,212021196,당리초등학교,사하구,True,9,132,2.0,-0.2273738296603547,0.2273738296603547
학급수 선형,194,50.0,50.73748299400823,212021303,몰운대초등학교,사하구,False,35,755,2.0,-0.7374829940082321,0.7374829940082321
학급수 선형,195,51.0,46.755010519902726,212021265,보림초등학교,사하구,False,32,601,3.0,4.244989480097274,4.244989480097274
학급수 선형,196,29.0,28.13675483859551,212021300,사남초등학교,사하구,False,18,374,1.0,0.8632451614044889,0.8632451614044889
학급수 선형,197,18.0,18.918332761982235,212021308,사동초등학교,사하구,True,11,178,1.0,-0.918332761982235,0.918332761982235
학급수 선형,198,56.0,56.0149007809949,212021316,사하초등학교,사하구,False,39,886,1.0,-0.014900780994899776,0.014900780994899776
학급수 선형,199,18.0,16.14514522923119,212021332,서천초등학교,사하구,True,9,129,1.0,1.8548547707688101,1.8548547707688101
학급수 선형,200,21.0,20.166936981894658,212021372,승학초등학교,사하구,True,12,205,1.0,0.8330630181053422,0.8330630181053422
학급수 선형,201,31.0,33.45485742350149,212021376,신남초등학교,사하구,False,22,417,2.0,-2.454857423501487,2.454857423501487
학급수 선형,202,14.0,14.882093248022343,212021388,신촌초등학교,사하구,True,8,71,2.0,-0.8820932480223433,0.8820932480223433
학급수 선형,203,39.0,36.11591635976487,212021396,신평초등학교,사하구,False,24,507,1.0,2.884083640235133,2.884083640235133
학급수 선형,204,33.0,32.164356187026826,212021428,옥천초등학교,사하구,False,21,434,1.0,0.8356438129731742,0.8356438129731742
학급수 선형,205,38.0,40.107036828084915,212021430,을숙도초등학교,사하구,False,27,532,2.0,-2.107036828084915,2.107036828084915
학급수 선형,206,15.0,16.26213684384476,212021432,응봉초등학교,사하구,True,9,120,1.0,-1.262136843844761,1.262136843844761
학급수 선형,207,38.0,38.7921128815736,212021436,장림초등학교,사하구,False,26,494,2.0,-0.7921128815736012,0.7921128815736012
학급수 선형,208,27.0,26.84567709501102,212021480,중현초등학교,사하구,False,17,315,1.0,0.15432290498898027,0.15432290498898027
학급수 선형,209,37.0,41.48679141726269,212021540,하남초등학교,사하구,False,28,577,2.0,-4.486791417262687,4.486791417262687
학급수 선형,210,24.0,25.475608495825888,212021548,하단초등학교,사하구,False,16,272,2.0,-1.4756084958258882,1.4756084958258882
학급수 선형,211,48.0,38.7469474081248,212021564,효림초등학교,사하구,False,26,510,2.0,9.253052591875203,9.253052591875203
학급수 선형,212,33.0,32.13974497373866,212021132,구덕초등학교,서구,False,21,422,1.0,0.860255026261342,0.860255026261342
학급수 선형,213,15.0,13.495420002303694,212021156,남부민초등학교,서구,True,7,90,1.0,1.5045799976963057,1.5045799976963057
학급수 선형,214,41.0,45.49175943097651,212021212,대신초등학교,서구,False,31,732,1.0,-4.491759430976508,4.491759430976508
학급수 선형,215,25.0,24.176375846750645,212021244,동신초등학교,서구,False,15,288,1.0,0.8236241532493551,0.8236241532493551
학급수 선형,216,43.0,41.413525098761866,212021292,부민초등학교,서구,False,28,574,2.0,1.5864749012381338,1.5864749012381338
학급수 선형,217,38.0,40.102794825784535,212021348,송도초등학교,서구,False,27,501,2.0,-2.1027948257845352,2.1027948257845352
학급수 선형,218,15.0,13.505756933233755,212021404,아미초등학교,서구,True,7,31,1.0,1.494243066766245,1.494243066766245
학급수 선형,219,14.0,14.912678800505486,212021484,천마초등학교,서구,True,8,84,1.0,-0.9126788005054856,0.9126788005054856
학급수 선형,220,33.0,32.149763631975134,212021532,토성초등학교,서구,False,21,401,2.0,0.8502363680248664,0.8502363680248664
학급수 선형,221,21.0,20.206699172523148,212021556,화랑초등학교,서구,True,12,171,1.0,0.7933008274768518,0.7933008274768518
학급수 선형,222,43.0,42.76285436132135,216021124,광남초등학교,수영구,False,29,581,1.0,0.23714563867864769,0.23714563867864769
학급수 선형,223,39.0,42.78642688365036,216021136,광안초등학교,수영구,False,29,657,2.0,-3.786426883650357,3.786426883650357
학급수 선형,224,59.0,58.745652056142276,216021160,남천초등학교,수영구,False,41,929,2.0,0.25434794385772364,0.25434794385772364
학급수 선형,225,29.0,32.143669597105756,216021196,망미초등학교,수영구,False,21,386,1.0,-3.143669597105756,3.143669597105756
학급수 선형,226,42.0,42.798800301946876,216021208,민락초등학교,수영구,False,29,587,1.0,-0.7988003019468763,0.7988003019468763
학급수 선형,227,31.0,32.1581510524539,216021220,민안초등학교,수영구,False,21,393,2.0,-1.1581510524539027,1.1581510524539027
학급수 선형,228,36.0,37.43501259650322,216021268,배산초등학교,수영구,False,25,512,2.0,-1.4350125965032205,1.4350125965032205
학급수 선형,229,35.0,32.14252563210506,216021304,수미초등학교,수영구,False,21,399,2.0,2.8574743678949375,2.8574743678949375
학급수 선형,230,44.0,45.36812491080757,216021316,수영초등학교,수영구,False,31,680,2.0,-1.3681249108075733,1.3681249108075733
학급수 선형,231,33.0,34.83180938811741,216021568,호암초등학교,수영구,False,23,471,1.0,-1.8318093881174065,1.8318093881174065
학급수 선형,232,49.0,50.74613439754196,214021156,거제초등학교,연제구,False,35,803,1.0,-1.746134397541958,1.746134397541958
학급수 선형,233,38.0,37.45858013865686,214021158,거학초등학교,연제구,False,25,543,1.0,0.5414198613431367,0.5414198613431367
학급수 선형,234,31.0,32.146552991760394,214021159,과정초등학교,연제구,False,21,425,1.0,-1.1465529917603945,1.1465529917603945
학급수 선형,235,62.0,60.078454828661755,214021183,남문초등학교,연제구,False,42,1061,1.0,1.921545171338245,1.921545171338245
학급수 선형,236,21.0,21.549767483104183,214021264,동명초등학교,연제구,True,13,155,2.0,-0.5497674831041834,0.5497674831041834
학급수 선형,237,39.0,40.125152791277074,214021462,연동초등학교,연제구,False,27,542,1.0,-1.125152791277074,1.125152791277074
학급수 선형,238,27.0,28.181135629476994,214021464,연미초등학교,연제구,False,18,298,1.0,-1.1811356294769944,1.1811356294769944
학급수 선형,239,55.0,56.05472224940087,214021468,연산초등학교,연제구,False,39,787,2.0,-1.054722249400868,1.054722249400868
학급수 선형,240,44.0,44.08463296670385,214021470,연서초등학교,연제구,False,30,591,1.0,-0.08463296670385034,0.08463296670385034
학급수 선형,241,40.0,41.478865414526545,214021471,연신초등학교,연제구,False,28,578,1.0,-1.4788654145265454,1.4788654145265454
학급수 선형,242,12.0,13.557968755073947,214021474,연일초등학교,연제구,True,7,94,1.0,-1.5579687550739472,1.5579687550739472
학급수 선형,243,33.0,33.476352781996084,214021476,연제초등학교,연제구,False,22,435,1.0,-0.4763527819960842,0.4763527819960842
학급수 선형,244,41.0,40.09775093067459,214021481,연천초등학교,연제구,False,27,583,1.0,0.902249069325407,0.902249069325407
학급수 선형,245,79.0,86.84742085893647,214021517,창신초등학교,연제구,False,62,1621,2.0,-7.847420858936474,7.847420858936474
학급수 선형,246,24.0,22.838044692533533,214021529,토현초등학교,연제구,False,14,242,1.0,1.1619553074664672,1.1619553074664672
학급수 선형,247,22.0,18.84217808671772,212021111,남항초등학교,영도구,True,11,158,1.0,3.1578219132822802,3.1578219132822802
학급수 선형,248,31.0,29.482504709147566,212021204,대교초등학교,영도구,False,19,366,1.0,1.517495290852434,1.517495290852434
학급수 선형,249,19.0,18.877382388456354,212021220,대평초등학교,영도구,True,11,209,1.0,0.12261761154364592,0.12261761154364592
학급수 선형,250,28.0,29.495088985735453,212021236,동삼초등학교,영도구,False,19,421,1.0,-1.4950889857354532,1.4950889857354532
학급수 선형,251,15.0,13.512852326922914,212021280,봉삼초등학교,영도구,True,7,30,1.0,1.4871476730770858,1.4871476730770858
학급수 선형,252,19.0,17.571125388957334,212021284,봉학초등학교,영도구,True,10,143,1.0,1.4288746110426658,1.4288746110426658
학급수 선형,253,13.0,13.565364912621783,212021324,상리초등학교,영도구,True,7,106,1.0,-0.5653649126217832,0.5653649126217832
학급수 선형,254,11.0,9.583530593537281,212021380,신선초등학교,영도구,True,4,21,0.0,1.4164694064627188,1.4164694064627188
학급수 선형,255,25.0,22.83125604663668,212021412,영도초등학교,영도구,True,14,224,2.0,2.1687439533633217,2.1687439533633217
학급수 선형,256,16.0,13.49954729655776,212021456,절영초등학교,영도구,True,7,59,1.0,2.5004527034422406,2.5004527034422406
학급수 선형,257,36.0,36.13264482453358,212021460,중리초등학교,영도구,False,24,486,1.0,-0.1326448245335783,0.1326448245335783
학급수 선형,258,30.0,32.12787211397122,212021492,청동초등학교,영도구,False,21,407,2.0,-2.127872113971222,2.127872113971222
학급수 선형,259,21.0,18.864450485106726,212021500,청학초등학교,영도구,True,11,151,1.0,2.135549514893274,2.135549514893274
학급수 선형,260,13.0,13.55293644445226,212021524,태종대초등학교,영도구,True,7,105,1.0,-0.5529364444522606,0.5529364444522606
학급수 선형,261,22.0,20.16788567017458,212021287,광일초등학교,중구,True,12,203,1.0,1.8321143298254192,1.8321143298254192
학급수 선형,262,19.0,20.138588311727403,212021286,보수초등학교,중구,True,12,154,1.0,-1.1385883117274034,1.1385883117274034
학급수 선형,263,23.0,20.216357677323604,212021288,봉래초등학교,중구,True,12,171,1.0,2.783642322676396,2.783642322676396
학급수 선형,264,49.0,48.07195388572261,216021112,강동초등학교,해운대구,False,33,753,1.0,0.928046114277393,0.928046114277393
학급수 선형,265,47.0,44.116609902837,216021184,동백초등학교,해운대구,False,30,627,1.0,2.8833900971630015,2.8833900971630015
학급수 선형,266,31.0,36.12283039325929,216021200,무정초등학교,해운대구,False,24,504,1.0,-5.122830393259292,5.122830393259292
학급수 선형,267,29.0,29.47447738122396,216021232,반산초등학교,해운대구,False,19,291,2.0,-0.4744773812239593,0.4744773812239593
학급수 선형,268,14.0,13.542172173427778,216021238,반석초등학교,해운대구,True,7,62,1.0,0.4578278265722222,0.4578278265722222
학급수 선형,269,17.0,17.490055916180225,216021244,반송초등학교,해운대구,True,10,104,1.0,-0.4900559161802249,0.4900559161802249
학급수 선형,270,38.0,37.46432402177918,216021021,반안초등학교,해운대구,False,25,516,1.0,0.5356759782208229,0.5356759782208229
학급수 선형,271,22.0,21.527159980881468,216021256,반여초등학교,해운대구,True,13,161,2.0,0.47284001911853224,0.47284001911853224
학급수 선형,272,43.0,44.104652338167526,216021262,부흥초등학교,해운대구,False,30,731,1.0,-1.1046523381675257,1.1046523381675257
학급수 선형,273,22.0,25.485252844358815,216021569,삼어초등학교,해운대구,False,16,272,1.0,-3.485252844358815,3.485252844358815
학급수 선형,274,51.0,45.41806317780669,216021272,상당초등학교,해운대구,False,31,739,1.0,5.581936822193313,5.581936822193313
학급수 선형,275,79.0,78.67918257433386,216021571,센텀초등학교,해운대구,False,56,1472,1.0,0.32081742566613514,0.32081742566613514
학급수 선형,276,56.0,54.68928579459474,216021570,송수초등학교,해운대구,False,38,850,2.0,1.3107142054052616,1.3107142054052616
학급수 선형,277,26.0,26.850176548835538,216021280,송운초등학교,해운대구,False,17,295,1.0,-0.8501765488355382,0.8501765488355382
학급수 선형,278,22.0,22.84302001935486,216021292,송정초등학교,해운대구,True,14,220,2.0,-0.84302001935486,0.84302001935486
학급수 선형,279,37.0,34.7944623896077,216021322,신곡초등학교,해운대구,False,23,474,1.0,2.205537610392298,2.205537610392298
학급수 선형,280,41.0,38.7920237176296,216021325,신도초등학교,해운대구,False,26,561,1.0,2.207976282370403,2.207976282370403
학급수 선형,281,26.0,26.83225187265482,216021328,신재초등학교,해운대구,False,17,303,1.0,-0.8322518726548189,0.8322518726548189
학급수 선형,282,27.0,28.15237372309675,216021346,양운초등학교,해운대구,False,18,345,1.0,-1.1523737230967512,1.1523737230967512
학급수 선형,283,19.0,17.52824818426956,216021352,운봉초등학교,해운대구,True,10,106,2.0,1.471751815730439,1.471751815730439
학급수 선형,284,12.0,13.620701699684753,216021364,운송초등학교,해운대구,True,7,75,1.0,-1.6207016996847532,1.6207016996847532
학급수 선형,285,38.0,36.115587675573686,216021396,인지초등학교,해운대구,False,24,502,1.0,1.8844123244263145,1.8844123244263145
학급수 선형,286,47.0,45.395966969157875,216021412,장산초등학교,해운대구,False,31,701,1.0,1.6040330308421247,1.6040330308421247
학급수 선형,287,31.0,29.468802683757332,216021436,재송초등학교,해운대구,False,19,336,2.0,1.5311973162426682,1.5311973162426682
학급수 선형,288,30.0,30.827073021706354,216021460,좌동초등학교,해운대구,False,20,396,1.0,-0.8270730217063544,0.8270730217063544
학급수 선형,289,36.0,32.11171894523926,216021472,좌산초등학교,해운대구,False,21,460,1.0,3.888281054760739,3.888281054760739
학급수 선형,290,46.0,48.036066179026726,216021532,해강초등학교,해운대구,False,33,748,1.0,-2.036066179026726,2.036066179026726
학급수 선형,291,26.0,26.872010909172655,216021544,해동초등학교,해운대구,False,17,320,1.0,-0.8720109091726549,0.8720109091726549
학급수 선형,292,52.0,56.11939438156206,216021547,해림초등학교,해운대구,False,39,927,1.0,-4.11939438156206,4.11939438156206
학급수 선형,293,45.0,41.42276400725353,216021550,해송초등학교,해운대구,False,28,617,1.0,3.5772359927464734,3.5772359927464734
학급수 선형,294,66.0,69.37226406502579,216021556,해운대초등학교,해운대구,False,49,1129,1.0,-3.3722640650257887,3.3722640650257887
학급수 선형,295,62.0,62.655448605249354,216021185,해원초등학교,해운대구,False,44,1064,1.0,-0.6554486052493544,0.6554486052493544
학급수+학생 선형,0,19.0,13.560141531909881,215021109,가락초등학교,강서구,True,7,19,1.0,5.439858468090119,5.439858468090119
학급수+학생 선형,1,48.0,48.06391945392062,215021878,남명초등학교,강서구,False,33,745,1.0,-0.06391945392061871,0.06391945392061871
학급수+학생 선형,2,13.0,13.419469466049321,215021181,녹명초등학교,강서구,True,7,99,1.0,-0.4194694660493212,0.4194694660493212
학급수+학생 선형,3,70.0,70.8616220133917,215021131,녹산초등학교,강서구,False,50,1059,2.0,-0.8616220133916954,0.8616220133916954
학급수+학생 선형,4,13.0,13.634928176681688,215021199,대사초등학교,강서구,True,7,10,1.0,-0.6349281766816883,0.6349281766816883
학급수+학생 선형,5,13.0,13.61387196630561,215021208,대상초등학교,강서구,True,7,30,1.0,-0.6138719663056094,0.6138719663056094
학급수+학생 선형,6,47.0,53.437173363778186,215021828,대저중앙초등학교,강서구,False,37,842,1.0,-6.437173363778186,6.437173363778186
학급수+학생 선형,7,12.0,12.212514436987373,215021217,대저초등학교,강서구,True,6,29,1.0,-0.21251443698737305,0.21251443698737305
학급수+학생 선형,8,24.0,21.473450196802858,215021253,덕두초등학교,강서구,True,13,201,1.0,2.526549803197142,2.526549803197142
학급수+학생 선형,9,64.0,66.74563132857979,215021853,명문초등학교,강서구,False,47,1128,1.0,-2.7456313285797904,2.7456313285797904
학급수+학생 선형,10,84.0,81.1712249232757,215021369,명원초등학교,강서구,False,58,1324,2.0,2.8287750767242983,2.8287750767242983
학급수+학생 선형,11,58.0,58.84331832734482,215021215,명일초등학교,강서구,False,41,873,2.0,-0.8433183273448179,0.8433183273448179
학급수+학생 선형,12,84.0,79.76165139541342,215021325,명지초등학교,강서구,False,57,1352,2.0,4.238348604586577,4.238348604586577
학급수+학생 선형,13,76.0,78.776564111959,215021267,명호초등학교,강서구,False,56,1369,2.0,-2.7765641119590043,2.7765641119590043
학급수+학생 선형,14,13.0,13.599548391183097,215021370,배영초등학교,강서구,True,7,39,1.0,-0.599548391183097,0.599548391183097
학급수+학생 선형,15,49.0,50.87652883255994,215021167,송정초등학교,강서구,False,35,693,2.0,-1.8765288325599414,1.8765288325599414
학급수+학생 선형,16,72.0,69.302098038085,215021166,신명초등학교,강서구,False,49,1086,2.0,2.6979019619149938,2.6979019619149938
학급수+학생 선형,17,33.0,32.143413350559726,215021469,신호초등학교,강서구,False,21,410,1.0,0.8565866494402741,0.8565866494402741
학급수+학생 선형,18,65.0,65.37603673389329,215021114,오션초등학교,강서구,False,46,1010,2.0,-0.3760367338932866,0.3760367338932866
학급수+학생 선형,19,14.0,13.513057157714593,215021523,천가초등학교,강서구,True,7,60,1.0,0.48694284228540674,0.48694284228540674
학급수+학생 선형,20,15.0,13.52981532051057,214021127,공덕초등학교,금정구,True,7,42,1.0,1.4701846794894298,1.4701846794894298
학급수+학생 선형,21,37.0,34.82967748330819,214021401,구서초등학교,금정구,False,23,467,1.0,2.1703225166918116,2.1703225166918116
학급수+학생 선형,22,44.0,46.78193102021687,214021180,금빛초등학교,금정구,False,32,693,2.0,-2.7819310202168666,2.7819310202168666
학급수+학생 선형,23,21.0,25.565660613778654,214021172,금사초등학교,금정구,False,16,268,2.0,-4.565660613778654,4.565660613778654
학급수+학생 선형,24,19.0,18.82069802991013,214021185,금샘초등학교,금정구,True,11,151,2.0,0.17930197008987037,0.17930197008987037
학급수+학생 선형,25,15.0,13.532895034678154,214021181,금성초등학교,금정구,True,7,43,1.0,1.4671049653218464,1.4671049653218464
학급수+학생 선형,26,45.0,48.12352490051495,214021195,금양초등학교,금정구,False,33,658,2.0,-3.1235249005149512,3.1235249005149512
학급수+학생 선형,27,71.0,76.17808478418223,214021190,금정초등학교,금정구,False,54,1298,2.0,-5.178084784182232,5.178084784182232
학급수+학생 선형,28,28.0,28.080160407949897,214021208,남산초등학교,금정구,False,18,358,1.0,-0.0801604079498972,0.0801604079498972
학급수+학생 선형,29,12.0,13.522910705568886,214021253,동상초등학교,금정구,True,7,100,1.0,-1.5229107055688864,1.5229107055688864
학급수+학생 선형,30,24.0,25.533268491730205,214021262,동현초등학교,금정구,False,16,289,1.0,-1.5332684917302046,1.5332684917302046
학급수+학생 선형,31,48.0,46.53874075513898,214021543,두실초등학교,금정구,False,32,759,1.0,1.4612592448610187,1.4612592448610187
학급수+학생 선형,32,31.0,32.12360528574805,214021316,부곡초등학교,금정구,False,21,445,1.0,-1.1236052857480487,1.1236052857480487
학급수+학생 선형,33,14.0,13.558361235696541,214021024,서동초등학교,금정구,True,7,62,1.0,0.44163876430345894,0.44163876430345894
학급수+학생 선형,34,14.0,13.622346177831664,214021352,서명초등학교,금정구,True,7,36,1.0,0.37765382216833565,0.37765382216833565
학급수+학생 선형,35,39.0,38.74351183452785,214021478,장서초등학교,금정구,False,26,571,1.0,0.2564881654721489,0.2564881654721489
학급수+학생 선형,36,33.0,33.49332198568181,214021487,장전초등학교,금정구,False,22,428,1.0,-0.49332198568180985,0.49332198568180985
학급수+학생 선형,37,35.0,32.20137972444165,214021505,청룡초등학교,금정구,False,21,389,2.0,2.798620275558349,2.798620275558349
학급수+학생 선형,38,13.0,13.523800628307061,214021532,현곡초등학교,금정구,True,7,86,1.0,-0.5238006283070611,0.5238006283070611
학급수+학생 선형,39,64.0,58.731942416476,216021131,가동초등학교,기장군,False,41,918,2.0,5.268057583523998,5.268057583523998
학급수+학생 선형,40,44.0,37.444648877619436,216021216,교리초등학교,기장군,False,25,529,1.0,6.555351122380564,6.555351122380564
학급수+학생 선형,41,35.0,34.78018090732532,216021148,기장초등학교,기장군,False,23,460,1.0,0.21981909267468325,0.21981909267468325
학급수+학생 선형,42,19.0,17.52227997371285,216021241,내리초등학교,기장군,False,10,124,1.0,1.4777200262871517,1.4777200262871517
학급수+학생 선형,43,44.0,38.76367947760214,216021718,달산초등학교,기장군,False,26,547,1.0,5.236320522397861,5.236320522397861
학급수+학생 선형,44,35.0,34.802073156201025,216021178,대청초등학교,기장군,False,23,472,1.0,0.19792684379897452,0.19792684379897452
학급수+학생 선형,45,86.0,83.85471437923744,216021880,모전초등학교,기장군,False,60,1466,0.0,2.1452856207625643,2.1452856207625643
학급수+학생 선형,46,61.0,60.02896900613634,216021115,방곡초등학교,기장군,False,42,960,1.0,0.971030993863657,0.971030993863657
학급수+학생 선형,47,41.0,45.4915526872732,216021242,신정초등학교,기장군,False,31,655,2.0,-4.491552687273199,4.491552687273199
학급수+학생 선형,48,18.0,18.843545702740126,216021340,신진초등학교,기장군,False,11,151,1.0,-0.8435457027401263,0.8435457027401263
학급수+학생 선형,49,14.0,13.52874642668832,216021172,용암초등학교,기장군,True,7,68,1.0,0.47125357331167983,0.47125357331167983
학급수+학생 선형,50,16.0,18.922613775242205,216021376,월내초등학교,기장군,False,11,150,1.0,-2.922613775242205,2.922613775242205
학급수+학생 선형,51,14.0,13.544040072079918,216021388,월평초등학교,기장군,True,7,53,1.0,0.4559599279200821,0.4559599279200821
학급수+학생 선형,52,68.0,61.16272575459463,216021367,일광초등학교,기장군,False,43,1023,1.0,6.837274245405368,6.837274245405368
학급수+학생 선형,53,14.0,12.138029225040132,216021424,장안초등학교,기장군,True,6,58,0.0,1.8619707749598682,1.8619707749598682
학급수+학생 선형,54,74.0,70.38836219832861,216021448,정관초등학교,기장군,False,50,1237,1.0,3.6116378016713924,3.6116378016713924
학급수+학생 선형,55,68.0,62.66703011711604,216021717,정원초등학교,기장군,False,44,1000,2.0,5.332969882883958,5.332969882883958
학급수+학생 선형,56,14.0,13.59273855292424,216021484,좌천초등학교,기장군,True,7,37,1.0,0.4072614470757596,0.4072614470757596
학급수+학생 선형,57,12.0,13.558492006189486,216021496,죽성초등학교,기장군,True,7,71,1.0,-1.5584920061894856,1.5584920061894856
학급수+학생 선형,58,13.0,12.103083276323684,216021508,철마초등학교,기장군,True,6,83,0.0,0.8969167236763163,0.8969167236763163
학급수+학생 선형,59,13.0,13.49333751046091,216021520,칠암초등학교,기장군,True,7,55,1.0,-0.49333751046090946,0.49333751046090946
학급수+학생 선형,60,62.0,61.21804180658709,216021310,해빛초등학교,기장군,False,43,1062,1.0,0.7819581934129118,0.7819581934129118
학급수+학생 선형,61,22.0,25.506716834811293,213021238,대남초등학교,남구,False,16,295,1.0,-3.506716834811293,3.506716834811293
학급수+학생 선형,62,53.0,52.08670102028445,213021150,대연초등학교,남구,False,36,784,2.0,0.9132989797155489,0.9132989797155489
학급수+학생 선형,63,43.0,38.78175714270331,213021160,대천초등학교,남구,False,26,516,2.0,4.218242857296687,4.218242857296687
학급수+학생 선형,64,22.0,21.424220772084574,213021180,동천초등학교,남구,False,13,260,1.0,0.5757792279154259,0.5757792279154259
학급수+학생 선형,65,16.0,16.22848508476195,213021190,동항초등학교,남구,True,9,127,1.0,-0.2284850847619495,0.2284850847619495
학급수+학생 선형,66,39.0,40.25122020269335,213021210,문현초등학교,남구,False,27,485,2.0,-1.2512202026933466,1.2512202026933466
학급수+학생 선형,67,19.0,18.895786906010915,213021089,백운초등학교,남구,True,11,152,2.0,0.10421309398908463,0.10421309398908463
학급수+학생 선형,68,61.0,58.55513663725095,213021289,분포초등학교,남구,False,41,965,1.0,2.4448633627490466,2.4448633627490466
학급수+학생 선형,69,45.0,46.79934471219249,213021290,석포초등학교,남구,False,32,651,2.0,-1.799344712192493,1.799344712192493
학급수+학생 선형,70,51.0,50.82143696862983,213021300,성동초등학교,남구,False,35,753,2.0,0.17856303137016738,0.17856303137016738
학급수+학생 선형,71,19.0,17.571289168264613,213021213,성천초등학교,남구,True,10,122,1.0,1.428710831735387,1.428710831735387
학급수+학생 선형,72,72.0,73.21981763131183,213021370,연포초등학교,남구,False,52,1226,1.0,-1.2198176313118267,1.2198176313118267
학급수+학생 선형,73,32.0,33.41491365585823,213021360,오륙도초등학교,남구,False,22,467,0.0,-1.4149136558582285,1.4149136558582285
학급수+학생 선형,74,16.0,16.25982633629112,213021380,용당초등학교,남구,True,9,86,2.0,-0.25982633629111973,0.25982633629111973
학급수+학생 선형,75,57.0,51.95005006399016,213021385,용문초등학교,남구,False,36,843,0.0,5.049949936009838,5.049949936009838
학급수+학생 선형,76,30.0,25.477973475887303,213021390,용산초등학교,남구,False,16,276,1.0,4.522026524112697,4.522026524112697
학급수+학생 선형,77,64.0,61.1440142636686,213021711,용소초등학교,남구,False,43,1103,1.0,2.855985736331398,2.855985736331398
학급수+학생 선형,78,31.0,30.78541616756567,213021400,용호초등학교,남구,False,20,395,2.0,0.21458383243432877,0.21458383243432877
학급수+학생 선형,79,24.0,24.15702599456244,213021410,우암초등학교,남구,False,15,267,1.0,-0.1570259945624386,0.1570259945624386
학급수+학생 선형,80,33.0,34.81529858808918,213021430,운산초등학교,남구,False,23,454,1.0,-1.8152985880891777,1.8152985880891777
학급수+학생 선형,81,54.0,57.48118048963231,213021175,동일중앙초등학교,동구,False,40,898,2.0,-3.481180489632308,3.481180489632308
학급수+학생 선형,82,19.0,21.538511023754126,213021283,범일초등학교,동구,True,13,181,2.0,-2.5385110237541255,2.5385110237541255
학급수+학생 선형,83,44.0,41.47378449909661,213021295,성남초등학교,동구,False,28,567,1.0,2.5262155009033904,2.5262155009033904
학급수+학생 선형,84,15.0,16.219615275108396,213021335,수성초등학교,동구,True,9,124,1.0,-1.2196152751083957,1.2196152751083957
학급수+학생 선형,85,24.0,28.184664663989036,213021345,수정초등학교,동구,False,18,335,2.0,-4.184664663989036,4.184664663989036
학급수+학생 선형,86,21.0,21.55300124751422,213021058,초량초등학교,동구,True,13,185,1.0,-0.5530012475142208,0.5530012475142208
학급수+학생 선형,87,54.0,53.358379028660714,214021145,교동초등학교,동래구,False,37,862,1.0,0.641620971339286,0.641620971339286
학급수+학생 선형,88,49.0,50.78273895225392,214021163,금강초등학교,동래구,False,35,757,2.0,-1.782738952253922,1.782738952253922
학급수+학생 선형,89,39.0,41.466078473062566,214021199,낙민초등학교,동래구,False,28,589,1.0,-2.4660784730625664,2.4660784730625664
학급수+학생 선형,90,22.0,21.466289719141653,214021217,내산초등학교,동래구,True,13,215,2.0,0.5337102808583474,0.5337102808583474
학급수+학생 선형,91,17.0,16.17743729021256,214021226,내성초등학교,동래구,True,9,107,2.0,0.8225627097874408,0.8225627097874408
학급수+학생 선형,92,38.0,37.46200991561508,214021235,달북초등학교,동래구,False,25,513,1.0,0.5379900843849228,0.5379900843849228
학급수+학생 선형,93,34.0,34.830466407447695,214021271,명동초등학교,동래구,False,23,454,1.0,-0.8304664074476946,0.8304664074476946
학급수+학생 선형,94,59.0,62.422057679985734,214021280,명륜초등학교,동래구,False,44,1110,1.0,-3.422057679985734,3.422057679985734
학급수+학생 선형,95,13.0,13.490167304450399,214021289,명서초등학교,동래구,True,7,94,1.0,-0.4901673044503987,0.4901673044503987
학급수+학생 선형,96,29.0,28.142142542803533,214021298,명장초등학교,동래구,False,18,339,1.0,0.8578574571964666,0.8578574571964666
학급수+학생 선형,97,24.0,24.161386034801506,214021214,미남초등학교,동래구,False,15,266,2.0,-0.16138603480150593,0.16138603480150593
학급수+학생 선형,98,61.0,57.25453583521236,214021325,사직초등학교,동래구,False,40,951,1.0,3.7454641647876414,3.7454641647876414
학급수+학생 선형,99,16.0,20.256190904858773,214021361,수안초등학교,동래구,True,12,166,1.0,-4.256190904858773,4.256190904858773
학급수+학생 선형,100,44.0,46.717355657549014,214021370,안남초등학교,동래구,False,32,732,1.0,-2.717355657549014,2.717355657549014
학급수+학생 선형,101,21.0,20.169346461642807,214021379,안락초등학교,동래구,True,12,187,1.0,0.8306535383571934,0.8306535383571934
학급수+학생 선형,102,38.0,41.4230696245502,214021384,안민초등학교,동래구,False,28,615,1.0,-3.4230696245502017,3.4230696245502017
학급수+학생 선형,103,26.0,28.07455324828181,214021542,안진초등학교,동래구,False,18,394,1.0,-2.074553248281809,2.074553248281809
학급수+학생 선형,104,53.0,52.971743833429535,214021388,여고초등학교,동래구,False,37,1038,1.0,0.028256166570464814,0.028256166570464814
학급수+학생 선형,105,49.0,50.602293860597136,214021249,예원초등학교,동래구,False,35,878,1.0,-1.6022938605971362,1.6022938605971362
학급수+학생 선형,106,80.0,79.84089013396829,214021619,온샘초등학교,동래구,False,57,1380,2.0,0.15910986603171295,0.15910986603171295
학급수+학생 선형,107,66.0,65.36061651893559,214021469,온천초등학교,동래구,False,46,1064,2.0,0.6393834810644137,0.6393834810644137
학급수+학생 선형,108,13.0,13.48232603185188,214021514,충렬초등학교,동래구,True,7,94,1.0,-0.48232603185187983,0.48232603185187983
학급수+학생 선형,109,13.0,13.57506692858837,213021106,가남초등학교,부산진구,True,7,53,1.0,-0.5750669285883703,0.5750669285883703
학급수+학생 선형,110,65.0,62.69644530338461,213021124,가야초등학교,부산진구,False,44,961,2.0,2.303554696615393,2.303554696615393
학급수+학생 선형,111,43.0,44.132070700481634,213021130,가평초등학교,부산진구,False,30,623,2.0,-1.1320707004816342,1.1320707004816342
학급수+학생 선형,112,37.0,38.78093654972674,213021142,개금초등학교,부산진구,False,26,554,1.0,-1.7809365497267393,1.7809365497267393
학급수+학생 선형,113,45.0,46.799184359256586,213021257,개림초등학교,부산진구,False,32,671,1.0,-1.7991843592565857,1.7991843592565857
학급수+학생 선형,114,38.0,36.17843089899804,213021623,개원초등학교,부산진구,False,24,457,1.0,1.8215691010019626,1.8215691010019626
학급수+학생 선형,115,23.0,22.87662037021655,213021148,개포초등학교,부산진구,True,14,222,1.0,0.12337962978345018,0.12337962978345018
학급수+학생 선형,116,16.0,17.495044468787917,213021154,개화초등학교,부산진구,True,10,165,1.0,-1.495044468787917,1.495044468787917
학급수+학생 선형,117,18.0,17.434907166909,213021196,당감초등학교,부산진구,True,10,172,1.0,0.5650928330910006,0.5650928330910006
학급수+학생 선형,118,24.0,21.47322807535494,213021202,당평초등학교,부산진구,True,13,223,2.0,2.526771924645061,2.526771924645061
학급수+학생 선형,119,20.0,20.1505687841016,213021551,동양초등학교,부산진구,True,12,189,1.0,-0.15056878410160124,0.15056878410160124
학급수+학생 선형,120,38.0,41.38800122689035,213021268,동원초등학교,부산진구,False,28,626,1.0,-3.3880012268903528,3.3880012268903528
학급수+학생 선형,121,33.0,36.06884424332554,213021264,동평초등학교,부산진구,False,24,513,1.0,-3.068844243325543,3.068844243325543
학급수+학생 선형,122,34.0,36.27303599978448,213021352,부산진초등학교,부산진구,False,24,437,2.0,-2.273035999784483,2.273035999784483
학급수+학생 선형,123,50.0,50.92727540565154,213021346,부암초등학교,부산진구,False,35,697,2.0,-0.9272754056515424,0.9272754056515424
학급수+학생 선형,124,28.0,29.495933472903022,213021358,부전초등학교,부산진구,False,19,352,1.0,-1.4959334729030225,1.4959334729030225
학급수+학생 선형,125,17.0,17.616880258006113,213021394,선암초등학교,부산진구,True,10,121,1.0,-0.6168802580061126,0.6168802580061126
학급수+학생 선형,126,46.0,44.12342779384991,213021269,성북초등학교,부산진구,False,30,616,2.0,1.8765722061500867,1.8765722061500867
학급수+학생 선형,127,21.0,21.560909320122637,213021406,성서초등학교,부산진구,True,13,178,1.0,-0.5609093201226365,0.5609093201226365
학급수+학생 선형,128,29.0,32.097800912922494,213021412,성전초등학교,부산진구,False,21,442,1.0,-3.0978009129224944,3.0978009129224944
학급수+학생 선형,129,41.0,37.484808459886345,213021418,성지초등학교,부산진구,False,25,458,2.0,3.515191540113655,3.515191540113655
학급수+학생 선형,130,60.0,58.55532214175055,213021448,양동초등학교,부산진구,False,41,974,2.0,1.4446778582494488,1.4446778582494488
학급수+학생 선형,131,31.0,28.25819406295537,213021454,양성초등학교,부산진구,False,18,299,2.0,2.7418059370446315,2.7418059370446315
학급수+학생 선형,132,58.0,58.84090444850388,213021460,양정초등학교,부산진구,False,41,776,2.0,-0.8409044485038777,0.8409044485038777
학급수+학생 선형,133,84.0,78.44740914955484,213021478,연지초등학교,부산진구,False,56,1286,2.0,5.552590850445156,5.552590850445156
학급수+학생 선형,134,26.0,28.160560662881505,213021484,연학초등학교,부산진구,False,18,355,1.0,-2.1605606628815046,2.1605606628815046
학급수+학생 선형,135,30.0,32.27197581079501,213021490,전포초등학교,부산진구,False,21,348,2.0,-2.2719758107950128,2.2719758107950128
학급수+학생 선형,136,29.0,26.855346802217856,213021502,주례초등학교,부산진구,False,17,299,2.0,2.1446531977821444,2.1446531977821444
학급수+학생 선형,137,32.0,33.4730970323379,213021526,초읍초등학교,부산진구,False,22,425,1.0,-1.473097032337897,1.473097032337897
학급수+학생 선형,138,32.0,33.518604529904536,215021136,구남초등학교,북구,False,22,410,2.0,-1.518604529904536,1.518604529904536
학급수+학생 선형,139,43.0,45.60349012346292,215021145,구포초등학교,북구,False,31,545,3.0,-2.603490123462919,2.603490123462919
학급수+학생 선형,140,23.0,22.78767880201071,215021163,금곡초등학교,북구,False,14,271,1.0,0.21232119798929006,0.21232119798929006
학급수+학생 선형,141,36.0,33.412965364874786,215021165,금명초등학교,북구,False,22,471,1.0,2.587034635125214,2.587034635125214
학급수+학생 선형,142,16.0,17.528078796303504,215021172,금창초등학교,북구,True,10,111,1.0,-1.5280787963035039,1.5280787963035039
학급수+학생 선형,143,18.0,20.178003087109275,215021235,대천리초등학교,북구,True,12,198,1.0,-2.178003087109275,2.178003087109275
학급수+학생 선형,144,30.0,29.541436713362366,215021271,덕성초등학교,북구,False,19,327,1.0,0.45856328663763435,0.45856328663763435
학급수+학생 선형,145,27.0,26.806051163537983,215021274,덕양초등학교,북구,False,17,328,1.0,0.19394883646201677,0.19394883646201677
학급수+학생 선형,146,13.0,13.477803824859766,215021280,덕천초등학교,북구,True,7,81,1.0,-0.477803824859766,0.477803824859766
학급수+학생 선형,147,36.0,30.738303358885652,215021307,만덕초등학교,북구,False,20,407,1.0,5.261696641114348,5.261696641114348
학급수+학생 선형,148,49.0,44.057400243272596,215021316,명덕초등학교,북구,False,30,642,1.0,4.942599756727404,4.942599756727404
학급수+학생 선형,149,40.0,38.739650820323895,215021326,명진초등학교,북구,False,26,559,1.0,1.2603491796761048,1.2603491796761048
학급수+학생 선형,150,40.0,37.43668247695061,215021379,백산초등학교,북구,False,25,544,1.0,2.563317523049392,2.563317523049392
학급수+학생 선형,151,55.0,60.18722827412505,215021388,백양초등학교,북구,False,42,906,2.0,-5.187228274125047,5.187228274125047
학급수+학생 선형,152,21.0,22.804501619667995,215021428,상학초등학교,북구,False,14,263,1.0,-1.8045016196679953,1.8045016196679953
학급수+학생 선형,153,26.0,24.177673014754735,215021460,신금초등학교,북구,False,15,244,1.0,1.8223269852452653,1.8223269852452653
학급수+학생 선형,154,20.0,22.897037425187893,215021462,신덕초등학교,북구,True,14,215,2.0,-2.897037425187893,2.897037425187893
학급수+학생 선형,155,21.0,20.218456884720403,215021465,신천초등학교,북구,True,12,161,2.0,0.7815431152795966,0.7815431152795966
학급수+학생 선형,156,19.0,17.47785453229038,215021478,양덕초등학교,북구,True,10,140,1.0,1.5221454677096204,1.5221454677096204
학급수+학생 선형,157,15.0,16.23595848018563,215021487,양천초등학교,북구,True,9,100,2.0,-1.23595848018563,1.23595848018563
학급수+학생 선형,158,36.0,37.541397678588055,215021005,와석초등학교,북구,False,25,479,1.0,-1.541397678588055,1.541397678588055
학급수+학생 선형,159,50.0,50.73619970218306,215021502,용수초등학교,북구,False,35,737,2.0,-0.7361997021830575,0.7361997021830575
학급수+학생 선형,160,29.0,32.16990452251261,215021532,포천초등학교,북구,False,21,399,2.0,-3.16990452251261,3.16990452251261
학급수+학생 선형,161,29.0,32.13423150041215,215021538,학사초등학교,북구,False,21,415,1.0,-3.134231500412149,3.134231500412149
학급수+학생 선형,162,41.0,40.231618109959605,215021559,화명초등학교,북구,False,27,511,2.0,0.7683818900403949,0.7683818900403949
학급수+학생 선형,163,30.0,29.437778543183573,215021565,화잠초등학교,북구,False,19,399,1.0,0.5622214568164274,0.5622214568164274
학급수+학생 선형,164,44.0,46.74213122312908,215021879,화정초등학교,북구,False,32,699,1.0,-2.7421312231290784,2.7421312231290784
학급수+학생 선형,165,14.0,14.804609930128882,215021118,감전초등학교,사상구,True,8,116,1.0,-0.8046099301288816,0.8046099301288816
학급수+학생 선형,166,13.0,13.61015160002044,215021127,괘법초등학교,사상구,True,7,52,1.0,-0.6101516000204406,0.6101516000204406
학급수+학생 선형,167,30.0,30.767343977842707,215021154,구학초등학교,사상구,False,20,405,1.0,-0.7673439778427067,0.7673439778427067
학급수+학생 선형,168,29.0,29.494189141224844,215021262,덕상초등학교,사상구,False,19,371,1.0,-0.4941891412248438,0.4941891412248438
학급수+학생 선형,169,16.0,17.535646467604874,215021289,덕포초등학교,사상구,True,10,134,1.0,-1.5356464676048738,1.5356464676048738
학급수+학생 선형,170,42.0,37.50070103189161,215021292,동궁초등학교,사상구,False,25,474,2.0,4.499298968108391,4.499298968108391
학급수+학생 선형,171,34.0,33.500019661244934,215021298,동주초등학교,사상구,False,22,421,1.0,0.49998033875506565,0.49998033875506565
학급수+학생 선형,172,41.0,41.49552539231855,215021334,모덕초등학교,사상구,False,28,557,2.0,-0.4955253923185481,0.4955253923185481
학급수+학생 선형,173,14.0,13.551282657278529,215021343,모동초등학교,사상구,True,7,46,1.0,0.448717342721471,0.448717342721471
학급수+학생 선형,174,17.0,17.590331693478294,215021352,모라초등학교,사상구,True,10,121,2.0,-0.5903316934782943,0.5903316934782943
학급수+학생 선형,175,24.0,22.767316118148035,215021361,모산초등학교,사상구,False,14,282,1.0,1.2326838818519654,1.2326838818519654
학급수+학생 선형,176,33.0,29.552995548806713,215021397,사상초등학교,사상구,False,19,333,2.0,3.447004451193287,3.447004451193287
학급수+학생 선형,177,14.0,14.792603603266295,215021415,삼덕초등학교,사상구,True,8,104,1.0,-0.7926036032662953,0.7926036032662953
학급수+학생 선형,178,16.0,16.242622762790756,215021433,서감초등학교,사상구,True,9,114,1.0,-0.24262276279075579,0.24262276279075579
학급수+학생 선형,179,44.0,42.81668110132119,215021496,엄궁초등학교,사상구,False,29,568,2.0,1.183318898678813,1.183318898678813
학급수+학생 선형,180,41.0,42.790559828748165,215021505,주감초등학교,사상구,False,29,611,2.0,-1.7905598287481652,1.7905598287481652
학급수+학생 선형,181,28.0,26.88282464848599,215021501,주양초등학교,사상구,False,17,284,1.0,1.1171753515140104,1.1171753515140104
학급수+학생 선형,182,15.0,13.539691302993285,215021514,주학초등학교,사상구,True,7,42,1.0,1.460308697006715,1.460308697006715
학급수+학생 선형,183,30.0,30.775768922791976,215021519,창진초등학교,사상구,False,20,413,1.0,-0.7757689227919755,0.7757689227919755
학급수+학생 선형,184,19.0,21.55055539790423,215021541,학장초등학교,사상구,True,13,194,1.0,-2.5505553979042297,2.5505553979042297
학급수+학생 선형,185,37.0,33.48494026703452,215021550,학진초등학교,사상구,False,22,424,2.0,3.515059732965483,3.515059732965483
학급수+학생 선형,186,15.0,14.874257740205062,212021116,감천초등학교,사하구,True,8,99,1.0,0.12574225979493825,0.12574225979493825
학급수+학생 선형,187,39.0,38.86706533309095,212021124,괴정초등학교,사하구,False,26,523,2.0,0.1329346669090512,0.1329346669090512
학급수+학생 선형,188,40.0,44.03727175399935,212021140,구평초등학교,사하구,False,30,652,1.0,-4.037271753999349,4.037271753999349
학급수+학생 선형,189,59.0,54.73869051961498,212021148,낙동초등학교,사하구,False,38,816,2.0,4.261309480385023,4.261309480385023
학급수+학생 선형,190,44.0,45.49197228742673,212021180,다대초등학교,사하구,False,31,635,2.0,-1.4919722874267265,1.4919722874267265
학급수+학생 선형,191,35.0,37.51274489142068,212021188,다선초등학교,사하구,False,25,505,2.0,-2.512744891420681,2.512744891420681
학급수+학생 선형,192,18.0,17.561141236944508,212021192,다송초등학교,사하구,True,10,121,1.0,0.4388587630554923,0.4388587630554923
학급수+학생 선형,193,16.0,16.187856071967907,212021196,당리초등학교,사하구,True,9,132,2.0,-0.1878560719679072,0.1878560719679072
학급수+학생 선형,194,50.0,50.79258877317115,212021303,몰운대초등학교,사하구,False,35,755,2.0,-0.792588773171147,0.792588773171147
학급수+학생 선형,195,51.0,46.87741629168683,212021265,보림초등학교,사하구,False,32,601,3.0,4.122583708313172,4.122583708313172
학급수+학생 선형,196,29.0,28.065766382323904,212021300,사남초등학교,사하구,False,18,374,1.0,0.9342336176760959,0.9342336176760959
학급수+학생 선형,197,18.0,18.852263099845935,212021308,사동초등학교,사하구,True,11,178,1.0,-0.8522630998459348,0.8522630998459348
학급수+학생 선형,198,56.0,56.0108881004895,212021316,사하초등학교,사하구,False,39,886,1.0,-0.010888100489502506,0.010888100489502506
학급수+학생 선형,199,18.0,16.098663656707213,212021332,서천초등학교,사하구,True,9,129,1.0,1.9013363432927868,1.9013363432927868
학급수+학생 선형,200,21.0,20.116659119769515,212021372,승학초등학교,사하구,True,12,205,1.0,0.8833408802304845,0.8833408802304845
학급수+학생 선형,201,31.0,33.49495337695172,212021376,신남초등학교,사하구,False,22,417,2.0,-2.4949533769517203,2.4949533769517203
학급수+학생 선형,202,14.0,14.893649119518756,212021388,신촌초등학교,사하구,True,8,71,2.0,-0.8936491195187557,0.8936491195187557
학급수+학생 선형,203,39.0,36.09296771488263,212021396,신평초등학교,사하구,False,24,507,1.0,2.907032285117367,2.907032285117367
학급수+학생 선형,204,33.0,32.12577170320948,212021428,옥천초등학교,사하구,False,21,434,1.0,0.8742282967905197,0.8742282967905197
학급수+학생 선형,205,38.0,40.17418176080757,212021430,을숙도초등학교,사하구,False,27,532,2.0,-2.1741817608075706,2.1741817608075706
학급수+학생 선형,206,15.0,16.22570586368111,212021432,응봉초등학교,사하구,True,9,120,1.0,-1.2257058636811102,1.2257058636811102
학급수+학생 선형,207,38.0,38.84219471446579,212021436,장림초등학교,사하구,False,26,494,2.0,-0.8421947144657906,0.8421947144657906
학급수+학생 선형,208,27.0,26.8389744772855,212021480,중현초등학교,사하구,False,17,315,1.0,0.16102552271449966,0.16102552271449966
학급수+학생 선형,209,37.0,41.5120702689343,212021540,하남초등학교,사하구,False,28,577,2.0,-4.512070268934302,4.512070268934302
학급수+학생 선형,210,24.0,25.505558964976657,212021548,하단초등학교,사하구,False,16,272,2.0,-1.5055589649766574,1.5055589649766574
학급수+학생 선형,211,48.0,38.79281430883583,212021564,효림초등학교,사하구,False,26,510,2.0,9.20718569116417,9.20718569116417
학급수+학생 선형,212,33.0,32.12985968964138,212021132,구덕초등학교,서구,False,21,422,1.0,0.8701403103586216,0.8701403103586216
학급수+학생 선형,213,15.0,13.420644104946302,212021156,남부민초등학교,서구,True,7,90,1.0,1.5793558950536983,1.5793558950536983
학급수+학생 선형,214,41.0,45.434837476191504,212021212,대신초등학교,서구,False,31,732,1.0,-4.434837476191504,4.434837476191504
학급수+학생 선형,215,25.0,24.1139588862748,212021244,동신초등학교,서구,False,15,288,1.0,0.8860411137251987,0.8860411137251987
학급수+학생 선형,216,43.0,41.44614632016457,212021292,부민초등학교,서구,False,28,574,2.0,1.5538536798354272,1.5538536798354272
학급수+학생 선형,217,38.0,40.31803541368205,212021348,송도초등학교,서구,False,27,501,2.0,-2.318035413682047,2.318035413682047
학급수+학생 선형,218,15.0,13.551519914395445,212021404,아미초등학교,서구,True,7,31,1.0,1.4484800856045545,1.4484800856045545
학급수+학생 선형,219,14.0,14.897715638566979,212021484,천마초등학교,서구,True,8,84,1.0,-0.8977156385669787,0.8977156385669787
학급수+학생 선형,220,33.0,32.1865644601583,212021532,토성초등학교,서구,False,21,401,2.0,0.8134355398416986,0.8134355398416986
학급수+학생 선형,221,21.0,20.22737314037724,212021556,화랑초등학교,서구,True,12,171,1.0,0.7726268596227612,0.7726268596227612
학급수+학생 선형,222,43.0,42.82757060861983,216021124,광남초등학교,수영구,False,29,581,1.0,0.17242939138017022,0.17242939138017022
학급수+학생 선형,223,39.0,42.70793062645261,216021136,광안초등학교,수영구,False,29,657,2.0,-3.707930626452608,3.707930626452608
학급수+학생 선형,224,59.0,58.75597443454468,216021160,남천초등학교,수영구,False,41,929,2.0,0.24402556545531695,0.24402556545531695
학급수+학생 선형,225,29.0,32.21323750801327,216021196,망미초등학교,수영구,False,21,386,1.0,-3.213237508013272,3.213237508013272
학급수+학생 선형,226,42.0,42.873614761871565,216021208,민락초등학교,수영구,False,29,587,1.0,-0.8736147618715648,0.8736147618715648
학급수+학생 선형,227,31.0,32.21059084234197,216021220,민안초등학교,수영구,False,21,393,2.0,-1.210590842341972,1.210590842341972
학급수+학생 선형,228,36.0,37.44871758519402,216021268,배산초등학교,수영구,False,25,512,2.0,-1.448717585194018,1.448717585194018
학급수+학생 선형,229,35.0,32.1809662268808,216021304,수미초등학교,수영구,False,21,399,2.0,2.8190337731192017,2.8190337731192017
학급수+학생 선형,230,44.0,45.36093615525588,216021316,수영초등학교,수영구,False,31,680,2.0,-1.360936155255878,1.360936155255878
학급수+학생 선형,231,33.0,34.8261572469696,216021568,호암초등학교,수영구,False,23,471,1.0,-1.8261572469696006,1.8261572469696006
학급수+학생 선형,232,49.0,50.69336410119279,214021156,거제초등학교,연제구,False,35,803,1.0,-1.6933641011927918,1.6933641011927918
학급수+학생 선형,233,38.0,37.41327698826362,214021158,거학초등학교,연제구,False,25,543,1.0,0.5867230117363817,0.5867230117363817
학급수+학생 선형,234,31.0,32.130045523595335,214021159,과정초등학교,연제구,False,21,425,1.0,-1.130045523595335,1.130045523595335
학급수+학생 선형,235,62.0,59.84537153631701,214021183,남문초등학교,연제구,False,42,1061,1.0,2.1546284636829895,2.1546284636829895
학급수+학생 선형,236,21.0,21.638633843587776,214021264,동명초등학교,연제구,True,13,155,2.0,-0.6386338435877761,0.6386338435877761
학급수+학생 선형,237,39.0,40.18827901218371,214021462,연동초등학교,연제구,False,27,542,1.0,-1.1882790121837132,1.1882790121837132
학급수+학생 선형,238,27.0,28.24668808739035,214021464,연미초등학교,연제구,False,18,298,1.0,-1.2466880873903499,1.2466880873903499
학급수+학생 선형,239,55.0,56.230339185151934,214021468,연산초등학교,연제구,False,39,787,2.0,-1.2303391851519336,1.2303391851519336
학급수+학생 선형,240,44.0,44.1857984340717,214021470,연서초등학교,연제구,False,30,591,1.0,-0.1857984340716996,0.1857984340716996
학급수+학생 선형,241,40.0,41.495731559289844,214021471,연신초등학교,연제구,False,28,578,1.0,-1.495731559289844,1.495731559289844
학급수+학생 선형,242,12.0,13.478009404019122,214021474,연일초등학교,연제구,True,7,94,1.0,-1.4780094040191223,1.4780094040191223
학급수+학생 선형,243,33.0,33.479023075226124,214021476,연제초등학교,연제구,False,22,435,1.0,-0.47902307522612375,0.47902307522612375
학급수+학생 선형,244,41.0,40.07788014789507,214021481,연천초등학교,연제구,False,27,583,1.0,0.9221198521049274,0.9221198521049274
학급수+학생 선형,245,79.0,86.8701902979435,214021517,창신초등학교,연제구,False,62,1621,2.0,-7.870190297943495,7.870190297943495
학급수+학생 선형,246,24.0,22.824053952672532,214021529,토현초등학교,연제구,False,14,242,1.0,1.1759460473274679,1.1759460473274679
학급수+학생 선형,247,22.0,18.83905794199712,212021111,남항초등학교,영도구,True,11,158,1.0,3.160942058002881,3.160942058002881
학급수+학생 선형,248,31.0,29.479398553572594,212021204,대교초등학교,영도구,False,19,366,1.0,1.5206014464274062,1.5206014464274062
학급수+학생 선형,249,19.0,18.759781645549225,212021220,대평초등학교,영도구,True,11,209,1.0,0.240218354450775,0.240218354450775
학급수+학생 선형,250,28.0,29.41562141440471,212021236,동삼초등학교,영도구,False,19,421,1.0,-1.4156214144047112,1.4156214144047112
학급수+학생 선형,251,15.0,13.547179750998776,212021280,봉삼초등학교,영도구,True,7,30,1.0,1.452820249001224,1.452820249001224
학급수+학생 선형,252,19.0,17.541050838127042,212021284,봉학초등학교,영도구,True,10,143,1.0,1.4589491618729582,1.4589491618729582
학급수+학생 선형,253,13.0,13.496797837646525,212021324,상리초등학교,영도구,True,7,106,1.0,-0.4967978376465254,0.4967978376465254
학급수+학생 선형,254,11.0,9.475052135566303,212021380,신선초등학교,영도구,True,4,21,0.0,1.5249478644336971,1.5249478644336971
학급수+학생 선형,255,25.0,22.84964615616351,212021412,영도초등학교,영도구,True,14,224,2.0,2.1503538438364913,2.1503538438364913
학급수+학생 선형,256,16.0,13.485252636966171,212021456,절영초등학교,영도구,True,7,59,1.0,2.5147473630338286,2.5147473630338286
학급수+학생 선형,257,36.0,36.142409152791984,212021460,중리초등학교,영도구,False,24,486,1.0,-0.14240915279198418,0.14240915279198418
학급수+학생 선형,258,30.0,32.14047627253837,212021492,청동초등학교,영도구,False,21,407,2.0,-2.140476272538372,2.140476272538372
학급수+학생 선형,259,21.0,18.873460849575377,212021500,청학초등학교,영도구,True,11,151,1.0,2.126539150424623,2.126539150424623
학급수+학생 선형,260,13.0,13.448144919065744,212021524,태종대초등학교,영도구,True,7,105,1.0,-0.4481449190657436,0.4481449190657436
학급수+학생 선형,261,22.0,20.12182239364766,212021287,광일초등학교,중구,True,12,203,1.0,1.8781776063523417,1.8781776063523417
학급수+학생 선형,262,19.0,20.156934101928293,212021286,보수초등학교,중구,True,12,154,1.0,-1.156934101928293,1.156934101928293
학급수+학생 선형,263,23.0,20.23581470929971,212021288,봉래초등학교,중구,True,12,171,1.0,2.76418529070029,2.76418529070029
학급수+학생 선형,264,49.0,48.031644983670496,216021112,강동초등학교,해운대구,False,33,753,1.0,0.9683550163295038,0.9683550163295038
학급수+학생 선형,265,47.0,44.14185971396061,216021184,동백초등학교,해운대구,False,30,627,1.0,2.8581402860393865,2.8581402860393865
학급수+학생 선형,266,31.0,36.10685370940801,216021200,무정초등학교,해운대구,False,24,504,1.0,-5.106853709408007,5.106853709408007
학급수+학생 선형,267,29.0,29.633205627882727,216021232,반산초등학교,해운대구,False,19,291,2.0,-0.6332056278827274,0.6332056278827274
학급수+학생 선형,268,14.0,13.52273010440283,216021238,반석초등학교,해운대구,True,7,62,1.0,0.4772698955971695,0.4772698955971695
학급수+학생 선형,269,17.0,17.543070174608875,216021244,반송초등학교,해운대구,True,10,104,1.0,-0.5430701746088751,0.5430701746088751
학급수+학생 선형,270,38.0,37.46898501419653,216021021,반안초등학교,해운대구,False,25,516,1.0,0.5310149858034734,0.5310149858034734
학급수+학생 선형,271,22.0,21.610067819193095,216021256,반여초등학교,해운대구,True,13,161,2.0,0.3899321808069054,0.3899321808069054
학급수+학생 선형,272,43.0,43.96574277496573,216021262,부흥초등학교,해운대구,False,30,731,1.0,-0.965742774965733,0.965742774965733
학급수+학생 선형,273,22.0,25.509666512895457,216021569,삼어초등학교,해운대구,False,16,272,1.0,-3.509666512895457,3.509666512895457
학급수+학생 선형,274,51.0,45.30680830207595,216021272,상당초등학교,해운대구,False,31,739,1.0,5.69319169792405,5.69319169792405
학급수+학생 선형,275,79.0,78.41382305923126,216021571,센텀초등학교,해운대구,False,56,1472,1.0,0.5861769407687376,0.5861769407687376
학급수+학생 선형,276,56.0,54.70091025267802,216021570,송수초등학교,해운대구,False,38,850,2.0,1.299089747321979,1.299089747321979
학급수+학생 선형,277,26.0,26.878222591007408,216021280,송운초등학교,해운대구,False,17,295,1.0,-0.8782225910074075,0.8782225910074075
학급수+학생 선형,278,22.0,22.871886097805252,216021292,송정초등학교,해운대구,True,14,220,2.0,-0.8718860978052518,0.8718860978052518
학급수+학생 선형,279,37.0,34.78487301563199,216021322,신곡초등학교,해운대구,False,23,474,1.0,2.2151269843680126,2.2151269843680126
학급수+학생 선형,280,41.0,38.77124896003589,216021325,신도초등학교,해운대구,False,26,561,1.0,2.2287510399641093,2.2287510399641093
학급수+학생 선형,281,26.0,26.848486258725423,216021328,신재초등학교,해운대구,False,17,303,1.0,-0.8484862587254227,0.8484862587254227
학급수+학생 선형,282,27.0,28.138217220137214,216021346,양운초등학교,해운대구,False,18,345,1.0,-1.1382172201372143,1.1382172201372143
학급수+학생 선형,283,19.0,17.57734546273846,216021352,운봉초등학교,해운대구,True,10,106,2.0,1.4226545372615398,1.4226545372615398
학급수+학생 선형,284,12.0,13.585424508129089,216021364,운송초등학교,해운대구,True,7,75,1.0,-1.5854245081290887,1.5854245081290887
학급수+학생 선형,285,38.0,36.09794625501288,216021396,인지초등학교,해운대구,False,24,502,1.0,1.9020537449871213,1.9020537449871213
학급수+학생 선형,286,47.0,45.341697456889975,216021412,장산초등학교,해운대구,False,31,701,1.0,1.6583025431100253,1.6583025431100253
학급수+학생 선형,287,31.0,29.507033060258912,216021436,재송초등학교,해운대구,False,19,336,2.0,1.4929669397410876,1.4929669397410876
학급수+학생 선형,288,30.0,30.81381219605072,216021460,좌동초등학교,해운대구,False,20,396,1.0,-0.8138121960507192,0.8138121960507192
학급수+학생 선형,289,36.0,31.982898042334153,216021472,좌산초등학교,해운대구,False,21,460,1.0,4.017101957665847,4.017101957665847
학급수+학생 선형,290,46.0,47.98762288428023,216021532,해강초등학교,해운대구,False,33,748,1.0,-1.9876228842802277,1.9876228842802277
학급수+학생 선형,291,26.0,26.853555354226376,216021544,해동초등학교,해운대구,False,17,320,1.0,-0.8535553542263763,0.8535553542263763
학급수+학생 선형,292,52.0,56.05070476015203,216021547,해림초등학교,해운대구,False,39,927,1.0,-4.05070476015203,4.05070476015203
학급수+학생 선형,293,45.0,41.38056145610891,216021550,해송초등학교,해운대구,False,28,617,1.0,3.6194385438910928,3.6194385438910928
학급수+학생 선형,294,66.0,69.389281526006,216021556,해운대초등학교,해운대구,False,49,1129,1.0,-3.389281526006002,3.389281526006002
학급수+학생 선형,295,62.0,62.56471463096875,216021185,해원초등학교,해운대구,False,44,1064,1.0,-0.5647146309687514,0.5647146309687514
확장 Ridge,0,19.0,13.045455316234968,215021109,가락초등학교,강서구,True,7,19,1.0,5.954544683765032,5.954544683765032
확장 Ridge,1,48.0,48.13536951745136,215021878,남명초등학교,강서구,False,33,745,1.0,-0.13536951745135894,0.13536951745135894
확장 Ridge,2,13.0,13.084403232834982,215021181,녹명초등학교,강서구,True,7,99,1.0,-0.08440323283498152,0.08440323283498152
확장 Ridge,3,70.0,70.73735992184949,215021131,녹산초등학교,강서구,False,50,1059,2.0,-0.7373599218494888,0.7373599218494888
확장 Ridge,4,13.0,13.504908091580546,215021199,대사초등학교,강서구,True,7,10,1.0,-0.5049080915805462,0.5049080915805462
확장 Ridge,5,13.0,13.218326875882383,215021208,대상초등학교,강서구,True,7,30,1.0,-0.21832687588238286,0.21832687588238286
확장 Ridge,6,47.0,55.05699200692002,215021828,대저중앙초등학교,강서구,False,37,842,1.0,-8.05699200692002,8.05699200692002
확장 Ridge,7,12.0,12.261774549330445,215021217,대저초등학교,강서구,True,6,29,1.0,-0.2617745493304451,0.2617745493304451
확장 Ridge,8,24.0,21.052253508918938,215021253,덕두초등학교,강서구,True,13,201,1.0,2.9477464910810625,2.9477464910810625
확장 Ridge,9,64.0,67.08490281057814,215021853,명문초등학교,강서구,False,47,1128,1.0,-3.084902810578143,3.084902810578143
확장 Ridge,10,84.0,81.40634145412746,215021369,명원초등학교,강서구,False,58,1324,2.0,2.593658545872543,2.593658545872543
확장 Ridge,11,58.0,58.75497953565177,215021215,명일초등학교,강서구,False,41,873,2.0,-0.7549795356517706,0.7549795356517706
확장 Ridge,12,84.0,79.30834587187371,215021325,명지초등학교,강서구,False,57,1352,2.0,4.691654128126288,4.691654128126288
확장 Ridge,13,76.0,79.45089200781015,215021267,명호초등학교,강서구,False,56,1369,2.0,-3.450892007810154,3.450892007810154
확장 Ridge,14,13.0,13.212994263392213,215021370,배영초등학교,강서구,True,7,39,1.0,-0.21299426339221306,0.21299426339221306
확장 Ridge,15,49.0,50.96136209845871,215021167,송정초등학교,강서구,False,35,693,2.0,-1.9613620984587072,1.9613620984587072
확장 Ridge,16,72.0,69.29312974969392,215021166,신명초등학교,강서구,False,49,1086,2.0,2.706870250306082,2.706870250306082
확장 Ridge,17,33.0,32.81251382940311,215021469,신호초등학교,강서구,False,21,410,1.0,0.1874861705968911,0.1874861705968911
확장 Ridge,18,65.0,65.41303009148052,215021114,오션초등학교,강서구,False,46,1010,2.0,-0.41303009148052183,0.41303009148052183
확장 Ridge,19,14.0,13.109894876300595,215021523,천가초등학교,강서구,True,7,60,1.0,0.8901051236994046,0.8901051236994046
확장 Ridge,20,15.0,12.593642388127984,214021127,공덕초등학교,금정구,True,7,42,1.0,2.406357611872016,2.406357611872016
확장 Ridge,21,37.0,34.3792024476076,214021401,구서초등학교,금정구,False,23,467,1.0,2.6207975523924034,2.6207975523924034
확장 Ridge,22,44.0,46.11299493180557,214021180,금빛초등학교,금정구,False,32,693,2.0,-2.1129949318055665,2.1129949318055665
확장 Ridge,23,21.0,25.164011573172512,214021172,금사초등학교,금정구,False,16,268,2.0,-4.1640115731725125,4.1640115731725125
확장 Ridge,24,19.0,18.805018583415492,214021185,금샘초등학교,금정구,True,11,151,2.0,0.19498141658450763,0.19498141658450763
확장 Ridge,25,15.0,12.58394474380296,214021181,금성초등학교,금정구,True,7,43,1.0,2.4160552561970405,2.4160552561970405
확장 Ridge,26,45.0,47.74182933707575,214021195,금양초등학교,금정구,False,33,658,2.0,-2.7418293370757496,2.7418293370757496
확장 Ridge,27,71.0,75.87696299960785,214021190,금정초등학교,금정구,False,54,1298,2.0,-4.876962999607855,4.876962999607855
확장 Ridge,28,28.0,27.73663946583534,214021208,남산초등학교,금정구,False,18,358,1.0,0.26336053416466143,0.26336053416466143
확장 Ridge,29,12.0,13.347394771888787,214021253,동상초등학교,금정구,True,7,100,1.0,-1.347394771888787,1.347394771888787
확장 Ridge,30,24.0,25.19939233169028,214021262,동현초등학교,금정구,False,16,289,1.0,-1.1993923316902801,1.1993923316902801
확장 Ridge,31,48.0,46.50396707751072,214021543,두실초등학교,금정구,False,32,759,1.0,1.4960329224892774,1.4960329224892774
확장 Ridge,32,31.0,31.898906022127033,214021316,부곡초등학교,금정구,False,21,445,1.0,-0.8989060221270329,0.8989060221270329
확장 Ridge,33,14.0,12.84190104464065,214021024,서동초등학교,금정구,True,7,62,1.0,1.1580989553593497,1.1580989553593497
확장 Ridge,34,14.0,13.079766638129792,214021352,서명초등학교,금정구,True,7,36,1.0,0.9202333618702081,0.9202333618702081
확장 Ridge,35,39.0,38.35639068318683,214021478,장서초등학교,금정구,False,26,571,1.0,0.6436093168131691,0.6436093168131691
확장 Ridge,36,33.0,33.94462233895338,214021487,장전초등학교,금정구,False,22,428,1.0,-0.9446223389533799,0.9446223389533799
확장 Ridge,37,35.0,31.45196916258172,214021505,청룡초등학교,금정구,False,21,389,2.0,3.548030837418281,3.548030837418281
확장 Ridge,38,13.0,12.563314869697114,214021532,현곡초등학교,금정구,True,7,86,1.0,0.4366851303028856,0.4366851303028856
확장 Ridge,39,64.0,60.087176158236446,216021131,가동초등학교,기장군,False,41,918,2.0,3.9128238417635544,3.9128238417635544
확장 Ridge,40,44.0,39.28444293570401,216021216,교리초등학교,기장군,False,25,529,1.0,4.715557064295993,4.715557064295993
확장 Ridge,41,35.0,36.9761063293404,216021148,기장초등학교,기장군,False,23,460,1.0,-1.9761063293404035,1.9761063293404035
확장 Ridge,42,19.0,18.919582651042894,216021241,내리초등학교,기장군,False,10,124,1.0,0.08041734895710562,0.08041734895710562
확장 Ridge,43,44.0,39.797398168341246,216021718,달산초등학교,기장군,False,26,547,1.0,4.202601831658754,4.202601831658754
확장 Ridge,44,35.0,36.79348492333239,216021178,대청초등학교,기장군,False,23,472,1.0,-1.793484923332393,1.793484923332393
확장 Ridge,45,86.0,85.72527938743755,216021880,모전초등학교,기장군,False,60,1466,0.0,0.2747206125624473,0.2747206125624473
확장 Ridge,46,61.0,62.04096024092223,216021115,방곡초등학교,기장군,False,42,960,1.0,-1.0409602409222316,1.0409602409222316
확장 Ridge,47,41.0,47.59200002385306,216021242,신정초등학교,기장군,False,31,655,2.0,-6.5920000238530605,6.5920000238530605
확장 Ridge,48,18.0,19.916296861087208,216021340,신진초등학교,기장군,False,11,151,1.0,-1.9162968610872078,1.9162968610872078
확장 Ridge,49,14.0,14.826165017296299,216021172,용암초등학교,기장군,True,7,68,1.0,-0.8261650172962991,0.8261650172962991
확장 Ridge,50,16.0,20.492628620389734,216021376,월내초등학교,기장군,False,11,150,1.0,-4.492628620389734,4.492628620389734
확장 Ridge,51,14.0,14.91062085229348,216021388,월평초등학교,기장군,True,7,53,1.0,-0.91062085229348,0.91062085229348
확장 Ridge,52,68.0,62.66840882793862,216021367,일광초등학교,기장군,False,43,1023,1.0,5.33159117206138,5.33159117206138
확장 Ridge,53,14.0,13.734420674685984,216021424,장안초등학교,기장군,True,6,58,0.0,0.2655793253140164,0.2655793253140164
확장 Ridge,54,74.0,71.98736115376491,216021448,정관초등학교,기장군,False,50,1237,1.0,2.0126388462350917,2.0126388462350917
확장 Ridge,55,68.0,63.97033045919964,216021717,정원초등학교,기장군,False,44,1000,2.0,4.029669540800363,4.029669540800363
확장 Ridge,56,14.0,14.873361293442537,216021484,좌천초등학교,기장군,True,7,37,1.0,-0.873361293442537,0.873361293442537
확장 Ridge,57,12.0,15.07246801145946,216021496,죽성초등학교,기장군,True,7,71,1.0,-3.07246801145946,3.07246801145946
확장 Ridge,58,13.0,11.493588212598025,216021508,철마초등학교,기장군,True,6,83,0.0,1.5064117874019747,1.5064117874019747
확장 Ridge,59,13.0,14.740121611022985,216021520,칠암초등학교,기장군,True,7,55,1.0,-1.7401216110229853,1.7401216110229853
확장 Ridge,60,62.0,62.92866419742951,216021310,해빛초등학교,기장군,False,43,1062,1.0,-0.9286641974295122,0.9286641974295122
확장 Ridge,61,22.0,25.849820981877247,213021238,대남초등학교,남구,False,16,295,1.0,-3.8498209818772473,3.8498209818772473
확장 Ridge,62,53.0,52.60816967354657,213021150,대연초등학교,남구,False,36,784,2.0,0.3918303264534302,0.3918303264534302
확장 Ridge,63,43.0,38.62269920123532,213021160,대천초등학교,남구,False,26,516,2.0,4.377300798764679,4.377300798764679
확장 Ridge,64,22.0,21.839950401723307,213021180,동천초등학교,남구,False,13,260,1.0,0.16004959827669296,0.16004959827669296
확장 Ridge,65,16.0,17.323822109995383,213021190,동항초등학교,남구,True,9,127,1.0,-1.3238221099953833,1.3238221099953833
확장 Ridge,66,39.0,40.8520669848882,213021210,문현초등학교,남구,False,27,485,2.0,-1.8520669848881965,1.8520669848881965
확장 Ridge,67,19.0,19.22255090219226,213021089,백운초등학교,남구,True,11,152,2.0,-0.22255090219226048,0.22255090219226048
확장 Ridge,68,61.0,59.30059061607741,213021289,분포초등학교,남구,False,41,965,1.0,1.6994093839225926,1.6994093839225926
확장 Ridge,69,45.0,46.70290347409706,213021290,석포초등학교,남구,False,32,651,2.0,-1.702903474097063,1.702903474097063
확장 Ridge,70,51.0,51.856541763192595,213021300,성동초등학교,남구,False,35,753,2.0,-0.8565417631925953,0.8565417631925953
확장 Ridge,71,19.0,17.410171328354252,213021213,성천초등학교,남구,True,10,122,1.0,1.5898286716457477,1.5898286716457477
확장 Ridge,72,72.0,73.85511500899673,213021370,연포초등학교,남구,False,52,1226,1.0,-1.8551150089967336,1.8551150089967336
확장 Ridge,73,32.0,33.718802562244974,213021360,오륙도초등학교,남구,False,22,467,0.0,-1.7188025622449743,1.7188025622449743
확장 Ridge,74,16.0,16.353447575375988,213021380,용당초등학교,남구,True,9,86,2.0,-0.3534475753759878,0.3534475753759878
확장 Ridge,75,57.0,52.79225667280084,213021385,용문초등학교,남구,False,36,843,0.0,4.207743327199161,4.207743327199161
확장 Ridge,76,30.0,26.503250423167877,213021390,용산초등학교,남구,False,16,276,1.0,3.496749576832123,3.496749576832123
확장 Ridge,77,64.0,61.72286750855925,213021711,용소초등학교,남구,False,43,1103,1.0,2.277132491440753,2.277132491440753
확장 Ridge,78,31.0,31.664897662397387,213021400,용호초등학교,남구,False,20,395,2.0,-0.6648976623973866,0.6648976623973866
확장 Ridge,79,24.0,24.945963993970786,213021410,우암초등학교,남구,False,15,267,1.0,-0.9459639939707856,0.9459639939707856
확장 Ridge,80,33.0,35.15918854942957,213021430,운산초등학교,남구,False,23,454,1.0,-2.1591885494295724,2.1591885494295724
확장 Ridge,81,54.0,56.03175925054226,213021175,동일중앙초등학교,동구,False,40,898,2.0,-2.031759250542258,2.031759250542258
확장 Ridge,82,19.0,20.296717077476412,213021283,범일초등학교,동구,True,13,181,2.0,-1.296717077476412,1.296717077476412
확장 Ridge,83,44.0,39.39732212154038,213021295,성남초등학교,동구,False,28,567,1.0,4.602677878459623,4.602677878459623
확장 Ridge,84,15.0,15.432907282418245,213021335,수성초등학교,동구,True,9,124,1.0,-0.4329072824182454,0.4329072824182454
확장 Ridge,85,24.0,26.504211600593425,213021345,수정초등학교,동구,False,18,335,2.0,-2.5042116005934254,2.5042116005934254
확장 Ridge,86,21.0,19.49858055544133,213021058,초량초등학교,동구,True,13,185,1.0,1.501419444558671,1.501419444558671
확장 Ridge,87,54.0,54.28798019246059,214021145,교동초등학교,동래구,False,37,862,1.0,-0.28798019246058715,0.28798019246058715
확장 Ridge,88,49.0,50.30642560822874,214021163,금강초등학교,동래구,False,35,757,2.0,-1.3064256082287429,1.3064256082287429
확장 Ridge,89,39.0,40.76083375192256,214021199,낙민초등학교,동래구,False,28,589,1.0,-1.7608337519225614,1.7608337519225614
확장 Ridge,90,22.0,20.31022062726222,214021217,내산초등학교,동래구,True,13,215,2.0,1.6897793727377817,1.6897793727377817
확장 Ridge,91,17.0,16.349281746679146,214021226,내성초등학교,동래구,True,9,107,2.0,0.6507182533208535,0.6507182533208535
확장 Ridge,92,38.0,36.74185509521736,214021235,달북초등학교,동래구,False,25,513,1.0,1.2581449047826396,1.2581449047826396
확장 Ridge,93,34.0,34.357225985133844,214021271,명동초등학교,동래구,False,23,454,1.0,-0.3572259851338444,0.3572259851338444
확장 Ridge,94,59.0,61.77196435973335,214021280,명륜초등학교,동래구,False,44,1110,1.0,-2.771964359733353,2.771964359733353
확장 Ridge,95,13.0,12.536877439244419,214021289,명서초등학교,동래구,True,7,94,1.0,0.4631225607555809,0.4631225607555809
확장 Ridge,96,29.0,27.07442687995148,214021298,명장초등학교,동래구,False,18,339,1.0,1.9255731200485187,1.9255731200485187
확장 Ridge,97,24.0,23.087670012503914,214021214,미남초등학교,동래구,False,15,266,2.0,0.9123299874960864,0.9123299874960864
확장 Ridge,98,61.0,56.43546355691527,214021325,사직초등학교,동래구,False,40,951,1.0,4.564536443084727,4.564536443084727
확장 Ridge,99,16.0,19.576899464127695,214021361,수안초등학교,동래구,True,12,166,1.0,-3.5768994641276954,3.5768994641276954
확장 Ridge,100,44.0,45.92725037092128,214021370,안남초등학교,동래구,False,32,732,1.0,-1.9272503709212785,1.9272503709212785
확장 Ridge,101,21.0,19.18791164196096,214021379,안락초등학교,동래구,True,12,187,1.0,1.8120883580390412,1.8120883580390412
확장 Ridge,102,38.0,41.10226790760837,214021384,안민초등학교,동래구,False,28,615,1.0,-3.102267907608372,3.102267907608372
확장 Ridge,103,26.0,27.379957897739963,214021542,안진초등학교,동래구,False,18,394,1.0,-1.3799578977399634,1.3799578977399634
확장 Ridge,104,53.0,51.89547326330778,214021388,여고초등학교,동래구,False,37,1038,1.0,1.1045267366922218,1.1045267366922218
확장 Ridge,105,49.0,50.065379392503345,214021249,예원초등학교,동래구,False,35,878,1.0,-1.0653793925033455,1.0653793925033455
확장 Ridge,106,80.0,79.25928908298268,214021619,온샘초등학교,동래구,False,57,1380,2.0,0.7407109170173243,0.7407109170173243
확장 Ridge,107,66.0,64.28473596184435,214021469,온천초등학교,동래구,False,46,1064,2.0,1.7152640381556523,1.7152640381556523
확장 Ridge,108,13.0,12.543250364683649,214021514,충렬초등학교,동래구,True,7,94,1.0,0.45674963531635093,0.45674963531635093
확장 Ridge,109,13.0,13.264883500571273,213021106,가남초등학교,부산진구,True,7,53,1.0,-0.26488350057127263,0.26488350057127263
확장 Ridge,110,65.0,62.41766088793141,213021124,가야초등학교,부산진구,False,44,961,2.0,2.5823391120685883,2.5823391120685883
확장 Ridge,111,43.0,43.81735613887555,213021130,가평초등학교,부산진구,False,30,623,2.0,-0.817356138875553,0.817356138875553
확장 Ridge,112,37.0,38.47168748308697,213021142,개금초등학교,부산진구,False,26,554,1.0,-1.471687483086967,1.471687483086967
확장 Ridge,113,45.0,47.29741859971108,213021257,개림초등학교,부산진구,False,32,671,1.0,-2.2974185997110794,2.2974185997110794
확장 Ridge,114,38.0,35.79948835213285,213021623,개원초등학교,부산진구,False,24,457,1.0,2.2005116478671525,2.2005116478671525
확장 Ridge,115,23.0,23.095877812388583,213021148,개포초등학교,부산진구,True,14,222,1.0,-0.09587781238858284,0.09587781238858284
확장 Ridge,116,16.0,17.531806321419186,213021154,개화초등학교,부산진구,True,10,165,1.0,-1.531806321419186,1.531806321419186
확장 Ridge,117,18.0,17.931984147251125,213021196,당감초등학교,부산진구,True,10,172,1.0,0.068015852748875,0.068015852748875
확장 Ridge,118,24.0,21.187745854781816,213021202,당평초등학교,부산진구,True,13,223,2.0,2.8122541452181835,2.8122541452181835
확장 Ridge,119,20.0,20.55617385659492,213021551,동양초등학교,부산진구,True,12,189,1.0,-0.5561738565949206,0.5561738565949206
확장 Ridge,120,38.0,41.31021047523434,213021268,동원초등학교,부산진구,False,28,626,1.0,-3.310210475234342,3.310210475234342
확장 Ridge,121,33.0,35.90469616779426,213021264,동평초등학교,부산진구,False,24,513,1.0,-2.9046961677942633,2.9046961677942633
확장 Ridge,122,34.0,36.00859052379787,213021352,부산진초등학교,부산진구,False,24,437,2.0,-2.0085905237978707,2.0085905237978707
확장 Ridge,123,50.0,50.74504353368637,213021346,부암초등학교,부산진구,False,35,697,2.0,-0.7450435336863706,0.7450435336863706
확장 Ridge,124,28.0,29.229653242382227,213021358,부전초등학교,부산진구,False,19,352,1.0,-1.229653242382227,1.229653242382227
확장 Ridge,125,17.0,17.273352667233432,213021394,선암초등학교,부산진구,True,10,121,1.0,-0.2733526672334321,0.2733526672334321
확장 Ridge,126,46.0,43.51913425345424,213021269,성북초등학교,부산진구,False,30,616,2.0,2.48086574654576,2.48086574654576
확장 Ridge,127,21.0,21.466934714364207,213021406,성서초등학교,부산진구,True,13,178,1.0,-0.4669347143642071,0.4669347143642071
확장 Ridge,128,29.0,31.866769360410807,213021412,성전초등학교,부산진구,False,21,442,1.0,-2.8667693604108067,2.8667693604108067
확장 Ridge,129,41.0,36.966532414331574,213021418,성지초등학교,부산진구,False,25,458,2.0,4.033467585668426,4.033467585668426
확장 Ridge,130,60.0,56.82583984839588,213021448,양동초등학교,부산진구,False,41,974,2.0,3.17416015160412,3.17416015160412
확장 Ridge,131,31.0,27.655382674669834,213021454,양성초등학교,부산진구,False,18,299,2.0,3.344617325330166,3.344617325330166
확장 Ridge,132,58.0,59.11175696258174,213021460,양정초등학교,부산진구,False,41,776,2.0,-1.1117569625817367,1.1117569625817367
확장 Ridge,133,84.0,78.34930643631702,213021478,연지초등학교,부산진구,False,56,1286,2.0,5.650693563682978,5.650693563682978
확장 Ridge,134,26.0,27.836635166515112,213021484,연학초등학교,부산진구,False,18,355,1.0,-1.8366351665151122,1.8366351665151122
확장 Ridge,135,30.0,32.48365547211362,213021490,전포초등학교,부산진구,False,21,348,2.0,-2.483655472113618,2.483655472113618
확장 Ridge,136,29.0,26.73076074650362,213021502,주례초등학교,부산진구,False,17,299,2.0,2.26923925349638,2.26923925349638
확장 Ridge,137,32.0,33.11912546663741,213021526,초읍초등학교,부산진구,False,22,425,1.0,-1.1191254666374135,1.1191254666374135
확장 Ridge,138,32.0,33.64760450677095,215021136,구남초등학교,북구,False,22,410,2.0,-1.6476045067709535,1.6476045067709535
확장 Ridge,139,43.0,44.88497598618805,215021145,구포초등학교,북구,False,31,545,3.0,-1.8849759861880528,1.8849759861880528
확장 Ridge,140,23.0,22.651969734669354,215021163,금곡초등학교,북구,False,14,271,1.0,0.34803026533064596,0.34803026533064596
확장 Ridge,141,36.0,33.21670158188261,215021165,금명초등학교,북구,False,22,471,1.0,2.78329841811739,2.78329841811739
확장 Ridge,142,16.0,17.22476522705419,215021172,금창초등학교,북구,True,10,111,1.0,-1.2247652270541884,1.2247652270541884
확장 Ridge,143,18.0,19.736789525028797,215021235,대천리초등학교,북구,True,12,198,1.0,-1.7367895250287972,1.7367895250287972
확장 Ridge,144,30.0,29.523225991351513,215021271,덕성초등학교,북구,False,19,327,1.0,0.47677400864848707,0.47677400864848707
확장 Ridge,145,27.0,27.092964513459727,215021274,덕양초등학교,북구,False,17,328,1.0,-0.09296451345972656,0.09296451345972656
확장 Ridge,146,13.0,13.303862603109602,215021280,덕천초등학교,북구,True,7,81,1.0,-0.3038626031096019,0.3038626031096019
확장 Ridge,147,36.0,29.60536396914906,215021307,만덕초등학교,북구,False,20,407,1.0,6.39463603085094,6.39463603085094
확장 Ridge,148,49.0,43.88271637061318,215021316,명덕초등학교,북구,False,30,642,1.0,5.117283629386819,5.117283629386819
확장 Ridge,149,40.0,38.456191350602104,215021326,명진초등학교,북구,False,26,559,1.0,1.5438086493978957,1.5438086493978957
확장 Ridge,150,40.0,36.762609351628996,215021379,백산초등학교,북구,False,25,544,1.0,3.2373906483710044,3.2373906483710044
확장 Ridge,151,55.0,60.059400312005984,215021388,백양초등학교,북구,False,42,906,2.0,-5.059400312005984,5.059400312005984
확장 Ridge,152,21.0,22.894201361656883,215021428,상학초등학교,북구,False,14,263,1.0,-1.894201361656883,1.894201361656883
확장 Ridge,153,26.0,23.543406830011868,215021460,신금초등학교,북구,False,15,244,1.0,2.456593169988132,2.456593169988132
확장 Ridge,154,20.0,23.3612617624429,215021462,신덕초등학교,북구,True,14,215,2.0,-3.3612617624429006,3.3612617624429006
확장 Ridge,155,21.0,19.596357815151457,215021465,신천초등학교,북구,True,12,161,2.0,1.4036421848485432,1.4036421848485432
확장 Ridge,156,19.0,16.892089877491166,215021478,양덕초등학교,북구,True,10,140,1.0,2.1079101225088337,2.1079101225088337
확장 Ridge,157,15.0,15.50452414474005,215021487,양천초등학교,북구,True,9,100,2.0,-0.5045241447400493,0.5045241447400493
확장 Ridge,158,36.0,37.334665946153066,215021005,와석초등학교,북구,False,25,479,1.0,-1.3346659461530663,1.3346659461530663
확장 Ridge,159,50.0,50.346919723648035,215021502,용수초등학교,북구,False,35,737,2.0,-0.34691972364803547,0.34691972364803547
확장 Ridge,160,29.0,32.10294259421333,215021532,포천초등학교,북구,False,21,399,2.0,-3.1029425942133315,3.1029425942133315
확장 Ridge,161,29.0,31.772250059584962,215021538,학사초등학교,북구,False,21,415,1.0,-2.7722500595849624,2.7722500595849624
확장 Ridge,162,41.0,39.7392666255603,215021559,화명초등학교,북구,False,27,511,2.0,1.2607333744397025,1.2607333744397025
확장 Ridge,163,30.0,29.21439591744953,215021565,화잠초등학교,북구,False,19,399,1.0,0.7856040825504707,0.7856040825504707
확장 Ridge,164,44.0,46.24925524167128,215021879,화정초등학교,북구,False,32,699,1.0,-2.2492552416712783,2.2492552416712783
확장 Ridge,165,14.0,15.388468109286688,215021118,감전초등학교,사상구,True,8,116,1.0,-1.3884681092866877,1.3884681092866877
확장 Ridge,166,13.0,13.870417503041736,215021127,괘법초등학교,사상구,True,7,52,1.0,-0.870417503041736,0.870417503041736
확장 Ridge,167,30.0,31.003694586871482,215021154,구학초등학교,사상구,False,20,405,1.0,-1.0036945868714824,1.0036945868714824
확장 Ridge,168,29.0,29.760345296633936,215021262,덕상초등학교,사상구,False,19,371,1.0,-0.7603452966339361,0.7603452966339361
확장 Ridge,169,16.0,17.793288456347167,215021289,덕포초등학교,사상구,True,10,134,1.0,-1.7932884563471667,1.7932884563471667
확장 Ridge,170,42.0,37.79791374297764,215021292,동궁초등학교,사상구,False,25,474,2.0,4.2020862570223585,4.2020862570223585
확장 Ridge,171,34.0,33.654721253454404,215021298,동주초등학교,사상구,False,22,421,1.0,0.34527874654559554,0.34527874654559554
확장 Ridge,172,41.0,41.89661373793753,215021334,모덕초등학교,사상구,False,28,557,2.0,-0.8966137379375283,0.8966137379375283
확장 Ridge,173,14.0,13.827831543221317,215021343,모동초등학교,사상구,True,7,46,1.0,0.17216845677868342,0.17216845677868342
확장 Ridge,174,17.0,17.402494814248662,215021352,모라초등학교,사상구,True,10,121,2.0,-0.4024948142486622,0.4024948142486622
확장 Ridge,175,24.0,22.648545613981984,215021361,모산초등학교,사상구,False,14,282,1.0,1.3514543860180162,1.3514543860180162
확장 Ridge,176,33.0,29.83890235320107,215021397,사상초등학교,사상구,False,19,333,2.0,3.161097646798929,3.161097646798929
확장 Ridge,177,14.0,15.21852564354865,215021415,삼덕초등학교,사상구,True,8,104,1.0,-1.2185256435486505,1.2185256435486505
확장 Ridge,178,16.0,16.86580273894384,215021433,서감초등학교,사상구,True,9,114,1.0,-0.8658027389438416,0.8658027389438416
확장 Ridge,179,44.0,43.70566450224804,215021496,엄궁초등학교,사상구,False,29,568,2.0,0.294335497751959,0.294335497751959
확장 Ridge,180,41.0,43.16413661139839,215021505,주감초등학교,사상구,False,29,611,2.0,-2.1641366113983906,2.1641366113983906
확장 Ridge,181,28.0,26.856813065966385,215021501,주양초등학교,사상구,False,17,284,1.0,1.143186934033615,1.143186934033615
확장 Ridge,182,15.0,13.504542598806708,215021514,주학초등학교,사상구,True,7,42,1.0,1.495457401193292,1.495457401193292
확장 Ridge,183,30.0,31.15366373501019,215021519,창진초등학교,사상구,False,20,413,1.0,-1.1536637350101913,1.1536637350101913
확장 Ridge,184,19.0,21.952755851422914,215021541,학장초등학교,사상구,True,13,194,1.0,-2.952755851422914,2.952755851422914
확장 Ridge,185,37.0,33.26479576884999,215021550,학진초등학교,사상구,False,22,424,2.0,3.735204231150007,3.735204231150007
확장 Ridge,186,15.0,15.032525649228138,212021116,감천초등학교,사하구,True,8,99,1.0,-0.03252564922813761,0.03252564922813761
확장 Ridge,187,39.0,39.036618995106075,212021124,괴정초등학교,사하구,False,26,523,2.0,-0.03661899510607469,0.03661899510607469
확장 Ridge,188,40.0,44.12177151255039,212021140,구평초등학교,사하구,False,30,652,1.0,-4.121771512550389,4.121771512550389
확장 Ridge,189,59.0,54.62171396060761,212021148,낙동초등학교,사하구,False,38,816,2.0,4.378286039392393,4.378286039392393
확장 Ridge,190,44.0,45.64097354881769,212021180,다대초등학교,사하구,False,31,635,2.0,-1.6409735488176906,1.6409735488176906
확장 Ridge,191,35.0,37.838265667366464,212021188,다선초등학교,사하구,False,25,505,2.0,-2.838265667366464,2.838265667366464
확장 Ridge,192,18.0,17.555993656669443,212021192,다송초등학교,사하구,True,10,121,1.0,0.4440063433305568,0.4440063433305568
확장 Ridge,193,16.0,16.26502950422161,212021196,당리초등학교,사하구,True,9,132,2.0,-0.26502950422160865,0.26502950422160865
확장 Ridge,194,50.0,51.11260418350481,212021303,몰운대초등학교,사하구,False,35,755,2.0,-1.112604183504807,1.112604183504807
확장 Ridge,195,51.0,46.67825552017402,212021265,보림초등학교,사하구,False,32,601,3.0,4.3217444798259805,4.3217444798259805
확장 Ridge,196,29.0,27.88479530310216,212021300,사남초등학교,사하구,False,18,374,1.0,1.115204696897841,1.115204696897841
확장 Ridge,197,18.0,18.832689187838415,212021308,사동초등학교,사하구,True,11,178,1.0,-0.8326891878384153,0.8326891878384153
확장 Ridge,198,56.0,56.29140937336133,212021316,사하초등학교,사하구,False,39,886,1.0,-0.29140937336133277,0.29140937336133277
확장 Ridge,199,18.0,16.104850276731845,212021332,서천초등학교,사하구,True,9,129,1.0,1.8951497232681547,1.8951497232681547
확장 Ridge,200,21.0,20.365700314851217,212021372,승학초등학교,사하구,True,12,205,1.0,0.6342996851487825,0.6342996851487825
확장 Ridge,201,31.0,33.37098315321678,212021376,신남초등학교,사하구,False,22,417,2.0,-2.370983153216777,2.370983153216777
확장 Ridge,202,14.0,14.842222275316953,212021388,신촌초등학교,사하구,True,8,71,2.0,-0.8422222753169528,0.8422222753169528
확장 Ridge,203,39.0,36.21071052175162,212021396,신평초등학교,사하구,False,24,507,1.0,2.789289478248378,2.789289478248378
확장 Ridge,204,33.0,32.08844026451662,212021428,옥천초등학교,사하구,False,21,434,1.0,0.9115597354833795,0.9115597354833795
확장 Ridge,205,38.0,40.229538478591024,212021430,을숙도초등학교,사하구,False,27,532,2.0,-2.2295384785910244,2.2295384785910244
확장 Ridge,206,15.0,15.943731894679114,212021432,응봉초등학교,사하구,True,9,120,1.0,-0.9437318946791144,0.9437318946791144
확장 Ridge,207,38.0,39.132402817743525,212021436,장림초등학교,사하구,False,26,494,2.0,-1.1324028177435252,1.1324028177435252
확장 Ridge,208,27.0,27.268222623612292,212021480,중현초등학교,사하구,False,17,315,1.0,-0.2682226236122922,0.2682226236122922
확장 Ridge,209,37.0,41.95925635804837,212021540,하남초등학교,사하구,False,28,577,2.0,-4.959256358048371,4.959256358048371
확장 Ridge,210,24.0,25.983816814834746,212021548,하단초등학교,사하구,False,16,272,2.0,-1.9838168148347464,1.9838168148347464
확장 Ridge,211,48.0,38.480712861884776,212021564,효림초등학교,사하구,False,26,510,2.0,9.519287138115224,9.519287138115224
확장 Ridge,212,33.0,32.12581363173611,212021132,구덕초등학교,서구,False,21,422,1.0,0.8741863682638922,0.8741863682638922
확장 Ridge,213,15.0,13.36381364830309,212021156,남부민초등학교,서구,True,7,90,1.0,1.6361863516969102,1.6361863516969102
확장 Ridge,214,41.0,46.290592336930715,212021212,대신초등학교,서구,False,31,732,1.0,-5.290592336930715,5.290592336930715
확장 Ridge,215,25.0,24.67764854016439,212021244,동신초등학교,서구,False,15,288,1.0,0.322351459835609,0.322351459835609
확장 Ridge,216,43.0,41.26912571786708,212021292,부민초등학교,서구,False,28,574,2.0,1.7308742821329233,1.7308742821329233
확장 Ridge,217,38.0,40.436249561380066,212021348,송도초등학교,서구,False,27,501,2.0,-2.436249561380066,2.436249561380066
확장 Ridge,218,15.0,13.067347400310718,212021404,아미초등학교,서구,True,7,31,1.0,1.9326525996892823,1.9326525996892823
확장 Ridge,219,14.0,14.970162489661064,212021484,천마초등학교,서구,True,8,84,1.0,-0.9701624896610639,0.9701624896610639
확장 Ridge,220,33.0,32.18781344103502,212021532,토성초등학교,서구,False,21,401,2.0,0.8121865589649815,0.8121865589649815
확장 Ridge,221,21.0,20.09272602086771,212021556,화랑초등학교,서구,True,12,171,1.0,0.9072739791322917,0.9072739791322917
확장 Ridge,222,43.0,42.041254269233285,216021124,광남초등학교,수영구,False,29,581,1.0,0.9587457307667151,0.9587457307667151
확장 Ridge,223,39.0,42.094799385981226,216021136,광안초등학교,수영구,False,29,657,2.0,-3.0947993859812257,3.0947993859812257
확장 Ridge,224,59.0,57.472237463764976,216021160,남천초등학교,수영구,False,41,929,2.0,1.5277625362350236,1.5277625362350236
확장 Ridge,225,29.0,31.044751213891505,216021196,망미초등학교,수영구,False,21,386,1.0,-2.044751213891505,2.044751213891505
확장 Ridge,226,42.0,41.95003853737865,216021208,민락초등학교,수영구,False,29,587,1.0,0.04996146262134715,0.04996146262134715
확장 Ridge,227,31.0,31.157998803371264,216021220,민안초등학교,수영구,False,21,393,2.0,-0.15799880337126382,0.15799880337126382
확장 Ridge,228,36.0,35.76991943137414,216021268,배산초등학교,수영구,False,25,512,2.0,0.23008056862585846,0.23008056862585846
확장 Ridge,229,35.0,30.667821921529786,216021304,수미초등학교,수영구,False,21,399,2.0,4.332178078470214,4.332178078470214
확장 Ridge,230,44.0,44.882197561651914,216021316,수영초등학교,수영구,False,31,680,2.0,-0.882197561651914,0.882197561651914
확장 Ridge,231,33.0,33.651105895486204,216021568,호암초등학교,수영구,False,23,471,1.0,-0.6511058954862037,0.6511058954862037
확장 Ridge,232,49.0,49.76909135016819,214021156,거제초등학교,연제구,False,35,803,1.0,-0.7690913501681891,0.7690913501681891
확장 Ridge,233,38.0,36.76484987214465,214021158,거학초등학교,연제구,False,25,543,1.0,1.2351501278553485,1.2351501278553485
확장 Ridge,234,31.0,31.633855325992464,214021159,과정초등학교,연제구,False,21,425,1.0,-0.6338553259924637,0.6338553259924637
확장 Ridge,235,62.0,58.90735472415091,214021183,남문초등학교,연제구,False,42,1061,1.0,3.0926452758490868,3.0926452758490868
확장 Ridge,236,21.0,20.547676954718753,214021264,동명초등학교,연제구,True,13,155,2.0,0.452323045281247,0.452323045281247
확장 Ridge,237,39.0,39.31872398454904,214021462,연동초등학교,연제구,False,27,542,1.0,-0.31872398454903816,0.31872398454903816
확장 Ridge,238,27.0,27.106084372846254,214021464,연미초등학교,연제구,False,18,298,1.0,-0.10608437284625438,0.10608437284625438
확장 Ridge,239,55.0,55.13970943327952,214021468,연산초등학교,연제구,False,39,787,2.0,-0.13970943327952057,0.13970943327952057
확장 Ridge,240,44.0,43.250756564399765,214021470,연서초등학교,연제구,False,30,591,1.0,0.7492434356002349,0.7492434356002349
확장 Ridge,241,40.0,40.46843739501145,214021471,연신초등학교,연제구,False,28,578,1.0,-0.4684373950114491,0.4684373950114491
확장 Ridge,242,12.0,12.177100505887529,214021474,연일초등학교,연제구,True,7,94,1.0,-0.17710050588752857,0.17710050588752857
확장 Ridge,243,33.0,32.758852697419556,214021476,연제초등학교,연제구,False,22,435,1.0,0.24114730258044403,0.24114730258044403
확장 Ridge,244,41.0,39.30720230984234,214021481,연천초등학교,연제구,False,27,583,1.0,1.6927976901576613,1.6927976901576613
확장 Ridge,245,79.0,87.02075295922822,214021517,창신초등학교,연제구,False,62,1621,2.0,-8.020752959228219,8.020752959228219
확장 Ridge,246,24.0,21.661156734795828,214021529,토현초등학교,연제구,False,14,242,1.0,2.338843265204172,2.338843265204172
확장 Ridge,247,22.0,19.898288950620792,212021111,남항초등학교,영도구,True,11,158,1.0,2.101711049379208,2.101711049379208
확장 Ridge,248,31.0,29.769556594548988,212021204,대교초등학교,영도구,False,19,366,1.0,1.2304434054510125,1.2304434054510125
확장 Ridge,249,19.0,19.51919790046943,212021220,대평초등학교,영도구,True,11,209,1.0,-0.5191979004694289,0.5191979004694289
확장 Ridge,250,28.0,30.175696071870355,212021236,동삼초등학교,영도구,False,19,421,1.0,-2.1756960718703553,2.1756960718703553
확장 Ridge,251,15.0,14.01665450431256,212021280,봉삼초등학교,영도구,True,7,30,1.0,0.9833454956874395,0.9833454956874395
확장 Ridge,252,19.0,18.43211759138546,212021284,봉학초등학교,영도구,True,10,143,1.0,0.5678824086145404,0.5678824086145404
확장 Ridge,253,13.0,14.227642428185712,212021324,상리초등학교,영도구,True,7,106,1.0,-1.2276424281857121,1.2276424281857121
확장 Ridge,254,11.0,10.035230622034268,212021380,신선초등학교,영도구,True,4,21,0.0,0.964769377965732,0.964769377965732
확장 Ridge,255,25.0,23.537167010458816,212021412,영도초등학교,영도구,True,14,224,2.0,1.4628329895411838,1.4628329895411838
확장 Ridge,256,16.0,14.075228292690616,212021456,절영초등학교,영도구,True,7,59,1.0,1.9247717073093842,1.9247717073093842
확장 Ridge,257,36.0,37.0056111477417,212021460,중리초등학교,영도구,False,24,486,1.0,-1.0056111477417033,1.0056111477417033
확장 Ridge,258,30.0,33.42514491488701,212021492,청동초등학교,영도구,False,21,407,2.0,-3.4251449148870066,3.4251449148870066
확장 Ridge,259,21.0,20.180106585414016,212021500,청학초등학교,영도구,True,11,151,1.0,0.8198934145859837,0.8198934145859837
확장 Ridge,260,13.0,14.222057761333426,212021524,태종대초등학교,영도구,True,7,105,1.0,-1.222057761333426,1.222057761333426
확장 Ridge,261,22.0,21.0245643536501,212021287,광일초등학교,중구,True,12,203,1.0,0.9754356463499008,0.9754356463499008
확장 Ridge,262,19.0,21.977996286459323,212021286,보수초등학교,중구,True,12,154,1.0,-2.977996286459323,2.977996286459323
확장 Ridge,263,23.0,20.272409255821454,212021288,봉래초등학교,중구,True,12,171,1.0,2.7275907441785456,2.7275907441785456
확장 Ridge,264,49.0,47.86853427513948,216021112,강동초등학교,해운대구,False,33,753,1.0,1.1314657248605187,1.1314657248605187
확장 Ridge,265,47.0,43.81130635080358,216021184,동백초등학교,해운대구,False,30,627,1.0,3.1886936491964235,3.1886936491964235
확장 Ridge,266,31.0,36.17221059704036,216021200,무정초등학교,해운대구,False,24,504,1.0,-5.172210597040362,5.172210597040362
확장 Ridge,267,29.0,29.855951461778638,216021232,반산초등학교,해운대구,False,19,291,2.0,-0.8559514617786377,0.8559514617786377
확장 Ridge,268,14.0,13.713634116749606,216021238,반석초등학교,해운대구,True,7,62,1.0,0.2863658832503937,0.2863658832503937
확장 Ridge,269,17.0,17.783266654939073,216021244,반송초등학교,해운대구,True,10,104,1.0,-0.783266654939073,0.783266654939073
확장 Ridge,270,38.0,37.566882488484815,216021021,반안초등학교,해운대구,False,25,516,1.0,0.43311751151518507,0.43311751151518507
확장 Ridge,271,22.0,21.5055169465484,216021256,반여초등학교,해운대구,True,13,161,2.0,0.4944830534515994,0.4944830534515994
확장 Ridge,272,43.0,44.318934966983285,216021262,부흥초등학교,해운대구,False,30,731,1.0,-1.318934966983285,1.318934966983285
확장 Ridge,273,22.0,26.211364354995744,216021569,삼어초등학교,해운대구,False,16,272,1.0,-4.2113643549957445,4.2113643549957445
확장 Ridge,274,51.0,45.40262500184179,216021272,상당초등학교,해운대구,False,31,739,1.0,5.597374998158209,5.597374998158209
확장 Ridge,275,79.0,79.11701985234652,216021571,센텀초등학교,해운대구,False,56,1472,1.0,-0.11701985234651602,0.11701985234651602
확장 Ridge,276,56.0,54.780429344339915,216021570,송수초등학교,해운대구,False,38,850,2.0,1.2195706556600854,1.2195706556600854
확장 Ridge,277,26.0,27.287320040167383,216021280,송운초등학교,해운대구,False,17,295,1.0,-1.2873200401673834,1.2873200401673834
확장 Ridge,278,22.0,22.520146013628555,216021292,송정초등학교,해운대구,True,14,220,2.0,-0.5201460136285547,0.5201460136285547
확장 Ridge,279,37.0,35.11219168537577,216021322,신곡초등학교,해운대구,False,23,474,1.0,1.8878083146242304,1.8878083146242304
확장 Ridge,280,41.0,38.97984055939829,216021325,신도초등학교,해운대구,False,26,561,1.0,2.0201594406017094,2.0201594406017094
확장 Ridge,281,26.0,26.8781392029173,216021328,신재초등학교,해운대구,False,17,303,1.0,-0.8781392029172999,0.8781392029172999
확장 Ridge,282,27.0,28.513990201655282,216021346,양운초등학교,해운대구,False,18,345,1.0,-1.5139902016552824,1.5139902016552824
확장 Ridge,283,19.0,18.06785402934424,216021352,운봉초등학교,해운대구,True,10,106,2.0,0.9321459706557604,0.9321459706557604
확장 Ridge,284,12.0,13.486854686364131,216021364,운송초등학교,해운대구,True,7,75,1.0,-1.486854686364131,1.486854686364131
확장 Ridge,285,38.0,36.54491787570642,216021396,인지초등학교,해운대구,False,24,502,1.0,1.4550821242935825,1.4550821242935825
확장 Ridge,286,47.0,45.52239218873918,216021412,장산초등학교,해운대구,False,31,701,1.0,1.4776078112608175,1.4776078112608175
확장 Ridge,287,31.0,29.356552447042937,216021436,재송초등학교,해운대구,False,19,336,2.0,1.6434475529570634,1.6434475529570634
확장 Ridge,288,30.0,31.130520060736313,216021460,좌동초등학교,해운대구,False,20,396,1.0,-1.1305200607363126,1.1305200607363126
확장 Ridge,289,36.0,32.30188290547597,216021472,좌산초등학교,해운대구,False,21,460,1.0,3.6981170945240294,3.6981170945240294
확장 Ridge,290,46.0,47.905133025191226,216021532,해강초등학교,해운대구,False,33,748,1.0,-1.9051330251912262,1.9051330251912262
확장 Ridge,291,26.0,26.76310191806495,216021544,해동초등학교,해운대구,False,17,320,1.0,-0.763101918064951,0.763101918064951
확장 Ridge,292,52.0,56.19282067551792,216021547,해림초등학교,해운대구,False,39,927,1.0,-4.192820675517922,4.192820675517922
확장 Ridge,293,45.0,41.90768729260883,216021550,해송초등학교,해운대구,False,28,617,1.0,3.092312707391173,3.092312707391173
확장 Ridge,294,66.0,69.29847957534352,216021556,해운대초등학교,해운대구,False,49,1129,1.0,-3.2984795753435208,3.2984795753435208
확장 Ridge,295,62.0,62.03933891591021,216021185,해원초등학교,해운대구,False,44,1064,1.0,-0.039338915910207106,0.039338915910207106
